CREATE DATABASE  IF NOT EXISTS `luxury_ride_db` /*!40100 DEFAULT CHARACTER SET latin1 */;
USE `luxury_ride_db`;
-- MySQL dump 10.13  Distrib 5.7.17, for Win64 (x86_64)
--
-- Host: 3.6.35.88    Database: luxury_ride_db
-- ------------------------------------------------------
-- Server version	5.7.29-0ubuntu0.18.04.1

/*!40101 SET @OLD_CHARACTER_SET_CLIENT=@@CHARACTER_SET_CLIENT */;
/*!40101 SET @OLD_CHARACTER_SET_RESULTS=@@CHARACTER_SET_RESULTS */;
/*!40101 SET @OLD_COLLATION_CONNECTION=@@COLLATION_CONNECTION */;
/*!40101 SET NAMES utf8 */;
/*!40103 SET @OLD_TIME_ZONE=@@TIME_ZONE */;
/*!40103 SET TIME_ZONE='+00:00' */;
/*!40014 SET @OLD_UNIQUE_CHECKS=@@UNIQUE_CHECKS, UNIQUE_CHECKS=0 */;
/*!40014 SET @OLD_FOREIGN_KEY_CHECKS=@@FOREIGN_KEY_CHECKS, FOREIGN_KEY_CHECKS=0 */;
/*!40101 SET @OLD_SQL_MODE=@@SQL_MODE, SQL_MODE='NO_AUTO_VALUE_ON_ZERO' */;
/*!40111 SET @OLD_SQL_NOTES=@@SQL_NOTES, SQL_NOTES=0 */;

--
-- Table structure for table `budget_master_tbl`
--

DROP TABLE IF EXISTS `budget_master_tbl`;
/*!40101 SET @saved_cs_client     = @@character_set_client */;
/*!40101 SET character_set_client = utf8 */;
CREATE TABLE `budget_master_tbl` (
  `budget_id` int(11) NOT NULL AUTO_INCREMENT,
  `budget` varchar(100) NOT NULL,
  `from` double(10,2) DEFAULT NULL,
  `to` double(10,2) DEFAULT NULL,
  `is_active` char(1) NOT NULL DEFAULT 'Y',
  `added_on` timestamp NOT NULL DEFAULT CURRENT_TIMESTAMP,
  `last_updated_on` timestamp NOT NULL DEFAULT CURRENT_TIMESTAMP ON UPDATE CURRENT_TIMESTAMP,
  PRIMARY KEY (`budget_id`)
) ENGINE=InnoDB AUTO_INCREMENT=8 DEFAULT CHARSET=latin1;
/*!40101 SET character_set_client = @saved_cs_client */;

--
-- Dumping data for table `budget_master_tbl`
--

LOCK TABLES `budget_master_tbl` WRITE;
/*!40000 ALTER TABLE `budget_master_tbl` DISABLE KEYS */;
INSERT INTO `budget_master_tbl` VALUES (1,'10L - 15L',1000000.00,1500000.00,'Y','2019-01-29 10:02:58','2019-01-29 10:02:58'),(2,'15L - 20L',1500000.00,2000000.00,'Y','2019-01-29 10:02:58','2019-01-29 10:02:58'),(3,'20L - 30L',2000000.00,3000000.00,'Y','2019-01-29 10:02:58','2019-01-29 10:02:58'),(4,'30L - 50L',3000000.00,5000000.00,'Y','2019-01-29 10:02:58','2019-01-29 10:02:58'),(5,'50L - 75L',5000000.00,7500000.00,'Y','2019-01-29 10:02:58','2019-01-29 10:02:58'),(6,'75L - 100L',7500000.00,10000000.00,'Y','2019-01-29 10:02:58','2019-01-29 10:02:58'),(7,'1C above',10000000.00,50000000.00,'Y','2019-01-29 10:02:58','2019-01-29 10:02:58');
/*!40000 ALTER TABLE `budget_master_tbl` ENABLE KEYS */;
UNLOCK TABLES;

--
-- Table structure for table `bulk_sales_lead_upload_tbl`
--

DROP TABLE IF EXISTS `bulk_sales_lead_upload_tbl`;
/*!40101 SET @saved_cs_client     = @@character_set_client */;
/*!40101 SET character_set_client = utf8 */;
CREATE TABLE `bulk_sales_lead_upload_tbl` (
  `customer_name` varchar(50) DEFAULT NULL,
  `phone_no` varchar(10) DEFAULT NULL,
  `alternative_number` varchar(10) DEFAULT NULL,
  `email` varchar(30) DEFAULT NULL,
  `address` varchar(100) DEFAULT NULL,
  `date_of_birth` varchar(15) DEFAULT NULL,
  `marital_status` varchar(15) DEFAULT NULL,
  `anniversary` varchar(15) DEFAULT NULL,
  `hobbies` varchar(15) DEFAULT NULL,
  `location` varchar(50) DEFAULT NULL,
  `state` varchar(15) DEFAULT NULL,
  `pincode` varchar(20) DEFAULT NULL,
  `lead_source` varchar(20) DEFAULT NULL,
  `lead_sub_source` int(10) DEFAULT NULL,
  `budget` int(10) DEFAULT NULL,
  `planning_to_by` varchar(50) DEFAULT NULL,
  `added_by` int(10) DEFAULT NULL
) ENGINE=InnoDB DEFAULT CHARSET=latin1;
/*!40101 SET character_set_client = @saved_cs_client */;

--
-- Dumping data for table `bulk_sales_lead_upload_tbl`
--

LOCK TABLES `bulk_sales_lead_upload_tbl` WRITE;
/*!40000 ALTER TABLE `bulk_sales_lead_upload_tbl` DISABLE KEYS */;
INSERT INTO `bulk_sales_lead_upload_tbl` VALUES ('Amit','7899801199',NULL,NULL,NULL,NULL,NULL,NULL,NULL,'2','13',NULL,'8',NULL,NULL,NULL,12),('Siddharth','9810778780',NULL,NULL,NULL,NULL,NULL,NULL,NULL,'2','13',NULL,'8',NULL,1,NULL,12),('Anand','9899966077',NULL,NULL,NULL,NULL,NULL,NULL,NULL,'8','10',NULL,'8',NULL,NULL,NULL,13),('Sheikh BANTY','8602000050',NULL,NULL,NULL,NULL,NULL,NULL,NULL,'303','20',NULL,'8',NULL,2,NULL,13),('Swayam Chaturvedi','6388279927',NULL,NULL,NULL,NULL,NULL,NULL,NULL,'17','6',NULL,'8',NULL,NULL,NULL,14),('Rajveer','6396408630',NULL,NULL,NULL,NULL,NULL,NULL,NULL,'17','6',NULL,'8',NULL,1,NULL,14),('Jaspinder Singh','8683973007',NULL,NULL,NULL,NULL,NULL,NULL,NULL,'23','13',NULL,'8',NULL,1,NULL,15),('Mohd Tarif','9813760563',NULL,NULL,NULL,NULL,NULL,NULL,NULL,'3','29',NULL,'8',NULL,NULL,NULL,16),('Rinkle','8766215767',NULL,NULL,NULL,NULL,NULL,NULL,NULL,'3','29',NULL,'8',NULL,NULL,NULL,16),('Premnath','9822093828',NULL,NULL,NULL,NULL,NULL,NULL,NULL,'5','28',NULL,'13',NULL,4,NULL,17),('Vaneet Batra','9872634350',NULL,NULL,NULL,NULL,NULL,NULL,NULL,'5','28',NULL,'13',NULL,5,NULL,17),('Raj','8639897886',NULL,NULL,NULL,NULL,NULL,NULL,NULL,'2','13',NULL,'13',NULL,1,NULL,12),('Shah Nawaz','7078699999',NULL,NULL,NULL,NULL,NULL,NULL,NULL,'2','13',NULL,'13',NULL,3,NULL,12),('Virendra','9415036666',NULL,NULL,NULL,NULL,NULL,NULL,NULL,'2','13',NULL,'8',NULL,NULL,NULL,12),('Rajat','9910953007',NULL,NULL,NULL,NULL,NULL,NULL,NULL,'2','13',NULL,'13',NULL,4,NULL,12),('SADEEPKUMAR CHAUDHARY','8595399087',NULL,NULL,NULL,NULL,NULL,NULL,NULL,'184','13',NULL,'3',NULL,2,NULL,15),('Amrinder','8100000244',NULL,NULL,NULL,NULL,NULL,NULL,NULL,'17','6',NULL,'12',NULL,3,NULL,15),('Dr Manoj','9953208801',NULL,NULL,NULL,NULL,NULL,NULL,NULL,'13','34',NULL,'12',NULL,1,NULL,15),('Amrinder','8100000244',NULL,NULL,NULL,NULL,NULL,NULL,NULL,'23','13',NULL,'12',NULL,NULL,NULL,15),('Nasser','9419006024',NULL,NULL,NULL,NULL,NULL,NULL,NULL,'3','29',NULL,'8',NULL,NULL,NULL,16),('Sandeep Choudhary','8595399087',NULL,NULL,NULL,NULL,NULL,NULL,NULL,'2','13',NULL,'13',NULL,2,NULL,12),('vinod sharma','9953284078',NULL,NULL,NULL,NULL,NULL,NULL,NULL,'1','10',NULL,'1',NULL,5,NULL,12),('DEV SINGH','7290900901',NULL,NULL,NULL,NULL,NULL,NULL,NULL,'8','10',NULL,'1',NULL,4,NULL,18),('PARAS','9802181818',NULL,NULL,NULL,NULL,NULL,NULL,NULL,'195','13',NULL,'1',NULL,7,NULL,18),('MR SHIV GUPTA','8006505005',NULL,NULL,NULL,NULL,NULL,NULL,NULL,'18','35',NULL,'1',NULL,NULL,NULL,19),('MR NITIN GOYAL','8077878121',NULL,NULL,NULL,NULL,NULL,NULL,NULL,'18','35',NULL,'1',NULL,2,NULL,19),('MR SALIM CHAUDHARY','8433030660',NULL,NULL,NULL,NULL,NULL,NULL,NULL,'18','35',NULL,'1',NULL,NULL,NULL,19),('ashutosh','9811486911',NULL,NULL,NULL,NULL,NULL,NULL,NULL,'1','10',NULL,'1',NULL,4,NULL,12),('TUSHAR GUPTA','9999989828',NULL,NULL,NULL,NULL,NULL,NULL,NULL,'1','10',NULL,'1',NULL,3,NULL,12),('Sumit','9997801804',NULL,NULL,NULL,NULL,NULL,NULL,NULL,'1','10',NULL,'1',NULL,3,NULL,12),('vivek','9811991233',NULL,NULL,NULL,NULL,NULL,NULL,NULL,'1','10',NULL,'1',NULL,4,NULL,12),('Ashutosh','9811486911',NULL,NULL,NULL,NULL,NULL,NULL,NULL,'2','13',NULL,'13',NULL,NULL,NULL,12),('anil gaur','9625900950',NULL,NULL,NULL,NULL,NULL,NULL,NULL,'1','10',NULL,'1',NULL,5,NULL,12),('MR VINAY VASHISTH','9808304055',NULL,NULL,NULL,NULL,NULL,NULL,NULL,'18','35',NULL,'18',NULL,2,NULL,19),('Manoj Kumar','9437081508',NULL,NULL,NULL,NULL,NULL,NULL,NULL,'3','29',NULL,'8',NULL,NULL,NULL,16),('krishan chauhan','8527852785',NULL,NULL,NULL,NULL,NULL,NULL,NULL,'1','10',NULL,'1',NULL,3,NULL,12),('Ubaid Ahmad','7607105000',NULL,NULL,NULL,NULL,NULL,NULL,NULL,'2','13',NULL,'13',NULL,4,NULL,12),('MR ARUN NAGAR','7085318586',NULL,NULL,NULL,NULL,NULL,NULL,NULL,'18','35',NULL,'18',NULL,1,NULL,19),('MR GAJPAL RAWAT','9012479999',NULL,NULL,NULL,NULL,NULL,NULL,NULL,'18','35',NULL,'18',NULL,3,NULL,19),('ANKIT','9654737376',NULL,NULL,NULL,NULL,NULL,NULL,NULL,'8','10',NULL,'1',NULL,2,NULL,13),('NAVEEN TOMAR','9811169306',NULL,NULL,NULL,NULL,NULL,NULL,NULL,'8','10',NULL,'1',NULL,3,NULL,13),('Gagan','8080300000',NULL,NULL,NULL,NULL,NULL,NULL,NULL,'23','13',NULL,'1',NULL,3,NULL,15),('Sajid','9811474745',NULL,NULL,NULL,NULL,NULL,NULL,NULL,'3','29',NULL,'8',NULL,NULL,NULL,16),('RISHI','6306555154',NULL,NULL,NULL,NULL,NULL,NULL,NULL,'584','34',NULL,'8',NULL,5,NULL,13),('Shailendra Kumar','7858070241',NULL,NULL,NULL,NULL,NULL,NULL,NULL,'8','10',NULL,'8',NULL,4,NULL,13),('Nitesh','7065161234',NULL,NULL,NULL,NULL,NULL,NULL,NULL,'8','10',NULL,'8',NULL,NULL,NULL,13),('Ravneet Singh','9717573364',NULL,NULL,NULL,NULL,NULL,NULL,NULL,'17','6',NULL,'8',NULL,NULL,NULL,14),('Amit Paliwal','9755112000',NULL,NULL,NULL,NULL,NULL,NULL,NULL,'17','6',NULL,'8',NULL,NULL,NULL,14),('Dheeraj','9855997422',NULL,NULL,NULL,NULL,NULL,NULL,NULL,'191','13',NULL,'8',NULL,NULL,NULL,14),('Deepak','7014432657',NULL,NULL,NULL,NULL,NULL,NULL,NULL,'2','13',NULL,'8',NULL,3,NULL,12),('Prem Sharma','9417747773',NULL,NULL,NULL,NULL,NULL,NULL,NULL,'5','28',NULL,'13',NULL,3,NULL,17),('Sonu Mishra','9871113484',NULL,NULL,NULL,NULL,NULL,NULL,NULL,'2','13',NULL,'13',NULL,4,NULL,12),('Adwitay','9253942000',NULL,NULL,NULL,NULL,NULL,NULL,NULL,'2','13',NULL,'13',NULL,2,NULL,12),('Rakesh','7403860230',NULL,NULL,NULL,NULL,NULL,NULL,NULL,'142','7',NULL,'12',NULL,NULL,NULL,15),('tanveer','7006817511',NULL,NULL,NULL,NULL,NULL,NULL,NULL,'228','15',NULL,'12',NULL,1,NULL,15),('Arvinder Singh','9811626474',NULL,NULL,NULL,NULL,NULL,NULL,NULL,'2','13',NULL,'12',NULL,3,NULL,15),('Ravi vikal','7299000007',NULL,NULL,NULL,NULL,NULL,NULL,NULL,'13','34',NULL,'12',NULL,NULL,NULL,15),('MOHAMMAD IMRAN','9711106555',NULL,NULL,NULL,NULL,NULL,NULL,NULL,'185','13',NULL,'12',NULL,NULL,NULL,15),('MOHAMMAD IMRAN','9711106555',NULL,NULL,NULL,NULL,NULL,NULL,NULL,'23','13',NULL,'12',NULL,NULL,NULL,15),('Vikram Goyal','9872568888',NULL,NULL,NULL,NULL,NULL,NULL,NULL,'23','13',NULL,'12',NULL,1,NULL,15),('Gaganpreet singh','9811717130',NULL,NULL,NULL,NULL,NULL,NULL,NULL,'8','10',NULL,'12',NULL,2,NULL,15),('Mohit','9805524368',NULL,NULL,NULL,NULL,NULL,NULL,NULL,'17','6',NULL,'8',NULL,NULL,NULL,14),('nitan hastir','9855199968',NULL,NULL,NULL,NULL,NULL,NULL,NULL,'453','28',NULL,'1',NULL,1,NULL,14),('Mr Rehman','8700055328',NULL,NULL,NULL,NULL,NULL,NULL,NULL,'2','13',NULL,'13',NULL,4,NULL,12),('harman singh','7837404942',NULL,NULL,NULL,NULL,NULL,NULL,NULL,'646','6',NULL,'1',NULL,2,NULL,14),('Partha Sinha','9334387151',NULL,NULL,NULL,NULL,NULL,NULL,NULL,'8','10',NULL,'8',NULL,2,NULL,13),('Pradeep','9718480877',NULL,NULL,NULL,NULL,NULL,NULL,NULL,'3','29',NULL,'8',NULL,NULL,NULL,16),('Shakun','8800086000',NULL,NULL,NULL,NULL,NULL,NULL,NULL,'2','13',NULL,'13',NULL,4,NULL,12),('Priya Agarwal','9415766731',NULL,NULL,NULL,NULL,NULL,NULL,NULL,'8','10',NULL,'12',NULL,1,NULL,13),('Sandeep Kashyap','7082571698',NULL,NULL,NULL,NULL,NULL,NULL,NULL,'8','10',NULL,'12',NULL,NULL,NULL,13),('Sharad','9313122452',NULL,NULL,NULL,NULL,NULL,NULL,NULL,'8','10',NULL,'12',NULL,NULL,NULL,13),('Vikas','8053136941',NULL,NULL,NULL,NULL,NULL,NULL,NULL,'8','10',NULL,'12',NULL,NULL,NULL,13),('Rohit','9810918761',NULL,NULL,NULL,NULL,NULL,NULL,NULL,'5','28',NULL,'8',NULL,NULL,NULL,17),('Navjot','8437388702',NULL,NULL,NULL,NULL,NULL,NULL,NULL,'8','10',NULL,'8',NULL,NULL,NULL,13),('Partha Sinha','9873951581',NULL,NULL,NULL,NULL,NULL,NULL,NULL,'2','13',NULL,'13',NULL,3,NULL,12),('BALJINDER SINGH','9896080172',NULL,NULL,NULL,NULL,NULL,NULL,NULL,'23','13',NULL,'1',NULL,2,NULL,15),('VICKY','6378645900',NULL,NULL,NULL,NULL,NULL,NULL,NULL,'648','29',NULL,'12',NULL,1,NULL,15),('MR ANUJ CHAUDHARY','9837515527',NULL,NULL,NULL,NULL,NULL,NULL,NULL,'18','35',NULL,'1',NULL,1,NULL,19),('Pawan','8295650099',NULL,NULL,NULL,NULL,NULL,NULL,NULL,'2','13',NULL,'8',NULL,NULL,NULL,12),('Dhananjay','9811672671',NULL,NULL,NULL,NULL,NULL,NULL,NULL,'2','13',NULL,'8',NULL,NULL,NULL,12),('BROYAN KAPOOR','8103300033',NULL,NULL,NULL,NULL,NULL,NULL,NULL,'4','13',NULL,'6',NULL,NULL,NULL,17),('RAGHAV MEHTA','8103300033',NULL,NULL,NULL,NULL,NULL,NULL,NULL,'17','6',NULL,'6',NULL,1,NULL,14),('Akash','6280542475',NULL,NULL,NULL,NULL,NULL,NULL,NULL,'8','10',NULL,'8',NULL,NULL,NULL,13),('SATNAM SINGH','9814363336',NULL,NULL,NULL,NULL,NULL,NULL,NULL,'645','28',NULL,'6',NULL,NULL,NULL,14),('Sohit','9873431801',NULL,NULL,NULL,NULL,NULL,NULL,NULL,'8','10',NULL,'8',NULL,NULL,NULL,13),('Akash','6280542475',NULL,NULL,NULL,NULL,NULL,NULL,NULL,'3','29',NULL,'8',NULL,NULL,NULL,16),('Subhash Thakur','9910112736',NULL,NULL,NULL,NULL,NULL,NULL,NULL,'3','29',NULL,'8',NULL,NULL,NULL,16),('VISHAL','7417658835',NULL,NULL,NULL,NULL,NULL,NULL,NULL,'556','34',NULL,'12',NULL,NULL,NULL,18),('Shiv Shakti','7889668368',NULL,NULL,NULL,NULL,NULL,NULL,NULL,'460','28',NULL,'8',NULL,3,NULL,14),('Serb','9821429625',NULL,NULL,NULL,NULL,NULL,NULL,NULL,'17','6',NULL,'8',NULL,NULL,NULL,14),('SUNIL JAIN','9814053600',NULL,NULL,NULL,NULL,NULL,NULL,NULL,'446','28',NULL,'6',NULL,1,NULL,14),('Deepak','7014432657',NULL,NULL,NULL,NULL,NULL,NULL,NULL,'2','13',NULL,'8',NULL,3,NULL,14),('Harwinder Singh Rathore','9815627625',NULL,NULL,NULL,NULL,NULL,NULL,NULL,'17','6',NULL,'8',NULL,NULL,NULL,14),('Rajesh','8761810749',NULL,NULL,NULL,NULL,NULL,NULL,NULL,'18','35',NULL,'8',NULL,4,NULL,19),('Vinay Verma','9872641349',NULL,NULL,NULL,NULL,NULL,NULL,NULL,'5','28',NULL,'13',NULL,3,NULL,17),('Amarjit Sidhu','7347418226',NULL,NULL,NULL,NULL,NULL,NULL,NULL,'5','28',NULL,'13',NULL,3,NULL,17),('Mona','9779014477',NULL,NULL,NULL,NULL,NULL,NULL,NULL,'5','28',NULL,'13',NULL,1,NULL,17),('Akash','6280542475',NULL,NULL,NULL,NULL,NULL,NULL,NULL,'2','13',NULL,'13',NULL,4,NULL,12),('Kapil','7015739214',NULL,NULL,NULL,NULL,NULL,NULL,NULL,'2','13',NULL,'13',NULL,3,NULL,12),('Farooq Ah Bhat','7051410616',NULL,NULL,NULL,NULL,NULL,NULL,NULL,'2','13',NULL,'13',NULL,4,NULL,12),('Jawahar','7989570376',NULL,NULL,NULL,NULL,NULL,NULL,NULL,'2','13',NULL,'13',NULL,5,NULL,12),('Wasim','7006540321',NULL,NULL,NULL,NULL,NULL,NULL,NULL,'17','6',NULL,'8',NULL,NULL,NULL,14),('MR SANJAY KASHYAP','9012987348',NULL,NULL,NULL,NULL,NULL,NULL,NULL,'18','35',NULL,'1',NULL,NULL,NULL,19),('amit','8410024000',NULL,NULL,NULL,NULL,NULL,NULL,NULL,'14','14',NULL,'3',NULL,1,NULL,14),('deepak jangra','9816081372',NULL,NULL,NULL,NULL,NULL,NULL,NULL,'14','14',NULL,'3',NULL,4,NULL,14),('Jasbir Singh','9811052632',NULL,NULL,NULL,NULL,NULL,NULL,NULL,'8','10',NULL,'8',NULL,NULL,NULL,13),('Himanshu Verma','9711339571',NULL,NULL,NULL,NULL,NULL,NULL,NULL,'2','13',NULL,'13',NULL,1,NULL,12),('RAKESH KUMAR','9920551668',NULL,NULL,NULL,NULL,NULL,NULL,NULL,'348','21',NULL,'3',NULL,NULL,NULL,0),('RAKESH KUMAR','9082936277',NULL,NULL,NULL,NULL,NULL,NULL,NULL,'348','21',NULL,'3',NULL,NULL,NULL,18),('Harsh','6280322401',NULL,NULL,NULL,NULL,NULL,NULL,NULL,'5','28',NULL,'8',NULL,NULL,NULL,17),('Sachin','8708389031',NULL,NULL,NULL,NULL,NULL,NULL,NULL,'23','13',NULL,'8',NULL,NULL,NULL,15),('GAURAV','9812400123',NULL,NULL,NULL,NULL,NULL,NULL,NULL,'187','13',NULL,'1',NULL,1,NULL,15),('GOURAV','9729152000',NULL,NULL,NULL,NULL,NULL,NULL,NULL,'192','13',NULL,'1',NULL,3,NULL,15),('CHIRAG BHALLA','9717085854',NULL,NULL,NULL,NULL,NULL,NULL,NULL,'27','13',NULL,'6',NULL,NULL,NULL,0),('SUNIL','7009195631',NULL,NULL,NULL,NULL,NULL,NULL,NULL,'446','28',NULL,'8',NULL,NULL,NULL,14),('SUNNY','9729650003',NULL,NULL,NULL,NULL,NULL,NULL,NULL,'180','13',NULL,'1',NULL,NULL,NULL,14),('DEEPAK JUNENJA','9876629867',NULL,NULL,NULL,NULL,NULL,NULL,NULL,'5','28',NULL,'1',NULL,NULL,NULL,17),('SOURAB ARAYA','9138117057',NULL,NULL,NULL,NULL,NULL,NULL,NULL,'23','13',NULL,'1',NULL,1,NULL,18),('DEV','9828023818',NULL,NULL,NULL,NULL,NULL,NULL,NULL,'1','10',NULL,'8',NULL,NULL,NULL,20),('dev bajaj','7973812455',NULL,NULL,NULL,NULL,NULL,NULL,NULL,'17','6',NULL,'8',NULL,NULL,NULL,14),('VISHAL GARG','9729129151',NULL,NULL,NULL,NULL,NULL,NULL,NULL,'17','6',NULL,'8',NULL,NULL,NULL,14),('RAJ','8642888881',NULL,NULL,NULL,NULL,NULL,NULL,NULL,'458','28',NULL,'8',NULL,NULL,NULL,17),('RAJENDER','9996110333',NULL,NULL,NULL,NULL,NULL,NULL,NULL,'458','28',NULL,'8',NULL,NULL,NULL,17),('TAJINDER','9876523430',NULL,NULL,NULL,NULL,NULL,NULL,NULL,'458','28',NULL,'8',NULL,NULL,NULL,17),('DHANAJAY','9811672671',NULL,NULL,NULL,NULL,NULL,NULL,NULL,'2','13',NULL,'8',NULL,NULL,NULL,20),('PAWAN','8295650099',NULL,NULL,NULL,NULL,NULL,NULL,NULL,'2','13',NULL,'8',NULL,NULL,NULL,20),('KAPIL SHARMA','9999887491',NULL,NULL,NULL,NULL,NULL,NULL,NULL,'3','29',NULL,'8',NULL,NULL,NULL,16),('raag','8880932184',NULL,NULL,NULL,NULL,NULL,NULL,NULL,'18','35',NULL,'8',NULL,NULL,NULL,19),('RAJESH','761810749',NULL,NULL,NULL,NULL,NULL,NULL,NULL,'18','35',NULL,'8',NULL,NULL,NULL,19),('SANDEEP SINGH','7888723453',NULL,NULL,NULL,NULL,NULL,NULL,NULL,'5','28',NULL,'13',NULL,NULL,NULL,17),('SHIVAM ANEJA','8146400646',NULL,NULL,NULL,NULL,NULL,NULL,NULL,'5','28',NULL,'13',NULL,NULL,NULL,17),('R .P SINGH','9646071332',NULL,NULL,NULL,NULL,NULL,NULL,NULL,'486','6',NULL,'1',NULL,NULL,NULL,14),('MANPREET','9781122929',NULL,NULL,NULL,NULL,NULL,NULL,NULL,'5','28',NULL,'12',NULL,1,NULL,15),('JAVED','7069696964',NULL,NULL,NULL,NULL,NULL,NULL,NULL,'170','12',NULL,'12',NULL,NULL,NULL,15),('LAKHWINDER','7355000057',NULL,NULL,NULL,NULL,NULL,NULL,NULL,'223','15',NULL,'12',NULL,1,NULL,15),('MUKESH THAKUR','9811886772',NULL,NULL,NULL,NULL,NULL,NULL,NULL,'1','10',NULL,'12',NULL,NULL,NULL,18),('NAVIN BAJAJ','9417988598',NULL,NULL,NULL,NULL,NULL,NULL,NULL,'458','28',NULL,'12',NULL,NULL,NULL,18),('NIKHIL','8279891600',NULL,NULL,NULL,NULL,NULL,NULL,NULL,'3','29',NULL,'1',NULL,3,NULL,18),('AVNISH JAIN','8288819000',NULL,NULL,NULL,NULL,NULL,NULL,NULL,'5','28',NULL,'8',NULL,NULL,NULL,17),('BHARAT','9812034727',NULL,NULL,NULL,NULL,NULL,NULL,NULL,'192','13',NULL,'1',NULL,2,NULL,15),('NINDER','9.72E+11',NULL,NULL,NULL,NULL,NULL,NULL,NULL,'28','8',NULL,'12',NULL,1,NULL,15),('MAYANK SAINI','8193840488',NULL,NULL,NULL,NULL,NULL,NULL,NULL,'1','10',NULL,'3',NULL,NULL,NULL,20),('MAINSH SINHA','9694096070',NULL,NULL,NULL,NULL,NULL,NULL,NULL,'1','10',NULL,'17',NULL,NULL,NULL,20),('harkaran','8550000002',NULL,NULL,NULL,NULL,NULL,NULL,NULL,'461','28',NULL,'3',NULL,NULL,NULL,14),('vinay kumar','9876412691',NULL,NULL,NULL,NULL,NULL,NULL,NULL,'17','6',NULL,'8',NULL,NULL,NULL,14),('TARUN AGARWAL','9896707070',NULL,NULL,NULL,NULL,NULL,NULL,NULL,'428','26',NULL,'3',NULL,NULL,NULL,14),('PUKHRAJ SINGH','9988800700',NULL,NULL,NULL,NULL,NULL,NULL,NULL,'5','28',NULL,'1',NULL,NULL,NULL,17),('SHIVANSHU GUPTA','9013711222',NULL,NULL,NULL,NULL,NULL,NULL,NULL,'1','10',NULL,'3',NULL,NULL,NULL,13),('VENUS','9646509771',NULL,NULL,NULL,NULL,NULL,NULL,NULL,'17','6',NULL,'12',NULL,1,NULL,15),('ANSHU','7777077707',NULL,NULL,NULL,NULL,NULL,NULL,NULL,'448','28',NULL,'12',NULL,NULL,NULL,13),('DHRUV','9930248492',NULL,NULL,NULL,NULL,NULL,NULL,NULL,'12','21',NULL,'12',NULL,NULL,NULL,15),('ARSHAD','9315702385',NULL,NULL,NULL,NULL,NULL,NULL,NULL,'8','10',NULL,'12',NULL,1,NULL,15),('YATINDER','6394000090',NULL,NULL,NULL,NULL,NULL,NULL,NULL,'584','34',NULL,'12',NULL,NULL,NULL,13),('DAKSHU','8200018063',NULL,NULL,NULL,NULL,NULL,NULL,NULL,'178','12',NULL,'12',NULL,1,NULL,15),('Tarang','9811827264',NULL,NULL,NULL,NULL,NULL,NULL,NULL,'8','10',NULL,'8',NULL,4,NULL,13),('Ajith','9654996530',NULL,NULL,NULL,NULL,NULL,NULL,NULL,'8','10',NULL,'8',NULL,1,NULL,13),('Dhananjay Pratap Singh','9811047702',NULL,NULL,NULL,NULL,NULL,NULL,NULL,'8','10',NULL,'8',NULL,2,NULL,13),('VINOD KHATRI','9828810101',NULL,NULL,NULL,NULL,NULL,NULL,NULL,'8','10',NULL,'8',NULL,NULL,NULL,13),('AMIT PHOOR','9991500044',NULL,NULL,NULL,NULL,NULL,NULL,NULL,'453','28',NULL,'6',NULL,NULL,NULL,18),('Jaisal','8851427708',NULL,NULL,NULL,NULL,NULL,NULL,NULL,'8','10',NULL,'8',NULL,4,NULL,13),('Jawahar','9171069887',NULL,NULL,NULL,NULL,NULL,NULL,NULL,'303','20',NULL,'8',NULL,NULL,NULL,13),('DIVYA AGARWAL','9891149492',NULL,NULL,NULL,NULL,NULL,NULL,NULL,'8','10',NULL,'8',NULL,NULL,NULL,13),('Gaurav Gandhi','9988204868',NULL,NULL,NULL,NULL,NULL,NULL,NULL,'5','28',NULL,'8',NULL,NULL,NULL,17),('Aj Singj','9915600004',NULL,NULL,NULL,NULL,NULL,NULL,NULL,'5','28',NULL,'8',NULL,NULL,NULL,17),('Gurpreet Singh Saini','8360592824',NULL,NULL,NULL,NULL,NULL,NULL,NULL,'5','28',NULL,'8',NULL,NULL,NULL,17),('Ramveer','9899365230',NULL,NULL,NULL,NULL,NULL,NULL,NULL,'2','13',NULL,'8',NULL,NULL,NULL,12),('Srinivasa Reddy','9949060065',NULL,NULL,NULL,NULL,NULL,NULL,NULL,'2','13',NULL,'8',NULL,NULL,NULL,12),('Vishal Sharma','9839648989',NULL,NULL,NULL,NULL,NULL,NULL,NULL,'584','34',NULL,'8',NULL,NULL,NULL,13),('Manish','8423453994',NULL,NULL,NULL,NULL,NULL,NULL,NULL,'584','34',NULL,'8',NULL,NULL,NULL,13),('Amrik','9517133999',NULL,NULL,NULL,NULL,NULL,NULL,NULL,'17','6',NULL,'8',NULL,4,NULL,14),('Tufail','9622000222',NULL,NULL,NULL,NULL,NULL,NULL,NULL,'106','6',NULL,'8',NULL,NULL,NULL,14),('Kapil','8708928745',NULL,NULL,NULL,NULL,NULL,NULL,NULL,'23','13',NULL,'8',NULL,NULL,NULL,18),('Dr Pervez','8397979083',NULL,NULL,NULL,NULL,NULL,NULL,NULL,'23','13',NULL,'8',NULL,NULL,NULL,15),('Kulwinder Singh','9878298578',NULL,NULL,NULL,NULL,NULL,NULL,NULL,'5','28',NULL,'13',NULL,2,NULL,17),('Gurmeet','8146650220',NULL,NULL,NULL,NULL,NULL,NULL,NULL,'5','28',NULL,'13',NULL,1,NULL,17),('Angad','9855737464',NULL,NULL,NULL,NULL,NULL,NULL,NULL,'5','28',NULL,'13',NULL,NULL,NULL,17),('Adil','9871079296',NULL,NULL,NULL,NULL,NULL,NULL,NULL,'2','13',NULL,'13',NULL,3,NULL,12),('Anil Jain','9810127911',NULL,NULL,NULL,NULL,NULL,NULL,NULL,'2','13',NULL,'13',NULL,2,NULL,12),('Rajeev Arora','8700850917',NULL,NULL,NULL,NULL,NULL,NULL,NULL,'2','13',NULL,'13',NULL,3,NULL,12),('Rakesh Sh','9825597407',NULL,NULL,NULL,NULL,NULL,NULL,NULL,'2','13',NULL,'13',NULL,1,NULL,12),('Abhay Kr Jain','9810188060',NULL,NULL,NULL,NULL,NULL,NULL,NULL,'2','13',NULL,'13',NULL,3,NULL,12),('Vishal Singhal','8447016167',NULL,NULL,NULL,NULL,NULL,NULL,NULL,'2','13',NULL,'13',NULL,3,NULL,12),('PARTHA SINHA','9334387151',NULL,NULL,NULL,NULL,NULL,NULL,NULL,'8','10',NULL,'3',NULL,2,NULL,15),('B K MITTAL','9896094321',NULL,NULL,NULL,NULL,NULL,NULL,NULL,'187','13',NULL,'1',NULL,3,NULL,15),('Harkaran','8550000002',NULL,NULL,NULL,NULL,NULL,NULL,NULL,'2','13',NULL,'8',NULL,NULL,NULL,12),('Anurag','9718622755',NULL,NULL,NULL,NULL,NULL,NULL,NULL,'8','10',NULL,'8',NULL,3,NULL,13),('GAURAV KUMAR','9416163284',NULL,NULL,NULL,NULL,NULL,NULL,NULL,'8','10',NULL,'8',NULL,4,NULL,13),('Parth','9518103333',NULL,NULL,NULL,NULL,NULL,NULL,NULL,'23','13',NULL,'8',NULL,NULL,NULL,15),('Avadh','8607851078',NULL,NULL,NULL,NULL,NULL,NULL,NULL,'2','13',NULL,'13',NULL,4,NULL,12),('MR SAURABH','7895868517',NULL,NULL,NULL,NULL,NULL,NULL,NULL,'18','35',NULL,'1',NULL,NULL,NULL,19),('MR KULDEEP TYAGI','9760006963',NULL,NULL,NULL,NULL,NULL,NULL,NULL,'18','35',NULL,'1',NULL,NULL,NULL,19),('AMIT MALIK','9359066000',NULL,NULL,NULL,NULL,NULL,NULL,NULL,'23','13',NULL,'1',NULL,2,NULL,15),('MR TALVINDER SINGH','9888100088',NULL,NULL,NULL,NULL,NULL,NULL,NULL,'5','28',NULL,'1',NULL,4,NULL,17),('GAGAN BHOLA','8222888123',NULL,NULL,NULL,NULL,NULL,NULL,NULL,'180','13',NULL,'1',NULL,NULL,NULL,14),('JOHN','9996088666',NULL,NULL,NULL,NULL,NULL,NULL,NULL,'192','13',NULL,'1',NULL,7,NULL,18),('SAURABHA CHABRA','8266850000',NULL,NULL,NULL,NULL,NULL,NULL,NULL,'464','28',NULL,'12',NULL,1,NULL,15),('Sumit','868407770',NULL,NULL,NULL,NULL,NULL,NULL,NULL,'192','13',NULL,'1',NULL,3,NULL,15),('Sourav','7895868517',NULL,NULL,NULL,NULL,NULL,NULL,NULL,'18','35',NULL,'1',NULL,2,NULL,19),('M A Raja','9897466055',NULL,NULL,NULL,NULL,NULL,NULL,NULL,'18','35',NULL,'1',NULL,3,NULL,19),('JAI PARKASH','8053245513',NULL,NULL,NULL,NULL,NULL,NULL,NULL,'2','13',NULL,'3',NULL,1,NULL,20),('Dr Mahesh Goel','9837028264',NULL,NULL,NULL,NULL,NULL,NULL,NULL,'599','34',NULL,'1',NULL,3,NULL,19),('ANMOL','9988313131',NULL,NULL,NULL,NULL,NULL,NULL,NULL,'1','10',NULL,'8',NULL,3,NULL,13),('Pramod','7014519302',NULL,NULL,NULL,NULL,NULL,NULL,NULL,'1','10',NULL,'8',NULL,4,NULL,13),('Ravindra','9854157597',NULL,NULL,NULL,NULL,NULL,NULL,NULL,'1','10',NULL,'8',NULL,3,NULL,13),('Imran Shaikh','8960000888',NULL,NULL,NULL,NULL,NULL,NULL,NULL,'584','34',NULL,'8',NULL,NULL,NULL,13),('Deepak Singh','7388866643',NULL,NULL,NULL,NULL,NULL,NULL,NULL,'584','34',NULL,'8',NULL,NULL,NULL,13),('Sodhi Mall','9814503151',NULL,NULL,NULL,NULL,NULL,NULL,NULL,'17','6',NULL,'8',NULL,NULL,NULL,14),('MAJOR VISHAL THAPAR','9596838800',NULL,NULL,NULL,NULL,NULL,NULL,NULL,'180','13',NULL,'1',NULL,1,NULL,14),('Rakesh','8950370838',NULL,NULL,NULL,NULL,NULL,NULL,NULL,'180','13',NULL,'8',NULL,1,NULL,15),('Cheema Hnps','9811432070',NULL,NULL,NULL,NULL,NULL,NULL,NULL,'2','13',NULL,'8',NULL,1,NULL,12),('Gurpreet','9891046622',NULL,NULL,NULL,NULL,NULL,NULL,NULL,'2','13',NULL,'8',NULL,NULL,NULL,12),('Sumit','9953822270',NULL,NULL,NULL,NULL,NULL,NULL,NULL,'3','29',NULL,'8',NULL,NULL,NULL,16),('Manik','9814299885',NULL,NULL,NULL,NULL,NULL,NULL,NULL,'5','28',NULL,'13',NULL,3,NULL,17),('Amandeep Sharma','7986250472',NULL,NULL,NULL,NULL,NULL,NULL,NULL,'5','28',NULL,'13',NULL,4,NULL,17),('RAJU','9428434020',NULL,NULL,NULL,NULL,NULL,NULL,NULL,'170','12',NULL,'12',NULL,1,NULL,15),('Rahul','9810233611',NULL,NULL,NULL,NULL,NULL,NULL,NULL,'2','13',NULL,'13',NULL,3,NULL,12),('Pradeep Dahiya','9718480877',NULL,NULL,NULL,NULL,NULL,NULL,NULL,'2','13',NULL,'13',NULL,4,NULL,12),('Vinay Bansal','9999638149',NULL,NULL,NULL,NULL,NULL,NULL,NULL,'2','13',NULL,'13',NULL,4,NULL,12),('Akshay Kashyap','9873887834',NULL,NULL,NULL,NULL,NULL,NULL,NULL,'2','13',NULL,'13',NULL,3,NULL,12),('SAGARGROVER','9996770000',NULL,NULL,NULL,NULL,NULL,NULL,NULL,'192','13',NULL,'6',NULL,NULL,NULL,18),('lokendra','9111112969',NULL,NULL,NULL,NULL,NULL,NULL,NULL,'5','28',NULL,'8',NULL,4,NULL,17),('Baljit Singh','9814309531',NULL,NULL,NULL,NULL,NULL,NULL,NULL,'5','28',NULL,'8',NULL,1,NULL,14),('Paras','9999596807',NULL,NULL,NULL,NULL,NULL,NULL,NULL,'2','13',NULL,'13',NULL,3,NULL,12),('MR DIPANSHU RANA','9528138890',NULL,NULL,NULL,NULL,NULL,NULL,NULL,'18','35',NULL,'18',NULL,NULL,NULL,19),('GAURAV MEELU','9759557777',NULL,NULL,NULL,NULL,NULL,NULL,NULL,'11','28',NULL,'3',NULL,1,NULL,14),('AMIT','9950000099',NULL,NULL,NULL,NULL,NULL,NULL,NULL,'3','29',NULL,'1',NULL,3,NULL,16),('Sushil','9412078355',NULL,NULL,NULL,NULL,NULL,NULL,NULL,'18','35',NULL,'8',NULL,NULL,NULL,19),('Vishal Sharma','9839648989',NULL,NULL,NULL,NULL,NULL,NULL,NULL,'584','34',NULL,'8',NULL,NULL,NULL,13),('SONU BAJWA','9779713823',NULL,NULL,NULL,NULL,NULL,NULL,NULL,'646','6',NULL,'1',NULL,NULL,NULL,14),('MR NEET SAINI','9876241411',NULL,NULL,NULL,NULL,NULL,NULL,NULL,'5','28',NULL,'1',NULL,3,NULL,17),('RAKESH','9815623898',NULL,NULL,NULL,NULL,NULL,NULL,NULL,'17','6',NULL,'1',NULL,NULL,NULL,15),('RAKESH','8295744149',NULL,NULL,NULL,NULL,NULL,NULL,NULL,'183','13',NULL,'3',NULL,NULL,NULL,0),('GURMUKH SINGH','9915371386',NULL,NULL,NULL,NULL,NULL,NULL,NULL,'446','28',NULL,'10',NULL,4,NULL,14),('Gunjeet','9876204327',NULL,NULL,NULL,NULL,NULL,NULL,NULL,'5','28',NULL,'8',NULL,1,NULL,17),('Kalu','8847001693',NULL,NULL,NULL,NULL,NULL,NULL,NULL,'5','28',NULL,'8',NULL,NULL,NULL,17),('Mandeep singh','9888600028',NULL,NULL,NULL,NULL,NULL,NULL,NULL,'5','28',NULL,'8',NULL,5,NULL,17),('Rajiv Bhatia','9810197725',NULL,NULL,NULL,NULL,NULL,NULL,NULL,'8','10',NULL,'8',NULL,1,NULL,13),('Saurabh Singh','7905296983',NULL,NULL,NULL,NULL,NULL,NULL,NULL,'8','10',NULL,'8',NULL,1,NULL,13),('Avinash Singh','7983777525',NULL,NULL,NULL,NULL,NULL,NULL,NULL,'8','10',NULL,'8',NULL,1,NULL,13),('Jay','8890641111',NULL,NULL,NULL,NULL,NULL,NULL,NULL,'485','29',NULL,'8',NULL,NULL,NULL,13),('HITARTH','9466566666',NULL,NULL,NULL,NULL,NULL,NULL,NULL,'180','13',NULL,'1',NULL,3,NULL,14),('rahul sharma','7888566265',NULL,NULL,NULL,NULL,NULL,NULL,NULL,'17','6',NULL,'3',NULL,NULL,NULL,14),('Jatin','8146745479',NULL,NULL,NULL,NULL,NULL,NULL,NULL,'17','6',NULL,'8',NULL,NULL,NULL,14),('Kishore Verma','9217480000',NULL,NULL,NULL,NULL,NULL,NULL,NULL,'5','28',NULL,'13',NULL,1,NULL,17),('S P Tripathi','9780024440',NULL,NULL,NULL,NULL,NULL,NULL,NULL,'5','28',NULL,'13',NULL,3,NULL,17),('Israr','9622211111',NULL,NULL,NULL,NULL,NULL,NULL,NULL,'2','13',NULL,'13',NULL,5,NULL,12),('Vinod Kumar','7618140379',NULL,NULL,NULL,NULL,NULL,NULL,NULL,'8','10',NULL,'13',NULL,1,NULL,12),('Akshat Gupta','9571188554',NULL,NULL,NULL,NULL,NULL,NULL,NULL,'2','13',NULL,'13',NULL,2,NULL,12),('Jyoti Bharti','8852091000',NULL,NULL,NULL,NULL,NULL,NULL,NULL,'2','13',NULL,'13',NULL,4,NULL,12),('Ajay Vaish','9837026034',NULL,NULL,NULL,NULL,NULL,NULL,NULL,'2','13',NULL,'13',NULL,5,NULL,12),('MAHESHWER','9777483481',NULL,NULL,NULL,NULL,NULL,NULL,NULL,'423','26',NULL,'12',NULL,NULL,NULL,15),('AMIT','9729589770',NULL,NULL,NULL,NULL,NULL,NULL,NULL,'180','13',NULL,'12',NULL,NULL,NULL,15),('NITIN TYAGI','9810291718',NULL,NULL,NULL,NULL,NULL,NULL,NULL,'2','13',NULL,'3',NULL,NULL,NULL,12),('Abhinav  PAWA','9215688429',NULL,NULL,NULL,NULL,NULL,NULL,NULL,'193','13',NULL,'16',NULL,5,NULL,18),('Vikas','9651353512',NULL,NULL,NULL,NULL,NULL,NULL,NULL,'584','34',NULL,'8',NULL,1,NULL,13),('HAREESH','7095243268',NULL,NULL,NULL,NULL,NULL,NULL,NULL,'3','29',NULL,'8',NULL,NULL,NULL,16),('Rohit Rajput','7638840153',NULL,NULL,NULL,NULL,NULL,NULL,NULL,'3','29',NULL,'8',NULL,3,NULL,16),('VIVEK','8768047931',NULL,NULL,NULL,NULL,NULL,NULL,NULL,'622','36',NULL,'12',NULL,1,NULL,15),('SHREY','9648745625',NULL,NULL,NULL,NULL,NULL,NULL,NULL,'8','10',NULL,'8',NULL,NULL,NULL,13),('Lally','7355555168',NULL,NULL,NULL,NULL,NULL,NULL,NULL,'5','28',NULL,'13',NULL,2,NULL,17),('INDERJEET CHAWLA','9313638641',NULL,NULL,NULL,NULL,NULL,NULL,NULL,'2','13',NULL,'13',NULL,NULL,NULL,12),('AJAY','9810225405',NULL,NULL,NULL,NULL,NULL,NULL,NULL,'2','13',NULL,'13',NULL,NULL,NULL,12),('PRATEEK AHUJA','9811608888',NULL,NULL,NULL,NULL,NULL,NULL,NULL,'2','13',NULL,'13',NULL,NULL,NULL,12),('Inderjeet Chawla','9313638641',NULL,NULL,NULL,NULL,NULL,NULL,NULL,'2','13',NULL,'13',NULL,2,NULL,12),('DEEPAK GUPTA','9419188703',NULL,NULL,NULL,NULL,NULL,NULL,NULL,'106','6',NULL,'12',NULL,2,NULL,18),('RAJESH KUMAR','9416158004',NULL,NULL,NULL,NULL,NULL,NULL,NULL,'10','20',NULL,'1',NULL,2,NULL,18),('MR DEEPAK','9419188703',NULL,NULL,NULL,NULL,NULL,NULL,NULL,'5','28',NULL,'14',NULL,3,NULL,17),('deepak kansal','9717077995',NULL,NULL,NULL,NULL,NULL,NULL,NULL,'8','10',NULL,'6',NULL,NULL,NULL,13),('MANAV MAHAJAN','9988119595',NULL,NULL,NULL,NULL,NULL,NULL,NULL,'460','28',NULL,'6',NULL,NULL,NULL,17),('yash phoor','8607639009',NULL,NULL,NULL,NULL,NULL,NULL,NULL,'192','13',NULL,'6',NULL,NULL,NULL,18),('PADAM DWIVEDI','9911796128',NULL,NULL,NULL,NULL,NULL,NULL,NULL,'8','10',NULL,'6',NULL,NULL,NULL,12),('ASHISH SACHDEVA','9876464900',NULL,NULL,NULL,NULL,NULL,NULL,NULL,'5','28',NULL,'6',NULL,NULL,NULL,17),('GURBIR SANDHU','9554446366',NULL,NULL,NULL,NULL,NULL,NULL,NULL,'5','28',NULL,'6',NULL,NULL,NULL,17),('HARPREET JHANDU','9216100085',NULL,NULL,NULL,NULL,NULL,NULL,NULL,'5','28',NULL,'6',NULL,NULL,NULL,17),('NITIN','9810542121',NULL,NULL,NULL,NULL,NULL,NULL,NULL,'1','10',NULL,'6',NULL,NULL,NULL,13),('ABHISHEK','8000000643',NULL,NULL,NULL,NULL,NULL,NULL,NULL,'481','29',NULL,'6',NULL,4,NULL,12),('kapil sarohi','9896555422',NULL,NULL,NULL,NULL,NULL,NULL,NULL,'17','6',NULL,'1',NULL,NULL,NULL,14),('Artee','9654502000',NULL,NULL,NULL,NULL,NULL,NULL,NULL,'2','13',NULL,'8',NULL,NULL,NULL,12),('Inderjeet Singh','9355555029',NULL,NULL,NULL,NULL,NULL,NULL,NULL,'23','13',NULL,'1',NULL,NULL,NULL,15),('Vedant','7718049056',NULL,NULL,NULL,NULL,NULL,NULL,NULL,'2','13',NULL,'8',NULL,1,NULL,12),('Ranjit','9780360456',NULL,NULL,NULL,NULL,NULL,NULL,NULL,'5','28',NULL,'8',NULL,1,NULL,17),('Bhanu Pratap Singh','9906002785',NULL,NULL,NULL,NULL,NULL,NULL,NULL,'5','28',NULL,'8',NULL,NULL,NULL,17),('Manav','9729400045',NULL,NULL,NULL,NULL,NULL,NULL,NULL,'8','10',NULL,'8',NULL,NULL,NULL,12),('DrVikasGiri','7042260222',NULL,NULL,NULL,NULL,NULL,NULL,NULL,'8','10',NULL,'8',NULL,1,NULL,12),('Raj Kumar Juneja','9999906123',NULL,NULL,NULL,NULL,NULL,NULL,NULL,'8','10',NULL,'8',NULL,1,NULL,12),('Sanjay','9811164076',NULL,NULL,NULL,NULL,NULL,NULL,NULL,'8','10',NULL,'8',NULL,NULL,NULL,12),('Rajbir Singh','9811379991',NULL,NULL,NULL,NULL,NULL,NULL,NULL,'8','10',NULL,'8',NULL,NULL,NULL,12),('Naveen Tewari','9935008249',NULL,NULL,NULL,NULL,NULL,NULL,NULL,'584','34',NULL,'8',NULL,NULL,NULL,13),('Shubham Gupta','9125503010',NULL,NULL,NULL,NULL,NULL,NULL,NULL,'584','34',NULL,'8',NULL,NULL,NULL,13),('Vikas V','9069900001',NULL,NULL,NULL,NULL,NULL,NULL,NULL,'191','13',NULL,'8',NULL,NULL,NULL,14),('Harish','9729633222',NULL,NULL,NULL,NULL,NULL,NULL,NULL,'23','13',NULL,'8',NULL,4,NULL,15),('Raj Kumar','9781808787',NULL,NULL,NULL,NULL,NULL,NULL,NULL,'5','28',NULL,'13',NULL,NULL,NULL,17),('Vivek Sharma','8679100010',NULL,NULL,NULL,NULL,NULL,NULL,NULL,'5','28',NULL,'13',NULL,4,NULL,17),('Bimal Kumar','9855428927',NULL,NULL,NULL,NULL,NULL,NULL,NULL,'5','28',NULL,'13',NULL,4,NULL,17),('Govinder Singh','9876141313',NULL,NULL,NULL,NULL,NULL,NULL,NULL,'5','28',NULL,'13',NULL,2,NULL,17),('Rocky','8872886300',NULL,NULL,NULL,NULL,NULL,NULL,NULL,'5','28',NULL,'13',NULL,2,NULL,17),('Shivani','8826694022',NULL,NULL,NULL,NULL,NULL,NULL,NULL,'2','13',NULL,'13',NULL,3,NULL,12),('Piyush','9082458095',NULL,NULL,NULL,NULL,NULL,NULL,NULL,'2','13',NULL,'13',NULL,2,NULL,12),('Daman Mehta','9899905125',NULL,NULL,NULL,NULL,NULL,NULL,NULL,'2','13',NULL,'13',NULL,4,NULL,12),('Prashant Chaudhary','9928855666',NULL,NULL,NULL,NULL,NULL,NULL,NULL,'2','13',NULL,'13',NULL,4,NULL,12),('Sanjeev Chopra','9797144254',NULL,NULL,NULL,NULL,NULL,NULL,NULL,'2','13',NULL,'13',NULL,2,NULL,12),('Rahul','9810163893',NULL,NULL,NULL,NULL,NULL,NULL,NULL,'2','13',NULL,'13',NULL,4,NULL,12),('NEERAJ GEHRA','8528687000',NULL,NULL,NULL,NULL,NULL,NULL,NULL,'464','28',NULL,'3',NULL,NULL,NULL,15),('Manish Kumar Kansal','9654235700',NULL,NULL,NULL,NULL,NULL,NULL,NULL,'2','13',NULL,'8',NULL,NULL,NULL,12),('Anurag','9873418644',NULL,NULL,NULL,NULL,NULL,NULL,NULL,'8','10',NULL,'8',NULL,2,NULL,13),('AMIT MAKHIJA','9416100008',NULL,NULL,NULL,NULL,NULL,NULL,NULL,'192','13',NULL,'3',NULL,NULL,NULL,15),('Areeb khan','8178304155',NULL,NULL,NULL,NULL,NULL,NULL,NULL,'1','10',NULL,'3',NULL,NULL,NULL,0),('Ajay Vaish','9837026034',NULL,NULL,NULL,NULL,NULL,NULL,NULL,'2','13',NULL,'13',NULL,5,NULL,12),('Tavish Garg','9891997059',NULL,NULL,NULL,NULL,NULL,NULL,NULL,'2','13',NULL,'13',NULL,4,NULL,12),('mayank','9996657770',NULL,NULL,NULL,NULL,NULL,NULL,NULL,'180','13',NULL,'3',NULL,3,NULL,15),('PARAS MADAN','9996656080',NULL,NULL,NULL,NULL,NULL,NULL,NULL,'193','13',NULL,'1',NULL,NULL,NULL,14),('Sartaj','9815468786',NULL,NULL,NULL,NULL,NULL,NULL,NULL,'17','6',NULL,'8',NULL,NULL,NULL,14),('Pinnaki(PINAK GHOLEP)','9307272007',NULL,NULL,NULL,NULL,NULL,NULL,NULL,'348','','','8',NULL,NULL,NULL,13),('charan mahlawat','7015851604',NULL,NULL,NULL,NULL,NULL,NULL,NULL,'8','10','','8',NULL,3,NULL,13),('Dr kamlesh bhatt','9528277282',NULL,NULL,NULL,NULL,NULL,NULL,NULL,'8','10','','8',NULL,2,NULL,13),('Sunit','9639630303',NULL,NULL,NULL,NULL,NULL,NULL,NULL,'18','35','','8',NULL,NULL,NULL,19),('Anand Aggarwal','9999572725',NULL,NULL,NULL,NULL,NULL,NULL,NULL,'8','10','','8',NULL,1,NULL,15),('Nikhil','7895967857',NULL,NULL,NULL,NULL,NULL,NULL,NULL,'3','29','','8',NULL,NULL,NULL,16),('Pinnaki','9307272007',NULL,NULL,NULL,NULL,NULL,NULL,NULL,'3','29','','8',NULL,NULL,NULL,16),('Mr Ghai','9988886711',NULL,NULL,NULL,NULL,NULL,NULL,NULL,'5','28','','13',NULL,3,NULL,17),('Raminder Singh','9815728800',NULL,NULL,NULL,NULL,NULL,NULL,NULL,'5','28','','13',NULL,5,NULL,17),('Narendra Solanki','9828099500',NULL,NULL,NULL,NULL,NULL,NULL,NULL,'2','13','','13',NULL,4,NULL,12),('Asit Pattnaik','9437016171',NULL,NULL,NULL,NULL,NULL,NULL,NULL,'2','13','','13',NULL,5,NULL,12),('Bawkher Ahmed','9840965952',NULL,NULL,NULL,NULL,NULL,NULL,NULL,'2','13','','13',NULL,5,NULL,12),('Sagar Sharma','9999668706',NULL,NULL,NULL,NULL,NULL,NULL,NULL,'2','13','','13',NULL,4,NULL,12),('Abdul hakeem','8688744440',NULL,NULL,NULL,NULL,NULL,NULL,NULL,'8','10','','8',NULL,4,NULL,13),('NARENDER','9601438839',NULL,NULL,NULL,NULL,NULL,NULL,NULL,'539','34','','12',NULL,1,NULL,15),('HIMANSHU','8529400008',NULL,NULL,NULL,NULL,NULL,NULL,NULL,'192','13','','3',NULL,1,NULL,15),('MR HEMANT','8859999959',NULL,NULL,NULL,NULL,NULL,NULL,NULL,'18','35','','3',NULL,NULL,NULL,19),('Akshay Gupta','9465189541',NULL,NULL,NULL,NULL,NULL,NULL,NULL,'5','28','','8',NULL,NULL,NULL,17),('Parmesh','9780749240',NULL,NULL,NULL,NULL,NULL,NULL,NULL,'5','28','','8',NULL,1,NULL,17),('Sudheer Singh','9305719728',NULL,NULL,NULL,NULL,NULL,NULL,NULL,'584','34','','8',NULL,NULL,NULL,13),('Thomas','9341922999',NULL,NULL,NULL,NULL,NULL,NULL,NULL,'17','6','','8',NULL,1,NULL,14),('Ritiwk','8588014978',NULL,NULL,NULL,NULL,NULL,NULL,NULL,'3','29','','8',NULL,NULL,NULL,16),('AMIT','7292032737',NULL,NULL,NULL,NULL,NULL,NULL,NULL,'8','10','','3',NULL,2,NULL,13),('Harshvadhan Sharma','8756111111',NULL,NULL,NULL,NULL,NULL,NULL,NULL,'3','29','','8',NULL,NULL,NULL,16),('Prateek Thakral','9812120450',NULL,NULL,NULL,NULL,NULL,NULL,NULL,'23','13','','8',NULL,NULL,NULL,15),('Gurdhayan Singh','9779585614',NULL,NULL,NULL,NULL,NULL,NULL,NULL,'5','28','','13',NULL,1,NULL,17),('Abhi','9501999990',NULL,NULL,NULL,NULL,NULL,NULL,NULL,'5','28','','13',NULL,2,NULL,17),('Sunny','9872574341',NULL,NULL,NULL,NULL,NULL,NULL,NULL,'5','28','','13',NULL,4,NULL,17),('Uttam','9482881234',NULL,NULL,NULL,NULL,NULL,NULL,NULL,'2','13','','13',NULL,2,NULL,12),('seema bajaj','9910100762',NULL,NULL,NULL,NULL,NULL,NULL,NULL,'8','10','','12',NULL,4,NULL,12),('Gaurav Sharma','9000789402',NULL,NULL,NULL,NULL,NULL,NULL,NULL,'2','13','','13',NULL,3,NULL,12),('Amit','9818466554',NULL,NULL,NULL,NULL,NULL,NULL,NULL,'2','13','','13',NULL,3,NULL,12),('Avneet Gupta','9999907371',NULL,NULL,NULL,NULL,NULL,NULL,NULL,'2','13','','13',NULL,5,NULL,12),('RAVINDER','6284834904',NULL,NULL,NULL,NULL,NULL,NULL,NULL,'17','6','','8',NULL,NULL,NULL,14),('Kawaljeet Singh','8127070007',NULL,NULL,NULL,NULL,NULL,NULL,NULL,'2','13','','13',NULL,4,NULL,12),('Nijamuddin Siddiqui','9450176389',NULL,NULL,NULL,NULL,NULL,NULL,NULL,'2','13','','13',NULL,1,NULL,12),('Gs Nagi','9871852288',NULL,NULL,NULL,NULL,NULL,NULL,NULL,'2','13','','13',NULL,4,NULL,12),('Raj Kohli','9310007082',NULL,NULL,NULL,NULL,NULL,NULL,NULL,'2','13','','13',NULL,4,NULL,12),('JAGMOHAN','9915477744',NULL,NULL,NULL,NULL,NULL,NULL,NULL,'17','6','','8',NULL,NULL,NULL,14),('Sahil','8076074411',NULL,NULL,NULL,NULL,NULL,NULL,NULL,'2','13','','13',NULL,2,NULL,12),('Sahil Khan','8005402957',NULL,NULL,NULL,NULL,NULL,NULL,NULL,'2','13','','13',NULL,4,NULL,12),('ANWAR','7306723265',NULL,NULL,NULL,NULL,NULL,NULL,NULL,'142','7','','8',NULL,3,NULL,13),('surinder','9417023724',NULL,NULL,NULL,NULL,NULL,NULL,NULL,'180','13','','12',NULL,1,NULL,15),('KAMALDEEP SINGH','9815629147',NULL,NULL,NULL,NULL,NULL,NULL,NULL,'458','28','','3',NULL,2,NULL,13),('Dharamvir Singh','9781287386',NULL,NULL,NULL,NULL,NULL,NULL,NULL,'5','28','','8',NULL,4,NULL,17),('Vishal Singh','8298330000',NULL,NULL,NULL,NULL,NULL,NULL,NULL,'8','10','','8',NULL,NULL,NULL,13),('Kjs','8800004988',NULL,NULL,NULL,NULL,NULL,NULL,NULL,'3','29','','8',NULL,NULL,NULL,16),('Suhail','7290880440',NULL,NULL,NULL,NULL,NULL,NULL,NULL,'2','13','','13',NULL,3,NULL,12),('Varinder Kumar','9915036582',NULL,NULL,NULL,NULL,NULL,NULL,NULL,'5','28','','13',NULL,2,NULL,17),('MR MANIK GARG','9814299885',NULL,NULL,NULL,NULL,NULL,NULL,NULL,'5','28','','1',NULL,NULL,NULL,17),('RAVIJYOT SINGH','8872015436',NULL,NULL,NULL,NULL,NULL,NULL,NULL,'17','6','','10',NULL,NULL,NULL,14),('Yash Raj','7263968943',NULL,NULL,NULL,NULL,NULL,NULL,NULL,'17','6','','8',NULL,NULL,NULL,14),('Gursewak Singh','9878718355',NULL,NULL,NULL,NULL,NULL,NULL,NULL,'17','6','','8',NULL,NULL,NULL,14),('Bhaisaab','9930418211',NULL,NULL,NULL,NULL,NULL,NULL,NULL,'12','21','','8',NULL,NULL,NULL,14),('Sumesh','9906107785',NULL,NULL,NULL,NULL,NULL,NULL,NULL,'106','6','','8',NULL,NULL,NULL,14),('Kawaljeet Singh','8127070007',NULL,NULL,NULL,NULL,NULL,NULL,NULL,'579','34','','8',NULL,NULL,NULL,12),('Amit Malik','9891429439',NULL,NULL,NULL,NULL,NULL,NULL,NULL,'2','13','','8',NULL,NULL,NULL,12),('Lohit','9871193777',NULL,NULL,NULL,NULL,NULL,NULL,NULL,'2','13','','8',NULL,NULL,NULL,12),('POTALA TENZIN','9896141989',NULL,NULL,NULL,NULL,NULL,NULL,NULL,'192','13','','3',NULL,2,NULL,15),('Ravi','9811002232',NULL,NULL,NULL,NULL,NULL,NULL,NULL,'8','10','','8',NULL,NULL,NULL,13),('Bharat Malhotra','9619345373',NULL,NULL,NULL,NULL,NULL,NULL,NULL,'8','10','','8',NULL,3,NULL,13),('Manoj Kumar Verma','7007542668',NULL,NULL,NULL,NULL,NULL,NULL,NULL,'584','34','','8',NULL,NULL,NULL,13),('Manish','9899451001',NULL,NULL,NULL,NULL,NULL,NULL,NULL,'3','29','','8',NULL,NULL,NULL,16),('AJAY','9172290812',NULL,NULL,NULL,NULL,NULL,NULL,NULL,'23','13','','8',NULL,NULL,NULL,15),('Bijender Singh','9813016078',NULL,NULL,NULL,NULL,NULL,NULL,NULL,'192','13','','8',NULL,1,NULL,15),('Raj Kumar','9781808787',NULL,NULL,NULL,NULL,NULL,NULL,NULL,'5','28','','13',NULL,4,NULL,17),('Sharanjit Singh','7879640004',NULL,NULL,NULL,NULL,NULL,NULL,NULL,'5','28','','13',NULL,3,NULL,17),('Puneet','9876857583',NULL,NULL,NULL,NULL,NULL,NULL,NULL,'5','28','','13',NULL,1,NULL,17),('Radhesh Maria','7710303777',NULL,NULL,NULL,NULL,NULL,NULL,NULL,'5','28','','13',NULL,2,NULL,17),('Piyush Jain','9582008843',NULL,NULL,NULL,NULL,NULL,NULL,NULL,'2','13','','13',NULL,2,NULL,12),('Rounak','9408714999',NULL,NULL,NULL,NULL,NULL,NULL,NULL,'2','13','','13',NULL,3,NULL,12),('Vinod','9529206337',NULL,NULL,NULL,NULL,NULL,NULL,NULL,'2','13','','13',NULL,NULL,NULL,12),('Vikas Selwal','9903360073',NULL,NULL,NULL,NULL,NULL,NULL,NULL,'2','13','','13',NULL,2,NULL,12),('Mohit Aron','9837038147',NULL,NULL,NULL,NULL,NULL,NULL,NULL,'2','13','','13',NULL,4,NULL,12),('Sobit','9582263123',NULL,NULL,NULL,NULL,NULL,NULL,NULL,'2','13','','13',NULL,4,NULL,12),('Malkeet Singh','9855543811',NULL,NULL,NULL,NULL,NULL,NULL,NULL,'5','28','','8',NULL,NULL,NULL,17),('Lohit','9871193777',NULL,NULL,NULL,NULL,NULL,NULL,NULL,'2','13','','8',NULL,NULL,NULL,12),('NEERAJ GUPTA','9467733333',NULL,NULL,NULL,NULL,NULL,NULL,NULL,'651','13','','1',NULL,1,NULL,14),('Dheeraj','9015801111',NULL,NULL,NULL,NULL,NULL,NULL,NULL,'2','13','','13',NULL,5,NULL,12),('nikil gupta','9876339911',NULL,NULL,NULL,NULL,NULL,NULL,NULL,'458','28','','3',NULL,1,NULL,14),('Simran','9675122222',NULL,NULL,NULL,NULL,NULL,NULL,NULL,'2','13','','8',NULL,NULL,NULL,12),('Boss','8550095374',NULL,NULL,NULL,NULL,NULL,NULL,NULL,'584','34','','8',NULL,4,NULL,13),('Dhiraj','9811166793',NULL,NULL,NULL,NULL,NULL,NULL,NULL,'2','13','','13',NULL,3,NULL,12),('Bimal Kumar','9855428927',NULL,NULL,NULL,NULL,NULL,NULL,NULL,'5','28','','13',NULL,4,NULL,17),('PARS','9991150789',NULL,NULL,NULL,NULL,NULL,NULL,NULL,'145','7','','3',NULL,1,NULL,15),('UPENDER','9953764774',NULL,NULL,NULL,NULL,NULL,NULL,NULL,'8','10','','1',NULL,4,NULL,12),('TAJINDER PAL SINGH','9729200024',NULL,NULL,NULL,NULL,NULL,NULL,NULL,'192','13','','12',NULL,1,NULL,15),('MR RAVI','9815033882',NULL,NULL,NULL,NULL,NULL,NULL,NULL,'5','28','','1',NULL,4,NULL,17),('Ashish','7027500023',NULL,NULL,NULL,NULL,NULL,NULL,NULL,'186','13','','1',NULL,3,NULL,15),('BALJINDER SINGH','9896888411',NULL,NULL,NULL,NULL,NULL,NULL,NULL,'187','13','','1',NULL,1,NULL,15),('SHIVAM','882686470',NULL,NULL,NULL,NULL,NULL,NULL,NULL,'192','13','','1',NULL,NULL,NULL,15),('Aseem','9622499867',NULL,NULL,NULL,NULL,NULL,NULL,NULL,'17','6','','8',NULL,NULL,NULL,14),('Ravinder','9815528928',NULL,NULL,NULL,NULL,NULL,NULL,NULL,'5','28','','8',NULL,NULL,NULL,17),('Pawan','8076138560',NULL,NULL,NULL,NULL,NULL,NULL,NULL,'2','13','','8',NULL,1,NULL,12),('Jagpreet','9876365196',NULL,NULL,NULL,NULL,NULL,NULL,NULL,'8','10','','8',NULL,2,NULL,13),('HIMANSHU SUKHIJA','8607767007',NULL,NULL,NULL,NULL,NULL,NULL,NULL,'8','10','','8',NULL,NULL,NULL,13),('pradyumna','6351158913',NULL,NULL,NULL,NULL,NULL,NULL,NULL,'8','10','','8',NULL,3,NULL,13),('Adheesh Raj Bhalla','9313534002',NULL,NULL,NULL,NULL,NULL,NULL,NULL,'8','10','','8',NULL,NULL,NULL,13),('Anshu Pandey','6387684836',NULL,NULL,NULL,NULL,NULL,NULL,NULL,'20','34','','8',NULL,2,NULL,13),('Jagjit','9814309531',NULL,NULL,NULL,NULL,NULL,NULL,NULL,'5','28','','13',NULL,1,NULL,17),('Nishant','9661050139',NULL,NULL,NULL,NULL,NULL,NULL,NULL,'2','13','','13',NULL,2,NULL,12),('Inodaya','9416553188',NULL,NULL,NULL,NULL,NULL,NULL,NULL,'2','13','','13',NULL,2,NULL,12),('Anish','7678229653',NULL,NULL,NULL,NULL,NULL,NULL,NULL,'2','13','','13',NULL,1,NULL,12),('Arun Kumar Panday','6204147054',NULL,NULL,NULL,NULL,NULL,NULL,NULL,'2','13','','13',NULL,1,NULL,12),('BUPENDER SINGH','8950003000',NULL,NULL,NULL,NULL,NULL,NULL,NULL,'23','13','','3',NULL,1,NULL,15),('Jatin','8383044062',NULL,NULL,NULL,NULL,NULL,NULL,NULL,'2','13','','8',NULL,NULL,NULL,12),('ASHU MAURYA','9170138073',NULL,NULL,NULL,NULL,NULL,NULL,NULL,'584','34','','8',NULL,1,NULL,13),('Aman','8968888781',NULL,NULL,NULL,NULL,NULL,NULL,NULL,'5','28','','13',NULL,2,NULL,17),('Anil','9959042280',NULL,NULL,NULL,NULL,NULL,NULL,NULL,'2','13','','13',NULL,4,NULL,12),('Shuaib','8439774403',NULL,NULL,NULL,NULL,NULL,NULL,NULL,'2','13','','13',NULL,2,NULL,12),('DEVINDER SINGH SUDAN','7027045439',NULL,NULL,NULL,NULL,NULL,NULL,NULL,'191','13','','12',NULL,1,NULL,15),('Jagdeep Singh','9814378993',NULL,NULL,NULL,NULL,NULL,NULL,NULL,'5','28','','8',NULL,1,NULL,17),('MR BHUPINDER SINGH','9216901471',NULL,NULL,NULL,NULL,NULL,NULL,NULL,'5','28','','1',NULL,4,NULL,17),('PADAM SINGH','9355400009',NULL,NULL,NULL,NULL,NULL,NULL,NULL,'17','6','','12',NULL,NULL,NULL,13),('JAGAN','9746114424',NULL,NULL,NULL,NULL,NULL,NULL,NULL,'142','7','','12',NULL,NULL,NULL,13),('VISHAL YADAV','9998920956',NULL,NULL,NULL,NULL,NULL,NULL,NULL,'8','10','','12',NULL,NULL,NULL,13),('MOHISH GUPTA','9876984695',NULL,NULL,NULL,NULL,NULL,NULL,NULL,'191','13','','3',NULL,NULL,NULL,15),('HARPREET SANDHU','8694000001',NULL,NULL,NULL,NULL,NULL,NULL,NULL,'652','28','','3',NULL,NULL,NULL,14),('malika bajaj','9837373388',NULL,NULL,NULL,NULL,NULL,NULL,NULL,'5','28','','8',NULL,4,NULL,17),('Unknown Buyer','8847430039',NULL,NULL,NULL,NULL,NULL,NULL,NULL,'5','28','','3',NULL,NULL,NULL,17),('Gurdeep Singh','9814214926',NULL,NULL,NULL,NULL,NULL,NULL,NULL,'5','28','','8',NULL,NULL,NULL,17),('Karambir','8930892181',NULL,NULL,NULL,NULL,NULL,NULL,NULL,'2','13','','8',NULL,NULL,NULL,12),('Pawan','8076138560',NULL,NULL,NULL,NULL,NULL,NULL,NULL,'2','13','','8',NULL,1,NULL,12),('mzu rahman','9700669000',NULL,NULL,NULL,NULL,NULL,NULL,NULL,'8','10','','8',NULL,3,NULL,13),('Jagpreet','9876365196',NULL,NULL,NULL,NULL,NULL,NULL,NULL,'8','10','','8',NULL,2,NULL,13),('Himanshu Jaiswal','9984729201',NULL,NULL,NULL,NULL,NULL,NULL,NULL,'584','34','','8',NULL,NULL,NULL,13),('Dushyant Kumar','9559656001',NULL,NULL,NULL,NULL,NULL,NULL,NULL,'584','34','','8',NULL,NULL,NULL,13),('Sameer Aggarwal','8729000083',NULL,NULL,NULL,NULL,NULL,NULL,NULL,'456','28','','8',NULL,NULL,NULL,14),('Ashish','9646733692',NULL,NULL,NULL,NULL,NULL,NULL,NULL,'17','6','','8',NULL,NULL,NULL,14),('Amit','9956812514',NULL,NULL,NULL,NULL,NULL,NULL,NULL,'17','6','','8',NULL,2,NULL,14),('Amit Sindhu','9896806694',NULL,NULL,NULL,NULL,NULL,NULL,NULL,'3','29','','8',NULL,NULL,NULL,16),('Rajnish Jain','9814082535',NULL,NULL,NULL,NULL,NULL,NULL,NULL,'5','28','','13',NULL,5,NULL,17),('Hrithik Garg','7986878605',NULL,NULL,NULL,NULL,NULL,NULL,NULL,'5','28','','13',NULL,1,NULL,17),('ARNAV','9355555397',NULL,NULL,NULL,NULL,NULL,NULL,NULL,'16','13','','3',NULL,4,NULL,15),('HIMANSHU SUKHIJA','8607767007',NULL,NULL,NULL,NULL,NULL,NULL,NULL,'8','10','','8',NULL,1,NULL,13),('pradyumna','6351158913',NULL,NULL,NULL,NULL,NULL,NULL,NULL,'8','10','','8',NULL,3,NULL,13),('YUGANK','9034459000',NULL,NULL,NULL,NULL,NULL,NULL,NULL,'193','13','','3',NULL,3,NULL,15),('Amit','9956812514',NULL,NULL,NULL,NULL,NULL,NULL,NULL,'17','6','','8',NULL,2,NULL,14),('Rafik Khan','9784659450',NULL,NULL,NULL,NULL,NULL,NULL,NULL,'3','29','','8',NULL,2,NULL,16),('Rajat Sharma','9811015457',NULL,NULL,NULL,NULL,NULL,NULL,NULL,'3','29','','8',NULL,NULL,NULL,16),('Mahindra','9810048488',NULL,NULL,NULL,NULL,NULL,NULL,NULL,'2','13','','13',NULL,5,NULL,12),('PARAS MADAAN','9996656080',NULL,NULL,NULL,NULL,NULL,NULL,NULL,'193','13','','3',NULL,3,NULL,15),('kuldeep yadav','9560770003',NULL,NULL,NULL,NULL,NULL,NULL,NULL,'15','13','','3',NULL,1,NULL,15),('Aman','9814654321',NULL,NULL,NULL,NULL,NULL,NULL,NULL,'17','6','','8',NULL,NULL,NULL,14),('Pratap kochar','9435108687',NULL,NULL,NULL,NULL,NULL,NULL,NULL,'2','13','','8',NULL,5,NULL,12),('Kuldeep','9560770003',NULL,NULL,NULL,NULL,NULL,NULL,NULL,'2','13','','8',NULL,NULL,NULL,12),('Shivam Gupta','9695541515',NULL,NULL,NULL,NULL,NULL,NULL,NULL,'584','34','','8',NULL,NULL,NULL,13),('Akashdeep Singh','6283075404',NULL,NULL,NULL,NULL,NULL,NULL,NULL,'5','28','','13',NULL,3,NULL,17),('Kuldeep','8221800403',NULL,NULL,NULL,NULL,NULL,NULL,NULL,'2','13','','13',NULL,1,NULL,12),('Rohit','9012087777',NULL,NULL,NULL,NULL,NULL,NULL,NULL,'2','13','','13',NULL,1,NULL,12),('Rahul Saini','9990907424',NULL,NULL,NULL,NULL,NULL,NULL,NULL,'2','13','','13',NULL,4,NULL,12),('Sanjeev','9815011583',NULL,NULL,NULL,NULL,NULL,NULL,NULL,'5','28','','13',NULL,5,NULL,17),('K Gautham Dany','8008188008',NULL,NULL,NULL,NULL,NULL,NULL,NULL,'2','13','','13',NULL,4,NULL,12),('KAMAL JAIN','9810033868',NULL,NULL,NULL,NULL,NULL,NULL,NULL,'8','10','','8',NULL,2,NULL,13),('AMIT RAI','8887653003',NULL,NULL,NULL,NULL,NULL,NULL,NULL,'573','34','','3',NULL,NULL,NULL,13),('MAYANK','9897360973',NULL,NULL,NULL,NULL,NULL,NULL,NULL,'643','35','','3',NULL,3,NULL,15),('JARNAIL SINGH','9416408687',NULL,NULL,NULL,NULL,NULL,NULL,NULL,'187','13','','1',NULL,2,NULL,15),('KULDEEP','9896331521',NULL,NULL,NULL,NULL,NULL,NULL,NULL,'180','13','','1',NULL,4,NULL,15),('SHIVAM','8803288000',NULL,NULL,NULL,NULL,NULL,NULL,NULL,'1','10','','3',NULL,NULL,NULL,12),('AMIT RAI','9565635555',NULL,NULL,NULL,NULL,NULL,NULL,NULL,'573','34','','3',NULL,NULL,NULL,13),('SUMER','9494500004',NULL,NULL,NULL,NULL,NULL,NULL,NULL,'5','28','','3',NULL,NULL,NULL,17),('NITIN','9811114115',NULL,NULL,NULL,NULL,NULL,NULL,NULL,'1','10','','3',NULL,3,NULL,12),('Anshul','9355130007',NULL,NULL,NULL,NULL,NULL,NULL,NULL,'11','28','','8',NULL,NULL,NULL,14),('Inderjit Singh Bhallian','9814601137',NULL,NULL,NULL,NULL,NULL,NULL,NULL,'5','28','','13',NULL,2,NULL,17),('MR HARBHAJAN SINGH','9653873013',NULL,NULL,NULL,NULL,NULL,NULL,NULL,'5','28','','1',NULL,4,NULL,17),('Rakesh','9414445411',NULL,NULL,NULL,NULL,NULL,NULL,NULL,'2','13','','13',NULL,4,NULL,12),('SORISH WALIYA','8146270737',NULL,NULL,NULL,NULL,NULL,NULL,NULL,'458','28','','1',NULL,1,NULL,15),('GEETIKA','9814144068',NULL,NULL,NULL,NULL,NULL,NULL,NULL,'5','28','','3',NULL,NULL,NULL,17),('KAPIL','9896555422',NULL,NULL,NULL,NULL,NULL,NULL,NULL,'186','13','','3',NULL,3,NULL,15),('Santro','9814865850',NULL,NULL,NULL,NULL,NULL,NULL,NULL,'5','28','','8',NULL,NULL,NULL,17),('satpal','9041512638',NULL,NULL,NULL,NULL,NULL,NULL,NULL,'5','28','','8',NULL,3,NULL,17),('kulwinder singh','9780000783',NULL,NULL,NULL,NULL,NULL,NULL,NULL,'17','6','','3',NULL,3,NULL,14),('RAJIV GOYAL','9814041034',NULL,NULL,NULL,NULL,NULL,NULL,NULL,'461','28','','3',NULL,4,NULL,18),('Gagan singh','9871098097',NULL,NULL,NULL,NULL,NULL,NULL,NULL,'8','10','','8',NULL,2,NULL,13),('Kunal','9871144088',NULL,NULL,NULL,NULL,NULL,NULL,NULL,'8','10','','8',NULL,NULL,NULL,13),('Manoj Pandey','9540823088',NULL,NULL,NULL,NULL,NULL,NULL,NULL,'8','10','','8',NULL,3,NULL,13),('vibhu','9753078533',NULL,NULL,NULL,NULL,NULL,NULL,NULL,'8','10','','8',NULL,1,NULL,13),('Guru Nanak Jewellers','9415215878',NULL,NULL,NULL,NULL,NULL,NULL,NULL,'584','34','','8',NULL,NULL,NULL,13),('nakul','9896870006',NULL,NULL,NULL,NULL,NULL,NULL,NULL,'23','13','','8',NULL,3,NULL,14),('HARI BABU INTURI','9533465555',NULL,NULL,NULL,NULL,NULL,NULL,NULL,'18','35','','8',NULL,4,NULL,19),('Bhagat','7627004970',NULL,NULL,NULL,NULL,NULL,NULL,NULL,'3','29','','8',NULL,1,NULL,16),('HARIBABU INTURI','9533465555',NULL,NULL,NULL,NULL,NULL,NULL,NULL,'3','29','','8',NULL,4,NULL,16),('Vivek','9911830888',NULL,NULL,NULL,NULL,NULL,NULL,NULL,'3','29','','8',NULL,NULL,NULL,16),('GAURAV TAYAL','9811896689',NULL,NULL,NULL,NULL,NULL,NULL,NULL,'23','13','','1',NULL,4,NULL,15),('ANSHUL YADAV','8586964813',NULL,NULL,NULL,NULL,NULL,NULL,NULL,'1','10','','3',NULL,NULL,NULL,12),('Pramod Kumse','9509997695',NULL,NULL,NULL,NULL,NULL,NULL,NULL,'5','28','','13',NULL,3,NULL,17),('Mradul Solanki','7895111885',NULL,NULL,NULL,NULL,NULL,NULL,NULL,'5','28','','13',NULL,3,NULL,17),('Baban Kumar','8427061771',NULL,NULL,NULL,NULL,NULL,NULL,NULL,'5','28','','13',NULL,2,NULL,17),('Ajay Gupta','9812899999',NULL,NULL,NULL,NULL,NULL,NULL,NULL,'2','13','','13',NULL,3,NULL,12),('Sorry','7982086365',NULL,NULL,NULL,NULL,NULL,NULL,NULL,'2','13','','13',NULL,4,NULL,12),('Muna Nayak','7894756948',NULL,NULL,NULL,NULL,NULL,NULL,NULL,'2','13','','13',NULL,1,NULL,12),('Varun Gupta','9871533737',NULL,NULL,NULL,NULL,NULL,NULL,NULL,'2','13','','13',NULL,5,NULL,12),('Shekinah Varghese','7999899939',NULL,NULL,NULL,NULL,NULL,NULL,NULL,'2','13','','13',NULL,2,NULL,12),('Vishal Maan','9582868318',NULL,NULL,NULL,NULL,NULL,NULL,NULL,'2','13','','13',NULL,5,NULL,12),('Anuj Bhardwaj','9654991905',NULL,NULL,NULL,NULL,NULL,NULL,NULL,'2','13','','13',NULL,4,NULL,12),('Dr Dutt','9831132263',NULL,NULL,NULL,NULL,NULL,NULL,NULL,'2','13','','13',NULL,1,NULL,12),('Marveen','9949528811',NULL,NULL,NULL,NULL,NULL,NULL,NULL,'2','13','','13',NULL,2,NULL,12),('Sandeep Khatana','9971462007',NULL,NULL,NULL,NULL,NULL,NULL,NULL,'2','13','','13',NULL,4,NULL,12),('Aayush','8527957473',NULL,NULL,NULL,NULL,NULL,NULL,NULL,'3','29','','8',NULL,NULL,NULL,16),('Karan','9911006664',NULL,NULL,NULL,NULL,NULL,NULL,NULL,'8','10','','8',NULL,NULL,NULL,13),('Karan','9911006664',NULL,NULL,NULL,NULL,NULL,NULL,NULL,'3','29','','8',NULL,NULL,NULL,16),('Pratap Arora','9810303131',NULL,NULL,NULL,NULL,NULL,NULL,NULL,'23','13','','8',NULL,NULL,NULL,15),('NARESH','9215715100',NULL,NULL,NULL,NULL,NULL,NULL,NULL,'23','13','','12',NULL,1,NULL,15),('Srijal kohli','8146622626',NULL,NULL,NULL,NULL,NULL,NULL,NULL,'17','6','','8',NULL,NULL,NULL,14),('Omar','9810039786',NULL,NULL,NULL,NULL,NULL,NULL,NULL,'2','13','','13',NULL,4,NULL,12),('AYUSH','9996504205',NULL,NULL,NULL,NULL,NULL,NULL,NULL,'195','13','','3',NULL,1,NULL,15),('himanshu sehgal','9650630730',NULL,NULL,NULL,NULL,NULL,NULL,NULL,'8','10','','1',NULL,4,NULL,12),('MANISH VERMA','9911150055',NULL,NULL,NULL,NULL,NULL,NULL,NULL,'8','10','','1',NULL,3,NULL,13),('SANJAY JAIN','9811167770',NULL,NULL,NULL,NULL,NULL,NULL,NULL,'8','10','','1',NULL,3,NULL,13),('varun','9999917974',NULL,NULL,NULL,NULL,NULL,NULL,NULL,'8','10','','1',NULL,3,NULL,12),('Harbhajan Singh','9653873013',NULL,NULL,NULL,NULL,NULL,NULL,NULL,'5','28','','8',NULL,1,NULL,17),('Karamdeep Singh','8699892219',NULL,NULL,NULL,NULL,NULL,NULL,NULL,'5','28','','8',NULL,NULL,NULL,17),('Vishal','7009430804',NULL,NULL,NULL,NULL,NULL,NULL,NULL,'5','28','','8',NULL,1,NULL,17),('Manjeet Singh','9592400914',NULL,NULL,NULL,NULL,NULL,NULL,NULL,'5','28','','8',NULL,NULL,NULL,17),('Rupinder Singh','9761851884',NULL,NULL,NULL,NULL,NULL,NULL,NULL,'5','28','','8',NULL,NULL,NULL,17),('Shivani','9211645717',NULL,NULL,NULL,NULL,NULL,NULL,NULL,'8','10','','8',NULL,NULL,NULL,13),('Shreyash Pa','9370499215',NULL,NULL,NULL,NULL,NULL,NULL,NULL,'8','10','','8',NULL,NULL,NULL,13),('Latsahab Raj','7033214757',NULL,NULL,NULL,NULL,NULL,NULL,NULL,'8','10','','8',NULL,NULL,NULL,13),('Amit','9696800315',NULL,NULL,NULL,NULL,NULL,NULL,NULL,'584','34','','8',NULL,1,NULL,13),('Gurmukh Singh','9915371386',NULL,NULL,NULL,NULL,NULL,NULL,NULL,'17','6','','8',NULL,NULL,NULL,14),('Abhey','9580900005',NULL,NULL,NULL,NULL,NULL,NULL,NULL,'17','6','','8',NULL,4,NULL,14),('Vishu','9876120829',NULL,NULL,NULL,NULL,NULL,NULL,NULL,'17','6','','8',NULL,4,NULL,14),('devraj sayat','8112169169',NULL,NULL,NULL,NULL,NULL,NULL,NULL,'423','26','','8',NULL,3,NULL,14),('Gaurav','8979034444',NULL,NULL,NULL,NULL,NULL,NULL,NULL,'18','35','','8',NULL,NULL,NULL,19),('Gaurav','8447100000',NULL,NULL,NULL,NULL,NULL,NULL,NULL,'3','29','','8',NULL,NULL,NULL,16),('Sunder Yadav','9811367985',NULL,NULL,NULL,NULL,NULL,NULL,NULL,'3','29','','8',NULL,NULL,NULL,16),('Aman','9999936669',NULL,NULL,NULL,NULL,NULL,NULL,NULL,'3','29','','8',NULL,NULL,NULL,16),('Sachin Dhir','9872772277',NULL,NULL,NULL,NULL,NULL,NULL,NULL,'5','28','','13',NULL,5,NULL,17),('Sandeep Singh Lahoria','8759001984',NULL,NULL,NULL,NULL,NULL,NULL,NULL,'5','28','','13',NULL,1,NULL,17),('Dipinder','6239789670',NULL,NULL,NULL,NULL,NULL,NULL,NULL,'5','28','','13',NULL,2,NULL,17),('Raj Kumar','9781808787',NULL,NULL,NULL,NULL,NULL,NULL,NULL,'5','28','','13',NULL,4,NULL,17),('Rajesh Garg','9501377799',NULL,NULL,NULL,NULL,NULL,NULL,NULL,'5','28','','13',NULL,2,NULL,17),('Yogesh','9555510047',NULL,NULL,NULL,NULL,NULL,NULL,NULL,'2','13','','13',NULL,1,NULL,12),('D Singh','9419222122',NULL,NULL,NULL,NULL,NULL,NULL,NULL,'2','13','','13',NULL,4,NULL,12),('Balwinder','9814025998',NULL,NULL,NULL,NULL,NULL,NULL,NULL,'2','13','','13',NULL,4,NULL,12),('Niraj Agrawal','9598050251',NULL,NULL,NULL,NULL,NULL,NULL,NULL,'2','13','','13',NULL,5,NULL,12),('Mohd Nabeel','9458510686',NULL,NULL,NULL,NULL,NULL,NULL,NULL,'2','13','','13',NULL,2,NULL,12),('Syed Muhammad Taqee','9703115786',NULL,NULL,NULL,NULL,NULL,NULL,NULL,'2','13','','13',NULL,4,NULL,12),('Narender singh','9978874100',NULL,NULL,NULL,NULL,NULL,NULL,NULL,'170','12','','6',NULL,NULL,NULL,12),('ANUJ','8199997172',NULL,NULL,NULL,NULL,NULL,NULL,NULL,'23','13','','3',NULL,NULL,NULL,0),('SANJEEV','9810122176',NULL,NULL,NULL,NULL,NULL,NULL,NULL,'1','10','','3',NULL,NULL,NULL,12),('manu sharma','9670455557',NULL,NULL,NULL,NULL,NULL,NULL,NULL,'584','34','','8',NULL,5,NULL,13),('Daman','8900000009',NULL,NULL,NULL,NULL,NULL,NULL,NULL,'5','28','','13',NULL,4,NULL,17),('Gurmeet Singh','9592326176',NULL,NULL,NULL,NULL,NULL,NULL,NULL,'2','13','','13',NULL,5,NULL,12),('Mani Chawla','9971560560',NULL,NULL,NULL,NULL,NULL,NULL,NULL,'2','13','','13',NULL,4,NULL,12),('Balraj Dhatt','9876800098',NULL,NULL,NULL,NULL,NULL,NULL,NULL,'5','28','','13',NULL,2,NULL,17),('Pushkar Gupta','9215801300',NULL,NULL,NULL,NULL,NULL,NULL,NULL,'192','13','','1',NULL,4,NULL,15),('Sahil','9876991111',NULL,NULL,NULL,NULL,NULL,NULL,NULL,'17','6','','8',NULL,NULL,NULL,14),('Abhishek','9999930756',NULL,NULL,NULL,NULL,NULL,NULL,NULL,'3','29','','8',NULL,NULL,NULL,16),('Mr. Munish','9466694555',NULL,NULL,NULL,NULL,NULL,NULL,NULL,'652','28','','1',NULL,1,NULL,14),('GUNDEEP','8092707000',NULL,NULL,NULL,NULL,NULL,NULL,NULL,'180','13','','1',NULL,1,NULL,14),('IDERPAL','9815731380',NULL,NULL,NULL,NULL,NULL,NULL,NULL,'11','28','','3',NULL,1,NULL,15),('Raghvendra','6306726250',NULL,NULL,NULL,NULL,NULL,NULL,NULL,'584','34','','8',NULL,NULL,NULL,13),('mudit','9792205000',NULL,NULL,NULL,NULL,NULL,NULL,NULL,'584','34','','8',NULL,1,NULL,13),('Ss yadav','9050775099',NULL,NULL,NULL,NULL,NULL,NULL,NULL,'5','28','','8',NULL,2,NULL,17),('Harpreet Singh','8383820656',NULL,NULL,NULL,NULL,NULL,NULL,NULL,'8','10','','8',NULL,3,NULL,13),('Sahara Enterprises','9691029383',NULL,NULL,NULL,NULL,NULL,NULL,NULL,'8','10','','8',NULL,NULL,NULL,13),('Sidhant','9711010678',NULL,NULL,NULL,NULL,NULL,NULL,NULL,'8','10','','8',NULL,3,NULL,13),('Gaurav','8447100000',NULL,NULL,NULL,NULL,NULL,NULL,NULL,'8','10','','8',NULL,NULL,NULL,13),('Jaivir Singh','9210558000',NULL,NULL,NULL,NULL,NULL,NULL,NULL,'17','6','','8',NULL,NULL,NULL,14),('Alpesh','9925044477',NULL,NULL,NULL,NULL,NULL,NULL,NULL,'176','12','','8',NULL,5,NULL,14),('Muhammad Shajeer','9947441777',NULL,NULL,NULL,NULL,NULL,NULL,NULL,'3','29','','8',NULL,NULL,NULL,16),('Iqbal','9814206162',NULL,NULL,NULL,NULL,NULL,NULL,NULL,'5','28','','13',NULL,2,NULL,17),('MANISH','7082714994',NULL,NULL,NULL,NULL,NULL,NULL,NULL,'187','13','','3',NULL,1,NULL,15),('Dr Rajoo Singh Chhina','9815545318',NULL,NULL,NULL,NULL,NULL,NULL,NULL,'5','28','','13',NULL,4,NULL,17),('Deep Deep','9888300106',NULL,NULL,NULL,NULL,NULL,NULL,NULL,'5','28','','13',NULL,3,NULL,17),('Kirpal Singh','9816010823',NULL,NULL,NULL,NULL,NULL,NULL,NULL,'5','28','','13',NULL,1,NULL,17),('Krishnamjethava','9638881900',NULL,NULL,NULL,NULL,NULL,NULL,NULL,'2','13','','13',NULL,2,NULL,12),('Kapil','9896555422',NULL,NULL,NULL,NULL,NULL,NULL,NULL,'2','13','','13',NULL,2,NULL,12),('Shailendra Kumar','6204800383',NULL,NULL,NULL,NULL,NULL,NULL,NULL,'2','13','','13',NULL,4,NULL,12),('Aryan','9529952927',NULL,NULL,NULL,NULL,NULL,NULL,NULL,'2','13','','13',NULL,2,NULL,12),('Ashmit Kothari','9929060326',NULL,NULL,NULL,NULL,NULL,NULL,NULL,'3','29','','1',NULL,2,NULL,16),('Harish Agarwal','9929108785',NULL,NULL,NULL,NULL,NULL,NULL,NULL,'3','29','','1',NULL,2,NULL,16),('TAJINDER MAILK','9467519444',NULL,NULL,NULL,NULL,NULL,NULL,NULL,'16','13','','3',NULL,3,NULL,15),('SHINE','7986871806',NULL,NULL,NULL,NULL,NULL,NULL,NULL,'191','13','','3',NULL,2,NULL,15),('Rajesh','9815571706',NULL,NULL,NULL,NULL,NULL,NULL,NULL,'5','28','','8',NULL,NULL,NULL,17),('Rajesh','9815571706',NULL,NULL,NULL,NULL,NULL,NULL,NULL,'17','6','','8',NULL,NULL,NULL,14),('Jasbir','9837051483',NULL,NULL,NULL,NULL,NULL,NULL,NULL,'2','13','','13',NULL,4,NULL,12),('jitendra','9454600249',NULL,NULL,NULL,NULL,NULL,NULL,NULL,'584','34','','8',NULL,1,NULL,13),('Bikramjit Singh','9888898006',NULL,NULL,NULL,NULL,NULL,NULL,NULL,'446','28','','8',NULL,NULL,NULL,14),('Singh','8264941986',NULL,NULL,NULL,NULL,NULL,NULL,NULL,'17','6','','8',NULL,NULL,NULL,14),('HARSHAD','9983430370',NULL,NULL,NULL,NULL,NULL,NULL,NULL,'1','10','','3',NULL,NULL,NULL,13),('RAHUL GOYAL','9899920230',NULL,NULL,NULL,NULL,NULL,NULL,NULL,'2','13','','3',NULL,4,NULL,15),('DR.BUKRAT','8881232323',NULL,NULL,NULL,NULL,NULL,NULL,NULL,'439','26','','1',NULL,5,NULL,15),('ANIL KALIA','8800296774',NULL,NULL,NULL,NULL,NULL,NULL,NULL,'8','10','','3',NULL,3,NULL,13),('NAVDEEP','9988912375',NULL,NULL,NULL,NULL,NULL,NULL,NULL,'192','13','','3',NULL,NULL,NULL,0),('ABHISHEK NANDA','8126290911',NULL,NULL,NULL,NULL,NULL,NULL,NULL,'18','35','','3',NULL,NULL,NULL,0),('Vineet Jain','9888746808',NULL,NULL,NULL,NULL,NULL,NULL,NULL,'5','28','','8',NULL,NULL,NULL,17),('Singh','9878719727',NULL,NULL,NULL,NULL,NULL,NULL,NULL,'5','28','','8',NULL,4,NULL,17),('Gurpreet','9569045045',NULL,NULL,NULL,NULL,NULL,NULL,NULL,'5','28','','8',NULL,NULL,NULL,17),('Apoorv Sharma','7582004800',NULL,NULL,NULL,NULL,NULL,NULL,NULL,'2','13','','8',NULL,NULL,NULL,12),('RAJAT SHARMA','9758314121',NULL,NULL,NULL,NULL,NULL,NULL,NULL,'539','34','','3',NULL,NULL,NULL,0),('Shaheena','9871665302',NULL,NULL,NULL,NULL,NULL,NULL,NULL,'2','13','','8',NULL,4,NULL,12),('Sahil','9419188211',NULL,NULL,NULL,NULL,NULL,NULL,NULL,'8','10','','8',NULL,3,NULL,13),('Pankaj','9891505980',NULL,NULL,NULL,NULL,NULL,NULL,NULL,'8','10','','8',NULL,NULL,NULL,13),('Hasibur Rahman','9810828777',NULL,NULL,NULL,NULL,NULL,NULL,NULL,'8','10','','8',NULL,NULL,NULL,13),('Nihal','9463456118',NULL,NULL,NULL,NULL,NULL,NULL,NULL,'203','14','','8',NULL,2,NULL,14),('Gurtegh','9906603000',NULL,NULL,NULL,NULL,NULL,NULL,NULL,'8','10','','8',NULL,NULL,NULL,14),('Aman','9729329027',NULL,NULL,NULL,NULL,NULL,NULL,NULL,'23','13','','8',NULL,2,NULL,15),('Rohit','7837890378',NULL,NULL,NULL,NULL,NULL,NULL,NULL,'5','28','','13',NULL,3,NULL,17),('Dk','7814438944',NULL,NULL,NULL,NULL,NULL,NULL,NULL,'5','28','','13',NULL,3,NULL,17),('S Kumar','9932080677',NULL,NULL,NULL,NULL,NULL,NULL,NULL,'2','13','','13',NULL,NULL,NULL,12),('Akarsh Kaura','9914024231',NULL,NULL,NULL,NULL,NULL,NULL,NULL,'2','13','','13',NULL,4,NULL,12),('Anil Khandelwal','9928725907',NULL,NULL,NULL,NULL,NULL,NULL,NULL,'2','13','','13',NULL,2,NULL,12),('PARVEEN JINDAL','9812320032',NULL,NULL,NULL,NULL,NULL,NULL,NULL,'186','13','','3',NULL,2,NULL,15),('Sandeep Sharma','9906225542',NULL,NULL,NULL,NULL,NULL,NULL,NULL,'8','10','','8',NULL,NULL,NULL,13),('ANIL','9729913447',NULL,NULL,NULL,NULL,NULL,NULL,NULL,'2','13','','3',NULL,1,NULL,15),('YASHAB','8882094500',NULL,NULL,NULL,NULL,NULL,NULL,NULL,'2','13','','3',NULL,3,NULL,15),('TONI','9466709399',NULL,NULL,NULL,NULL,NULL,NULL,NULL,'187','13','','1',NULL,1,NULL,15),('MANJEET','9255388033',NULL,NULL,NULL,NULL,NULL,NULL,NULL,'23','13','','1',NULL,3,NULL,15),('TIGOR SIDHU','6284254378',NULL,NULL,NULL,NULL,NULL,NULL,NULL,'17','6','','3',NULL,NULL,NULL,14),('Unknown Buyer','9649444429',NULL,NULL,NULL,NULL,NULL,NULL,NULL,'487','29','','3',NULL,NULL,NULL,16),('Gurpreet','7062300001',NULL,NULL,NULL,NULL,NULL,NULL,NULL,'5','28','','8',NULL,NULL,NULL,17),('Sandeep','9671607222',NULL,NULL,NULL,NULL,NULL,NULL,NULL,'5','28','','3',NULL,NULL,NULL,0),('Carcentral','8053677053',NULL,NULL,NULL,NULL,NULL,NULL,NULL,'2','13','','8',NULL,NULL,NULL,12),('Raj','7827554435',NULL,NULL,NULL,NULL,NULL,NULL,NULL,'8','10','','8',NULL,NULL,NULL,13),('Zahid Ali','9990566267',NULL,NULL,NULL,NULL,NULL,NULL,NULL,'8','10','','8',NULL,NULL,NULL,13),('Raj kunwar singh','8146165555',NULL,NULL,NULL,NULL,NULL,NULL,NULL,'8','10','','8',NULL,2,NULL,13),('Yashab','8882094500',NULL,NULL,NULL,NULL,NULL,NULL,NULL,'8','10','','8',NULL,3,NULL,13),('SACHIN','9053188003',NULL,NULL,NULL,NULL,NULL,NULL,NULL,'23','13','','3',NULL,NULL,NULL,15),('Sheetal Prasad','9554831772',NULL,NULL,NULL,NULL,NULL,NULL,NULL,'584','34','','8',NULL,3,NULL,13),('Prittam Chand','9816119178',NULL,NULL,NULL,NULL,NULL,NULL,NULL,'17','6','','8',NULL,NULL,NULL,14),('Dr Harish k kamboj','8264399804',NULL,NULL,NULL,NULL,NULL,NULL,NULL,'17','6','','8',NULL,3,NULL,14),('Gurpreet','7062300001',NULL,NULL,NULL,NULL,NULL,NULL,NULL,'17','6','','8',NULL,NULL,NULL,14),('Vikas Dahiya','9810162638',NULL,NULL,NULL,NULL,NULL,NULL,NULL,'2','13','','13',NULL,4,NULL,12),('Shekhar Yadav','9729719004',NULL,NULL,NULL,NULL,NULL,NULL,NULL,'2','13','','13',NULL,NULL,NULL,12),('Arun Kumar Pandey','9554866518',NULL,NULL,NULL,NULL,NULL,NULL,NULL,'2','13','','13',NULL,3,NULL,12),('Yash   7981834404','7981834404',NULL,NULL,NULL,NULL,NULL,NULL,NULL,'2','13','','13',NULL,2,NULL,12),('Yash','7981834404',NULL,NULL,NULL,NULL,NULL,NULL,NULL,'2','13','','13',NULL,2,NULL,12),('Mandy Csc','8950714767',NULL,NULL,NULL,NULL,NULL,NULL,NULL,'2','13','','13',NULL,3,NULL,12),('Babula','9090601883',NULL,NULL,NULL,NULL,NULL,NULL,NULL,'2','13','','13',NULL,1,NULL,12),('Akshay Garg','9627019019',NULL,NULL,NULL,NULL,NULL,NULL,NULL,'2','13','','13',NULL,2,NULL,12),('Aarav Bhardwaj','9654995599',NULL,NULL,NULL,NULL,NULL,NULL,NULL,'2','13','','13',NULL,4,NULL,12),('Pawan','9991003857',NULL,NULL,NULL,NULL,NULL,NULL,NULL,'190','13','','3',NULL,1,NULL,15),('Ayush Singh','8130746830',NULL,NULL,NULL,NULL,NULL,NULL,NULL,'2','13','','13',NULL,4,NULL,12),('Harman','9915040008',NULL,NULL,NULL,NULL,NULL,NULL,NULL,'2','13','','13',NULL,5,NULL,12),('Nammu','7406824394',NULL,NULL,NULL,NULL,NULL,NULL,NULL,'8','10','','8',NULL,NULL,NULL,13),('MR JASMEET','8284800250',NULL,NULL,NULL,NULL,NULL,NULL,NULL,'18','35','','3',NULL,NULL,NULL,19),('Rajat','6239899564',NULL,NULL,NULL,NULL,NULL,NULL,NULL,'5','28','','13',NULL,2,NULL,17),('Rajeev','8968060204',NULL,NULL,NULL,NULL,NULL,NULL,NULL,'5','28','','13',NULL,1,NULL,17),('Jj Singh','9876062397',NULL,NULL,NULL,NULL,NULL,NULL,NULL,'5','28','','13',NULL,4,NULL,17),('Sanjay','9990009639',NULL,NULL,NULL,NULL,NULL,NULL,NULL,'2','13','','13',NULL,4,NULL,12),('Shekhar Yadav','9729719004',NULL,NULL,NULL,NULL,NULL,NULL,NULL,'2','13','','13',NULL,3,NULL,12),('Amit','9193234567',NULL,NULL,NULL,NULL,NULL,NULL,NULL,'2','13','','13',NULL,5,NULL,12),('Ashish Jain','9974028892',NULL,NULL,NULL,NULL,NULL,NULL,NULL,'2','13','','13',NULL,2,NULL,12),('gautam','9729753101',NULL,NULL,NULL,NULL,NULL,NULL,NULL,'180','13','','3',NULL,1,NULL,14),('mr. nitesh','9988582525',NULL,NULL,NULL,NULL,NULL,NULL,NULL,'191','13','','1',NULL,1,NULL,14),('Aniket Sahu(SAM)','7752029755',NULL,NULL,NULL,NULL,NULL,NULL,NULL,'644','26','','8',NULL,NULL,NULL,13),('ffg','9015358983',NULL,NULL,NULL,NULL,NULL,NULL,NULL,'8','10','','8',NULL,1,NULL,13),('Kawaljeet Singh','8127070007',NULL,NULL,NULL,NULL,NULL,NULL,NULL,'3','29','','8',NULL,NULL,NULL,16),('Rahul Saini','9810992765',NULL,NULL,NULL,NULL,NULL,NULL,NULL,'3','29','','8',NULL,NULL,NULL,16),('Kawaljeet Singh','8127070007',NULL,NULL,NULL,NULL,NULL,NULL,NULL,'3','29','','8',NULL,NULL,NULL,16),('Kawaljeet Singh','8127070007',NULL,NULL,NULL,NULL,NULL,NULL,NULL,'3','29','','8',NULL,NULL,NULL,16),('Rahul Saini','9810992765',NULL,NULL,NULL,NULL,NULL,NULL,NULL,'3','29','','8',NULL,NULL,NULL,16),('harshaneel gogoi','7896744718',NULL,NULL,NULL,NULL,NULL,NULL,NULL,'3','29','','8',NULL,NULL,NULL,16),('AJAY AGGARWAL','9415206340',NULL,NULL,NULL,NULL,NULL,NULL,NULL,'584','34','','1',NULL,2,NULL,15),('SANJAY','9873670609',NULL,NULL,NULL,NULL,NULL,NULL,NULL,'2','13','','8',NULL,NULL,NULL,20),('Deepak Batra','9814875577',NULL,NULL,NULL,NULL,NULL,NULL,NULL,'446','28','','6',NULL,NULL,NULL,14),('MR HARJAP','8968598777',NULL,NULL,NULL,NULL,NULL,NULL,NULL,'5','28','','3',NULL,4,NULL,17),('GURKIRAT SINGH','7876998847',NULL,NULL,NULL,NULL,NULL,NULL,NULL,'180','13','','1',NULL,4,NULL,14),('MANAV','9729400045',NULL,NULL,NULL,NULL,NULL,NULL,NULL,'185','13','','8',NULL,2,NULL,15),('VIKAS','8975181755',NULL,NULL,NULL,NULL,NULL,NULL,NULL,'23','13','','8',NULL,2,NULL,15),('PRANESH','9810007006',NULL,NULL,NULL,NULL,NULL,NULL,NULL,'1','10','','8',NULL,NULL,NULL,13),('DEEPAK MEENA','9660128357',NULL,NULL,NULL,NULL,NULL,NULL,NULL,'1','10','','8',NULL,NULL,NULL,13),('RITURAJ SINGH','9811504933',NULL,NULL,NULL,NULL,NULL,NULL,NULL,'1','10','','8',NULL,NULL,NULL,13),('CHANDER SHEKHAR','9928820053',NULL,NULL,NULL,NULL,NULL,NULL,NULL,'2','13','','8',NULL,NULL,NULL,20),('KARAMVEER','7307307666',NULL,NULL,NULL,NULL,NULL,NULL,NULL,'2','13','','13',NULL,7,NULL,12),('MEHUL','8000003061',NULL,NULL,NULL,NULL,NULL,NULL,NULL,'2','13','','13',NULL,NULL,NULL,12),('HEMISH NAGPAL','9354046761',NULL,NULL,NULL,NULL,NULL,NULL,NULL,'2','13','','13',NULL,NULL,NULL,12),('KHUSAGRA NAGPAL','9811821985',NULL,NULL,NULL,NULL,NULL,NULL,NULL,'2','13','','13',NULL,NULL,NULL,12),('ASHLEY','9872506088',NULL,NULL,NULL,NULL,NULL,NULL,NULL,'2','13','','8',NULL,NULL,NULL,20),('KHANNA','9811012312',NULL,NULL,NULL,NULL,NULL,NULL,NULL,'2','13','','8',NULL,NULL,NULL,12),('MANJEET SINGH','9779596312',NULL,NULL,NULL,NULL,NULL,NULL,NULL,'5','28','','13',NULL,NULL,NULL,17),('ROHAN SHAH','9687002225',NULL,NULL,NULL,NULL,NULL,NULL,NULL,'2','13','','8',NULL,NULL,NULL,20),('ADITYA','9817814301',NULL,NULL,NULL,NULL,NULL,NULL,NULL,'2','13','','13',NULL,NULL,NULL,20),('HASIBUR REHMAN','9810828777',NULL,NULL,NULL,NULL,NULL,NULL,NULL,'2','13','','13',NULL,NULL,NULL,20),('SURESH PRAJAPAT','9414657614',NULL,NULL,NULL,NULL,NULL,NULL,NULL,'2','13','','13',NULL,NULL,NULL,20),('VARUN','9915555070',NULL,NULL,NULL,NULL,NULL,NULL,NULL,'17','6','','8',NULL,NULL,NULL,14),('BALJEET SINGH','9814033812',NULL,NULL,NULL,NULL,NULL,NULL,NULL,'5','28','','6',NULL,NULL,NULL,17),('Ankit gupta','9650078882',NULL,NULL,NULL,NULL,NULL,NULL,NULL,'1','10','','6',NULL,4,NULL,12),('PRITAM MULAKANI','9829052303',NULL,NULL,NULL,NULL,NULL,NULL,NULL,'3','29','','8',NULL,NULL,NULL,16),('pammi','9215180767',NULL,NULL,NULL,NULL,NULL,NULL,NULL,'81','4','','3',NULL,1,NULL,18),('Mr. Taranpreet singh','7876200002',NULL,NULL,NULL,NULL,NULL,NULL,NULL,'652','28','','1',NULL,1,NULL,14),('GOBIND','9876711597',NULL,NULL,NULL,NULL,NULL,NULL,NULL,'17','6','','1',NULL,3,NULL,15),('Sunil','9041003474',NULL,NULL,NULL,NULL,NULL,NULL,NULL,'3','29','','8',NULL,NULL,NULL,16),('samarth jain','9111006000',NULL,NULL,NULL,NULL,NULL,NULL,NULL,'3','29','','8',NULL,5,NULL,16),('Khalid Aftab','9198232786',NULL,NULL,NULL,NULL,NULL,NULL,NULL,'3','29','','18',NULL,NULL,NULL,16),('Pankaj Bansal','7696460361',NULL,NULL,NULL,NULL,NULL,NULL,NULL,'3','29','','8',NULL,NULL,NULL,16),('Ishita','9811133775',NULL,NULL,NULL,NULL,NULL,NULL,NULL,'8','10','','8',NULL,4,NULL,13),('Aman Chadha','9728872831',NULL,NULL,NULL,NULL,NULL,NULL,NULL,'8','10','','8',NULL,NULL,NULL,13),('Anjali','7900999505',NULL,NULL,NULL,NULL,NULL,NULL,NULL,'18','35','','8',NULL,NULL,NULL,19),('Rahul Sadana','9997109109',NULL,NULL,NULL,NULL,NULL,NULL,NULL,'18','35','','8',NULL,3,NULL,19),('Jagtarsingh','9815750153',NULL,NULL,NULL,NULL,NULL,NULL,NULL,'5','28','','13',NULL,4,NULL,17),('Anurag','9971069228',NULL,NULL,NULL,NULL,NULL,NULL,NULL,'5','28','','13',NULL,4,NULL,17),('Ranjeet Kumar Gupta','9852572560',NULL,NULL,NULL,NULL,NULL,NULL,NULL,'2','13','','13',NULL,1,NULL,12),('B K Singh','9955409999',NULL,NULL,NULL,NULL,NULL,NULL,NULL,'2','13','','13',NULL,5,NULL,12),('Arjun Chadha','9910068608',NULL,NULL,NULL,NULL,NULL,NULL,NULL,'8','10','','8',NULL,4,NULL,13),('Harkanwal Singh','7009056599',NULL,NULL,NULL,NULL,NULL,NULL,NULL,'17','6','','8',NULL,NULL,NULL,14),('Munish','9466694555',NULL,NULL,NULL,NULL,NULL,NULL,NULL,'17','6','','8',NULL,NULL,NULL,14),('Aman','8949054633',NULL,NULL,NULL,NULL,NULL,NULL,NULL,'2','13','','13',NULL,1,NULL,12),('Anurag','9971069228',NULL,NULL,NULL,NULL,NULL,NULL,NULL,'2','13','','13',NULL,4,NULL,12),('Gurcharan singh','8847446002',NULL,NULL,NULL,NULL,NULL,NULL,NULL,'28','28','','1',NULL,1,NULL,14),('MANKAWAL','7009165010',NULL,NULL,NULL,NULL,NULL,NULL,NULL,'17','6','','3',NULL,3,NULL,15),('Rajesh Kumar','9812005390',NULL,NULL,NULL,NULL,NULL,NULL,NULL,'195','13','','3',NULL,4,NULL,15),('Skk','8178444283',NULL,NULL,NULL,NULL,NULL,NULL,NULL,'2','13','','8',NULL,NULL,NULL,20),('J. B','8427533516',NULL,NULL,NULL,NULL,NULL,NULL,NULL,'17','6','','1',NULL,4,NULL,14),('Yogesh','9896426285',NULL,NULL,NULL,NULL,NULL,NULL,NULL,'23','13','','1',NULL,1,NULL,15),('KAWAL SINGH','9896400001',NULL,NULL,NULL,NULL,NULL,NULL,NULL,'23','13','','1',NULL,4,NULL,15),('MR RITESH SHARMA','9780030260',NULL,NULL,NULL,NULL,NULL,NULL,NULL,'5','28','','1',NULL,4,NULL,17),('VISHAL SOOD','9872967891',NULL,NULL,NULL,NULL,NULL,NULL,NULL,'191','13','','1',NULL,4,NULL,14),('MR TARUN KHANNA','9590513000',NULL,NULL,NULL,NULL,NULL,NULL,NULL,'5','28','','3',NULL,3,NULL,17),('ASHISH','9034500006',NULL,NULL,NULL,NULL,NULL,NULL,NULL,'192','13','','1',NULL,3,NULL,15),('Dheeraj marwaha','9814187756',NULL,NULL,NULL,NULL,NULL,NULL,NULL,'5','28','','8',NULL,1,NULL,17),('Bhawanpreet singh','6280687843',NULL,NULL,NULL,NULL,NULL,NULL,NULL,'5','28','','8',NULL,1,NULL,17),('Manoj','9148883999',NULL,NULL,NULL,NULL,NULL,NULL,NULL,'8','10','','8',NULL,4,NULL,13),('Avi','8105764978',NULL,NULL,NULL,NULL,NULL,NULL,NULL,'8','10','','8',NULL,NULL,NULL,13),('Arun','9759736240',NULL,NULL,NULL,NULL,NULL,NULL,NULL,'8','10','','8',NULL,1,NULL,13),('Manjeet Singh','9882444141',NULL,NULL,NULL,NULL,NULL,NULL,NULL,'145','7','','8',NULL,1,NULL,14),('Anil','9826019197',NULL,NULL,NULL,NULL,NULL,NULL,NULL,'17','6','','8',NULL,3,NULL,14),('Amrit Virk','8810000002',NULL,NULL,NULL,NULL,NULL,NULL,NULL,'17','6','','8',NULL,NULL,NULL,14),('Manav','9729400045',NULL,NULL,NULL,NULL,NULL,NULL,NULL,'23','13','','8',NULL,3,NULL,18),('Luv','7055616263',NULL,NULL,NULL,NULL,NULL,NULL,NULL,'18','35','','8',NULL,1,NULL,19),('Pawan Kumar','8837541941',NULL,NULL,NULL,NULL,NULL,NULL,NULL,'5','28','','13',NULL,3,NULL,17),('Puneet','9780143088',NULL,NULL,NULL,NULL,NULL,NULL,NULL,'5','28','','13',NULL,1,NULL,0),('Harmeet Motorola','9914595915',NULL,NULL,NULL,NULL,NULL,NULL,NULL,'5','28','','13',NULL,3,NULL,17),('Radhika','9779112200',NULL,NULL,NULL,NULL,NULL,NULL,NULL,'5','28','','13',NULL,5,NULL,0),('Karthik','9999996019',NULL,NULL,NULL,NULL,NULL,NULL,NULL,'2','13','','13',NULL,2,NULL,12),('Vishal','7838271864',NULL,NULL,NULL,NULL,NULL,NULL,NULL,'2','13','','13',NULL,3,NULL,12),('Ashok Linjara','9829055950',NULL,NULL,NULL,NULL,NULL,NULL,NULL,'2','13','','13',NULL,4,NULL,12),('Neeraj','9463314650',NULL,NULL,NULL,NULL,NULL,NULL,NULL,'5','28','','13',NULL,3,NULL,17),('Dr Rajoo Singh Chhina','9815545318',NULL,NULL,NULL,NULL,NULL,NULL,NULL,'5','28','','13',NULL,4,NULL,17),('Manav','7504900000',NULL,NULL,NULL,NULL,NULL,NULL,NULL,'3','29','','8',NULL,NULL,NULL,16),('Vikas','7508789900',NULL,NULL,NULL,NULL,NULL,NULL,NULL,'5','28','','13',NULL,2,NULL,17),('PUPESH','8725093304',NULL,NULL,NULL,NULL,NULL,NULL,NULL,'180','13','','3',NULL,1,NULL,15),('Vikas Kumar','7470999998',NULL,NULL,NULL,NULL,NULL,NULL,NULL,'17','6','','8',NULL,NULL,NULL,14),('ashish hooda','7027500023',NULL,NULL,NULL,NULL,NULL,NULL,NULL,'486','6','','1',NULL,1,NULL,14),('Honey','9915041915',NULL,NULL,NULL,NULL,NULL,NULL,NULL,'5','28','','9',NULL,NULL,NULL,17),('Parvesh sardana','9911500005',NULL,NULL,NULL,NULL,NULL,NULL,NULL,'8','10','','8',NULL,4,NULL,13),('MR GAURAV GUPTA','9781640005',NULL,NULL,NULL,NULL,NULL,NULL,NULL,'5','28','','13',NULL,3,NULL,17),('Aryan','9810034103',NULL,NULL,NULL,NULL,NULL,NULL,NULL,'2','13','','13',NULL,3,NULL,12),('ANUJ','7011731935',NULL,NULL,NULL,NULL,NULL,NULL,NULL,'595','34','','1',NULL,7,NULL,18),('AKSHEY RANA','9466493264',NULL,NULL,NULL,NULL,NULL,NULL,NULL,'23','13','','3',NULL,4,NULL,15),('PRAKASH','9772555557',NULL,NULL,NULL,NULL,NULL,NULL,NULL,'3','29','','3',NULL,1,NULL,13),('Sanjay Khan','8006404293',NULL,NULL,NULL,NULL,NULL,NULL,NULL,'3','29','','8',NULL,NULL,NULL,16),('MR ABHISHEK','9906333125',NULL,NULL,NULL,NULL,NULL,NULL,NULL,'5','28','','3',NULL,3,NULL,17),('Tanzeen','7009139799',NULL,NULL,NULL,NULL,NULL,NULL,NULL,'5','28','','8',NULL,NULL,NULL,17),('Gurcharan Singh Lotey','9876437916',NULL,NULL,NULL,NULL,NULL,NULL,NULL,'5','28','','8',NULL,NULL,NULL,17),('Atul','9958689889',NULL,NULL,NULL,NULL,NULL,NULL,NULL,'2','13','','8',NULL,5,NULL,20),('Gaurav','9999963473',NULL,NULL,NULL,NULL,NULL,NULL,NULL,'8','10','','8',NULL,1,NULL,13),('Praveen','8121725892',NULL,NULL,NULL,NULL,NULL,NULL,NULL,'8','10','','8',NULL,NULL,NULL,13),('Pushpender','9896462922',NULL,NULL,NULL,NULL,NULL,NULL,NULL,'8','10','','8',NULL,3,NULL,13),('Rohit','9958399881',NULL,NULL,NULL,NULL,NULL,NULL,NULL,'8','10','','8',NULL,3,NULL,13),('Nikhil','8051137610',NULL,NULL,NULL,NULL,NULL,NULL,NULL,'8','10','','8',NULL,2,NULL,13),('Aslam','9884010314',NULL,NULL,NULL,NULL,NULL,NULL,NULL,'8','10','','8',NULL,NULL,NULL,13),('Parmjit','9876108020',NULL,NULL,NULL,NULL,NULL,NULL,NULL,'8','10','','8',NULL,NULL,NULL,13),('Mathew','9946645130',NULL,NULL,NULL,NULL,NULL,NULL,NULL,'8','10','','8',NULL,4,NULL,13),('Bhaben kalita','9706037822',NULL,NULL,NULL,NULL,NULL,NULL,NULL,'8','10','','8',NULL,2,NULL,13),('KANU GULATI','8053000264',NULL,NULL,NULL,NULL,NULL,NULL,NULL,'187','13','','3',NULL,NULL,NULL,14),('Ravinder','9899251525',NULL,NULL,NULL,NULL,NULL,NULL,NULL,'8','10','','8',NULL,3,NULL,13),('Yuvi','9918415379',NULL,NULL,NULL,NULL,NULL,NULL,NULL,'584','34','','8',NULL,2,NULL,13),('Jai Kishan','8700991544',NULL,NULL,NULL,NULL,NULL,NULL,NULL,'8','10','','8',NULL,1,NULL,14),('S. P. Redhu','9050944311',NULL,NULL,NULL,NULL,NULL,NULL,NULL,'17','6','','8',NULL,NULL,NULL,14),('harpreet singh','9877884180',NULL,NULL,NULL,NULL,NULL,NULL,NULL,'17','6','','8',NULL,NULL,NULL,14),('ankush','9958449996',NULL,NULL,NULL,NULL,NULL,NULL,NULL,'8','10','','1',NULL,4,NULL,12),('inderpal','9811608960',NULL,NULL,NULL,NULL,NULL,NULL,NULL,'8','10','','1',NULL,3,NULL,12),('Atul','9212332733',NULL,NULL,NULL,NULL,NULL,NULL,NULL,'448','28','','8',NULL,3,NULL,14),('gaurav saini','8520000089',NULL,NULL,NULL,NULL,NULL,NULL,NULL,'17','6','','1',NULL,3,NULL,12),('Dinesh   9810662211','9810662211',NULL,NULL,NULL,NULL,NULL,NULL,NULL,'5','28','','13',NULL,1,NULL,17),('Dinesh','9810662211',NULL,NULL,NULL,NULL,NULL,NULL,NULL,'5','28','','13',NULL,1,NULL,17),('Amit Raheja','9814823401',NULL,NULL,NULL,NULL,NULL,NULL,NULL,'5','28','','13',NULL,4,NULL,17),('Ashish','9814107300',NULL,NULL,NULL,NULL,NULL,NULL,NULL,'5','28','','13',NULL,3,NULL,17),('Mohd Javaid','7889872938',NULL,NULL,NULL,NULL,NULL,NULL,NULL,'5','28','','13',NULL,3,NULL,17),('Balwinder','9814025998',NULL,NULL,NULL,NULL,NULL,NULL,NULL,'5','28','','13',NULL,4,NULL,17),('Karan Arora','9888995424',NULL,NULL,NULL,NULL,NULL,NULL,NULL,'5','28','','13',NULL,3,NULL,17),('Jitesh Sindhwani','8860672304',NULL,NULL,NULL,NULL,NULL,NULL,NULL,'5','28','','13',NULL,3,NULL,17),('Surinder Singh','8437979022',NULL,NULL,NULL,NULL,NULL,NULL,NULL,'5','28','','13',NULL,4,NULL,17),('Dharmendra Kumar','9871896335',NULL,NULL,NULL,NULL,NULL,NULL,NULL,'2','13','','13',NULL,3,NULL,12),('Rajesh','9619648349',NULL,NULL,NULL,NULL,NULL,NULL,NULL,'2','13','','13',NULL,4,NULL,12),('Jatin','9821116270',NULL,NULL,NULL,NULL,NULL,NULL,NULL,'2','13','','13',NULL,4,NULL,12),('Bishalkarmakar   9101807619','9101807619',NULL,NULL,NULL,NULL,NULL,NULL,NULL,'2','13','','13',NULL,2,NULL,12),('Ravi Shoor','9914001870',NULL,NULL,NULL,NULL,NULL,NULL,NULL,'2','13','','13',NULL,2,NULL,12),('Prabhjeet Singh','9838899999',NULL,NULL,NULL,NULL,NULL,NULL,NULL,'2','13','','13',NULL,2,NULL,12),('Neeraj','9560000053',NULL,NULL,NULL,NULL,NULL,NULL,NULL,'2','13','','13',NULL,3,NULL,12),('Ashish','9997601283',NULL,NULL,NULL,NULL,NULL,NULL,NULL,'2','13','','13',NULL,3,NULL,12),('mohit jiwanpuri','9915497501',NULL,NULL,NULL,NULL,NULL,NULL,NULL,'17','6','','1',NULL,3,NULL,14),('JANMEET SINGH','8195950085',NULL,NULL,NULL,NULL,NULL,NULL,NULL,'17','6','','1',NULL,3,NULL,14),('SUSHANT SHARMA','7206021113',NULL,NULL,NULL,NULL,NULL,NULL,NULL,'180','13','','1',NULL,1,NULL,14),('Sanchit Ohri','9872538015',NULL,NULL,NULL,NULL,NULL,NULL,NULL,'5','28','','8',NULL,NULL,NULL,17),('kalloji Naveen','8639181566',NULL,NULL,NULL,NULL,NULL,NULL,NULL,'8','10','','8',NULL,1,NULL,13),('Deepak Verma','9915264499',NULL,NULL,NULL,NULL,NULL,NULL,NULL,'5','28','','13',NULL,2,NULL,17),('Mannat Sachdeva','9888363436',NULL,NULL,NULL,NULL,NULL,NULL,NULL,'5','28','','13',NULL,3,NULL,17),('ASHISH VERMA','9413741400',NULL,NULL,NULL,NULL,NULL,NULL,NULL,'1','10','','10',NULL,2,NULL,12),('Tarun','8283829211',NULL,NULL,NULL,NULL,NULL,NULL,NULL,'17','6','','10',NULL,NULL,NULL,0),('Sanjay Singh','9451387582',NULL,NULL,NULL,NULL,NULL,NULL,NULL,'2','13','','13',NULL,2,NULL,12),('Vaneet Verma','9814044048',NULL,NULL,NULL,NULL,NULL,NULL,NULL,'11','28','','1',NULL,2,NULL,14),('Rahul tyagi','7838383733',NULL,NULL,NULL,NULL,NULL,NULL,NULL,'8','10','','15',NULL,3,NULL,12),('thakur','9910112736',NULL,NULL,NULL,NULL,NULL,NULL,NULL,'8','10','','15',NULL,NULL,NULL,12),('lalit','9999289694',NULL,NULL,NULL,NULL,NULL,NULL,NULL,'8','10','','15',NULL,NULL,NULL,12),('AASTHA','9670443333',NULL,NULL,NULL,NULL,NULL,NULL,NULL,'23','13','','3',NULL,4,NULL,15),('LALIT BATRA','9896302228',NULL,NULL,NULL,NULL,NULL,NULL,NULL,'23','13','','1',NULL,1,NULL,15),('MUKESH','9355770005',NULL,NULL,NULL,NULL,NULL,NULL,NULL,'195','13','','1',NULL,3,NULL,15),('SANDEEP KUMAR','9312907307',NULL,NULL,NULL,NULL,NULL,NULL,NULL,'1','10','','1',NULL,3,NULL,13),('RISHAB JAIN','9161123168',NULL,NULL,NULL,NULL,NULL,NULL,NULL,'1','10','','10',NULL,NULL,NULL,13),('Kanishka Agrawal','7987513748',NULL,NULL,NULL,NULL,NULL,NULL,NULL,'8','10','','8',NULL,NULL,NULL,13),('Barun','9897032626',NULL,NULL,NULL,NULL,NULL,NULL,NULL,'8','10','','8',NULL,NULL,NULL,13),('Mohit Soni','9971120204',NULL,NULL,NULL,NULL,NULL,NULL,NULL,'8','10','','8',NULL,NULL,NULL,13),('Maninder Singh','9780610003',NULL,NULL,NULL,NULL,NULL,NULL,NULL,'5','28','','8',NULL,NULL,NULL,17),('Mahraj Ahmad','9891229799',NULL,NULL,NULL,NULL,NULL,NULL,NULL,'17','6','','8',NULL,NULL,NULL,14),('Raju','9812067167',NULL,NULL,NULL,NULL,NULL,NULL,NULL,'17','6','','8',NULL,NULL,NULL,14),('Rakesh','9215000876',NULL,NULL,NULL,NULL,NULL,NULL,NULL,'23','13','','8',NULL,NULL,NULL,18),('Ramesh','9663719400',NULL,NULL,NULL,NULL,NULL,NULL,NULL,'3','29','','8',NULL,NULL,NULL,16),('Mohit Soni','9971120204',NULL,NULL,NULL,NULL,NULL,NULL,NULL,'3','29','','8',NULL,NULL,NULL,16),('Chavi Gupta 9350238738','9350238738',NULL,NULL,NULL,NULL,NULL,NULL,NULL,'3','29','','8',NULL,NULL,NULL,16),('Hardeep Singh Chahal','9876500500',NULL,NULL,NULL,NULL,NULL,NULL,NULL,'5','28','','13',NULL,1,NULL,17),('Harinder Singh','9914083006',NULL,NULL,NULL,NULL,NULL,NULL,NULL,'5','28','','13',NULL,5,NULL,17),('G S Chhabra','9815732000',NULL,NULL,NULL,NULL,NULL,NULL,NULL,'5','28','','13',NULL,4,NULL,17),('Sanjay','9818099245',NULL,NULL,NULL,NULL,NULL,NULL,NULL,'5','28','','13',NULL,1,NULL,17),('Bunty Solanki','9250533121',NULL,NULL,NULL,NULL,NULL,NULL,NULL,'2','13','','13',NULL,3,NULL,12),('Vikas Dahiya','9810162638',NULL,NULL,NULL,NULL,NULL,NULL,NULL,'2','13','','13',NULL,4,NULL,12),('Jasrajsingh','9810876976',NULL,NULL,NULL,NULL,NULL,NULL,NULL,'8','10','','8',NULL,NULL,NULL,13),('Pankaj Kumar','7355044383',NULL,NULL,NULL,NULL,NULL,NULL,NULL,'5','28','','13',NULL,3,NULL,17),('Ishaan Narang','9818583957',NULL,NULL,NULL,NULL,NULL,NULL,NULL,'2','13','','13',NULL,1,NULL,12),('Sandeep Mittal','9814129007',NULL,NULL,NULL,NULL,NULL,NULL,NULL,'2','13','','13',NULL,1,NULL,12),('Monu Yadav','9370092713',NULL,NULL,NULL,NULL,NULL,NULL,NULL,'2','13','','13',NULL,4,NULL,12),('Karamveer Singh','9799198899',NULL,NULL,NULL,NULL,NULL,NULL,NULL,'2','13','','13',NULL,4,NULL,12),('Karamveer Singh','9799198899',NULL,NULL,NULL,NULL,NULL,NULL,NULL,'2','13','','13',NULL,4,NULL,12),('Vijay','9992840044',NULL,NULL,NULL,NULL,NULL,NULL,NULL,'2','13','','13',NULL,1,NULL,12),('Hitesh','9999741515',NULL,NULL,NULL,NULL,NULL,NULL,NULL,'2','13','','13',NULL,NULL,NULL,12),('RITURAJ','9334991102',NULL,NULL,NULL,NULL,NULL,NULL,NULL,'119','5','','10',NULL,NULL,NULL,12),('MOHINDER SINGH','9215560189',NULL,NULL,NULL,NULL,NULL,NULL,NULL,'192','13','','1',NULL,1,NULL,15),('Akhand','8287007000',NULL,NULL,NULL,NULL,NULL,NULL,NULL,'3','29','','8',NULL,NULL,NULL,16),('Amit Sharma','8580939585',NULL,NULL,NULL,NULL,NULL,NULL,NULL,'5','28','','8',NULL,NULL,NULL,17),('JAGJEET SINGH','9412668614',NULL,NULL,NULL,NULL,NULL,NULL,NULL,'599','34','','1',NULL,3,NULL,18),('sumit arora','9817579384',NULL,NULL,NULL,NULL,NULL,NULL,NULL,'192','13','','3',NULL,1,NULL,15),('Avninder Singh','8146970025',NULL,NULL,NULL,NULL,NULL,NULL,NULL,'5','28','','8',NULL,1,NULL,17),('Satvir','8146073973',NULL,NULL,NULL,NULL,NULL,NULL,NULL,'5','28','','8',NULL,NULL,NULL,17),('Chetan','9872446723',NULL,NULL,NULL,NULL,NULL,NULL,NULL,'5','28','','8',NULL,NULL,NULL,17),('Rakesh','7378071822',NULL,NULL,NULL,NULL,NULL,NULL,NULL,'2','13','','8',NULL,NULL,NULL,12),('Pardeep Kumar','9812464362',NULL,NULL,NULL,NULL,NULL,NULL,NULL,'8','10','','8',NULL,1,NULL,12),('Ravi','9871843744',NULL,NULL,NULL,NULL,NULL,NULL,NULL,'8','10','','8',NULL,NULL,NULL,12),('Nikhil','9068752111',NULL,NULL,NULL,NULL,NULL,NULL,NULL,'8','10','','8',NULL,NULL,NULL,12),('Arvind Singh','9801489626',NULL,NULL,NULL,NULL,NULL,NULL,NULL,'8','10','','8',NULL,NULL,NULL,12),('tejpal singh','9914000016',NULL,NULL,NULL,NULL,NULL,NULL,NULL,'17','6','','8',NULL,NULL,NULL,14),('Sunny Malhotra','9815957686',NULL,NULL,NULL,NULL,NULL,NULL,NULL,'17','6','','8',NULL,1,NULL,14),('Garry sandhu','9779289960',NULL,NULL,NULL,NULL,NULL,NULL,NULL,'17','6','','8',NULL,3,NULL,14),('Rakesh','9215000876',NULL,NULL,NULL,NULL,NULL,NULL,NULL,'23','13','','8',NULL,NULL,NULL,20),('Vin','8178746179',NULL,NULL,NULL,NULL,NULL,NULL,NULL,'3','29','','8',NULL,NULL,NULL,16),('Varun Bank Manager   8558039076','8558039076',NULL,NULL,NULL,NULL,NULL,NULL,NULL,'5','28','','13',NULL,4,NULL,17),('Baljeet Kaur','9781184336',NULL,NULL,NULL,NULL,NULL,NULL,NULL,'5','28','','13',NULL,5,NULL,17),('Jagtar Singh','9780623933',NULL,NULL,NULL,NULL,NULL,NULL,NULL,'5','28','','13',NULL,4,NULL,17),('Mohd Faez','9719471786',NULL,NULL,NULL,NULL,NULL,NULL,NULL,'2','13','','13',NULL,3,NULL,13),('Alam','9161097070',NULL,NULL,NULL,NULL,NULL,NULL,NULL,'2','13','','13',NULL,3,NULL,13),('KARTIK KHURANA','9650754057',NULL,NULL,NULL,NULL,NULL,NULL,NULL,'1','10','','6',NULL,3,NULL,13),('TUSHAR JAIN','8699700027',NULL,NULL,NULL,NULL,NULL,NULL,NULL,'5','28','','6',NULL,1,NULL,14),('PANKAJ KUNDRA','9872417127',NULL,NULL,NULL,NULL,NULL,NULL,NULL,'17','6','','6',NULL,NULL,NULL,14),('RITESH MALIK','8101282828',NULL,NULL,NULL,NULL,NULL,NULL,NULL,'192','13','','3',NULL,3,NULL,15),('ROHIT KAKKAR','8800530648',NULL,NULL,NULL,NULL,NULL,NULL,NULL,'23','13','','3',NULL,NULL,NULL,18),('Ritesh Malik','8101282828',NULL,NULL,NULL,NULL,NULL,NULL,NULL,'2','13','','8',NULL,NULL,NULL,12),('Nippy','9999455405',NULL,NULL,NULL,NULL,NULL,NULL,NULL,'8','10','','8',NULL,NULL,NULL,12),('ROHIT CHOUHAN','9991961717',NULL,NULL,NULL,NULL,NULL,NULL,NULL,'192','13','','1',NULL,2,NULL,18),('SIDHARTH','8950432721',NULL,NULL,NULL,NULL,NULL,NULL,NULL,'180','13','','1',NULL,4,NULL,18),('MR SHIVAM SINGHAL','9784486610',NULL,NULL,NULL,NULL,NULL,NULL,NULL,'18','35','','3',NULL,NULL,NULL,19),('MR PRAVEEN CHAUDHARY','9897210007',NULL,NULL,NULL,NULL,NULL,NULL,NULL,'18','35','','3',NULL,NULL,NULL,19),('ANMOL SINGH','9338940009',NULL,NULL,NULL,NULL,NULL,NULL,NULL,'460','28','','3',NULL,1,NULL,14),('Rahul','9896377719',NULL,NULL,NULL,NULL,NULL,NULL,NULL,'23','13','','3',NULL,1,NULL,15),('Ujwal Sharma','9988323129',NULL,NULL,NULL,NULL,NULL,NULL,NULL,'5','28','','8',NULL,NULL,NULL,17),('MR AJAY SINGH','9837359669',NULL,NULL,NULL,NULL,NULL,NULL,NULL,'586','34','','1',NULL,NULL,NULL,19),('Ashok','9557305708',NULL,NULL,NULL,NULL,NULL,NULL,NULL,'18','35','','8',NULL,NULL,NULL,19),('Akshay Sharma','8755884440',NULL,NULL,NULL,NULL,NULL,NULL,NULL,'18','35','','8',NULL,2,NULL,19),('Akshat Manchanda','8437522229',NULL,NULL,NULL,NULL,NULL,NULL,NULL,'5','28','','13',NULL,NULL,NULL,17),('VIKAS BANSAL','9212758888',NULL,NULL,NULL,NULL,NULL,NULL,NULL,'8','10','','1',NULL,3,NULL,15),('Deepak','8571981303',NULL,NULL,NULL,NULL,NULL,NULL,NULL,'192','13','','1',NULL,3,NULL,15),('MR SAGAR','9814212345',NULL,NULL,NULL,NULL,NULL,NULL,NULL,'5','28','','3',NULL,4,NULL,17),('MANMEET','9654235238',NULL,NULL,NULL,NULL,NULL,NULL,NULL,'17','6','','1',NULL,3,NULL,15),('Manmeet','9654235238',NULL,NULL,NULL,NULL,NULL,NULL,NULL,'8','10','','1',NULL,3,NULL,15),('LALIT','9896331741',NULL,NULL,NULL,NULL,NULL,NULL,NULL,'192','13','','1',NULL,3,NULL,15),('AMAN GUPTA','9216996130',NULL,NULL,NULL,NULL,NULL,NULL,NULL,'191','13','','3',NULL,1,NULL,15),('Krish Grewal','8447440002',NULL,NULL,NULL,NULL,NULL,NULL,NULL,'2','13','','8',NULL,NULL,NULL,12),('Abhishek','9911900009',NULL,NULL,NULL,NULL,NULL,NULL,NULL,'2','13','','8',NULL,NULL,NULL,12),('Dharmender Singh','9416293126',NULL,NULL,NULL,NULL,NULL,NULL,NULL,'2','13','','8',NULL,NULL,NULL,12),('Prafful','8105582569',NULL,NULL,NULL,NULL,NULL,NULL,NULL,'8','10','','8',NULL,4,NULL,13),('Dhilip','9739048747',NULL,NULL,NULL,NULL,NULL,NULL,NULL,'8','10','','8',NULL,NULL,NULL,13),('GURPREET SINGH','9501157857',NULL,NULL,NULL,NULL,NULL,NULL,NULL,'4','13','','1',NULL,1,NULL,18),('Juginder','9780704300',NULL,NULL,NULL,NULL,NULL,NULL,NULL,'5','28','','8',NULL,NULL,NULL,17),('Sukhjinder Singh','9053351313',NULL,NULL,NULL,NULL,NULL,NULL,NULL,'23','13','','8',NULL,NULL,NULL,15),('Alex','9990889112',NULL,NULL,NULL,NULL,NULL,NULL,NULL,'3','29','','8',NULL,NULL,NULL,16),('Bharat Singh Deora','9769298641',NULL,NULL,NULL,NULL,NULL,NULL,NULL,'12','21','','8',NULL,NULL,NULL,14),('Munna','8765664423',NULL,NULL,NULL,NULL,NULL,NULL,NULL,'584','34','','8',NULL,NULL,NULL,13),('Mayur Khan','9877400879',NULL,NULL,NULL,NULL,NULL,NULL,NULL,'5','28','','13',NULL,5,NULL,17),('Balkar Brar','9216052560',NULL,NULL,NULL,NULL,NULL,NULL,NULL,'5','28','','13',NULL,3,NULL,17),('Vineet Jain','9888746808',NULL,NULL,NULL,NULL,NULL,NULL,NULL,'5','28','','13',NULL,NULL,NULL,17),('Tushar','9971886767',NULL,NULL,NULL,NULL,NULL,NULL,NULL,'2','13','','13',NULL,NULL,NULL,13),('Nikhil Garg','8054125093',NULL,NULL,NULL,NULL,NULL,NULL,NULL,'448','28','','8',NULL,4,NULL,14),('Sunil Kumar Garments','9465468126',NULL,NULL,NULL,NULL,NULL,NULL,NULL,'5','28','','13',NULL,NULL,NULL,17),('MR SAURAV THAKUR','9997778660',NULL,NULL,NULL,NULL,NULL,NULL,NULL,'18','35','','1',NULL,2,NULL,19),('Tarun Guleria','9417372225',NULL,NULL,NULL,NULL,NULL,NULL,NULL,'28','28','','1',NULL,1,NULL,14),('VISHAL SINGH','8178336840',NULL,NULL,NULL,NULL,NULL,NULL,NULL,'1','10','','8',NULL,3,NULL,13),('SUNNY SAINI','9818854513',NULL,NULL,NULL,NULL,NULL,NULL,NULL,'1','10','','8',NULL,NULL,NULL,13),('AMRESH SINGH','9431130000',NULL,NULL,NULL,NULL,NULL,NULL,NULL,'21','5','','8',NULL,NULL,NULL,13),('SANDEEP SINGH','9729028811',NULL,NULL,NULL,NULL,NULL,NULL,NULL,'192','13','','3',NULL,NULL,NULL,0),('ROHIT','7504900000',NULL,NULL,NULL,NULL,NULL,NULL,NULL,'2','13','','8',NULL,NULL,NULL,12),('VINAY','9999808880',NULL,NULL,NULL,NULL,NULL,NULL,NULL,'1','10','','8',NULL,NULL,NULL,12),('MAYANK','7800100400',NULL,NULL,NULL,NULL,NULL,NULL,NULL,'2','13','','8',NULL,NULL,NULL,12),('ISHAAN SINGH','9586800007',NULL,NULL,NULL,NULL,NULL,NULL,NULL,'17','6','','3',NULL,1,NULL,14),('DEEPAK CHHOKER','9034025888',NULL,NULL,NULL,NULL,NULL,NULL,NULL,'192','13','','3',NULL,NULL,NULL,0),('PAWAN GOSWAMI','8295650099',NULL,NULL,NULL,NULL,NULL,NULL,NULL,'647','26','','1',NULL,2,NULL,18),('AMIT SHARMA','8059545454',NULL,NULL,NULL,NULL,NULL,NULL,NULL,'187','13','','12',NULL,4,NULL,18),('DHEERAJ','8307588133',NULL,NULL,NULL,NULL,NULL,NULL,NULL,'650','13','','3',NULL,NULL,NULL,15),('Anshul Goel','9873088568',NULL,NULL,NULL,NULL,NULL,NULL,NULL,'1','10','','9',NULL,NULL,NULL,16),('Harman','9872721201',NULL,NULL,NULL,NULL,NULL,NULL,NULL,'5','28','','9',NULL,NULL,NULL,13),('SUNIT','9772080701',NULL,NULL,NULL,NULL,NULL,NULL,NULL,'1','10','','9',NULL,NULL,NULL,13),('Ram suther','9887925207',NULL,NULL,NULL,NULL,NULL,NULL,NULL,'3','29','','12',NULL,NULL,NULL,18),('VIJAY DESHPANDEY','9623455599',NULL,NULL,NULL,NULL,NULL,NULL,NULL,'347','21','','12',NULL,1,NULL,15),('VINOD','9582812211',NULL,NULL,NULL,NULL,NULL,NULL,NULL,'8','10','','3',NULL,NULL,NULL,14),('SUNEET JOLLY','9810483021',NULL,NULL,NULL,NULL,NULL,NULL,NULL,'1','10','','8',NULL,NULL,NULL,13),('PRABHAT SINGHAL','8982682974',NULL,NULL,NULL,NULL,NULL,NULL,NULL,'132','7','','12',NULL,NULL,NULL,18),('ANIL KUMAR','7975616612',NULL,NULL,NULL,NULL,NULL,NULL,NULL,'421','26','','12',NULL,NULL,NULL,18),('Vijay Jaiswal','9415717715',NULL,NULL,NULL,NULL,NULL,NULL,NULL,'587','34','','9',NULL,NULL,NULL,13),('SANDEEP RANA','8019700143',NULL,NULL,NULL,NULL,NULL,NULL,NULL,'34','32','','12',NULL,NULL,NULL,15),('abu mohd junaid','8962175770',NULL,NULL,NULL,NULL,NULL,NULL,NULL,'305','20','','12',NULL,1,NULL,15),('Sushil Kumar','8077434467',NULL,NULL,NULL,NULL,NULL,NULL,NULL,'18','35','','9',NULL,NULL,NULL,19),('MR MANISH KUMAR AGARWAL','9997704123',NULL,NULL,NULL,NULL,NULL,NULL,NULL,'18','35','','1',NULL,2,NULL,19),('MR TRANPREET SINGH GABA','9760076001',NULL,NULL,NULL,NULL,NULL,NULL,NULL,'18','35','','1',NULL,3,NULL,19),('AMRITPAL','9876501020',NULL,NULL,NULL,NULL,NULL,NULL,NULL,'461','28','','1',NULL,NULL,NULL,18),('Deep','8810289800',NULL,NULL,NULL,NULL,NULL,NULL,NULL,'1','10','','9',NULL,NULL,NULL,13),('Ankit','9811112430',NULL,NULL,NULL,NULL,NULL,NULL,NULL,'3','29','','9',NULL,NULL,NULL,16),('Rishi','9055190551',NULL,NULL,NULL,NULL,NULL,NULL,NULL,'5','28','','9',NULL,NULL,NULL,17),('Rohan','7986990911',NULL,NULL,NULL,NULL,NULL,NULL,NULL,'1','10','','8',NULL,NULL,NULL,13),('Yogesh','9899995599',NULL,NULL,NULL,NULL,NULL,NULL,NULL,'2','13','','9',NULL,NULL,NULL,20),('SALMAN MALIK','9700323545',NULL,NULL,NULL,NULL,NULL,NULL,NULL,'1','10','','8',NULL,NULL,NULL,13),('Bajirao','9988813531',NULL,NULL,NULL,NULL,NULL,NULL,NULL,'17','6','','9',NULL,NULL,NULL,14),('Gvv','9818504446',NULL,NULL,NULL,NULL,NULL,NULL,NULL,'3','29','','9',NULL,NULL,NULL,16),('Arun','9814111975',NULL,NULL,NULL,NULL,NULL,NULL,NULL,'5','28','','9',NULL,NULL,NULL,17),('PANKAJ','8076409576',NULL,NULL,NULL,NULL,NULL,NULL,NULL,'13','34','','3',NULL,NULL,NULL,0),('MR SURJEET THAPLIYAL','9997335506',NULL,NULL,NULL,NULL,NULL,NULL,NULL,'18','35','','15',NULL,NULL,NULL,19),('MR RAJIV ARORA','9897223451',NULL,NULL,NULL,NULL,NULL,NULL,NULL,'18','35','','15',NULL,NULL,NULL,19),('MR RAJIVE','9897274151',NULL,NULL,NULL,NULL,NULL,NULL,NULL,'18','35','','15',NULL,NULL,NULL,19),('MR SANJAY AGARWAL','9897341411',NULL,NULL,NULL,NULL,NULL,NULL,NULL,'18','35','','15',NULL,NULL,NULL,19),('Shilpa','9212262249',NULL,NULL,NULL,NULL,NULL,NULL,NULL,'1','10','','9',NULL,NULL,NULL,13),('MR SHYAM VERMA','9897310127',NULL,NULL,NULL,NULL,NULL,NULL,NULL,'18','35','','15',NULL,NULL,NULL,19),('ROHIT','9871143005',NULL,NULL,NULL,NULL,NULL,NULL,NULL,'658','13','','1',NULL,NULL,NULL,15),('DILJEET','9992078600',NULL,NULL,NULL,NULL,NULL,NULL,NULL,'187','13','','1',NULL,NULL,NULL,15),('Rishi chaddha','9899639543',NULL,NULL,NULL,NULL,NULL,NULL,NULL,'2','13','','9',NULL,3,NULL,14),('AJAY YADAV','8825016221',NULL,NULL,NULL,NULL,NULL,NULL,NULL,'1','10','','12',3,NULL,NULL,20),('Raghvendra Singh','6306726250',NULL,NULL,NULL,NULL,NULL,NULL,NULL,'587','34','','9',NULL,NULL,NULL,13),('AMIT KAMBOJ','9464827307',NULL,NULL,NULL,NULL,NULL,NULL,NULL,'455','28','','6',NULL,3,NULL,14),('daljeet singh','9992078600',NULL,NULL,NULL,NULL,NULL,NULL,NULL,'187','13','','1',NULL,NULL,NULL,15),('HARVEER SINGH','9144000013',NULL,NULL,NULL,NULL,NULL,NULL,NULL,'5','28','','6',NULL,NULL,NULL,17),('RAKESH THAKUR','9999550858',NULL,NULL,NULL,NULL,NULL,NULL,NULL,'214','15','','6',NULL,NULL,NULL,18),('DEVENDER RAO','9873764848',NULL,NULL,NULL,NULL,NULL,NULL,NULL,'2','13','','6',NULL,NULL,NULL,20),('SHUBHAM SAHIB','9872429292',NULL,NULL,NULL,NULL,NULL,NULL,NULL,'17','6','','6',NULL,1,NULL,14),('Humayu','7217731532',NULL,NULL,NULL,NULL,NULL,NULL,NULL,'1','10','','8',NULL,NULL,NULL,13),('MR DILP','9997778285',NULL,NULL,NULL,NULL,NULL,NULL,NULL,'18','35','','1',NULL,2,NULL,19),('MR ARIF','6397766755',NULL,NULL,NULL,NULL,NULL,NULL,NULL,'18','35','','1',NULL,1,NULL,19),('MR AKASH','8266935233',NULL,NULL,NULL,NULL,NULL,NULL,NULL,'18','35','','1',NULL,1,NULL,19),('MR TENZING LAMA','8979285571',NULL,NULL,NULL,NULL,NULL,NULL,NULL,'18','35','','1',3,NULL,NULL,19),('MR JITENDER AHUJA','9837391631',NULL,NULL,NULL,NULL,NULL,NULL,NULL,'18','35','','1',3,1,NULL,19),('MR ABHISHEK','8218765380',NULL,NULL,NULL,NULL,NULL,NULL,NULL,'18','35','','1',NULL,3,NULL,19),('Ravi','9825041307',NULL,NULL,NULL,NULL,NULL,NULL,NULL,'1','10','','9',NULL,NULL,NULL,13),('Vineet Bhati','9990510909',NULL,NULL,NULL,NULL,NULL,NULL,NULL,'1','10','','8',NULL,NULL,NULL,13),('KRISHAN KUMAR','9812152578',NULL,NULL,NULL,NULL,NULL,NULL,NULL,'23','13','','3',NULL,NULL,NULL,18),('Roy','7719081908',NULL,NULL,NULL,NULL,NULL,NULL,NULL,'1','10','','8',NULL,NULL,NULL,13),('Amritpal singh','9646407484',NULL,NULL,NULL,NULL,NULL,NULL,NULL,'17','6','','8',NULL,NULL,NULL,14),('Vijay Kumar','8130833077',NULL,NULL,NULL,NULL,NULL,NULL,NULL,'2','13','','9',NULL,NULL,NULL,20),('vijay pal chauhan','8074224905',NULL,NULL,NULL,NULL,NULL,NULL,NULL,'2','13','','1',NULL,4,NULL,12),('himmat','9810202037',NULL,NULL,NULL,NULL,NULL,NULL,NULL,'8','10','','1',NULL,4,NULL,12),('KAPOORS JWELLERS PVT LTD','9358104387',NULL,NULL,NULL,NULL,NULL,NULL,NULL,'18','35','','1',NULL,NULL,NULL,19),('Nasir Hussain','9752222404',NULL,NULL,NULL,NULL,NULL,NULL,NULL,'2','13','','8',NULL,NULL,NULL,20),('VIKAS KAPOOR','9829020007',NULL,NULL,NULL,NULL,NULL,NULL,NULL,'485','29','','12',NULL,NULL,NULL,13),('GANESH','9894608382',NULL,NULL,NULL,NULL,NULL,NULL,NULL,'504','31','','12',NULL,NULL,NULL,13),('Subhash Mukhiya','7319146363',NULL,NULL,NULL,NULL,NULL,NULL,NULL,'3','29','','9',NULL,NULL,NULL,16),('Mohd Waseem','9670727536',NULL,NULL,NULL,NULL,NULL,NULL,NULL,'587','34','','9',NULL,NULL,NULL,13),('RAJEEV VERMA','8900421904',NULL,NULL,NULL,NULL,NULL,NULL,NULL,'5','28','','8',NULL,NULL,NULL,17),('Omar Nail','9923313131',NULL,NULL,NULL,NULL,NULL,NULL,NULL,'374','21','','12',NULL,NULL,NULL,15),('vikas','9810071309',NULL,NULL,NULL,NULL,NULL,NULL,NULL,'1','10','','1',NULL,4,NULL,12),('rajesh kakkar','9810313380',NULL,NULL,NULL,NULL,NULL,NULL,NULL,'1','10','','1',NULL,4,NULL,12),('faizal','7905456208',NULL,NULL,NULL,NULL,NULL,NULL,NULL,'1','10','','1',NULL,1,NULL,12),('poonam kaakkar','9873764009',NULL,NULL,NULL,NULL,NULL,NULL,NULL,'1','10','','1',NULL,4,NULL,12),('MANISH','9211111716',NULL,NULL,NULL,NULL,NULL,NULL,NULL,'16','13','','1',NULL,3,NULL,13),('Vishal Jaiswal','7355336279',NULL,NULL,NULL,NULL,NULL,NULL,NULL,'587','34','','9',NULL,NULL,NULL,13),('NITIN','9811992186',NULL,NULL,NULL,NULL,NULL,NULL,NULL,'8','10','','1',NULL,2,NULL,13),('DEEP','8725812283',NULL,NULL,NULL,NULL,NULL,NULL,NULL,'455','28','','1',NULL,4,NULL,15),('UDAY','9416026333',NULL,NULL,NULL,NULL,NULL,NULL,NULL,'656','13','','1',NULL,3,NULL,13),('MEHUL','9911052000',NULL,NULL,NULL,NULL,NULL,NULL,NULL,'8','10','','1',NULL,3,NULL,13),('KABIR SINGH','9873818087',NULL,NULL,NULL,NULL,NULL,NULL,NULL,'8','10','','1',NULL,3,NULL,13),('anshul','7499999923',NULL,NULL,NULL,NULL,NULL,NULL,NULL,'17','6','','3',NULL,1,NULL,14),('satnam singh','9814363336',NULL,NULL,NULL,NULL,NULL,NULL,NULL,'465','28','','3',NULL,2,NULL,14),('VINEY BANSAL','9999638149',NULL,NULL,NULL,NULL,NULL,NULL,NULL,'1','10','','3',NULL,4,NULL,13),('MR SUNIL KUMAR TYAGI','9627768276',NULL,NULL,NULL,NULL,NULL,NULL,NULL,'18','35','','1',NULL,NULL,NULL,19),('DR LALIT CHAUDHARY','9639345555',NULL,NULL,NULL,NULL,NULL,NULL,NULL,'18','35','','15',NULL,NULL,NULL,19),('DR. M.R GROVER','9897307852',NULL,NULL,NULL,NULL,NULL,NULL,NULL,'18','35','','15',NULL,NULL,NULL,19),('MR I.C SANGHAL','9897086867',NULL,NULL,NULL,NULL,NULL,NULL,NULL,'18','35','','15',NULL,NULL,NULL,19),('Prahlad','9636841243',NULL,NULL,NULL,NULL,NULL,NULL,NULL,'467','29','','12',NULL,NULL,NULL,13),('Sudheer','9985624212',NULL,NULL,NULL,NULL,NULL,NULL,NULL,'31','2','','12',NULL,1,NULL,15),('Harpreet Singh','9811885255',NULL,NULL,NULL,NULL,NULL,NULL,NULL,'1','10','','8',NULL,NULL,NULL,13),('Yogendra Dhama','9818602986',NULL,NULL,NULL,NULL,NULL,NULL,NULL,'18','35','','9',NULL,NULL,NULL,19),('SANJAY','9891250774',NULL,NULL,NULL,NULL,NULL,NULL,NULL,'1','10','','8',NULL,NULL,NULL,13),('Himanshu Bhalla','9888021748',NULL,NULL,NULL,NULL,NULL,NULL,NULL,'17','6','','9',NULL,NULL,NULL,14),('SALMAN MALIK','9700323545',NULL,NULL,NULL,NULL,NULL,NULL,NULL,'34','32','','8',NULL,NULL,NULL,13),('Shashank','9469373737',NULL,NULL,NULL,NULL,NULL,NULL,NULL,'3','29','','9',NULL,NULL,NULL,16),('Ankit','7678536893',NULL,NULL,NULL,NULL,NULL,NULL,NULL,'544','34','','9',NULL,NULL,NULL,13),('Mr ISHAAN Ahuja','9810587771',NULL,NULL,NULL,NULL,NULL,NULL,NULL,'8','10','','9',NULL,NULL,NULL,13),('Rishi','6306555154',NULL,NULL,NULL,NULL,NULL,NULL,NULL,'587','34','','9',NULL,NULL,NULL,13),('Maninderjit Singh','9988866154',NULL,NULL,NULL,NULL,NULL,NULL,NULL,'11','28','','3',NULL,3,NULL,14),('MR NITIN','9779717869',NULL,NULL,NULL,NULL,NULL,NULL,NULL,'5','28','','11',NULL,2,NULL,17),('Vijay','9868034641',NULL,NULL,NULL,NULL,NULL,NULL,NULL,'2','13','','9',NULL,NULL,NULL,20),('MANDEEP','7015703844',NULL,NULL,NULL,NULL,NULL,NULL,NULL,'185','13','','3',NULL,NULL,NULL,15),('SAHIL','7889791154',NULL,NULL,NULL,NULL,NULL,NULL,NULL,'1','10','','8',NULL,NULL,NULL,13),('ANUBHAV','9812200048',NULL,NULL,NULL,NULL,NULL,NULL,NULL,'1','10','','8',NULL,NULL,NULL,13),('Savio Fernandes','9765844667',NULL,NULL,NULL,NULL,NULL,NULL,NULL,'19','11','','8',NULL,1,NULL,13),('VASU','8284964747',NULL,NULL,NULL,NULL,NULL,NULL,NULL,'187','13','','3',NULL,4,NULL,15),('CHETAN SINGH','9999979954',NULL,NULL,NULL,NULL,NULL,NULL,NULL,'2','13','','8',NULL,NULL,NULL,20),('Vikram VIJ','9915546219',NULL,NULL,NULL,NULL,NULL,NULL,NULL,'446','28','','8',NULL,1,NULL,14),('Shivam','9811171503',NULL,NULL,NULL,NULL,NULL,NULL,NULL,'2','13','','8',NULL,NULL,NULL,20),('YOGESH','9876699887',NULL,NULL,NULL,NULL,NULL,NULL,NULL,'17','6','','3',NULL,3,NULL,14),('SHARAFAT HUSSAIN','8881726485',NULL,NULL,NULL,NULL,NULL,NULL,NULL,'12','21','','12',NULL,NULL,NULL,13),('KISHOR CHAUDHARY','9412129635',NULL,NULL,NULL,NULL,NULL,NULL,NULL,'657','34','','12',NULL,1,NULL,15),('Mayur','7737577770',NULL,NULL,NULL,NULL,NULL,NULL,NULL,'3','29','','12',NULL,NULL,NULL,16),('ABHISHEK GARG','9915100789',NULL,NULL,NULL,NULL,NULL,NULL,NULL,'448','28','','6',NULL,4,NULL,14),('NAVJOT SANDHU','7234800062',NULL,NULL,NULL,NULL,NULL,NULL,NULL,'446','28','','6',NULL,NULL,NULL,17),('GOLDY SANDHU','9877042118',NULL,NULL,NULL,NULL,NULL,NULL,NULL,'606','34','','6',NULL,NULL,NULL,17),('Satyam Singhal','9415139307',NULL,NULL,NULL,NULL,NULL,NULL,NULL,'587','34','','9',NULL,NULL,NULL,13),('Dr F Rahman','9795552594',NULL,NULL,NULL,NULL,NULL,NULL,NULL,'587','34','','9',NULL,NULL,NULL,13),('MR ATUL PRADHAN','9917117825',NULL,NULL,NULL,NULL,NULL,NULL,NULL,'18','35','','1',NULL,NULL,NULL,19),('Gurnam','9524300001',NULL,NULL,NULL,NULL,NULL,NULL,NULL,'3','29','','9',NULL,NULL,NULL,16),('Pankaj Saini','9811404542',NULL,NULL,NULL,NULL,NULL,NULL,NULL,'18','35','','9',NULL,NULL,NULL,19),('Dr Praveen Prashant','9812289109',NULL,NULL,NULL,NULL,NULL,NULL,NULL,'193','13','','9',NULL,NULL,NULL,18),('DR.DINANATH','9254106787',NULL,NULL,NULL,NULL,NULL,NULL,NULL,'23','13','','3',NULL,1,NULL,15),('LAKSHAY','8800530177',NULL,NULL,NULL,NULL,NULL,NULL,NULL,'1','10','','8',NULL,NULL,NULL,13),('HARSHIT JAIN','9811118966',NULL,NULL,NULL,NULL,NULL,NULL,NULL,'1','10','','8',NULL,NULL,NULL,13),('HARSHAD','7404040840',NULL,NULL,NULL,NULL,NULL,NULL,NULL,'1','10','','8',NULL,NULL,NULL,13),('RAJ OBERAI','9888250786',NULL,NULL,NULL,NULL,NULL,NULL,NULL,'1','10','','8',NULL,NULL,NULL,13),('VISHAL MAHETEHLIA','9415036911',NULL,NULL,NULL,NULL,NULL,NULL,NULL,'587','34','','8',NULL,NULL,NULL,13),('ROHAN','7665555540',NULL,NULL,NULL,NULL,NULL,NULL,NULL,'3','29','','8',NULL,1,NULL,13),('SAURABH SANYAL','9953327643',NULL,NULL,NULL,NULL,NULL,NULL,NULL,'2','13','','8',NULL,NULL,NULL,20),('ANIL GOYAL','9896444123',NULL,NULL,NULL,NULL,NULL,NULL,NULL,'23','13','','3',NULL,4,NULL,15),('Mohit Gehlawat','8930386479',NULL,NULL,NULL,NULL,NULL,NULL,NULL,'7','13','','12',NULL,NULL,NULL,18),('arun','9758109091',NULL,NULL,NULL,NULL,NULL,NULL,NULL,'555','34','','12',NULL,NULL,NULL,12),('SATYA PAL SINGH','9818129113',NULL,NULL,NULL,NULL,NULL,NULL,NULL,'1','10','','8',NULL,NULL,NULL,13),('JASPAL','9810119546',NULL,NULL,NULL,NULL,NULL,NULL,NULL,'2','13','','8',NULL,NULL,NULL,20),('BALWINDERS SINGH','8699506119',NULL,NULL,NULL,NULL,NULL,NULL,NULL,'450','28','','8',NULL,NULL,NULL,13),('VINAY GROVER','9872612255',NULL,NULL,NULL,NULL,NULL,NULL,NULL,'191','13','','10',NULL,3,NULL,14),('RANJEET SINGH','9416374551',NULL,NULL,NULL,NULL,NULL,NULL,NULL,'187','13','','8',NULL,1,NULL,15),('RASIK PATEL','9925233440',NULL,NULL,NULL,NULL,NULL,NULL,NULL,'2','13','','8',NULL,NULL,NULL,20),('SUNIL BILLA','7009195631',NULL,NULL,NULL,NULL,NULL,NULL,NULL,'17','6','','8',NULL,1,NULL,14),('MR SACHIN','7217351767',NULL,NULL,NULL,NULL,NULL,NULL,NULL,'18','35','','1',NULL,1,NULL,19),('SATINDER SHARMA','9416281366',NULL,NULL,NULL,NULL,NULL,NULL,NULL,'23','13','','3',NULL,NULL,NULL,15),('MR ADITYA PUNDIR','9760059007',NULL,NULL,NULL,NULL,NULL,NULL,NULL,'18','35','','1',NULL,3,NULL,19),('MR SIYAN EXIN','8954627888',NULL,NULL,NULL,NULL,NULL,NULL,NULL,'18','35','','1',NULL,NULL,NULL,19),('MR S SUNIL SURI','9259225755',NULL,NULL,NULL,NULL,NULL,NULL,NULL,'18','35','','1',NULL,1,NULL,19),('amit','9212414079',NULL,NULL,NULL,NULL,NULL,NULL,NULL,'2','13','','8',NULL,NULL,NULL,20),('Rahul','9648419000',NULL,NULL,NULL,NULL,NULL,NULL,NULL,'587','34','','8',NULL,NULL,NULL,13),('Rasik Patel','9925233440',NULL,NULL,NULL,NULL,NULL,NULL,NULL,'9','12','','9',NULL,NULL,NULL,13),('DEEPAK MEENA','9660128357',NULL,NULL,NULL,NULL,NULL,NULL,NULL,'1','10','','8',NULL,NULL,NULL,13),('DEEPAK SINGH','9990031131',NULL,NULL,NULL,NULL,NULL,NULL,NULL,'1','10','','8',NULL,NULL,NULL,13),('SHAHNAWAZ','9811021191',NULL,NULL,NULL,NULL,NULL,NULL,NULL,'1','10','','8',NULL,NULL,NULL,13),('RAGHUVENDRA VISHAN','6306726250',NULL,NULL,NULL,NULL,NULL,NULL,NULL,'587','34','','8',NULL,NULL,NULL,13),('PARVEJ','8146501505',NULL,NULL,NULL,NULL,NULL,NULL,NULL,'17','6','','8',NULL,NULL,NULL,14),('HARPREET','9988266748',NULL,NULL,NULL,NULL,NULL,NULL,NULL,'5','28','','8',NULL,NULL,NULL,17),('DINESH SHASTRI','9815952108',NULL,NULL,NULL,NULL,NULL,NULL,NULL,'5','28','','8',NULL,NULL,NULL,17),('AADITYA','7988801104',NULL,NULL,NULL,NULL,NULL,NULL,NULL,'2','13','','8',NULL,NULL,NULL,20),('PRASHANT','9810806654',NULL,NULL,NULL,NULL,NULL,NULL,NULL,'2','13','','8',NULL,NULL,NULL,20),('ANAND BARUA','7906879030',NULL,NULL,NULL,NULL,NULL,NULL,NULL,'539','34','','12',NULL,NULL,NULL,13),('VANSH TOMER','8006667101',NULL,NULL,NULL,NULL,NULL,NULL,NULL,'555','34','','12',NULL,NULL,NULL,13),('PRAKHAR','9899249529',NULL,NULL,NULL,NULL,NULL,NULL,NULL,'13','34','','12',NULL,NULL,NULL,13),('Rajesh Sharma','9988166912',NULL,NULL,NULL,NULL,NULL,NULL,NULL,'17','6','','3',NULL,1,NULL,14),('MR NITESH AGARWAL','9917537285',NULL,NULL,NULL,NULL,NULL,NULL,NULL,'18','35','','1',NULL,NULL,NULL,19),('PIYUSH','9977777263',NULL,NULL,NULL,NULL,NULL,NULL,NULL,'1','10','','8',NULL,NULL,NULL,13),('MR DEVENDER DHAIYA','9219588251',NULL,NULL,NULL,NULL,NULL,NULL,NULL,'18','35','','1',NULL,NULL,NULL,19),('MR HANSH KUMAR','9759003719',NULL,NULL,NULL,NULL,NULL,NULL,NULL,'18','35','','12',3,3,NULL,19),('JASWINDER KALRA','9992850000',NULL,NULL,NULL,NULL,NULL,NULL,NULL,'23','13','','3',NULL,3,NULL,18),('MR AKSHAY DHAHI','9997982525',NULL,NULL,NULL,NULL,NULL,NULL,NULL,'18','35','','1',NULL,NULL,NULL,19),('MR SAURABH','9736100091',NULL,NULL,NULL,NULL,NULL,NULL,NULL,'18','35','','1',NULL,1,NULL,19),('VINEET','8188996674',NULL,NULL,NULL,NULL,NULL,NULL,NULL,'587','34','','8',NULL,NULL,NULL,13),('RAVINDER SHARMA','7900000030',NULL,NULL,NULL,NULL,NULL,NULL,NULL,'2','13','','13',NULL,NULL,NULL,12),('PIYUSH','9873210501',NULL,NULL,NULL,NULL,NULL,NULL,NULL,'2','13','','13',NULL,NULL,NULL,12),('MOHIT KUMAR','8708505935',NULL,NULL,NULL,NULL,NULL,NULL,NULL,'17','6','','8',NULL,NULL,NULL,14),('RAVNEET SINGH','9717573364',NULL,NULL,NULL,NULL,NULL,NULL,NULL,'17','6','','8',NULL,NULL,NULL,14),('ANKIT GUPTA','9891385555',NULL,NULL,NULL,NULL,NULL,NULL,NULL,'2','13','','8',NULL,NULL,NULL,20),('HITESH','9419797100',NULL,NULL,NULL,NULL,NULL,NULL,NULL,'214','15','','3',NULL,NULL,NULL,18),('YOGESH TOMAR','9929824265',NULL,NULL,NULL,NULL,NULL,NULL,NULL,'315','20','','3',NULL,1,NULL,13),('KULDEEP','9873918544',NULL,NULL,NULL,NULL,NULL,NULL,NULL,'1','10','','8',NULL,NULL,NULL,20),('MR ASHISH CHOPRA','9837081321',NULL,NULL,NULL,NULL,NULL,NULL,NULL,'18','35','','1',NULL,NULL,NULL,19),('MANPREET SINGH','7404619159',NULL,NULL,NULL,NULL,NULL,NULL,NULL,'23','13','','3',NULL,2,NULL,15),('SANCHIT POPLI','9872538015',NULL,NULL,NULL,NULL,NULL,NULL,NULL,'5','28','','8',NULL,NULL,NULL,17),('MR VAIBHAV','8937889889',NULL,NULL,NULL,NULL,NULL,NULL,NULL,'18','35','','1',NULL,4,NULL,19),('SANIDYA JAIN','9691699000',NULL,NULL,NULL,NULL,NULL,NULL,NULL,'10','20','','8',NULL,NULL,NULL,13),('MR AKHIL SETHI','9411100823',NULL,NULL,NULL,NULL,NULL,NULL,NULL,'18','35','','1',NULL,1,NULL,19),('ashant','7734000051',NULL,NULL,NULL,NULL,NULL,NULL,NULL,'17','6','','3',NULL,1,NULL,14),('NARESH MEKALA','9705748090',NULL,NULL,NULL,NULL,NULL,NULL,NULL,'31','2','','8',NULL,NULL,NULL,13),('SARABJIT','9876000068',NULL,NULL,NULL,NULL,NULL,NULL,NULL,'1','10','','8',NULL,NULL,NULL,13),('DALJINDER KAUR','8527045051',NULL,NULL,NULL,NULL,NULL,NULL,NULL,'11','28','','3',NULL,3,NULL,14),('NIKHIL PANDAY','9953875362',NULL,NULL,NULL,NULL,NULL,NULL,NULL,'587','34','','8',NULL,NULL,NULL,13),('RAJ','8642888881',NULL,NULL,NULL,NULL,NULL,NULL,NULL,'17','6','','8',NULL,NULL,NULL,17),('TARANPREET','6280528763',NULL,NULL,NULL,NULL,NULL,NULL,NULL,'17','6','','8',NULL,NULL,NULL,17),('RAJINDER DHAMIJA','9872448031',NULL,NULL,NULL,NULL,NULL,NULL,NULL,'653','28','','8',NULL,1,NULL,14),('ADITYA SINGH RAJPUT','7518398001',NULL,NULL,NULL,NULL,NULL,NULL,NULL,'1','10','','8',NULL,NULL,NULL,13),('AMIT','9415359416',NULL,NULL,NULL,NULL,NULL,NULL,NULL,'587','34','','8',NULL,NULL,NULL,13),('SURAJ','9965933333',NULL,NULL,NULL,NULL,NULL,NULL,NULL,'1','10','','8',NULL,NULL,NULL,13),('SANDEEP SINGH','9988666600',NULL,NULL,NULL,NULL,NULL,NULL,NULL,'11','28','','8',NULL,4,NULL,14),('CHANDER PRAKASH SINGH','9811282676',NULL,NULL,NULL,NULL,NULL,NULL,NULL,'8','10','','12',3,NULL,NULL,15),('MALKIT SINGH','9501758111',NULL,NULL,NULL,NULL,NULL,NULL,NULL,'652','28','','1',NULL,2,NULL,14),('MR SAHANI','9837052664',NULL,NULL,NULL,NULL,NULL,NULL,NULL,'18','35','','1',NULL,NULL,NULL,19),('R .N SHARMA','7018476124',NULL,NULL,NULL,NULL,NULL,NULL,NULL,'28','28','','1',NULL,2,NULL,14),('RAYS','9891113888',NULL,NULL,NULL,NULL,NULL,NULL,NULL,'2','13','','8',NULL,NULL,NULL,20),('JATINDER MALHI','8905129708',NULL,NULL,NULL,NULL,NULL,NULL,NULL,'1','10','','8',NULL,NULL,NULL,13),('DHANANJAY','8837585466',NULL,NULL,NULL,NULL,NULL,NULL,NULL,'455','28','','8',NULL,NULL,NULL,14),('ASHISH','9855101537',NULL,NULL,NULL,NULL,NULL,NULL,NULL,'17','6','','8',NULL,3,NULL,14),('SANDEEP MENGI','9906082314',NULL,NULL,NULL,NULL,NULL,NULL,NULL,'214','15','','8',NULL,3,NULL,14),('VIMAN YADAV','9868820050',NULL,NULL,NULL,NULL,NULL,NULL,NULL,'11','28','','8',NULL,1,NULL,14),('AAKAH KHANEJA','9891357777',NULL,NULL,NULL,NULL,NULL,NULL,NULL,'8','10','','8',NULL,2,NULL,14),('AKHIL','7571855565',NULL,NULL,NULL,NULL,NULL,NULL,NULL,'587','34','','8',NULL,NULL,NULL,13),('MANISH','9140785587',NULL,NULL,NULL,NULL,NULL,NULL,NULL,'587','34','','8',NULL,NULL,NULL,13),('SANTOSH CHANDERWANI','9369188480',NULL,NULL,NULL,NULL,NULL,NULL,NULL,'587','34','','8',NULL,NULL,NULL,13),('YAJUWENDRA SINGH','9198277775',NULL,NULL,NULL,NULL,NULL,NULL,NULL,'587','34','','8',NULL,NULL,NULL,13),('SHUBH SHARMA','9888234269',NULL,NULL,NULL,NULL,NULL,NULL,NULL,'1','10','','8',NULL,NULL,NULL,13),('RAGHU','9911874544',NULL,NULL,NULL,NULL,NULL,NULL,NULL,'1','10','','8',NULL,NULL,NULL,13),('PARTH SINHA','9334387151',NULL,NULL,NULL,NULL,NULL,NULL,NULL,'1','10','','8',NULL,NULL,NULL,13),('SANJAY KOHLI','9811141923',NULL,NULL,NULL,NULL,NULL,NULL,NULL,'1','10','','8',NULL,NULL,NULL,13),('RAJIV BANSAL','9810331156',NULL,NULL,NULL,NULL,NULL,NULL,NULL,'13','34','','8',NULL,NULL,NULL,13),('NISHANT','9811999653',NULL,NULL,NULL,NULL,NULL,NULL,NULL,'1','10','','8',NULL,NULL,NULL,13),('GAURAV','9300360324',NULL,NULL,NULL,NULL,NULL,NULL,NULL,'13','34','','8',NULL,NULL,NULL,13),('RAJIV','9810591999',NULL,NULL,NULL,NULL,NULL,NULL,NULL,'1','10','','8',NULL,NULL,NULL,13),('HEMANT SINGH','9419612021',NULL,NULL,NULL,NULL,NULL,NULL,NULL,'214','15','','8',NULL,NULL,NULL,13),('MOHD HASSHIM','9781314440',NULL,NULL,NULL,NULL,NULL,NULL,NULL,'4','28','','8',NULL,NULL,NULL,17),('RAJAN','9996035016',NULL,NULL,NULL,NULL,NULL,NULL,NULL,'180','13','','8',NULL,NULL,NULL,18),('MR S.K BANSAL','8755572155',NULL,NULL,NULL,NULL,NULL,NULL,NULL,'18','35','','1',NULL,2,NULL,19),('VIJAY','9729103013',NULL,NULL,NULL,NULL,NULL,NULL,NULL,'23','13','','8',NULL,NULL,NULL,18),('ASHISH','8421215649',NULL,NULL,NULL,NULL,NULL,NULL,NULL,'2','13','','8',NULL,NULL,NULL,20),('SAN','9212878685',NULL,NULL,NULL,NULL,NULL,NULL,NULL,'2','13','','8',NULL,NULL,NULL,20),('MR TARUN','9935933800',NULL,NULL,NULL,NULL,NULL,NULL,NULL,'18','35','','1',NULL,NULL,NULL,19),('ANSHUL','9991007711',NULL,NULL,NULL,NULL,NULL,NULL,NULL,'2','13','','8',NULL,NULL,NULL,20),('MR AHMED KHAN','9837604912',NULL,NULL,NULL,NULL,NULL,NULL,NULL,'18','35','','1',NULL,NULL,NULL,19),('SUYANSH','9536615180',NULL,NULL,NULL,NULL,NULL,NULL,NULL,'18','35','','8',NULL,NULL,NULL,19),('FIDOUS','9419181649',NULL,NULL,NULL,NULL,NULL,NULL,NULL,'214','15','','8',NULL,NULL,NULL,18),('JANERI','9596427200',NULL,NULL,NULL,NULL,NULL,NULL,NULL,'1','10','','8',NULL,NULL,NULL,13),('ABHSIEHK GARG','9915100789',NULL,NULL,NULL,NULL,NULL,NULL,NULL,'448','28','','6',NULL,4,NULL,14),('AMAR SINGH','9501565656',NULL,NULL,NULL,NULL,NULL,NULL,NULL,'11','28','','3',NULL,1,NULL,14),('ABDUL QADIR','8377989834',NULL,NULL,NULL,NULL,NULL,NULL,NULL,'1','10','','8',NULL,NULL,NULL,13),('RUDRAKSH','7987389965',NULL,NULL,NULL,NULL,NULL,NULL,NULL,'315','20','','3',NULL,1,NULL,20),('VIRENDER','9415036666',NULL,NULL,NULL,NULL,NULL,NULL,NULL,'2','13','','8',NULL,NULL,NULL,13),('PUNEET','7696428501',NULL,NULL,NULL,NULL,NULL,NULL,NULL,'28','28','','1',NULL,1,NULL,14),('VARUN','9888020408',NULL,NULL,NULL,NULL,NULL,NULL,NULL,'191','13','','1',NULL,2,NULL,14),('SUNIL TIWARI','9212722201',NULL,NULL,NULL,NULL,NULL,NULL,NULL,'654','28','','1',NULL,1,NULL,14),('ISHWAR GUPTA','9050212821',NULL,NULL,NULL,NULL,NULL,NULL,NULL,'197','14','','1',NULL,3,NULL,14),('MR ABDUL MAJID','9811020957',NULL,NULL,NULL,NULL,NULL,NULL,NULL,'18','35','','1',NULL,1,NULL,19),('LUCKY','7888485280',NULL,NULL,NULL,NULL,NULL,NULL,NULL,'652','28','','1',NULL,2,NULL,14),('ANIL','9609857751',NULL,NULL,NULL,NULL,NULL,NULL,NULL,'569','34','','3',NULL,NULL,NULL,13),('G.S PAUL','9289782888',NULL,NULL,NULL,NULL,NULL,NULL,NULL,'187','13','','1',NULL,3,NULL,14),('BIJENDER','7988465739',NULL,NULL,NULL,NULL,NULL,NULL,NULL,'660','13','','3',NULL,1,NULL,15),('MUDDASSIR','7006108921',NULL,NULL,NULL,NULL,NULL,NULL,NULL,'1','10','','8',NULL,NULL,NULL,13),('MIR RAFIQ','7006967657',NULL,NULL,NULL,NULL,NULL,NULL,NULL,'1','10','','8',NULL,NULL,NULL,13),('RAVINDER','9899251525',NULL,NULL,NULL,NULL,NULL,NULL,NULL,'1','10','','8',NULL,NULL,NULL,13),('kapil kholi','9717001582',NULL,NULL,NULL,NULL,NULL,NULL,NULL,'1','10','','8',NULL,NULL,NULL,13),('ANUBHAV','9777599425',NULL,NULL,NULL,NULL,NULL,NULL,NULL,'421','26','','8',NULL,NULL,NULL,13),('RAM','7014511884',NULL,NULL,NULL,NULL,NULL,NULL,NULL,'587','34','','8',NULL,NULL,NULL,11),('RAM','7014511884',NULL,NULL,NULL,NULL,NULL,NULL,NULL,'3','29','','8',NULL,4,NULL,14),('JAGJIT SINGH','7888384603',NULL,NULL,NULL,NULL,NULL,NULL,NULL,'4','28','','8',NULL,NULL,NULL,14),('HARSHA','7095000090',NULL,NULL,NULL,NULL,NULL,NULL,NULL,'2','13','','8',NULL,NULL,NULL,12),('SARVASVA MARHOTRA','9935622960',NULL,NULL,NULL,NULL,NULL,NULL,NULL,'1','10','','8',NULL,NULL,NULL,13),('sachin deswal','8930616378',NULL,NULL,NULL,NULL,NULL,NULL,NULL,'192','13','','1',NULL,1,NULL,15),('sandeep','9914129091',NULL,NULL,NULL,NULL,NULL,NULL,NULL,'193','13','','3',NULL,NULL,NULL,18),('SUMIT DHAWAN','6284437545',NULL,NULL,NULL,NULL,NULL,NULL,NULL,'455','28','','8',NULL,1,NULL,14),('SANJEEV','9988540125',NULL,NULL,NULL,NULL,NULL,NULL,NULL,'455','28','','1',NULL,2,NULL,15),('MR AKASH CHAUHAN','9639315816',NULL,NULL,NULL,NULL,NULL,NULL,NULL,'18','35','','3',NULL,NULL,NULL,19),('MR BHUVNESH MITTAL','9715000006',NULL,NULL,NULL,NULL,NULL,NULL,NULL,'4','28','','3',NULL,NULL,NULL,19),('MR SALIM','8273012669',NULL,NULL,NULL,NULL,NULL,NULL,NULL,'18','35','','1',NULL,NULL,NULL,19),('MR RAJ SANDHU','9501686679',NULL,NULL,NULL,NULL,NULL,NULL,NULL,'5','28','','1',NULL,3,NULL,17),('MR RAJVIR DATTA','9560395661',NULL,NULL,NULL,NULL,NULL,NULL,NULL,'5','28','','1',NULL,3,NULL,17),('KHEMRAJ','8988808484',NULL,NULL,NULL,NULL,NULL,NULL,NULL,'17','6','','8',NULL,NULL,NULL,14),('NAVDEEP','9541688987',NULL,NULL,NULL,NULL,NULL,NULL,NULL,'214','15','','8',NULL,NULL,NULL,14),('GAURAV SHARMA','9855204717',NULL,NULL,NULL,NULL,NULL,NULL,NULL,'8','6','','8',NULL,NULL,NULL,14),('GUEST','9996000123',NULL,NULL,NULL,NULL,NULL,NULL,NULL,'187','13','','3',NULL,1,NULL,15),('RISHI','9999689010',NULL,NULL,NULL,NULL,NULL,NULL,NULL,'4','28','','8',NULL,NULL,NULL,17),('SHASHAANK','8273410490',NULL,NULL,NULL,NULL,NULL,NULL,NULL,'18','35','','8',NULL,NULL,NULL,19),('shivam','9050233336',NULL,NULL,NULL,NULL,NULL,NULL,NULL,'186','13','','1',NULL,1,NULL,14),('NAVNEET CHAHAL','9910024818',NULL,NULL,NULL,NULL,NULL,NULL,NULL,'2','13','','8',NULL,NULL,NULL,12),('MOHIT SIDANA','9001112111',NULL,NULL,NULL,NULL,NULL,NULL,NULL,'481','29','','6',NULL,NULL,NULL,16),('Raminder','9815450000',NULL,NULL,NULL,NULL,NULL,NULL,NULL,'461','28','','6',NULL,NULL,NULL,17),('Ankur Wadhwa','9888603004',NULL,NULL,NULL,NULL,NULL,NULL,NULL,'5','28','','6',NULL,NULL,NULL,17),('Sehaj Oberoi','9354308287',NULL,NULL,NULL,NULL,NULL,NULL,NULL,'180','13','','6',NULL,NULL,NULL,14),('Mandeep Singh','7589200180',NULL,NULL,NULL,NULL,NULL,NULL,NULL,'5','28','','6',NULL,NULL,NULL,17),('Sukhvinder kumar','98729 3311',NULL,NULL,NULL,NULL,NULL,NULL,NULL,'5','28','','6',NULL,NULL,NULL,17),('Bhavesh Aggarwal','9041950802',NULL,NULL,NULL,NULL,NULL,NULL,NULL,'456','28','','6',NULL,NULL,NULL,17),('Manga Khatri Arora','9896773337',NULL,NULL,NULL,NULL,NULL,NULL,NULL,'180','13','','6',NULL,2,NULL,14),('Mohit Mittal','9815111007',NULL,NULL,NULL,NULL,NULL,NULL,NULL,'5','28','','6',NULL,NULL,NULL,17),('Rupinder Singh','9878600033',NULL,NULL,NULL,NULL,NULL,NULL,NULL,'17','6','','6',NULL,NULL,NULL,17),('PARMENDRA','9829848986',NULL,NULL,NULL,NULL,NULL,NULL,NULL,'1','10','','8',NULL,NULL,NULL,13),('MR AKHILESH','9675244224',NULL,NULL,NULL,NULL,NULL,NULL,NULL,'18','35','','12',3,NULL,NULL,19),('VIJAY','8949540383',NULL,NULL,NULL,NULL,NULL,NULL,NULL,'652','28','','8',NULL,1,NULL,14),('ASHSIH SHARMA','9811415153',NULL,NULL,NULL,NULL,NULL,NULL,NULL,'191','13','','8',NULL,2,NULL,14),('GURMEET','9814141122',NULL,NULL,NULL,NULL,NULL,NULL,NULL,'17','6','','8',NULL,2,NULL,14),('GANESH','8929857009',NULL,NULL,NULL,NULL,NULL,NULL,NULL,'195','13','','3',NULL,NULL,NULL,18),('MR  N.K YADAV','9557538030',NULL,NULL,NULL,NULL,NULL,NULL,NULL,'18','35','','1',NULL,1,NULL,19),('AK SINGH','9811488499',NULL,NULL,NULL,NULL,NULL,NULL,NULL,'1','10','','8',NULL,NULL,NULL,13),('SUN','8826663801',NULL,NULL,NULL,NULL,NULL,NULL,NULL,'1','10','','8',NULL,NULL,NULL,13),('JAGBIR','8146074813',NULL,NULL,NULL,NULL,NULL,NULL,NULL,'17','6','','8',NULL,NULL,NULL,14),('AKHIL','9845677977',NULL,NULL,NULL,NULL,NULL,NULL,NULL,'17','6','','8',NULL,NULL,NULL,14),('KARAN','9815337300',NULL,NULL,NULL,NULL,NULL,NULL,NULL,'5','28','','8',NULL,NULL,NULL,17),('SARABJIT','9876000068',NULL,NULL,NULL,NULL,NULL,NULL,NULL,'5','28','','8',NULL,NULL,NULL,17),('AKHIL','9876000068',NULL,NULL,NULL,NULL,NULL,NULL,NULL,'5','28','','8',NULL,NULL,NULL,17),('dilbag singh','9815967101',NULL,NULL,NULL,NULL,NULL,NULL,NULL,'652','28','','1',NULL,NULL,NULL,14),('RAGHAV','8679999099',NULL,NULL,NULL,NULL,NULL,NULL,NULL,'134','7','','1',NULL,2,NULL,15),('raghav yadav','9670319058',NULL,NULL,NULL,NULL,NULL,NULL,NULL,'21','5','','3',NULL,NULL,NULL,15),('JATIN SINGH','8700434404',NULL,NULL,NULL,NULL,NULL,NULL,NULL,'569','34','','8',NULL,NULL,NULL,13),('amirul hasan ansari','7814172161',NULL,NULL,NULL,NULL,NULL,NULL,NULL,'11','28','','8',NULL,NULL,NULL,14),('NISHANT','9810410695',NULL,NULL,NULL,NULL,NULL,NULL,NULL,'2','13','','8',NULL,NULL,NULL,12),('VISHAL JAIN','9350332143',NULL,NULL,NULL,NULL,NULL,NULL,NULL,'16','13','','3',NULL,NULL,NULL,15),('raghav mehta','9888810920',NULL,NULL,NULL,NULL,NULL,NULL,NULL,'191','13','','1',NULL,NULL,NULL,14),('ARVIND MOHAN','9812141270',NULL,NULL,NULL,NULL,NULL,NULL,NULL,'192','13','','1',NULL,NULL,NULL,15),('SATISH SHARMA','9413366046',NULL,NULL,NULL,NULL,NULL,NULL,NULL,'659','29','','1',NULL,2,NULL,15),('MR GIRISH AGARWAL','8936980690',NULL,NULL,NULL,NULL,NULL,NULL,NULL,'18','35','','1',NULL,NULL,NULL,19),('MR GAURAV JEET SINGH','9814204236',NULL,NULL,NULL,NULL,NULL,NULL,NULL,'5','28','','1',NULL,4,NULL,17),('JATIN JUNEJA','7027346401',NULL,NULL,NULL,NULL,NULL,NULL,NULL,'192','13','','3',NULL,1,NULL,15),('LAKHWINDER SINGH','9813406633',NULL,NULL,NULL,NULL,NULL,NULL,NULL,'1','10','','8',NULL,NULL,NULL,13),('SHERRY SINGH','7999131313',NULL,NULL,NULL,NULL,NULL,NULL,NULL,'1','10','','8',NULL,NULL,NULL,13),('ADITYA','9711408708',NULL,NULL,NULL,NULL,NULL,NULL,NULL,'1','10','','8',NULL,NULL,NULL,13),('HARDIK KHANNA','9997763666',NULL,NULL,NULL,NULL,NULL,NULL,NULL,'587','34','','8',NULL,NULL,NULL,13),('AJAY','7061000009',NULL,NULL,NULL,NULL,NULL,NULL,NULL,'17','6','','8',NULL,1,NULL,14),('HIMANSHU BHATIA','9419101911',NULL,NULL,NULL,NULL,NULL,NULL,NULL,'214','15','','8',NULL,2,NULL,14),('SAFFIULLAH KHALID','9906740506',NULL,NULL,NULL,NULL,NULL,NULL,NULL,'4','28','','8',NULL,NULL,NULL,17),('ROHAN OBERAI','9958508900',NULL,NULL,NULL,NULL,NULL,NULL,NULL,'5','28','','8',NULL,2,NULL,14),('DR SUMIT TIWARI','8585947397',NULL,NULL,NULL,NULL,NULL,NULL,NULL,'1','10','','8',NULL,NULL,NULL,18),('VIPIN KUMAR','8890683364',NULL,NULL,NULL,NULL,NULL,NULL,NULL,'3','29','','8',NULL,NULL,NULL,16),('VANSH','8800333535',NULL,NULL,NULL,NULL,NULL,NULL,NULL,'1','10','','8',NULL,1,NULL,18),('PARVESH','8178798111',NULL,NULL,NULL,NULL,NULL,NULL,NULL,'17','6','','8',NULL,NULL,NULL,14),('ASHISH','9814107300',NULL,NULL,NULL,NULL,NULL,NULL,NULL,'455','28','','13',NULL,NULL,NULL,17),('CHINU SAHDEV','9876878101',NULL,NULL,NULL,NULL,NULL,NULL,NULL,'448','28','','13',NULL,NULL,NULL,12),('harwinder singh','7404660069',NULL,NULL,NULL,NULL,NULL,NULL,NULL,'658','13','','1',NULL,3,NULL,14),('manik','9582761769',NULL,NULL,NULL,NULL,NULL,NULL,NULL,'8','10','','3',NULL,5,NULL,15),('SAMBHAV','9810217702',NULL,NULL,NULL,NULL,NULL,NULL,NULL,'8','10','','1',NULL,2,NULL,18),('Sandeep kumar','9688768000',NULL,NULL,NULL,NULL,NULL,NULL,NULL,'196','13','','1',NULL,NULL,NULL,18),('tapan','8269651014',NULL,NULL,NULL,NULL,NULL,NULL,NULL,'12','21','','8',NULL,NULL,NULL,14),('MANISH','7404288882',NULL,NULL,NULL,NULL,NULL,NULL,NULL,'23','13','','3',NULL,1,NULL,15),('VIPIN KUMAR','8890683364',NULL,NULL,NULL,NULL,NULL,NULL,NULL,'3','29','','8',NULL,NULL,NULL,18),('MR GAURAV','9012807000',NULL,NULL,NULL,NULL,NULL,NULL,NULL,'18','35','','1',NULL,NULL,NULL,19),('KAWALJEET SINGH','9389000009',NULL,NULL,NULL,NULL,NULL,NULL,NULL,'11','28','','1',NULL,NULL,NULL,18),('SMEDEEN','9910772201',NULL,NULL,NULL,NULL,NULL,NULL,NULL,'655','13','','1',NULL,1,NULL,18),('NILESH','9222255557',NULL,NULL,NULL,NULL,NULL,NULL,NULL,'12','21','','8',NULL,NULL,NULL,13),('MR RAJESH PANT','9837007995',NULL,NULL,NULL,NULL,NULL,NULL,NULL,'18','35','','1',3,1,NULL,19),('VIVEK KUMAR','9017927272',NULL,NULL,NULL,NULL,NULL,NULL,NULL,'2','13','','13',NULL,NULL,NULL,20),('MR ARIF KHAN','9897178074',NULL,NULL,NULL,NULL,NULL,NULL,NULL,'18','35','','1',3,1,NULL,19),('MR NEERAJ DHYANI','8126743620',NULL,NULL,NULL,NULL,NULL,NULL,NULL,'18','35','','1',3,NULL,NULL,19),('Shubham chabra','7015681038',NULL,NULL,NULL,NULL,NULL,NULL,NULL,'192','13','','3',NULL,NULL,NULL,0),('Kunal','9416004201',NULL,NULL,NULL,NULL,NULL,NULL,NULL,'192','13','','3',NULL,3,NULL,18),('MR NADEEM KHAN','9997039825',NULL,NULL,NULL,NULL,NULL,NULL,NULL,'18','35','','1',NULL,1,NULL,19),('AMIT','7703090899',NULL,NULL,NULL,NULL,NULL,NULL,NULL,'8','10','','3',NULL,3,NULL,13),('MR BALBIR SINGH SAINI','9216521236',NULL,NULL,NULL,NULL,NULL,NULL,NULL,'5','28','','1',NULL,4,NULL,17),('SUDESH KUMAR','7407098938',NULL,NULL,NULL,NULL,NULL,NULL,NULL,'660','13','','1',NULL,NULL,NULL,15),('SAM','9711173383',NULL,NULL,NULL,NULL,NULL,NULL,NULL,'1','10','','8',NULL,NULL,NULL,13),('NISAR','7006863834',NULL,NULL,NULL,NULL,NULL,NULL,NULL,'1','10','','8',NULL,NULL,NULL,13),('PRASHANT','6386824141',NULL,NULL,NULL,NULL,NULL,NULL,NULL,'587','34','','8',NULL,NULL,NULL,13),('JITENDRA','9454670100',NULL,NULL,NULL,NULL,NULL,NULL,NULL,'587','34','','8',NULL,NULL,NULL,13),('VARUN BALI','9818951888',NULL,NULL,NULL,NULL,NULL,NULL,NULL,'2','13','','8',NULL,NULL,NULL,20),('AMIT','9212414079',NULL,NULL,NULL,NULL,NULL,NULL,NULL,'2','13','','8',NULL,NULL,NULL,12),('RAHAT','9810754678',NULL,NULL,NULL,NULL,NULL,NULL,NULL,'8','10','','8',NULL,NULL,NULL,15),('RAUNAK SINGH','9997336127',NULL,NULL,NULL,NULL,NULL,NULL,NULL,'18','35','','8',NULL,4,NULL,19),('gurpreet thapa','9779951551',NULL,NULL,NULL,NULL,NULL,NULL,NULL,'4','28','','13',NULL,NULL,NULL,17),('KRISHNA','9782066819',NULL,NULL,NULL,NULL,NULL,NULL,NULL,'2','13','','13',NULL,NULL,NULL,12),('PUNEET','9815217618',NULL,NULL,NULL,NULL,NULL,NULL,NULL,'2','13','','13',NULL,NULL,NULL,12),('MK','9810587831',NULL,NULL,NULL,NULL,NULL,NULL,NULL,'2','13','','13',NULL,NULL,NULL,12),('AKASH WADHWA','7355870037',NULL,NULL,NULL,NULL,NULL,NULL,NULL,'4','28','','13',NULL,NULL,NULL,17),('KARISHAN','9050192654',NULL,NULL,NULL,NULL,NULL,NULL,NULL,'192','13','','1',NULL,2,NULL,15),('MR AMIT KUMAR','9760714979',NULL,NULL,NULL,NULL,NULL,NULL,NULL,'18','35','','1',NULL,NULL,NULL,19),('NEERAJ SINGLA','9816627243',NULL,NULL,NULL,NULL,NULL,NULL,NULL,'191','13','','1',NULL,4,NULL,14),('PARMESH CHAUHAN','9996633171',NULL,NULL,NULL,NULL,NULL,NULL,NULL,'180','13','','1',NULL,NULL,NULL,14),('AMOL MONGA','9599506639',NULL,NULL,NULL,NULL,NULL,NULL,NULL,'1','10','','3',NULL,3,NULL,13),('VIKRAM','9845518550',NULL,NULL,NULL,NULL,NULL,NULL,NULL,'255','17','','3',NULL,NULL,NULL,0),('MR A.K SINGH','9457648661',NULL,NULL,NULL,NULL,NULL,NULL,NULL,'18','35','','1',NULL,NULL,NULL,19),('ROHAN OBEROI','9958508900',NULL,NULL,NULL,NULL,NULL,NULL,NULL,'4','28','','13',NULL,NULL,NULL,17),('SAMAR RANGA','8410100009',NULL,NULL,NULL,NULL,NULL,NULL,NULL,'17','6','','6',NULL,NULL,NULL,14),('Dailo','9862304139',NULL,NULL,NULL,NULL,NULL,NULL,NULL,'397','24','','8',NULL,NULL,NULL,15),('Sawan Verma','7529016404',NULL,NULL,NULL,NULL,NULL,NULL,NULL,'5','28','','8',NULL,NULL,NULL,17),('Baba','9815736202',NULL,NULL,NULL,NULL,NULL,NULL,NULL,'5','28','','8',NULL,NULL,NULL,17),('Sanju Nayyar','8905100001',NULL,NULL,NULL,NULL,NULL,NULL,NULL,'5','28','','8',NULL,3,NULL,17),('Hs Sodhi','9417054121',NULL,NULL,NULL,NULL,NULL,NULL,NULL,'5','28','','8',NULL,NULL,NULL,17),('Pankaj','8146557040',NULL,NULL,NULL,NULL,NULL,NULL,NULL,'5','28','','8',NULL,NULL,NULL,17),('MR MIRZA','9412418791',NULL,NULL,NULL,NULL,NULL,NULL,NULL,'18','35','','1',NULL,NULL,NULL,19),('Madhur Gosain','9888359504',NULL,NULL,NULL,NULL,NULL,NULL,NULL,'8','10','','8',NULL,NULL,NULL,13),('Mjkhan','9760866971',NULL,NULL,NULL,NULL,NULL,NULL,NULL,'8','10','','8',NULL,NULL,NULL,13),('IMRAN KHAN','9810707470',NULL,NULL,NULL,NULL,NULL,NULL,NULL,'8','10','','8',NULL,4,NULL,13),('VK Jain','7206016115',NULL,NULL,NULL,NULL,NULL,NULL,NULL,'17','6','','8',NULL,3,NULL,14),('Vivek','8218187342',NULL,NULL,NULL,NULL,NULL,NULL,NULL,'18','35','','8',NULL,NULL,NULL,19),('Varun Bali','9818951888',NULL,NULL,NULL,NULL,NULL,NULL,NULL,'2','13','','8',NULL,NULL,NULL,20),('SANDEEP SINGH','9815900781',NULL,NULL,NULL,NULL,NULL,NULL,NULL,'645','28','','6',NULL,1,NULL,14),('Vinod','7892455590',NULL,NULL,NULL,NULL,NULL,NULL,NULL,'2','13','','13',NULL,4,NULL,12),('Imran Khan','9810707470',NULL,NULL,NULL,NULL,NULL,NULL,NULL,'2','13','','13',NULL,4,NULL,12),('UDIT LOHIA','9999933168',NULL,NULL,NULL,NULL,NULL,NULL,NULL,'8','10','','6',NULL,NULL,NULL,13),('Anbar Ali Ali','7677776767',NULL,NULL,NULL,NULL,NULL,NULL,NULL,'2','13','','13',NULL,3,NULL,12),('Anbar Ali','7677776767',NULL,NULL,NULL,NULL,NULL,NULL,NULL,'2','13','','13',NULL,3,NULL,12),('Natwarsingh','8003066640',NULL,NULL,NULL,NULL,NULL,NULL,NULL,'2','13','','13',NULL,3,NULL,12),('Mudasir','7006108921',NULL,NULL,NULL,NULL,NULL,NULL,NULL,'2','13','','13',NULL,3,NULL,12),('Nitish','9996777744',NULL,NULL,NULL,NULL,NULL,NULL,NULL,'180','13','','6',NULL,3,NULL,18),('Prabhsimran Singh','9872621110',NULL,NULL,NULL,NULL,NULL,NULL,NULL,'5','28','','13',NULL,5,NULL,17),('Sandeep','8082064243',NULL,NULL,NULL,NULL,NULL,NULL,NULL,'5','28','','13',NULL,3,NULL,17),('Vineet Jain','9888746808',NULL,NULL,NULL,NULL,NULL,NULL,NULL,'5','28','','13',NULL,NULL,NULL,17),('Alby','9744199775',NULL,NULL,NULL,NULL,NULL,NULL,NULL,'5','28','','13',NULL,1,NULL,17),('HARKANWER SINGH','7528980000',NULL,NULL,NULL,NULL,NULL,NULL,NULL,'455','28','','6',NULL,NULL,NULL,17),('RAMKARAN','9053369970',NULL,NULL,NULL,NULL,NULL,NULL,NULL,'180','13','','1',NULL,1,NULL,14),('LALIT KUMAR','9812022100',NULL,NULL,NULL,NULL,NULL,NULL,NULL,'16','13','','10',NULL,1,NULL,18),('Balbir Singh','9811331144',NULL,NULL,NULL,NULL,NULL,NULL,NULL,'2','13','','8',NULL,NULL,NULL,12),('a Mehta','9868761042',NULL,NULL,NULL,NULL,NULL,NULL,NULL,'8','10','','8',NULL,3,NULL,13),('Shardul','9825005852',NULL,NULL,NULL,NULL,NULL,NULL,NULL,'23','13','','8',NULL,NULL,NULL,18),('Balbir Singh','9811331144',NULL,NULL,NULL,NULL,NULL,NULL,NULL,'23','13','','8',NULL,NULL,NULL,15),('Bhai Balbir Singh','8299160791',NULL,NULL,NULL,NULL,NULL,NULL,NULL,'23','13','','8',NULL,NULL,NULL,18),('anmol inder','9815088399',NULL,NULL,NULL,NULL,NULL,NULL,NULL,'4','28','','3',NULL,2,NULL,14),('MR  SHIVAM','8881000096',NULL,NULL,NULL,NULL,NULL,NULL,NULL,'5','28','','1',NULL,2,NULL,17),('Navneet Chahal','9910024818',NULL,NULL,NULL,NULL,NULL,NULL,NULL,'2','13','','8',NULL,4,NULL,12),('MR RAMVEER SINGH RANA','7300993562',NULL,NULL,NULL,NULL,NULL,NULL,NULL,'18','35','','1',NULL,1,NULL,19),('MR BIR PRAKASH','9779037778',NULL,NULL,NULL,NULL,NULL,NULL,NULL,'18','35','','1',NULL,1,NULL,19),('MR.GIRISH','8826806241',NULL,NULL,NULL,NULL,NULL,NULL,NULL,'193','13','','1',NULL,NULL,NULL,18),('MR TASREEF AHMED','9634038757',NULL,NULL,NULL,NULL,NULL,NULL,NULL,'18','35','','1',NULL,3,NULL,19),('Ashish','9815744700',NULL,NULL,NULL,NULL,NULL,NULL,NULL,'5','28','','13',NULL,5,NULL,17),('Pankaj','9216201635',NULL,NULL,NULL,NULL,NULL,NULL,NULL,'448','28','','1',NULL,3,NULL,18),('MR RAGHAV KUMAR','9997999782',NULL,NULL,NULL,NULL,NULL,NULL,NULL,'18','35','','1',3,NULL,NULL,19),('MRS RAGINI SHUKLA','8630898164',NULL,NULL,NULL,NULL,NULL,NULL,NULL,'18','35','','1',3,NULL,NULL,19),('sahil','9888101888',NULL,NULL,NULL,NULL,NULL,NULL,NULL,'11','28','','1',NULL,NULL,NULL,14),('GURPREET','9872584206',NULL,NULL,NULL,NULL,NULL,NULL,NULL,'5','28','','3',NULL,NULL,NULL,0),('DR MANPREET SINGH','9988730422',NULL,NULL,NULL,NULL,NULL,NULL,NULL,'5','28','','1',NULL,NULL,NULL,17),('MR JEEVAN','9878096667',NULL,NULL,NULL,NULL,NULL,NULL,NULL,'5','28','','1',NULL,3,NULL,17),('Kabir Chauhan','8006752111',NULL,NULL,NULL,NULL,NULL,NULL,NULL,'18','35','','1',NULL,1,NULL,19),('Shubhamn Kumar','7837284229',NULL,NULL,NULL,NULL,NULL,NULL,NULL,'18','35','','1',NULL,1,NULL,19),('Vineet Shrivastav','9760035108',NULL,NULL,NULL,NULL,NULL,NULL,NULL,'18','35','','1',NULL,1,NULL,19),('Prashant kala','9719166626',NULL,NULL,NULL,NULL,NULL,NULL,NULL,'18','35','','1',NULL,2,NULL,19),('Vijay Sharma','9011310453',NULL,NULL,NULL,NULL,NULL,NULL,NULL,'5','28','','8',NULL,NULL,NULL,17),('manoj','9876320811',NULL,NULL,NULL,NULL,NULL,NULL,NULL,'5','28','','8',NULL,4,NULL,17),('Goyal','9810212760',NULL,NULL,NULL,NULL,NULL,NULL,NULL,'2','13','','8',NULL,NULL,NULL,12),('Dibyendu Nandi','9007010761',NULL,NULL,NULL,NULL,NULL,NULL,NULL,'2','13','','8',NULL,NULL,NULL,12),('LAVISH','8377037270',NULL,NULL,NULL,NULL,NULL,NULL,NULL,'539','34','','8',NULL,3,NULL,13),('Rinku Gupta','9915753210',NULL,NULL,NULL,NULL,NULL,NULL,NULL,'17','6','','8',NULL,NULL,NULL,14),('Navdeep Nanda','9592400025',NULL,NULL,NULL,NULL,NULL,NULL,NULL,'17','6','','8',NULL,NULL,NULL,15),('Sumit','9412056157',NULL,NULL,NULL,NULL,NULL,NULL,NULL,'18','35','','8',NULL,NULL,NULL,19),('Vineet Jain','9888746808',NULL,NULL,NULL,NULL,NULL,NULL,NULL,'5','28','','13',NULL,3,NULL,17),('ncome Tax','9855825446',NULL,NULL,NULL,NULL,NULL,NULL,NULL,'5','28','','13',NULL,2,NULL,17),('Naresh Bansal','9501095011',NULL,NULL,NULL,NULL,NULL,NULL,NULL,'5','28','','13',NULL,1,NULL,17),('Mjkhan','9760866971',NULL,NULL,NULL,NULL,NULL,NULL,NULL,'2','13','','8',NULL,NULL,NULL,12),('Dr Arun','9810778811',NULL,NULL,NULL,NULL,NULL,NULL,NULL,'2','13','','8',NULL,NULL,NULL,12),('Surjeet Singh','8708977870',NULL,NULL,NULL,NULL,NULL,NULL,NULL,'658','13','','1',NULL,4,NULL,18),('Mayank','9213113224',NULL,NULL,NULL,NULL,NULL,NULL,NULL,'2','13','','13',NULL,4,NULL,12),('Kshitij Sehgal','9748931577',NULL,NULL,NULL,NULL,NULL,NULL,NULL,'2','13','','8',NULL,NULL,NULL,12),('Rituraj Singh','9798044556',NULL,NULL,NULL,NULL,NULL,NULL,NULL,'8','10','','8',NULL,NULL,NULL,13),('RAVI','9017070777',NULL,NULL,NULL,NULL,NULL,NULL,NULL,'656','13','','3',NULL,2,NULL,15),('MR JAGDISH','9690045284',NULL,NULL,NULL,NULL,NULL,NULL,NULL,'18','35','','1',NULL,NULL,NULL,19),('MR SAURABH BISHT','8171077366',NULL,NULL,NULL,NULL,NULL,NULL,NULL,'18','35','','1',NULL,3,NULL,19),('MR SAURABH BISHT','8171077366',NULL,NULL,NULL,NULL,NULL,NULL,NULL,'18','35','','1',NULL,3,NULL,19),('MR RANJIT SINGH','7906125779',NULL,NULL,NULL,NULL,NULL,NULL,NULL,'18','','','1',NULL,NULL,NULL,19),('REF TEJ','9050005788',NULL,NULL,NULL,NULL,NULL,NULL,NULL,'23','13','','1',NULL,2,NULL,11),('VIPIN','9812031131',NULL,NULL,NULL,NULL,NULL,NULL,NULL,'192','13','','1',NULL,3,NULL,15);
/*!40000 ALTER TABLE `bulk_sales_lead_upload_tbl` ENABLE KEYS */;
UNLOCK TABLES;

--
-- Table structure for table `campaign_activity_type_tbl`
--

DROP TABLE IF EXISTS `campaign_activity_type_tbl`;
/*!40101 SET @saved_cs_client     = @@character_set_client */;
/*!40101 SET character_set_client = utf8 */;
CREATE TABLE `campaign_activity_type_tbl` (
  `activity_id` int(15) NOT NULL AUTO_INCREMENT,
  `activity_type` varchar(50) DEFAULT NULL,
  `is_active` char(1) DEFAULT 'Y',
  `created_on` timestamp NOT NULL DEFAULT CURRENT_TIMESTAMP,
  PRIMARY KEY (`activity_id`)
) ENGINE=InnoDB DEFAULT CHARSET=latin1;
/*!40101 SET character_set_client = @saved_cs_client */;

--
-- Dumping data for table `campaign_activity_type_tbl`
--

LOCK TABLES `campaign_activity_type_tbl` WRITE;
/*!40000 ALTER TABLE `campaign_activity_type_tbl` DISABLE KEYS */;
/*!40000 ALTER TABLE `campaign_activity_type_tbl` ENABLE KEYS */;
UNLOCK TABLES;

--
-- Table structure for table `campaign_master_tbl`
--

DROP TABLE IF EXISTS `campaign_master_tbl`;
/*!40101 SET @saved_cs_client     = @@character_set_client */;
/*!40101 SET character_set_client = utf8 */;
CREATE TABLE `campaign_master_tbl` (
  `campaign_id` int(15) NOT NULL AUTO_INCREMENT,
  `campaign_name` varchar(50) DEFAULT NULL,
  `campaign_amount` int(25) DEFAULT NULL,
  `showroom_name` int(15) DEFAULT NULL,
  `campaign_start_date` varchar(50) DEFAULT NULL,
  `campaign_end_date` varchar(50) DEFAULT NULL,
  `activity_type` int(25) DEFAULT NULL,
  `sub_activity_type` int(25) DEFAULT NULL,
  `activity_location` int(25) DEFAULT NULL,
  `activity_area` varchar(50) DEFAULT NULL,
  `expected_enquiry` int(10) DEFAULT NULL,
  `activity_date` varchar(50) DEFAULT NULL,
  `is_active` char(1) DEFAULT 'Y',
  `created_on` timestamp NOT NULL DEFAULT CURRENT_TIMESTAMP,
  PRIMARY KEY (`campaign_id`)
) ENGINE=InnoDB DEFAULT CHARSET=latin1;
/*!40101 SET character_set_client = @saved_cs_client */;

--
-- Dumping data for table `campaign_master_tbl`
--

LOCK TABLES `campaign_master_tbl` WRITE;
/*!40000 ALTER TABLE `campaign_master_tbl` DISABLE KEYS */;
/*!40000 ALTER TABLE `campaign_master_tbl` ENABLE KEYS */;
UNLOCK TABLES;

--
-- Table structure for table `campaign_sub_activity_tbl`
--

DROP TABLE IF EXISTS `campaign_sub_activity_tbl`;
/*!40101 SET @saved_cs_client     = @@character_set_client */;
/*!40101 SET character_set_client = utf8 */;
CREATE TABLE `campaign_sub_activity_tbl` (
  `sub_activity_id` int(15) NOT NULL AUTO_INCREMENT,
  `activity_id` int(15) DEFAULT NULL,
  `activity_name` varchar(50) DEFAULT NULL,
  `is_active` char(1) DEFAULT 'Y',
  `created_on` timestamp NOT NULL DEFAULT CURRENT_TIMESTAMP,
  PRIMARY KEY (`sub_activity_id`),
  KEY `activity_id` (`activity_id`),
  CONSTRAINT `campaign_sub_activity_tbl_ibfk_1` FOREIGN KEY (`activity_id`) REFERENCES `campaign_activity_type_tbl` (`activity_id`)
) ENGINE=InnoDB DEFAULT CHARSET=latin1;
/*!40101 SET character_set_client = @saved_cs_client */;

--
-- Dumping data for table `campaign_sub_activity_tbl`
--

LOCK TABLES `campaign_sub_activity_tbl` WRITE;
/*!40000 ALTER TABLE `campaign_sub_activity_tbl` DISABLE KEYS */;
/*!40000 ALTER TABLE `campaign_sub_activity_tbl` ENABLE KEYS */;
UNLOCK TABLES;

--
-- Table structure for table `campaign_vehicle_display_tbl`
--

DROP TABLE IF EXISTS `campaign_vehicle_display_tbl`;
/*!40101 SET @saved_cs_client     = @@character_set_client */;
/*!40101 SET character_set_client = utf8 */;
CREATE TABLE `campaign_vehicle_display_tbl` (
  `id` int(25) NOT NULL AUTO_INCREMENT,
  `campaign_id` int(25) DEFAULT NULL,
  `car_make` int(25) DEFAULT NULL,
  `car_model` int(25) DEFAULT NULL,
  `is_active` char(1) DEFAULT 'Y',
  `created_on` timestamp NOT NULL DEFAULT CURRENT_TIMESTAMP,
  PRIMARY KEY (`id`)
) ENGINE=InnoDB DEFAULT CHARSET=latin1;
/*!40101 SET character_set_client = @saved_cs_client */;

--
-- Dumping data for table `campaign_vehicle_display_tbl`
--

LOCK TABLES `campaign_vehicle_display_tbl` WRITE;
/*!40000 ALTER TABLE `campaign_vehicle_display_tbl` DISABLE KEYS */;
/*!40000 ALTER TABLE `campaign_vehicle_display_tbl` ENABLE KEYS */;
UNLOCK TABLES;

--
-- Table structure for table `car_model_master_tbl`
--

DROP TABLE IF EXISTS `car_model_master_tbl`;
/*!40101 SET @saved_cs_client     = @@character_set_client */;
/*!40101 SET character_set_client = utf8 */;
CREATE TABLE `car_model_master_tbl` (
  `car_id` int(20) NOT NULL AUTO_INCREMENT,
  `car_make` varchar(50) DEFAULT NULL,
  `is_active` char(1) DEFAULT 'Y',
  `created_on` timestamp NOT NULL DEFAULT CURRENT_TIMESTAMP,
  PRIMARY KEY (`car_id`)
) ENGINE=InnoDB AUTO_INCREMENT=23 DEFAULT CHARSET=latin1;
/*!40101 SET character_set_client = @saved_cs_client */;

--
-- Dumping data for table `car_model_master_tbl`
--

LOCK TABLES `car_model_master_tbl` WRITE;
/*!40000 ALTER TABLE `car_model_master_tbl` DISABLE KEYS */;
INSERT INTO `car_model_master_tbl` VALUES (1,'AUDI','Y','2019-10-04 13:34:48'),(2,'BENTLEY','Y','2019-10-04 13:34:48'),(3,'BMW','Y','2019-10-04 13:34:49'),(4,'DC','Y','2019-10-04 13:34:50'),(5,'FIAT','Y','2019-10-04 13:34:50'),(6,'FORD','Y','2019-10-04 13:34:51'),(7,'HYUNDAI','Y','2019-10-04 13:34:51'),(8,'JAGUAR','Y','2019-10-04 13:34:52'),(9,'LAND ROVER','Y','2019-10-04 13:34:53'),(10,'MAHINDRA','Y','2019-10-04 13:34:53'),(11,'MARITI SUZUKI','Y','2019-10-04 13:34:54'),(12,'MERCEDES BENZ','Y','2019-10-04 13:34:54'),(13,'MINI','Y','2019-10-04 13:34:55'),(14,'MITSUBISHI','Y','2019-10-04 13:34:55'),(15,'NISSAN','Y','2019-10-07 04:31:40'),(16,'PORSCHE','Y','2019-11-25 11:29:18'),(17,'RENAULT','Y','2019-11-25 11:29:18'),(18,'SKODA','Y','2019-11-25 11:29:18'),(19,'TOYOTA','Y','2019-11-25 11:29:19'),(20,'VOLVO','Y','2019-11-25 11:29:19'),(21,'OTHER','N','2019-11-25 11:29:19'),(22,'HONDA','Y','2020-02-20 11:34:43');
/*!40000 ALTER TABLE `car_model_master_tbl` ENABLE KEYS */;
UNLOCK TABLES;

--
-- Table structure for table `city_master_tbl`
--

DROP TABLE IF EXISTS `city_master_tbl`;
/*!40101 SET @saved_cs_client     = @@character_set_client */;
/*!40101 SET character_set_client = utf8 */;
CREATE TABLE `city_master_tbl` (
  `city_id` int(11) NOT NULL AUTO_INCREMENT,
  `city` varchar(120) NOT NULL,
  `state_id` int(10) DEFAULT NULL,
  `is_active` char(1) NOT NULL DEFAULT 'Y',
  `created_on` timestamp NOT NULL DEFAULT CURRENT_TIMESTAMP,
  `last_updated_on` timestamp NOT NULL DEFAULT CURRENT_TIMESTAMP ON UPDATE CURRENT_TIMESTAMP,
  PRIMARY KEY (`city_id`)
) ENGINE=InnoDB AUTO_INCREMENT=661 DEFAULT CHARSET=latin1;
/*!40101 SET character_set_client = @saved_cs_client */;

--
-- Dumping data for table `city_master_tbl`
--

LOCK TABLES `city_master_tbl` WRITE;
/*!40000 ALTER TABLE `city_master_tbl` DISABLE KEYS */;
INSERT INTO `city_master_tbl` VALUES (1,'NEW DELHI',10,'Y','2018-12-04 06:18:24','2020-01-03 10:02:53'),(2,'GURGAON',13,'Y','2019-01-25 10:27:58','2020-01-03 10:02:53'),(3,'JAIPUR',29,'Y','2019-01-25 10:27:58','2020-01-03 10:02:54'),(4,'JALINDER',28,'Y','2019-01-25 10:27:58','2020-01-03 10:02:54'),(5,'LUDHIANA',28,'Y','2019-01-25 10:27:58','2020-01-03 10:02:54'),(6,'KOTA ',29,'Y','2019-09-18 09:53:26','2020-01-03 10:02:54'),(7,'KUNDALI',13,'Y','2019-10-04 13:08:22','2020-01-03 10:02:54'),(8,'DELHI',10,'Y','2019-12-05 05:22:23','2020-01-03 10:02:54'),(9,'DWARKA',12,'Y','2019-12-05 05:22:23','2020-01-03 10:02:54'),(10,'INDORE',20,'Y','2019-12-05 05:22:23','2020-01-03 10:02:54'),(11,'MOHALI',28,'Y','2019-12-05 05:22:24','2020-01-03 10:02:55'),(12,'MUMBAI',21,'Y','2019-12-05 05:22:24','2020-01-03 10:02:55'),(13,'NOIDA',34,'Y','2019-12-05 05:22:24','2020-01-03 10:02:55'),(14,'BADDI ',14,'Y','2019-12-05 05:22:24','2020-02-20 10:07:05'),(15,'REWARI',13,'Y','2019-12-05 05:22:24','2020-01-03 10:02:55'),(16,'SONIPAT',13,'Y','2019-12-05 05:22:24','2020-01-03 10:02:55'),(17,'CHANDIGARH',6,'Y','2019-12-09 13:58:47','2020-01-03 10:02:55'),(18,'DEHRADUN',35,'Y','2019-12-09 13:59:53','2020-01-03 10:02:55'),(19,'GOA',11,'Y','2019-12-09 14:00:44','2020-01-03 10:02:56'),(20,'GORAKHPUR',34,'Y','2019-12-09 14:01:09','2020-01-03 10:02:56'),(21,'BIHAR',5,'Y','2019-12-09 14:01:42','2020-02-20 10:13:00'),(22,'HARIDWAR',35,'Y','2019-12-09 14:02:21','2020-01-03 10:02:56'),(23,'KARNAL',13,'Y','2019-12-09 14:02:58','2020-01-03 10:02:56'),(24,'KOLKATA',36,'Y','2019-12-09 14:03:23','2020-01-03 10:02:56'),(25,'MATHURA',34,'Y','2019-12-09 14:04:01','2020-01-03 10:02:56'),(26,'PUNE',21,'Y','2019-12-09 14:04:53','2020-01-03 10:02:56'),(27,'FARIDABAD',13,'Y','2019-12-11 11:26:23','2020-01-03 10:02:57'),(28,'DERA  BASSI',28,'Y','2020-01-01 08:59:43','2020-02-20 10:17:37'),(29,'ADILABAD',32,'Y','2020-01-03 09:51:54','2020-01-23 07:25:02'),(30,'ANANTAPUR',2,'Y','2020-01-03 09:53:33','2020-01-03 09:53:33'),(31,'CHITTOOR',2,'Y','2020-01-03 09:53:33','2020-01-03 09:53:33'),(32,'KAKINADA',2,'Y','2020-01-03 09:53:33','2020-01-03 09:53:33'),(33,'GUNTUR',2,'Y','2020-01-03 09:53:33','2020-01-03 09:53:33'),(34,'HYDERABAD',32,'Y','2020-01-03 09:53:33','2020-01-23 07:25:01'),(35,'KARIMNAGAR',32,'Y','2020-01-03 09:53:33','2020-01-23 07:25:02'),(36,'KHAMMAM',32,'Y','2020-01-03 09:53:33','2020-01-23 07:25:02'),(37,'KRISHNA',2,'Y','2020-01-03 09:53:34','2020-01-03 09:53:34'),(38,'KURNOOL',2,'Y','2020-01-03 09:53:34','2020-01-03 09:53:34'),(39,'MAHBUBNAGAR',2,'N','2020-01-03 09:53:34','2020-02-21 07:27:09'),(40,'MEDAK',2,'N','2020-01-03 09:53:34','2020-02-21 07:27:09'),(41,'NALGONDA',32,'Y','2020-01-03 09:53:34','2020-01-23 07:25:02'),(42,'NIZAMABAD',32,'Y','2020-01-03 09:53:34','2020-01-23 07:25:01'),(43,'ONGOLE',2,'Y','2020-01-03 09:53:34','2020-01-03 09:53:34'),(44,'ANDAMAN & NICOBAR ISLANDS',1,'Y','2020-01-03 09:53:34','2020-01-23 07:28:42'),(45,'SRIKAKULAM',2,'Y','2020-01-03 09:53:34','2020-01-03 09:53:34'),(46,'NELLORE',2,'Y','2020-01-03 09:53:34','2020-01-03 09:53:34'),(47,'VISAKHAPATNAM',2,'Y','2020-01-03 09:53:34','2020-01-03 09:53:34'),(48,'VIZIANAGARAM',2,'Y','2020-01-03 09:53:34','2020-01-03 09:53:34'),(49,'WARANGAL',32,'Y','2020-01-03 09:53:35','2020-01-23 07:25:01'),(50,'ELURU',2,'Y','2020-01-03 09:53:35','2020-01-03 09:53:35'),(51,'KADAPA',2,'Y','2020-01-03 09:53:35','2020-01-03 09:53:35'),(52,'ANJAW',3,'Y','2020-01-03 09:53:35','2020-01-03 09:53:35'),(53,'CHANGLANG',3,'Y','2020-01-03 09:53:35','2020-01-03 09:53:35'),(54,'EAST SIANG',3,'Y','2020-01-03 09:53:35','2020-01-03 09:53:35'),(55,'KURUNG KUMEY',3,'Y','2020-01-03 09:53:35','2020-01-03 09:53:35'),(56,'LOHIT',3,'Y','2020-01-03 09:53:35','2020-01-03 09:53:35'),(57,'LOWER DIBANG VALLEY',3,'Y','2020-01-03 09:53:35','2020-01-03 09:53:35'),(58,'LOWER SUBANSIRI',3,'Y','2020-01-03 09:53:35','2020-01-03 09:53:35'),(59,'PAPUM PARE',3,'Y','2020-01-03 09:53:35','2020-01-03 09:53:35'),(60,'TAWANG',3,'Y','2020-01-03 09:53:36','2020-01-03 09:53:36'),(61,'TIRAP',3,'Y','2020-01-03 09:53:36','2020-01-03 09:53:36'),(62,'DIBANG VALLEY',3,'Y','2020-01-03 09:53:36','2020-01-03 09:53:36'),(63,'UPPER SIANG',3,'Y','2020-01-03 09:53:36','2020-01-03 09:53:36'),(64,'UPPER SUBANSIRI',3,'Y','2020-01-03 09:53:36','2020-01-03 09:53:36'),(65,'WEST KAMENG',3,'Y','2020-01-03 09:53:36','2020-01-03 09:53:36'),(66,'WEST SIANG',3,'Y','2020-01-03 09:53:36','2020-01-03 09:53:36'),(67,'BAKSA',4,'Y','2020-01-03 09:53:36','2020-01-03 09:53:36'),(68,'BARPETA',4,'Y','2020-01-03 09:53:36','2020-01-03 09:53:36'),(69,'BONGAIGAON',4,'Y','2020-01-03 09:53:36','2020-01-03 09:53:36'),(70,'CACHAR',4,'Y','2020-01-03 09:53:36','2020-01-03 09:53:36'),(71,'CHIRANG',4,'Y','2020-01-03 09:53:36','2020-01-03 09:53:36'),(72,'DARRANG',4,'Y','2020-01-03 09:53:36','2020-01-03 09:53:36'),(73,'DHEMAJI',4,'Y','2020-01-03 09:53:36','2020-01-03 09:53:36'),(74,'DIMA HASAO',4,'Y','2020-01-03 09:53:36','2020-01-03 09:53:36'),(75,'DHUBRI',4,'Y','2020-01-03 09:53:36','2020-01-03 09:53:36'),(76,'DIBRUGARH',4,'Y','2020-01-03 09:53:36','2020-01-03 09:53:36'),(77,'GOALPARA',4,'Y','2020-01-03 09:53:36','2020-01-03 09:53:36'),(78,'GOLAGHAT',4,'Y','2020-01-03 09:53:36','2020-01-03 09:53:36'),(79,'HAILAKANDI',4,'Y','2020-01-03 09:53:37','2020-01-03 09:53:37'),(80,'JORHAT',4,'Y','2020-01-03 09:53:37','2020-01-03 09:53:37'),(81,'KAMRUP',4,'Y','2020-01-03 09:53:37','2020-01-03 09:53:37'),(82,'KAMRUP METROPOLITAN',4,'Y','2020-01-03 09:53:37','2020-01-03 09:53:37'),(83,'KARBI ANGLONG',4,'Y','2020-01-03 09:53:37','2020-01-03 09:53:37'),(84,'KARIMGANJ',4,'Y','2020-01-03 09:53:37','2020-01-03 09:53:37'),(85,'KOKRAJHAR',4,'Y','2020-01-03 09:53:37','2020-01-03 09:53:37'),(86,'LAKHIMPUR',4,'Y','2020-01-03 09:53:37','2020-01-03 09:53:37'),(87,'MARIGAON',4,'Y','2020-01-03 09:53:37','2020-01-03 09:53:37'),(88,'NAGAON',4,'Y','2020-01-03 09:53:37','2020-01-03 09:53:37'),(89,'NALBARI',4,'Y','2020-01-03 09:53:37','2020-01-03 09:53:37'),(90,'SIBSAGAR',4,'Y','2020-01-03 09:53:37','2020-01-03 09:53:37'),(91,'SONITPUR',4,'Y','2020-01-03 09:53:37','2020-01-03 09:53:37'),(92,'TINSUKIA',4,'Y','2020-01-03 09:53:37','2020-01-03 09:53:37'),(93,'UDALGURI',4,'Y','2020-01-03 09:53:37','2020-01-03 09:53:37'),(94,'ARARIA',5,'Y','2020-01-03 09:53:38','2020-01-03 09:53:38'),(95,'ARWAL',5,'Y','2020-01-03 09:53:38','2020-01-03 09:53:38'),(96,'AURANGABAD',5,'Y','2020-01-03 09:53:38','2020-01-03 09:53:38'),(97,'BANKA',5,'Y','2020-01-03 09:53:38','2020-01-03 09:53:38'),(98,'BEGUSARAI',5,'Y','2020-01-03 09:53:38','2020-01-03 09:53:38'),(99,'BHAGALPUR',5,'Y','2020-01-03 09:53:38','2020-01-03 09:53:38'),(100,'BHOJPUR',5,'Y','2020-01-03 09:53:38','2020-01-03 09:53:38'),(101,'BUXAR',5,'Y','2020-01-03 09:53:38','2020-01-03 09:53:38'),(102,'DARBHANGA',5,'Y','2020-01-03 09:53:38','2020-01-03 09:53:38'),(103,'EAST CHAMPARAN',5,'Y','2020-01-03 09:53:39','2020-01-03 09:53:39'),(104,'GAYA',5,'Y','2020-01-03 09:53:39','2020-01-03 09:53:39'),(105,'GOPALGANJ',5,'Y','2020-01-03 09:53:39','2020-01-03 09:53:39'),(106,'JAMUI',5,'Y','2020-01-03 09:53:39','2020-01-03 09:53:39'),(107,'JEHANABAD',5,'Y','2020-01-03 09:53:39','2020-01-03 09:53:39'),(108,'KAIMUR',5,'Y','2020-01-03 09:53:39','2020-01-03 09:53:39'),(109,'KATIHAR',5,'Y','2020-01-03 09:53:39','2020-01-03 09:53:39'),(110,'KHAGARIA',5,'Y','2020-01-03 09:53:39','2020-01-03 09:53:39'),(111,'KISHANGANJ',5,'Y','2020-01-03 09:53:39','2020-01-03 09:53:39'),(112,'LAKHISARAI',5,'Y','2020-01-03 09:53:39','2020-01-03 09:53:39'),(113,'MADHEPURA',5,'Y','2020-01-03 09:53:39','2020-01-03 09:53:39'),(114,'MADHUBANI',5,'Y','2020-01-03 09:53:39','2020-01-03 09:53:39'),(115,'MUNGER',5,'Y','2020-01-03 09:53:39','2020-01-03 09:53:39'),(116,'MUZAFFARPUR',5,'Y','2020-01-03 09:53:40','2020-01-03 09:53:40'),(117,'NALANDA',5,'Y','2020-01-03 09:53:40','2020-01-03 09:53:40'),(118,'NAWADA',5,'Y','2020-01-03 09:53:40','2020-01-03 09:53:40'),(119,'PATNA',5,'Y','2020-01-03 09:53:40','2020-01-03 09:53:40'),(120,'PURNIA',5,'Y','2020-01-03 09:53:40','2020-01-03 09:53:40'),(121,'ROHTAS',5,'Y','2020-01-03 09:53:40','2020-01-03 09:53:40'),(122,'SAHARSA',5,'Y','2020-01-03 09:53:40','2020-01-03 09:53:40'),(123,'SAMASTIPUR',5,'Y','2020-01-03 09:53:40','2020-01-03 09:53:40'),(124,'SARAN',5,'Y','2020-01-03 09:53:40','2020-01-03 09:53:40'),(125,'SHEIKHPURA',5,'Y','2020-01-03 09:53:40','2020-01-03 09:53:40'),(126,'SHEOHAR',5,'Y','2020-01-03 09:53:40','2020-01-03 09:53:40'),(127,'SITAMARHI',5,'Y','2020-01-03 09:53:40','2020-01-03 09:53:40'),(128,'SIWAN',5,'Y','2020-01-03 09:53:40','2020-01-03 09:53:40'),(129,'SUPAUL',5,'Y','2020-01-03 09:53:40','2020-01-03 09:53:40'),(130,'VAISHALI',5,'Y','2020-01-03 09:53:41','2020-01-03 09:53:41'),(131,'WEST CHAMPARAN',5,'Y','2020-01-03 09:53:41','2020-01-03 09:53:41'),(132,'BASTAR',7,'Y','2020-01-03 09:53:41','2020-01-03 09:53:41'),(133,'BIJAPUR',7,'Y','2020-01-03 09:53:41','2020-01-03 09:53:41'),(134,'BILASPUR',7,'Y','2020-01-03 09:53:41','2020-01-03 09:53:41'),(135,'DANTEWADA',7,'Y','2020-01-03 09:53:41','2020-01-03 09:53:41'),(136,'DHAMTARI',7,'Y','2020-01-03 09:53:41','2020-01-03 09:53:41'),(137,'DURG',7,'Y','2020-01-03 09:53:41','2020-01-03 09:53:41'),(138,'JASHPUR',7,'Y','2020-01-03 09:53:41','2020-01-03 09:53:41'),(139,'JANJGIR-CHAMPA',7,'Y','2020-01-03 09:53:41','2020-01-03 09:53:41'),(140,'KORBA',7,'Y','2020-01-03 09:53:41','2020-01-03 09:53:41'),(141,'KORIYA',7,'Y','2020-01-03 09:53:42','2020-01-03 09:53:42'),(142,'KANKER',7,'Y','2020-01-03 09:53:42','2020-01-03 09:53:42'),(143,'KABIRDHAM (KAWARDHA)',7,'Y','2020-01-03 09:53:42','2020-01-03 09:53:42'),(144,'MAHASAMUND',7,'Y','2020-01-03 09:53:42','2020-01-03 09:53:42'),(145,'NARAYANPUR',7,'Y','2020-01-03 09:53:42','2020-01-03 09:53:42'),(146,'RAIGARH',7,'Y','2020-01-03 09:53:42','2020-01-03 09:53:42'),(147,'RAJNANDGAON',7,'Y','2020-01-03 09:53:42','2020-01-03 09:53:42'),(148,'RAIPUR',7,'Y','2020-01-03 09:53:42','2020-01-03 09:53:42'),(149,'SURGUJA',7,'Y','2020-01-03 09:53:42','2020-01-03 09:53:42'),(150,'DADRA AND NAGAR HAVELI',8,'Y','2020-01-03 09:53:42','2020-01-03 09:53:42'),(151,'DAMAN',9,'Y','2020-01-03 09:53:42','2020-01-03 09:53:42'),(152,'DIU',9,'Y','2020-01-03 09:53:42','2020-01-03 09:53:42'),(153,'SOUTH GOA',11,'Y','2020-01-03 09:53:42','2020-01-03 09:53:42'),(154,'AHMEDABAD',12,'Y','2020-01-03 09:53:43','2020-01-03 09:53:43'),(155,'AMRELI DISTRICT',12,'Y','2020-01-03 09:53:43','2020-01-03 09:53:43'),(156,'ANAND',12,'Y','2020-01-03 09:53:43','2020-01-03 09:53:43'),(157,'BANASKANTHA',12,'Y','2020-01-03 09:53:43','2020-01-03 09:53:43'),(158,'BHARUCH',12,'Y','2020-01-03 09:53:43','2020-01-03 09:53:43'),(159,'BHAVNAGAR',12,'Y','2020-01-03 09:53:43','2020-01-03 09:53:43'),(160,'DAHOD',12,'Y','2020-01-03 09:53:43','2020-01-03 09:53:43'),(161,'THE DANGS',12,'Y','2020-01-03 09:53:43','2020-01-03 09:53:43'),(162,'GANDHINAGAR',12,'Y','2020-01-03 09:53:43','2020-01-03 09:53:43'),(163,'JAMNAGAR',12,'Y','2020-01-03 09:53:43','2020-01-03 09:53:43'),(164,'JUNAGADH',12,'Y','2020-01-03 09:53:43','2020-01-03 09:53:43'),(165,'KUTCH',12,'Y','2020-01-03 09:53:43','2020-01-03 09:53:43'),(166,'KHEDA',12,'Y','2020-01-03 09:53:44','2020-01-03 09:53:44'),(167,'MEHSANA',12,'Y','2020-01-03 09:53:44','2020-01-03 09:53:44'),(168,'NARMADA',12,'Y','2020-01-03 09:53:44','2020-01-03 09:53:44'),(169,'NAVSARI',12,'Y','2020-01-03 09:53:44','2020-01-03 09:53:44'),(170,'PATAN',12,'Y','2020-01-03 09:53:44','2020-01-03 09:53:44'),(171,'PANCHMAHAL',12,'Y','2020-01-03 09:53:44','2020-01-03 09:53:44'),(172,'PORBANDAR',12,'Y','2020-01-03 09:53:44','2020-01-03 09:53:44'),(173,'RAJKOT',12,'Y','2020-01-03 09:53:44','2020-01-03 09:53:44'),(174,'SABARKANTHA',12,'Y','2020-01-03 09:53:44','2020-01-03 09:53:44'),(175,'SURENDRANAGAR',12,'Y','2020-01-03 09:53:44','2020-01-03 09:53:44'),(176,'SURAT',12,'Y','2020-01-03 09:53:44','2020-01-03 09:53:44'),(177,'VYARA',12,'Y','2020-01-03 09:53:44','2020-01-03 09:53:44'),(178,'VADODARA',12,'Y','2020-01-03 09:53:44','2020-01-03 09:53:44'),(179,'VALSAD',12,'Y','2020-01-03 09:53:44','2020-01-03 09:53:44'),(180,'AMBALA',13,'Y','2020-01-03 09:53:44','2020-01-03 09:53:44'),(181,'BHIWANI',13,'Y','2020-01-03 09:53:44','2020-01-03 09:53:44'),(182,'FATEHABAD',13,'Y','2020-01-03 09:53:45','2020-01-03 09:53:45'),(183,'HISSAR',13,'Y','2020-01-03 09:53:45','2020-01-03 09:53:45'),(184,'JHAJJAR',13,'Y','2020-01-03 09:53:45','2020-01-03 09:53:45'),(185,'JIND',13,'Y','2020-01-03 09:53:45','2020-01-03 09:53:45'),(186,'KAITHAL',13,'Y','2020-01-03 09:53:45','2020-01-03 09:53:45'),(187,'KURUKSHETRA',13,'Y','2020-01-03 09:53:45','2020-01-03 09:53:45'),(188,'MAHENDRAGARH',13,'Y','2020-01-03 09:53:45','2020-01-03 09:53:45'),(189,'MEWAT',13,'Y','2020-01-03 09:53:45','2020-01-03 09:53:45'),(190,'PALWAL',13,'Y','2020-01-03 09:53:45','2020-01-03 09:53:45'),(191,'PANCHKULA',13,'Y','2020-01-03 09:53:45','2020-01-03 09:53:45'),(192,'PANIPAT',13,'Y','2020-01-03 09:53:45','2020-01-03 09:53:45'),(193,'ROHTAK',13,'Y','2020-01-03 09:53:45','2020-01-03 09:53:45'),(194,'SIRSA',13,'Y','2020-01-03 09:53:45','2020-01-03 09:53:45'),(195,'YAMUNA NAGAR',13,'Y','2020-01-03 09:53:45','2020-01-03 09:53:45'),(196,'GHARAUNDA',13,'Y','2020-01-03 09:53:46','2020-02-20 12:41:33'),(197,'CHAMBA',14,'Y','2020-01-03 09:53:46','2020-01-03 09:53:46'),(198,'HAMIRPUR',14,'Y','2020-01-03 09:53:46','2020-01-03 09:53:46'),(199,'KANGRA',14,'Y','2020-01-03 09:53:46','2020-01-03 09:53:46'),(200,'KINNAUR',14,'Y','2020-01-03 09:53:46','2020-01-03 09:53:46'),(201,'KULLU',14,'Y','2020-01-03 09:53:46','2020-01-03 09:53:46'),(202,'LAHAUL AND SPITI',14,'Y','2020-01-03 09:53:46','2020-01-03 09:53:46'),(203,'MANDI',14,'Y','2020-01-03 09:53:46','2020-01-03 09:53:46'),(204,'SHIMLA',14,'Y','2020-01-03 09:53:46','2020-01-03 09:53:46'),(205,'SIRMAUR',14,'Y','2020-01-03 09:53:46','2020-01-03 09:53:46'),(206,'SOLAN',14,'Y','2020-01-03 09:53:46','2020-01-03 09:53:46'),(207,'UNA',14,'Y','2020-01-03 09:53:46','2020-01-03 09:53:46'),(208,'ANANTNAG',15,'Y','2020-01-03 09:53:46','2020-01-03 09:53:46'),(209,'BADGAM',15,'Y','2020-01-03 09:53:46','2020-01-03 09:53:46'),(210,'BANDIPORA',15,'Y','2020-01-03 09:53:46','2020-01-03 09:53:46'),(211,'BARAMULLA',15,'Y','2020-01-03 09:53:47','2020-01-03 09:53:47'),(212,'DODA',15,'Y','2020-01-03 09:53:47','2020-01-03 09:53:47'),(213,'GANDERBAL',15,'Y','2020-01-03 09:53:47','2020-01-03 09:53:47'),(214,'JAMMU',15,'Y','2020-01-03 09:53:47','2020-01-03 09:53:47'),(215,'KARGIL',15,'Y','2020-01-03 09:53:47','2020-01-03 09:53:47'),(216,'KATHUA',15,'Y','2020-01-03 09:53:47','2020-01-03 09:53:47'),(217,'KISHTWAR',15,'Y','2020-01-03 09:53:47','2020-01-03 09:53:47'),(218,'KUPWARA',15,'Y','2020-01-03 09:53:47','2020-01-03 09:53:47'),(219,'KULGAM',15,'Y','2020-01-03 09:53:47','2020-01-03 09:53:47'),(220,'LEH',15,'Y','2020-01-03 09:53:47','2020-01-03 09:53:47'),(221,'POONCH',15,'Y','2020-01-03 09:53:47','2020-01-03 09:53:47'),(222,'PULWAMA',15,'Y','2020-01-03 09:53:47','2020-01-03 09:53:47'),(223,'RAJAURI',15,'Y','2020-01-03 09:53:47','2020-01-03 09:53:47'),(224,'RAMBAN',15,'Y','2020-01-03 09:53:47','2020-01-03 09:53:47'),(225,'REASI',15,'Y','2020-01-03 09:53:47','2020-01-03 09:53:47'),(226,'SAMBA',15,'Y','2020-01-03 09:53:48','2020-01-03 09:53:48'),(227,'SHOPIAN',15,'Y','2020-01-03 09:53:48','2020-01-03 09:53:48'),(228,'SRINAGAR',15,'Y','2020-01-03 09:53:48','2020-01-03 09:53:48'),(229,'UDHAMPUR',15,'Y','2020-01-03 09:53:48','2020-01-03 09:53:48'),(230,'BOKARO',16,'Y','2020-01-03 09:53:48','2020-01-03 09:53:48'),(231,'CHATRA',16,'Y','2020-01-03 09:53:48','2020-01-03 09:53:48'),(232,'DEOGHAR',16,'Y','2020-01-03 09:53:48','2020-01-03 09:53:48'),(233,'DHANBAD',16,'Y','2020-01-03 09:53:48','2020-01-03 09:53:48'),(234,'DUMKA',16,'Y','2020-01-03 09:53:48','2020-01-03 09:53:48'),(235,'EAST SINGHBHUM',16,'Y','2020-01-03 09:53:48','2020-01-03 09:53:48'),(236,'GARHWA',16,'Y','2020-01-03 09:53:48','2020-01-03 09:53:48'),(237,'GIRIDIH',16,'Y','2020-01-03 09:53:48','2020-01-03 09:53:48'),(238,'GODDA',16,'Y','2020-01-03 09:53:48','2020-01-03 09:53:48'),(239,'GUMLA',16,'Y','2020-01-03 09:53:48','2020-01-03 09:53:48'),(240,'HAZARIBAG',16,'Y','2020-01-03 09:53:48','2020-01-03 09:53:48'),(241,'JAMTARA',16,'Y','2020-01-03 09:53:49','2020-01-03 09:53:49'),(242,'KHUNTI',16,'Y','2020-01-03 09:53:49','2020-01-03 09:53:49'),(243,'KODERMA',16,'Y','2020-01-03 09:53:49','2020-01-03 09:53:49'),(244,'LATEHAR',16,'Y','2020-01-03 09:53:49','2020-01-03 09:53:49'),(245,'LOHARDAGA',16,'Y','2020-01-03 09:53:49','2020-01-03 09:53:49'),(246,'PAKUR',16,'Y','2020-01-03 09:53:49','2020-01-03 09:53:49'),(247,'PALAMU',16,'Y','2020-01-03 09:53:49','2020-01-03 09:53:49'),(248,'RAMGARH',16,'Y','2020-01-03 09:53:49','2020-01-03 09:53:49'),(249,'RANCHI',16,'Y','2020-01-03 09:53:49','2020-01-03 09:53:49'),(250,'SAHIBGANJ',16,'Y','2020-01-03 09:53:49','2020-01-03 09:53:49'),(251,'SERAIKELA KHARSAWAN',16,'Y','2020-01-03 09:53:49','2020-01-03 09:53:49'),(252,'SIMDEGA',16,'Y','2020-01-03 09:53:49','2020-01-03 09:53:49'),(253,'WEST SINGHBHUM',16,'Y','2020-01-03 09:53:49','2020-01-03 09:53:49'),(254,'BAGALKOT',17,'Y','2020-01-03 09:53:50','2020-01-03 09:53:50'),(255,'BANGALORE RURAL',17,'Y','2020-01-03 09:53:50','2020-01-03 09:53:50'),(256,'BANGALORE URBAN',17,'Y','2020-01-03 09:53:50','2020-01-03 09:53:50'),(257,'BELGAUM',17,'Y','2020-01-03 09:53:50','2020-01-03 09:53:50'),(258,'BELLARY',17,'Y','2020-01-03 09:53:50','2020-01-03 09:53:50'),(259,'BIDAR',17,'Y','2020-01-03 09:53:50','2020-01-03 09:53:50'),(260,'BIJAPUR',17,'Y','2020-01-03 09:53:50','2020-01-03 09:53:50'),(261,'CHAMARAJNAGAR',17,'Y','2020-01-03 09:53:50','2020-01-03 09:53:50'),(262,'CHIKKAMAGALURU',17,'Y','2020-01-03 09:53:50','2020-01-03 09:53:50'),(263,'CHIKKABALLAPUR',17,'Y','2020-01-03 09:53:51','2020-01-03 09:53:51'),(264,'CHITRADURGA',17,'Y','2020-01-03 09:53:51','2020-01-03 09:53:51'),(265,'DAVANAGERE',17,'Y','2020-01-03 09:53:51','2020-01-03 09:53:51'),(266,'DHARWAD',17,'Y','2020-01-03 09:53:51','2020-01-03 09:53:51'),(267,'DAKSHINA KANNADA',17,'Y','2020-01-03 09:53:51','2020-01-03 09:53:51'),(268,'GADAG',17,'Y','2020-01-03 09:53:51','2020-01-03 09:53:51'),(269,'GULBARGA',17,'Y','2020-01-03 09:53:51','2020-01-03 09:53:51'),(270,'HASSAN',17,'Y','2020-01-03 09:53:51','2020-01-03 09:53:51'),(271,'HAVERI DISTRICT',17,'Y','2020-01-03 09:53:51','2020-01-03 09:53:51'),(272,'KODAGU',17,'Y','2020-01-03 09:53:51','2020-01-03 09:53:51'),(273,'KOLAR',17,'Y','2020-01-03 09:53:51','2020-01-03 09:53:51'),(274,'KOPPAL',17,'Y','2020-01-03 09:53:51','2020-01-03 09:53:51'),(275,'MANDYA',17,'Y','2020-01-03 09:53:51','2020-01-03 09:53:51'),(276,'MYSORE',17,'Y','2020-01-03 09:53:52','2020-01-03 09:53:52'),(277,'RAICHUR',17,'Y','2020-01-03 09:53:52','2020-01-03 09:53:52'),(278,'SHIMOGA',17,'Y','2020-01-03 09:53:52','2020-01-03 09:53:52'),(279,'TUMKUR',17,'Y','2020-01-03 09:53:52','2020-01-03 09:53:52'),(280,'UDUPI',17,'Y','2020-01-03 09:53:52','2020-01-03 09:53:52'),(281,'UTTARA KANNADA',17,'Y','2020-01-03 09:53:52','2020-01-03 09:53:52'),(282,'RAMANAGARA',17,'Y','2020-01-03 09:53:52','2020-01-03 09:53:52'),(283,'YADGIR',17,'Y','2020-01-03 09:53:52','2020-01-03 09:53:52'),(284,'ALAPPUZHA',18,'Y','2020-01-03 09:53:52','2020-01-03 09:53:52'),(285,'ERNAKULAM',18,'Y','2020-01-03 09:53:52','2020-01-03 09:53:52'),(286,'IDUKKI',18,'Y','2020-01-03 09:53:52','2020-01-03 09:53:52'),(287,'KANNUR',18,'Y','2020-01-03 09:53:52','2020-01-03 09:53:52'),(288,'KASARAGOD',18,'Y','2020-01-03 09:53:52','2020-01-03 09:53:52'),(289,'KOLLAM',18,'Y','2020-01-03 09:53:52','2020-01-03 09:53:52'),(290,'KOTTAYAM',18,'Y','2020-01-03 09:53:52','2020-01-03 09:53:52'),(291,'KOZHIKODE',18,'Y','2020-01-03 09:53:53','2020-01-03 09:53:53'),(292,'MALAPPURAM',18,'Y','2020-01-03 09:53:53','2020-01-03 09:53:53'),(293,'PALAKKAD',18,'Y','2020-01-03 09:53:53','2020-01-03 09:53:53'),(294,'PATHANAMTHITTA',18,'Y','2020-01-03 09:53:53','2020-01-03 09:53:53'),(295,'THRISSUR',18,'Y','2020-01-03 09:53:53','2020-01-03 09:53:53'),(296,'THIRUVANANTHAPURAM',18,'Y','2020-01-03 09:53:53','2020-01-03 09:53:53'),(297,'WAYANAD',18,'Y','2020-01-03 09:53:53','2020-01-03 09:53:53'),(298,'ALIRAJPUR',20,'Y','2020-01-03 09:53:53','2020-01-03 09:53:53'),(299,'ANUPPUR',20,'Y','2020-01-03 09:53:53','2020-01-03 09:53:53'),(300,'ASHOK NAGAR',20,'Y','2020-01-03 09:53:53','2020-01-03 09:53:53'),(301,'BALAGHAT',20,'Y','2020-01-03 09:53:53','2020-01-03 09:53:53'),(302,'BARWANI',20,'Y','2020-01-03 09:53:53','2020-01-03 09:53:53'),(303,'BETUL',20,'Y','2020-01-03 09:53:53','2020-01-03 09:53:53'),(304,'BHIND',20,'Y','2020-01-03 09:53:53','2020-01-03 09:53:53'),(305,'BHOPAL',20,'Y','2020-01-03 09:53:54','2020-01-03 09:53:54'),(306,'BURHANPUR',20,'Y','2020-01-03 09:53:54','2020-01-03 09:53:54'),(307,'CHHATARPUR',20,'Y','2020-01-03 09:53:54','2020-01-03 09:53:54'),(308,'CHHINDWARA',20,'Y','2020-01-03 09:53:54','2020-01-03 09:53:54'),(309,'DAMOH',20,'Y','2020-01-03 09:53:54','2020-01-03 09:53:54'),(310,'DATIA',20,'Y','2020-01-03 09:53:54','2020-01-03 09:53:54'),(311,'DEWAS',20,'Y','2020-01-03 09:53:54','2020-01-03 09:53:54'),(312,'DHAR',20,'Y','2020-01-03 09:53:54','2020-01-03 09:53:54'),(313,'DINDORI',20,'Y','2020-01-03 09:53:54','2020-01-03 09:53:54'),(314,'GUNA',20,'Y','2020-01-03 09:53:54','2020-01-03 09:53:54'),(315,'GWALIOR',20,'Y','2020-01-03 09:53:54','2020-01-03 09:53:54'),(316,'HARDA',20,'Y','2020-01-03 09:53:55','2020-01-03 09:53:55'),(317,'HOSHANGABAD',20,'Y','2020-01-03 09:53:55','2020-01-03 09:53:55'),(318,'JABALPUR',20,'Y','2020-01-03 09:53:55','2020-01-03 09:53:55'),(319,'JHABUA',20,'Y','2020-01-03 09:53:55','2020-01-03 09:53:55'),(320,'KATNI',20,'Y','2020-01-03 09:53:55','2020-01-03 09:53:55'),(321,'KHANDWA (EAST NIMAR)',20,'Y','2020-01-03 09:53:55','2020-01-03 09:53:55'),(322,'KHARGONE (WEST NIMAR)',20,'Y','2020-01-03 09:53:55','2020-01-03 09:53:55'),(323,'MANDLA',20,'Y','2020-01-03 09:53:56','2020-01-03 09:53:56'),(324,'MANDSAUR',20,'Y','2020-01-03 09:53:56','2020-01-03 09:53:56'),(325,'MORENA',20,'Y','2020-01-03 09:53:56','2020-01-03 09:53:56'),(326,'NARSINGHPUR',20,'Y','2020-01-03 09:53:56','2020-01-03 09:53:56'),(327,'NEEMUCH',20,'Y','2020-01-03 09:53:56','2020-01-03 09:53:56'),(328,'PANNA',20,'Y','2020-01-03 09:53:56','2020-01-03 09:53:56'),(329,'REWA',20,'Y','2020-01-03 09:53:56','2020-01-03 09:53:56'),(330,'RAJGARH',20,'Y','2020-01-03 09:53:56','2020-01-03 09:53:56'),(331,'RATLAM',20,'Y','2020-01-03 09:53:56','2020-01-03 09:53:56'),(332,'RAISEN',20,'Y','2020-01-03 09:53:56','2020-01-03 09:53:56'),(333,'SAGAR',20,'Y','2020-01-03 09:53:57','2020-01-03 09:53:57'),(334,'SATNA',20,'Y','2020-01-03 09:53:57','2020-01-03 09:53:57'),(335,'SEHORE',20,'Y','2020-01-03 09:53:57','2020-01-03 09:53:57'),(336,'SEONI',20,'Y','2020-01-03 09:53:57','2020-01-03 09:53:57'),(337,'SHAHDOL',20,'Y','2020-01-03 09:53:57','2020-01-03 09:53:57'),(338,'SHAJAPUR',20,'Y','2020-01-03 09:53:57','2020-01-03 09:53:57'),(339,'SHEOPUR',20,'Y','2020-01-03 09:53:57','2020-01-03 09:53:57'),(340,'SHIVPURI',20,'Y','2020-01-03 09:53:57','2020-01-03 09:53:57'),(341,'SIDHI',20,'Y','2020-01-03 09:53:57','2020-01-03 09:53:57'),(342,'SINGRAULI',20,'Y','2020-01-03 09:53:57','2020-01-03 09:53:57'),(343,'TIKAMGARH',20,'Y','2020-01-03 09:53:57','2020-01-03 09:53:57'),(344,'UJJAIN',20,'Y','2020-01-03 09:53:57','2020-01-03 09:53:57'),(345,'UMARIA',20,'Y','2020-01-03 09:53:57','2020-01-03 09:53:57'),(346,'VIDISHA',20,'Y','2020-01-03 09:53:57','2020-01-03 09:53:57'),(347,'AHMEDNAGAR',21,'Y','2020-01-03 09:53:58','2020-01-03 09:53:58'),(348,'AKOLA',21,'Y','2020-01-03 09:53:58','2020-01-03 09:53:58'),(349,'AMRAVATI',21,'Y','2020-01-03 09:53:58','2020-01-03 09:53:58'),(350,'AURANGABAD',21,'Y','2020-01-03 09:53:58','2020-01-03 09:53:58'),(351,'BHANDARA',21,'Y','2020-01-03 09:53:58','2020-01-03 09:53:58'),(352,'BEED',21,'Y','2020-01-03 09:53:58','2020-01-03 09:53:58'),(353,'BULDHANA',21,'Y','2020-01-03 09:53:58','2020-01-03 09:53:58'),(354,'CHANDRAPUR',21,'Y','2020-01-03 09:53:58','2020-01-03 09:53:58'),(355,'DHULE',21,'Y','2020-01-03 09:53:58','2020-01-03 09:53:58'),(356,'GADCHIROLI',21,'Y','2020-01-03 09:53:59','2020-01-03 09:53:59'),(357,'GONDIA',21,'Y','2020-01-03 09:53:59','2020-01-03 09:53:59'),(358,'HINGOLI',21,'Y','2020-01-03 09:53:59','2020-01-03 09:53:59'),(359,'JALGAON',21,'Y','2020-01-03 09:53:59','2020-01-03 09:53:59'),(360,'JALNA',21,'Y','2020-01-03 09:53:59','2020-01-03 09:53:59'),(361,'KOLHAPUR',21,'Y','2020-01-03 09:53:59','2020-01-03 09:53:59'),(362,'LATUR',21,'Y','2020-01-03 09:53:59','2020-01-03 09:53:59'),(363,'MUMBAI CITY',21,'Y','2020-01-03 09:53:59','2020-01-03 09:53:59'),(364,'MUMBAI SUBURBAN',21,'Y','2020-01-03 09:53:59','2020-01-03 09:53:59'),(365,'NANDURBAR',21,'Y','2020-01-03 09:53:59','2020-01-03 09:53:59'),(366,'NANDED',21,'Y','2020-01-03 09:54:00','2020-01-03 09:54:00'),(367,'NAGPUR',21,'Y','2020-01-03 09:54:00','2020-01-03 09:54:00'),(368,'NASHIK',21,'Y','2020-01-03 09:54:00','2020-01-03 09:54:00'),(369,'OSMANABAD',21,'Y','2020-01-03 09:54:00','2020-01-03 09:54:00'),(370,'PARBHANI',21,'Y','2020-01-03 09:54:00','2020-01-03 09:54:00'),(371,'RAIGAD',21,'Y','2020-01-03 09:54:00','2020-01-03 09:54:00'),(372,'RATNAGIRI',21,'Y','2020-01-03 09:54:00','2020-01-03 09:54:00'),(373,'SINDHUDURG',21,'Y','2020-01-03 09:54:00','2020-01-03 09:54:00'),(374,'SANGLI',21,'Y','2020-01-03 09:54:00','2020-01-03 09:54:00'),(375,'SOLAPUR',21,'Y','2020-01-03 09:54:00','2020-01-03 09:54:00'),(376,'SATARA',21,'Y','2020-01-03 09:54:00','2020-01-03 09:54:00'),(377,'THANE',21,'Y','2020-01-03 09:54:00','2020-01-03 09:54:00'),(378,'WARDHA',21,'Y','2020-01-03 09:54:00','2020-01-03 09:54:00'),(379,'WASHIM',21,'Y','2020-01-03 09:54:00','2020-01-03 09:54:00'),(380,'YAVATMAL',21,'Y','2020-01-03 09:54:01','2020-01-03 09:54:01'),(381,'BISHNUPUR',22,'Y','2020-01-03 09:54:01','2020-01-03 09:54:01'),(382,'CHURACHANDPUR',22,'Y','2020-01-03 09:54:01','2020-01-03 09:54:01'),(383,'CHANDEL',22,'Y','2020-01-03 09:54:01','2020-01-03 09:54:01'),(384,'IMPHAL EAST',22,'Y','2020-01-03 09:54:01','2020-01-03 09:54:01'),(385,'SENAPATI',22,'Y','2020-01-03 09:54:01','2020-01-03 09:54:01'),(386,'TAMENGLONG',22,'Y','2020-01-03 09:54:01','2020-01-03 09:54:01'),(387,'THOUBAL',22,'Y','2020-01-03 09:54:01','2020-01-03 09:54:01'),(388,'UKHRUL',22,'Y','2020-01-03 09:54:01','2020-01-03 09:54:01'),(389,'IMPHAL WEST',22,'Y','2020-01-03 09:54:01','2020-01-03 09:54:01'),(390,'EAST GARO HILLS',23,'Y','2020-01-03 09:54:01','2020-01-03 09:54:01'),(391,'EAST KHASI HILLS',23,'Y','2020-01-03 09:54:01','2020-01-03 09:54:01'),(392,'JAINTIA HILLS',23,'Y','2020-01-03 09:54:01','2020-01-03 09:54:01'),(393,'RI BHOI',23,'Y','2020-01-03 09:54:01','2020-01-03 09:54:01'),(394,'SOUTH GARO HILLS',23,'Y','2020-01-03 09:54:01','2020-01-03 09:54:01'),(395,'WEST GARO HILLS',23,'Y','2020-01-03 09:54:01','2020-01-03 09:54:01'),(396,'WEST KHASI HILLS',23,'Y','2020-01-03 09:54:01','2020-01-03 09:54:01'),(397,'AIZAWL',24,'Y','2020-01-03 09:54:02','2020-01-03 09:54:02'),(398,'CHAMPHAI',24,'Y','2020-01-03 09:54:02','2020-01-03 09:54:02'),(399,'KOLASIB',24,'Y','2020-01-03 09:54:02','2020-01-03 09:54:02'),(400,'LAWNGTLAI',24,'Y','2020-01-03 09:54:02','2020-01-03 09:54:02'),(401,'LUNGLEI',24,'Y','2020-01-03 09:54:02','2020-01-03 09:54:02'),(402,'MAMIT',24,'Y','2020-01-03 09:54:02','2020-01-03 09:54:02'),(403,'SAIHA',24,'Y','2020-01-03 09:54:02','2020-01-03 09:54:02'),(404,'SERCHHIP',24,'Y','2020-01-03 09:54:02','2020-01-03 09:54:02'),(405,'DIMAPUR',25,'Y','2020-01-03 09:54:02','2020-01-03 09:54:02'),(406,'KOHIMA',25,'Y','2020-01-03 09:54:02','2020-01-03 09:54:02'),(407,'MOKOKCHUNG',25,'Y','2020-01-03 09:54:02','2020-01-03 09:54:02'),(408,'MON',25,'Y','2020-01-03 09:54:02','2020-01-03 09:54:02'),(409,'PHEK',25,'Y','2020-01-03 09:54:03','2020-01-03 09:54:03'),(410,'TUENSANG',25,'Y','2020-01-03 09:54:03','2020-01-03 09:54:03'),(411,'WOKHA',25,'Y','2020-01-03 09:54:03','2020-01-03 09:54:03'),(412,'ZUNHEBOTO',25,'Y','2020-01-03 09:54:03','2020-01-03 09:54:03'),(413,'ANGUL',26,'Y','2020-01-03 09:54:03','2020-01-03 09:54:03'),(414,'BOUDH (BAUDA)',26,'Y','2020-01-03 09:54:03','2020-01-03 09:54:03'),(415,'BHADRAK',26,'Y','2020-01-03 09:54:03','2020-01-03 09:54:03'),(416,'BALANGIR',26,'Y','2020-01-03 09:54:03','2020-01-03 09:54:03'),(417,'BARGARH (BARAGARH)',26,'Y','2020-01-03 09:54:03','2020-01-03 09:54:03'),(418,'BALASORE',26,'Y','2020-01-03 09:54:03','2020-01-03 09:54:03'),(419,'CUTTACK',26,'Y','2020-01-03 09:54:03','2020-01-03 09:54:03'),(420,'DEBAGARH (DEOGARH)',26,'Y','2020-01-03 09:54:03','2020-01-03 09:54:03'),(421,'DHENKANAL',26,'Y','2020-01-03 09:54:04','2020-01-03 09:54:04'),(422,'GANJAM',26,'Y','2020-01-03 09:54:04','2020-01-03 09:54:04'),(423,'GAJAPATI',26,'Y','2020-01-03 09:54:04','2020-01-03 09:54:04'),(424,'JHARSUGUDA',26,'Y','2020-01-03 09:54:04','2020-01-03 09:54:04'),(425,'JAGATSINGHPUR',26,'Y','2020-01-03 09:54:04','2020-01-03 09:54:04'),(426,'KHORDHA',26,'Y','2020-01-03 09:54:04','2020-01-03 09:54:04'),(427,'KENDUJHAR (KEONJHAR)',26,'Y','2020-01-03 09:54:04','2020-01-03 09:54:04'),(428,'KALAHANDI',26,'Y','2020-01-03 09:54:04','2020-01-03 09:54:04'),(429,'KANDHAMAL',26,'Y','2020-01-03 09:54:04','2020-01-03 09:54:04'),(430,'KORAPUT',26,'Y','2020-01-03 09:54:05','2020-01-03 09:54:05'),(431,'KENDRAPARA',26,'Y','2020-01-03 09:54:05','2020-01-03 09:54:05'),(432,'MALKANGIRI',26,'Y','2020-01-03 09:54:05','2020-01-03 09:54:05'),(433,'MAYURBHANJ',26,'Y','2020-01-03 09:54:05','2020-01-03 09:54:05'),(434,'NABARANGPUR',26,'Y','2020-01-03 09:54:05','2020-01-03 09:54:05'),(435,'NUAPADA',26,'Y','2020-01-03 09:54:05','2020-01-03 09:54:05'),(436,'NAYAGARH',26,'Y','2020-01-03 09:54:06','2020-01-03 09:54:06'),(437,'PURI',26,'Y','2020-01-03 09:54:06','2020-01-03 09:54:06'),(438,'RAYAGADA',26,'Y','2020-01-03 09:54:06','2020-01-03 09:54:06'),(439,'SAMBALPUR',26,'Y','2020-01-03 09:54:06','2020-01-03 09:54:06'),(440,'SUBARNAPUR (SONEPUR)',26,'Y','2020-01-03 09:54:06','2020-01-03 09:54:06'),(441,'SUNDERGARH',26,'Y','2020-01-03 09:54:06','2020-01-03 09:54:06'),(442,'KARAIKAL',27,'Y','2020-01-03 09:54:06','2020-01-03 09:54:06'),(443,'MAHE',27,'Y','2020-01-03 09:54:06','2020-01-03 09:54:06'),(444,'PONDICHERRY',27,'Y','2020-01-03 09:54:06','2020-01-03 09:54:06'),(445,'YANAM',27,'Y','2020-01-03 09:54:07','2020-01-03 09:54:07'),(446,'AMRITSAR',28,'Y','2020-01-03 09:54:07','2020-01-03 09:54:07'),(447,'BARNALA',28,'Y','2020-01-03 09:54:07','2020-01-03 09:54:07'),(448,'BATHINDA',28,'Y','2020-01-03 09:54:07','2020-01-03 09:54:07'),(449,'FIROZPUR',28,'Y','2020-01-03 09:54:07','2020-01-03 09:54:07'),(450,'FARIDKOT',28,'Y','2020-01-03 09:54:07','2020-01-03 09:54:07'),(451,'FATEHGARH SAHIB',28,'Y','2020-01-03 09:54:07','2020-01-03 09:54:07'),(452,'FAZILKA',28,'Y','2020-01-03 09:54:07','2020-01-03 09:54:07'),(453,'GURDASPUR',28,'Y','2020-01-03 09:54:07','2020-01-03 09:54:07'),(454,'HOSHIARPUR',28,'Y','2020-01-03 09:54:07','2020-01-03 09:54:07'),(455,'JALANDHAR',28,'Y','2020-01-03 09:54:07','2020-01-03 09:54:07'),(456,'KAPURTHALA',28,'Y','2020-01-03 09:54:08','2020-01-03 09:54:08'),(457,'MANSA',28,'Y','2020-01-03 09:54:08','2020-01-03 09:54:08'),(458,'MOGA',28,'Y','2020-01-03 09:54:08','2020-01-03 09:54:08'),(459,'SRI MUKTSAR SAHIB',28,'Y','2020-01-03 09:54:08','2020-01-03 09:54:08'),(460,'PATHANKOT',28,'Y','2020-01-03 09:54:08','2020-01-03 09:54:08'),(461,'PATIALA',28,'Y','2020-01-03 09:54:08','2020-01-03 09:54:08'),(462,'RUPNAGAR',28,'Y','2020-01-03 09:54:08','2020-01-03 09:54:08'),(463,'AJITGARH (MOHALI)',28,'Y','2020-01-03 09:54:08','2020-01-03 09:54:08'),(464,'SANGRUR',28,'Y','2020-01-03 09:54:08','2020-01-03 09:54:08'),(465,'NAWANSHAHR',28,'Y','2020-01-03 09:54:08','2020-01-03 09:54:08'),(466,'TARN TARAN',28,'Y','2020-01-03 09:54:08','2020-01-03 09:54:08'),(467,'AJMER',29,'Y','2020-01-03 09:54:08','2020-01-03 09:54:08'),(468,'ALWAR',29,'Y','2020-01-03 09:54:08','2020-01-03 09:54:08'),(469,'BIKANER',29,'Y','2020-01-03 09:54:08','2020-01-03 09:54:08'),(470,'BARMER',29,'Y','2020-01-03 09:54:08','2020-01-03 09:54:08'),(471,'BANSWARA',29,'Y','2020-01-03 09:54:08','2020-01-03 09:54:08'),(472,'BHARATPUR',29,'Y','2020-01-03 09:54:09','2020-01-03 09:54:09'),(473,'BARAN',29,'Y','2020-01-03 09:54:09','2020-01-03 09:54:09'),(474,'BUNDI',29,'Y','2020-01-03 09:54:09','2020-01-03 09:54:09'),(475,'BHILWARA',29,'Y','2020-01-03 09:54:09','2020-01-03 09:54:09'),(476,'CHURU',29,'Y','2020-01-03 09:54:09','2020-01-03 09:54:09'),(477,'CHITTORGARH',29,'Y','2020-01-03 09:54:09','2020-01-03 09:54:09'),(478,'DAUSA',29,'Y','2020-01-03 09:54:09','2020-01-03 09:54:09'),(479,'DHOLPUR',29,'Y','2020-01-03 09:54:09','2020-01-03 09:54:09'),(480,'DUNGAPUR',29,'Y','2020-01-03 09:54:09','2020-01-03 09:54:09'),(481,'GANGANAGAR',29,'Y','2020-01-03 09:54:09','2020-01-03 09:54:09'),(482,'HANUMANGARH',29,'Y','2020-01-03 09:54:09','2020-01-03 09:54:09'),(483,'JHUNJHUNU',29,'Y','2020-01-03 09:54:09','2020-01-03 09:54:09'),(484,'JALORE',29,'Y','2020-01-03 09:54:09','2020-01-03 09:54:09'),(485,'JODHPUR',29,'Y','2020-01-03 09:54:10','2020-01-03 09:54:10'),(486,'KETHAL',6,'Y','2020-01-03 09:54:10','2020-02-20 10:33:44'),(487,'JAISALMER',29,'Y','2020-01-03 09:54:10','2020-01-03 09:54:10'),(488,'JHALAWAR',29,'Y','2020-01-03 09:54:10','2020-01-03 09:54:10'),(489,'KARAULI',29,'Y','2020-01-03 09:54:10','2020-01-03 09:54:10'),(490,'NAGAUR',29,'Y','2020-01-03 09:54:10','2020-01-03 09:54:10'),(491,'PALI',29,'Y','2020-01-03 09:54:10','2020-01-03 09:54:10'),(492,'PRATAPGARH',29,'Y','2020-01-03 09:54:10','2020-01-03 09:54:10'),(493,'RAJSAMAND',29,'Y','2020-01-03 09:54:10','2020-01-03 09:54:10'),(494,'SIKAR',29,'Y','2020-01-03 09:54:10','2020-01-03 09:54:10'),(495,'SAWAI MADHOPUR',29,'Y','2020-01-03 09:54:10','2020-01-03 09:54:10'),(496,'SIROHI',29,'Y','2020-01-03 09:54:10','2020-01-03 09:54:10'),(497,'TONK',29,'Y','2020-01-03 09:54:10','2020-01-03 09:54:10'),(498,'UDAIPUR',29,'Y','2020-01-03 09:54:11','2020-01-03 09:54:11'),(499,'EAST SIKKIM',30,'Y','2020-01-03 09:54:11','2020-01-03 09:54:11'),(500,'NORTH SIKKIM',30,'Y','2020-01-03 09:54:11','2020-01-03 09:54:11'),(501,'SOUTH SIKKIM',30,'Y','2020-01-03 09:54:11','2020-01-03 09:54:11'),(502,'WEST SIKKIM',30,'Y','2020-01-03 09:54:11','2020-01-03 09:54:11'),(503,'ARIYALUR',31,'Y','2020-01-03 09:54:11','2020-01-03 09:54:11'),(504,'CHENNAI',31,'Y','2020-01-03 09:54:11','2020-01-03 09:54:11'),(505,'COIMBATORE',31,'Y','2020-01-03 09:54:11','2020-01-03 09:54:11'),(506,'CUDDALORE',31,'Y','2020-01-03 09:54:11','2020-01-03 09:54:11'),(507,'DHARMAPURI',31,'Y','2020-01-03 09:54:11','2020-01-03 09:54:11'),(508,'DINDIGUL',31,'Y','2020-01-03 09:54:11','2020-01-03 09:54:11'),(509,'ERODE',31,'Y','2020-01-03 09:54:11','2020-01-03 09:54:11'),(510,'KANCHIPURAM',31,'Y','2020-01-03 09:54:11','2020-01-03 09:54:11'),(511,'KANYAKUMARI',31,'Y','2020-01-03 09:54:11','2020-01-03 09:54:11'),(512,'KARUR',31,'Y','2020-01-03 09:54:11','2020-01-03 09:54:11'),(513,'MADURAI',31,'Y','2020-01-03 09:54:11','2020-01-03 09:54:11'),(514,'NAGAPATTINAM',31,'Y','2020-01-03 09:54:11','2020-01-03 09:54:11'),(515,'NILGIRIS',31,'Y','2020-01-03 09:54:11','2020-01-03 09:54:11'),(516,'NAMAKKAL',31,'Y','2020-01-03 09:54:11','2020-01-03 09:54:11'),(517,'PERAMBALUR',31,'Y','2020-01-03 09:54:12','2020-01-03 09:54:12'),(518,'PUDUKKOTTAI',31,'Y','2020-01-03 09:54:12','2020-01-03 09:54:12'),(519,'RAMANATHAPURAM',31,'Y','2020-01-03 09:54:12','2020-01-03 09:54:12'),(520,'SALEM',31,'Y','2020-01-03 09:54:12','2020-01-03 09:54:12'),(521,'SIVAGANGA',31,'Y','2020-01-03 09:54:12','2020-01-03 09:54:12'),(522,'TIRUPUR',31,'Y','2020-01-03 09:54:12','2020-01-03 09:54:12'),(523,'TIRUCHIRAPPALLI',31,'Y','2020-01-03 09:54:12','2020-01-03 09:54:12'),(524,'THENI',31,'Y','2020-01-03 09:54:12','2020-01-03 09:54:12'),(525,'TIRUNELVELI',31,'Y','2020-01-03 09:54:12','2020-01-03 09:54:12'),(526,'THANJAVUR',31,'Y','2020-01-03 09:54:12','2020-01-03 09:54:12'),(527,'THOOTHUKUDI',31,'Y','2020-01-03 09:54:12','2020-01-03 09:54:12'),(528,'TIRUVALLUR',31,'Y','2020-01-03 09:54:12','2020-01-03 09:54:12'),(529,'TIRUVARUR',31,'Y','2020-01-03 09:54:12','2020-01-03 09:54:12'),(530,'TIRUVANNAMALAI',31,'Y','2020-01-03 09:54:12','2020-01-03 09:54:12'),(531,'VELLORE',31,'Y','2020-01-03 09:54:12','2020-01-03 09:54:12'),(532,'VILUPPURAM',31,'Y','2020-01-03 09:54:12','2020-01-03 09:54:12'),(533,'VIRUDHUNAGAR',31,'Y','2020-01-03 09:54:12','2020-01-03 09:54:12'),(534,'DHALAI',33,'Y','2020-01-03 09:54:12','2020-01-03 09:54:12'),(535,'NORTH TRIPURA',33,'Y','2020-01-03 09:54:13','2020-01-03 09:54:13'),(536,'SOUTH TRIPURA',33,'Y','2020-01-03 09:54:13','2020-01-03 09:54:13'),(537,'KHOWAI',33,'Y','2020-01-03 09:54:13','2020-01-03 09:54:13'),(538,'WEST TRIPURA',33,'Y','2020-01-03 09:54:13','2020-01-03 09:54:13'),(539,'AGRA',34,'Y','2020-01-03 09:54:13','2020-01-03 09:54:13'),(540,'ALLAHABAD',34,'Y','2020-01-03 09:54:13','2020-01-03 09:54:13'),(541,'ALIGARH',34,'Y','2020-01-03 09:54:13','2020-01-03 09:54:13'),(542,'AMBEDKAR NAGAR',34,'Y','2020-01-03 09:54:13','2020-01-03 09:54:13'),(543,'AURAIYA',34,'Y','2020-01-03 09:54:13','2020-01-03 09:54:13'),(544,'AZAMGARH',34,'Y','2020-01-03 09:54:13','2020-01-03 09:54:13'),(545,'BARABANKI',34,'Y','2020-01-03 09:54:13','2020-01-03 09:54:13'),(546,'BUDAUN',34,'Y','2020-01-03 09:54:13','2020-01-03 09:54:13'),(547,'BAGPAT',34,'Y','2020-01-03 09:54:13','2020-01-03 09:54:13'),(548,'BAHRAICH',34,'Y','2020-01-03 09:54:14','2020-01-03 09:54:14'),(549,'BIJNOR',34,'Y','2020-01-03 09:54:14','2020-01-03 09:54:14'),(550,'BALLIA',34,'Y','2020-01-03 09:54:14','2020-01-03 09:54:14'),(551,'BANDA',34,'Y','2020-01-03 09:54:14','2020-01-03 09:54:14'),(552,'BALRAMPUR',34,'Y','2020-01-03 09:54:14','2020-01-03 09:54:14'),(553,'BAREILLY',34,'Y','2020-01-03 09:54:14','2020-01-03 09:54:14'),(554,'BASTI',34,'Y','2020-01-03 09:54:14','2020-01-03 09:54:14'),(555,'BULANDSHAHR',34,'Y','2020-01-03 09:54:14','2020-01-03 09:54:14'),(556,'CHANDAULI',34,'Y','2020-01-03 09:54:14','2020-01-03 09:54:14'),(557,'CHHATRAPATI SHAHUJI MAHARAJ NAGAR',34,'Y','2020-01-03 09:54:14','2020-01-03 09:54:14'),(558,'CHITRAKOOT',34,'Y','2020-01-03 09:54:14','2020-01-03 09:54:14'),(559,'DEORIA',34,'Y','2020-01-03 09:54:14','2020-01-03 09:54:14'),(560,'ETAH',34,'Y','2020-01-03 09:54:14','2020-01-03 09:54:14'),(561,'KANSHI RAM NAGAR',34,'Y','2020-01-03 09:54:14','2020-01-03 09:54:14'),(562,'ETAWAH',34,'Y','2020-01-03 09:54:14','2020-01-03 09:54:14'),(563,'FIROZABAD',34,'Y','2020-01-03 09:54:14','2020-01-03 09:54:14'),(564,'FARRUKHABAD',34,'Y','2020-01-03 09:54:14','2020-01-03 09:54:14'),(565,'FATEHPUR',34,'Y','2020-01-03 09:54:14','2020-01-03 09:54:14'),(566,'GAUTAM BUDDH NAGAR',34,'Y','2020-01-03 09:54:15','2020-01-03 09:54:15'),(567,'GONDA',34,'Y','2020-01-03 09:54:15','2020-01-03 09:54:15'),(568,'GHAZIPUR',34,'Y','2020-01-03 09:54:15','2020-01-03 09:54:15'),(569,'GHAZIABAD',34,'Y','2020-01-03 09:54:15','2020-01-03 09:54:15'),(570,'HAMIRPUR',34,'Y','2020-01-03 09:54:15','2020-01-03 09:54:15'),(571,'HARDOI',34,'Y','2020-01-03 09:54:15','2020-01-03 09:54:15'),(572,'MAHAMAYA NAGAR',34,'Y','2020-01-03 09:54:15','2020-01-03 09:54:15'),(573,'JHANSI',34,'Y','2020-01-03 09:54:15','2020-01-03 09:54:15'),(574,'JALAUN',34,'Y','2020-01-03 09:54:15','2020-01-03 09:54:15'),(575,'JYOTIBA PHULE NAGAR',34,'Y','2020-01-03 09:54:15','2020-01-03 09:54:15'),(576,'JAUNPUR DISTRICT',34,'Y','2020-01-03 09:54:16','2020-01-03 09:54:16'),(577,'RAMABAI NAGAR (KANPUR DEHAT)',34,'Y','2020-01-03 09:54:16','2020-01-03 09:54:16'),(578,'KANNAUJ',34,'Y','2020-01-03 09:54:16','2020-01-03 09:54:16'),(579,'KANPUR',34,'Y','2020-01-03 09:54:16','2020-01-03 09:54:16'),(580,'KAUSHAMBI',34,'Y','2020-01-03 09:54:16','2020-01-03 09:54:16'),(581,'KUSHINAGAR',34,'Y','2020-01-03 09:54:17','2020-01-03 09:54:17'),(582,'LALITPUR',34,'Y','2020-01-03 09:54:17','2020-01-03 09:54:17'),(583,'LAKHIMPUR KHERI',34,'Y','2020-01-03 09:54:17','2020-01-03 09:54:17'),(584,'LUCKNOW',34,'Y','2020-01-03 09:54:17','2020-01-03 09:54:17'),(585,'MAU',34,'Y','2020-01-03 09:54:18','2020-01-03 09:54:18'),(586,'MEERUT',34,'Y','2020-01-03 09:54:18','2020-01-03 09:54:18'),(587,'MAHARAJGANJ',34,'Y','2020-01-03 09:54:18','2020-01-03 09:54:18'),(588,'MAHOBA',34,'Y','2020-01-03 09:54:18','2020-01-03 09:54:18'),(589,'MIRZAPUR',34,'Y','2020-01-03 09:54:18','2020-01-03 09:54:18'),(590,'MORADABAD',34,'Y','2020-01-03 09:54:18','2020-01-03 09:54:18'),(591,'MAINPURI',34,'Y','2020-01-03 09:54:18','2020-01-03 09:54:18'),(592,'MUZAFFARNAGAR',34,'Y','2020-01-03 09:54:18','2020-01-03 09:54:18'),(593,'PANCHSHEEL NAGAR DISTRICT (HAPUR)',34,'Y','2020-01-03 09:54:18','2020-01-03 09:54:18'),(594,'PILIBHIT',34,'Y','2020-01-03 09:54:18','2020-01-03 09:54:18'),(595,'SHAMLI',34,'Y','2020-01-03 09:54:18','2020-01-03 09:54:18'),(596,'PRATAPGARH',34,'Y','2020-01-03 09:54:18','2020-01-03 09:54:18'),(597,'RAMPUR',34,'Y','2020-01-03 09:54:18','2020-01-03 09:54:18'),(598,'RAEBARELI',34,'Y','2020-01-03 09:54:18','2020-01-03 09:54:18'),(599,'SAHARANPUR',34,'Y','2020-01-03 09:54:18','2020-01-03 09:54:18'),(600,'SITAPUR',34,'Y','2020-01-03 09:54:19','2020-01-03 09:54:19'),(601,'SHAHJAHANPUR',34,'Y','2020-01-03 09:54:19','2020-01-03 09:54:19'),(602,'SANT KABIR NAGAR',34,'Y','2020-01-03 09:54:19','2020-01-03 09:54:19'),(603,'SIDDHARTHNAGAR',34,'Y','2020-01-03 09:54:19','2020-01-03 09:54:19'),(604,'SONBHADRA',34,'Y','2020-01-03 09:54:19','2020-01-03 09:54:19'),(605,'SANT RAVIDAS NAGAR',34,'Y','2020-01-03 09:54:19','2020-01-03 09:54:19'),(606,'SULTANPUR',34,'Y','2020-01-03 09:54:19','2020-01-03 09:54:19'),(607,'SHRAVASTI',34,'Y','2020-01-03 09:54:19','2020-01-03 09:54:19'),(608,'UNNAO',34,'Y','2020-01-03 09:54:19','2020-01-03 09:54:19'),(609,'VARANASI',34,'Y','2020-01-03 09:54:19','2020-01-03 09:54:19'),(610,'ALMORA',35,'Y','2020-01-03 09:54:19','2020-01-03 09:54:19'),(611,'BAGESHWAR',35,'Y','2020-01-03 09:54:19','2020-01-03 09:54:19'),(612,'CHAMOLI',35,'Y','2020-01-03 09:54:19','2020-01-03 09:54:19'),(613,'CHAMPAWAT',35,'Y','2020-01-03 09:54:20','2020-01-03 09:54:20'),(614,'NAINITAL',35,'Y','2020-01-03 09:54:20','2020-01-03 09:54:20'),(615,'PAURI GARHWAL',35,'Y','2020-01-03 09:54:20','2020-01-03 09:54:20'),(616,'PITHORAGARH',35,'Y','2020-01-03 09:54:20','2020-01-03 09:54:20'),(617,'RUDRAPRAYAG',35,'Y','2020-01-03 09:54:20','2020-01-03 09:54:20'),(618,'TEHRI GARHWAL',35,'Y','2020-01-03 09:54:20','2020-01-03 09:54:20'),(619,'UDHAM SINGH NAGAR',35,'Y','2020-01-03 09:54:20','2020-01-03 09:54:20'),(620,'UTTARKASHI',35,'Y','2020-01-03 09:54:20','2020-01-03 09:54:20'),(621,'BIRBHUM',36,'Y','2020-01-03 09:54:20','2020-01-03 09:54:20'),(622,'BANKURA',36,'Y','2020-01-03 09:54:20','2020-01-03 09:54:20'),(623,'BARDHAMAN',36,'Y','2020-01-03 09:54:20','2020-01-03 09:54:20'),(624,'DARJEELING',36,'Y','2020-01-03 09:54:20','2020-01-03 09:54:20'),(625,'DAKSHIN DINAJPUR',36,'Y','2020-01-03 09:54:20','2020-01-03 09:54:20'),(626,'HOOGHLY',36,'Y','2020-01-03 09:54:20','2020-01-03 09:54:20'),(627,'HOWRAH',36,'Y','2020-01-03 09:54:21','2020-01-03 09:54:21'),(628,'JALPAIGURI',36,'Y','2020-01-03 09:54:21','2020-01-03 09:54:21'),(629,'COOCH BEHAR',36,'Y','2020-01-03 09:54:21','2020-01-03 09:54:21'),(630,'MALDAH',36,'Y','2020-01-03 09:54:21','2020-01-03 09:54:21'),(631,'PASCHIM MEDINIPUR',36,'Y','2020-01-03 09:54:21','2020-01-03 09:54:21'),(632,'PURBA MEDINIPUR',36,'Y','2020-01-03 09:54:21','2020-01-03 09:54:21'),(633,'MURSHIDABAD',36,'Y','2020-01-03 09:54:21','2020-01-03 09:54:21'),(634,'NADIA',36,'Y','2020-01-03 09:54:21','2020-01-03 09:54:21'),(635,'NORTH 24 PARGANAS',36,'Y','2020-01-03 09:54:21','2020-01-03 09:54:21'),(636,'SOUTH 24 PARGANAS',36,'Y','2020-01-03 09:54:21','2020-01-03 09:54:21'),(637,'PURULIA',36,'Y','2020-01-03 09:54:21','2020-01-03 09:54:21'),(638,'UTTAR DINAJPUR',36,'Y','2020-01-03 09:54:21','2020-01-03 09:54:21'),(639,'suryapet',32,'Y','2020-01-23 07:25:02','2020-01-23 07:25:02'),(640,'Ramagundam',32,'Y','2020-01-23 07:25:02','2020-01-23 07:25:02'),(641,'Mahabubnagar',32,'Y','2020-01-23 07:25:02','2020-01-23 07:25:02'),(642,'Miryalaguda',32,'Y','2020-01-23 07:26:09','2020-01-23 07:26:09'),(643,'JAGATIL',32,'Y','2020-01-23 07:26:09','2020-01-23 07:26:09'),(644,'BHUBNESHWAR',26,'Y','2020-02-20 10:10:47','2020-02-20 10:10:47'),(645,'KHANNA',28,'Y','2020-02-20 10:35:12','2020-02-20 10:35:12'),(646,'LALRU',6,'Y','2020-02-20 10:36:29','2020-02-20 10:36:29'),(647,'KUTEL',26,'Y','2020-02-20 10:37:42','2020-02-20 10:37:42'),(648,'NIMRANA',29,'Y','2020-02-20 10:45:00','2020-02-20 10:45:00'),(649,'ROORKEE',35,'Y','2020-02-20 10:54:11','2020-02-20 10:54:11'),(650,'SAFIDON',13,'Y','2020-02-20 10:56:32','2020-02-20 10:56:32'),(651,'SHAHBAAD',13,'Y','2020-02-20 10:58:59','2020-02-20 10:58:59'),(652,'ZIRAKPUR',28,'Y','2020-02-20 11:04:26','2020-02-20 11:04:26'),(653,'ABOHAR',28,'Y','2020-02-20 12:24:11','2020-02-20 12:24:11'),(654,'DHAKOLI',28,'Y','2020-02-20 12:25:40','2020-02-20 12:39:12'),(655,'GHOHANA',13,'Y','2020-02-20 12:43:04','2020-02-20 12:43:04'),(656,'HISAR',13,'Y','2020-02-20 12:46:39','2020-02-20 12:46:39'),(657,'KURJA',34,'Y','2020-02-20 12:52:59','2020-02-20 12:52:59'),(658,'PEHOVA',13,'Y','2020-02-20 13:01:30','2020-02-20 13:01:30'),(659,'PILANI',29,'Y','2020-02-20 13:02:42','2020-02-20 13:02:42'),(660,'SAMALKHA',13,'Y','2020-02-20 13:08:59','2020-02-20 13:08:59');
/*!40000 ALTER TABLE `city_master_tbl` ENABLE KEYS */;
UNLOCK TABLES;

--
-- Table structure for table `customer_followup_status_tbl`
--

DROP TABLE IF EXISTS `customer_followup_status_tbl`;
/*!40101 SET @saved_cs_client     = @@character_set_client */;
/*!40101 SET character_set_client = utf8 */;
CREATE TABLE `customer_followup_status_tbl` (
  `followup_status_id` int(15) NOT NULL AUTO_INCREMENT,
  `followup_status` varchar(50) DEFAULT NULL,
  `status_id` int(15) DEFAULT NULL,
  `is_active` char(1) DEFAULT 'Y',
  `created_on` timestamp NOT NULL DEFAULT CURRENT_TIMESTAMP,
  PRIMARY KEY (`followup_status_id`)
) ENGINE=InnoDB AUTO_INCREMENT=7 DEFAULT CHARSET=latin1;
/*!40101 SET character_set_client = @saved_cs_client */;

--
-- Dumping data for table `customer_followup_status_tbl`
--

LOCK TABLES `customer_followup_status_tbl` WRITE;
/*!40000 ALTER TABLE `customer_followup_status_tbl` DISABLE KEYS */;
INSERT INTO `customer_followup_status_tbl` VALUES (1,'Visit',3,'Y','2020-01-21 09:19:27'),(2,'Telephone',3,'Y','2020-01-21 09:19:27'),(3,'Test Drive',3,'Y','2020-01-21 09:19:27'),(4,'Customer not reachable',4,'Y','2020-01-21 09:19:27'),(5,'Wrong Number',4,'Y','2020-01-21 09:19:27'),(6,'Booked',3,'Y','2020-02-05 06:12:39');
/*!40000 ALTER TABLE `customer_followup_status_tbl` ENABLE KEYS */;
UNLOCK TABLES;

--
-- Table structure for table `customer_interested_plan_tbl`
--

DROP TABLE IF EXISTS `customer_interested_plan_tbl`;
/*!40101 SET @saved_cs_client     = @@character_set_client */;
/*!40101 SET character_set_client = utf8 */;
CREATE TABLE `customer_interested_plan_tbl` (
  `id` int(15) NOT NULL AUTO_INCREMENT,
  `customer_id` int(15) DEFAULT NULL,
  `interesred_in` varchar(10) DEFAULT NULL,
  `amount` int(50) DEFAULT NULL,
  `down_payment` varchar(50) DEFAULT NULL,
  `tenure` varchar(50) DEFAULT NULL,
  `expected_emi` varchar(50) DEFAULT NULL,
  `park_and_sale` varchar(10) DEFAULT NULL,
  `car_id` int(15) DEFAULT NULL,
  `model_id` int(15) DEFAULT NULL,
  `odometer` varchar(50) DEFAULT NULL,
  `no_of_owners` varchar(50) DEFAULT NULL,
  `manufactured_year` varchar(50) DEFAULT NULL,
  `fuel_type` varchar(50) DEFAULT NULL,
  `transmission` varchar(50) DEFAULT NULL,
  `hypothecation` varchar(25) DEFAULT NULL,
  `insurance_expiry` varchar(25) DEFAULT NULL,
  `ins_service_provider` varchar(25) DEFAULT NULL,
  `ins_idv` varchar(50) DEFAULT NULL,
  `ins_comprehensive` varchar(50) DEFAULT NULL,
  `ins_dep_cap` varchar(50) DEFAULT NULL,
  `ins_3rd_party` varchar(25) DEFAULT NULL,
  `is_active` char(1) DEFAULT 'Y',
  `created_on` timestamp NOT NULL DEFAULT CURRENT_TIMESTAMP,
  PRIMARY KEY (`id`)
) ENGINE=InnoDB DEFAULT CHARSET=latin1;
/*!40101 SET character_set_client = @saved_cs_client */;

--
-- Dumping data for table `customer_interested_plan_tbl`
--

LOCK TABLES `customer_interested_plan_tbl` WRITE;
/*!40000 ALTER TABLE `customer_interested_plan_tbl` DISABLE KEYS */;
/*!40000 ALTER TABLE `customer_interested_plan_tbl` ENABLE KEYS */;
UNLOCK TABLES;

--
-- Table structure for table `customer_planning_master_tbl`
--

DROP TABLE IF EXISTS `customer_planning_master_tbl`;
/*!40101 SET @saved_cs_client     = @@character_set_client */;
/*!40101 SET character_set_client = utf8 */;
CREATE TABLE `customer_planning_master_tbl` (
  `planning_id` int(10) NOT NULL AUTO_INCREMENT,
  `planning_name` varchar(20) DEFAULT NULL,
  `is_active` char(1) DEFAULT 'Y',
  `created_on` timestamp NOT NULL DEFAULT CURRENT_TIMESTAMP,
  PRIMARY KEY (`planning_id`)
) ENGINE=InnoDB AUTO_INCREMENT=5 DEFAULT CHARSET=latin1;
/*!40101 SET character_set_client = @saved_cs_client */;

--
-- Dumping data for table `customer_planning_master_tbl`
--

LOCK TABLES `customer_planning_master_tbl` WRITE;
/*!40000 ALTER TABLE `customer_planning_master_tbl` DISABLE KEYS */;
INSERT INTO `customer_planning_master_tbl` VALUES (1,'In A Month','Y','2019-11-18 13:24:32'),(2,'Within A Week','Y','2019-11-18 13:24:32'),(3,'Within Two Weeks','Y','2019-11-18 13:24:32'),(4,'May Be Later','Y','2019-11-18 13:24:32');
/*!40000 ALTER TABLE `customer_planning_master_tbl` ENABLE KEYS */;
UNLOCK TABLES;

--
-- Table structure for table `customer_rejected_reason_tbl`
--

DROP TABLE IF EXISTS `customer_rejected_reason_tbl`;
/*!40101 SET @saved_cs_client     = @@character_set_client */;
/*!40101 SET character_set_client = utf8 */;
CREATE TABLE `customer_rejected_reason_tbl` (
  `reason_id` int(15) NOT NULL AUTO_INCREMENT,
  `reason_title` varchar(200) DEFAULT NULL,
  `is_active` char(1) NOT NULL DEFAULT 'Y',
  `created_on` timestamp NOT NULL DEFAULT CURRENT_TIMESTAMP,
  PRIMARY KEY (`reason_id`)
) ENGINE=InnoDB AUTO_INCREMENT=3 DEFAULT CHARSET=latin1;
/*!40101 SET character_set_client = @saved_cs_client */;

--
-- Dumping data for table `customer_rejected_reason_tbl`
--

LOCK TABLES `customer_rejected_reason_tbl` WRITE;
/*!40000 ALTER TABLE `customer_rejected_reason_tbl` DISABLE KEYS */;
INSERT INTO `customer_rejected_reason_tbl` VALUES (1,'Call Customer','Y','2020-02-05 06:09:22'),(2,'Visit Customer','Y','2020-02-05 06:09:23');
/*!40000 ALTER TABLE `customer_rejected_reason_tbl` ENABLE KEYS */;
UNLOCK TABLES;

--
-- Table structure for table `customer_status_tbl`
--

DROP TABLE IF EXISTS `customer_status_tbl`;
/*!40101 SET @saved_cs_client     = @@character_set_client */;
/*!40101 SET character_set_client = utf8 */;
CREATE TABLE `customer_status_tbl` (
  `status_id` int(15) NOT NULL AUTO_INCREMENT,
  `title` varchar(255) NOT NULL,
  `is_active` char(1) NOT NULL DEFAULT 'Y',
  `added_on` timestamp NOT NULL DEFAULT CURRENT_TIMESTAMP,
  `last_updated_on` timestamp NOT NULL DEFAULT CURRENT_TIMESTAMP ON UPDATE CURRENT_TIMESTAMP,
  PRIMARY KEY (`status_id`)
) ENGINE=InnoDB AUTO_INCREMENT=8 DEFAULT CHARSET=latin1;
/*!40101 SET character_set_client = @saved_cs_client */;

--
-- Dumping data for table `customer_status_tbl`
--

LOCK TABLES `customer_status_tbl` WRITE;
/*!40000 ALTER TABLE `customer_status_tbl` DISABLE KEYS */;
INSERT INTO `customer_status_tbl` VALUES (1,'Visited','Y','2019-01-23 13:11:39','2020-01-21 05:46:08'),(2,'Followup','Y','2019-01-23 13:11:39','2019-01-23 13:11:39'),(3,'Update','Y','2019-01-29 09:45:46','2020-01-21 08:43:27'),(4,'Closure Code','Y','2019-01-29 09:45:46','2020-01-21 08:43:27'),(5,'Lost','Y','2020-02-05 06:11:34','2020-02-05 06:11:34'),(6,'Closed','Y','2020-02-05 06:11:34','2020-02-05 06:11:34'),(7,'Delivered','Y','2020-02-12 10:50:44','2020-02-12 10:50:50');
/*!40000 ALTER TABLE `customer_status_tbl` ENABLE KEYS */;
UNLOCK TABLES;

--
-- Table structure for table `customer_status_update_tbl`
--

DROP TABLE IF EXISTS `customer_status_update_tbl`;
/*!40101 SET @saved_cs_client     = @@character_set_client */;
/*!40101 SET character_set_client = utf8 */;
CREATE TABLE `customer_status_update_tbl` (
  `id` int(10) NOT NULL AUTO_INCREMENT,
  `customer_id` int(10) DEFAULT NULL,
  `customer_status` int(10) DEFAULT '1',
  `followup_status` int(15) DEFAULT NULL,
  `visit_location` varchar(50) DEFAULT NULL,
  `date_time` varchar(50) DEFAULT NULL,
  `car_make` int(10) DEFAULT NULL,
  `car_model` int(25) DEFAULT NULL,
  `reg_number` varchar(15) DEFAULT NULL,
  `vehicle_id` int(15) DEFAULT NULL,
  `km_in` varchar(25) DEFAULT NULL,
  `km_out` varchar(25) DEFAULT NULL,
  `reason_id` int(15) DEFAULT NULL,
  `action` char(1) DEFAULT NULL,
  `followup_date` varchar(50) DEFAULT NULL,
  `comment` varchar(600) DEFAULT NULL,
  `added_by` int(10) DEFAULT NULL,
  `updated_by` int(10) DEFAULT NULL,
  `manager_id` int(10) DEFAULT NULL,
  `manager_comment` varchar(200) DEFAULT NULL,
  `is_active` char(1) DEFAULT 'Y',
  `created_on` timestamp NOT NULL DEFAULT CURRENT_TIMESTAMP,
  PRIMARY KEY (`id`),
  KEY `customer_id` (`customer_id`),
  CONSTRAINT `customer_status_update_tbl_ibfk_1` FOREIGN KEY (`customer_id`) REFERENCES `sales_lead_master_tbl` (`customer_id`)
) ENGINE=InnoDB AUTO_INCREMENT=1370 DEFAULT CHARSET=latin1;
/*!40101 SET character_set_client = @saved_cs_client */;

--
-- Dumping data for table `customer_status_update_tbl`
--

LOCK TABLES `customer_status_update_tbl` WRITE;
/*!40000 ALTER TABLE `customer_status_update_tbl` DISABLE KEYS */;
INSERT INTO `customer_status_update_tbl` VALUES (1,1,2,NULL,NULL,NULL,NULL,NULL,NULL,NULL,NULL,NULL,NULL,NULL,'2020-02-20 20:47:36',NULL,NULL,12,NULL,NULL,'Y','2020-02-20 14:19:10'),(2,2,2,NULL,NULL,NULL,NULL,NULL,NULL,NULL,NULL,NULL,NULL,NULL,'2020-02-20 20:47:36',NULL,NULL,12,NULL,NULL,'Y','2020-02-20 14:19:10'),(3,3,2,NULL,NULL,NULL,NULL,NULL,NULL,NULL,NULL,NULL,NULL,NULL,'2020-02-20 20:47:36',NULL,NULL,13,NULL,NULL,'Y','2020-02-20 14:19:10'),(4,4,2,NULL,NULL,NULL,NULL,NULL,NULL,NULL,NULL,NULL,NULL,NULL,'2020-02-20 20:47:36',NULL,NULL,13,NULL,NULL,'Y','2020-02-20 14:19:10'),(5,5,4,1,NULL,'2020-02-20 20:57:03',NULL,NULL,NULL,NULL,NULL,NULL,NULL,NULL,'2020-02-20 20:57:03','not interested.',NULL,14,NULL,NULL,'7','2020-02-20 14:19:11'),(6,6,2,NULL,NULL,NULL,NULL,NULL,NULL,NULL,NULL,NULL,NULL,NULL,'2020-02-20 20:47:36','he looking for audi  A4 , BMW 320D AND MERCEDES BENZ C CLASS . BUGGET FOR 13 - 14 LAKH  MODEL 2015 .',NULL,14,NULL,NULL,'Y','2020-02-20 14:19:11'),(7,7,2,NULL,NULL,NULL,NULL,NULL,NULL,NULL,NULL,NULL,NULL,NULL,'2020-02-20 20:47:36','LOOKING FOR AUDI A4 2012 MODEL TODAY VISIT KARNAL SHOWRROM',NULL,15,NULL,NULL,'Y','2020-02-20 14:19:11'),(8,8,4,1,NULL,'2020-02-20 20:57:03',NULL,NULL,NULL,NULL,NULL,NULL,NULL,NULL,'2020-02-20 20:57:03','Out Of City Customer and He is Just Searching Our Web Not Planing To Buy (Haryana)',NULL,16,NULL,NULL,'7','2020-02-20 14:19:11'),(9,9,4,1,NULL,'2020-02-20 20:57:03',NULL,NULL,NULL,NULL,NULL,NULL,NULL,NULL,'2020-02-20 20:57:03','out Of City Customer (Call Not Receiving )',NULL,16,NULL,NULL,'7','2020-02-20 14:19:11'),(10,10,4,1,NULL,'2020-02-20 20:57:03',NULL,NULL,NULL,NULL,NULL,NULL,NULL,NULL,'2020-02-20 20:57:03','NO INTERESTED',NULL,17,NULL,NULL,'7','2020-02-20 14:19:11'),(11,11,2,NULL,NULL,NULL,NULL,NULL,NULL,NULL,NULL,NULL,NULL,NULL,'2020-02-20 20:47:36','BUSY RIGHT NOW',NULL,17,NULL,NULL,'Y','2020-02-20 14:19:11'),(12,12,4,1,NULL,'2020-02-20 20:57:03',NULL,NULL,NULL,NULL,NULL,NULL,NULL,NULL,'2020-02-20 20:57:03','out of buget',NULL,12,NULL,NULL,'7','2020-02-20 14:19:11'),(13,13,2,NULL,NULL,NULL,NULL,NULL,NULL,NULL,NULL,NULL,NULL,NULL,'2020-02-20 20:47:36',NULL,NULL,12,NULL,NULL,'Y','2020-02-20 14:19:11'),(14,14,2,NULL,NULL,NULL,NULL,NULL,NULL,NULL,NULL,NULL,NULL,NULL,'2020-02-20 20:47:36',NULL,NULL,12,NULL,NULL,'Y','2020-02-20 14:19:12'),(15,15,2,NULL,NULL,NULL,NULL,NULL,NULL,NULL,NULL,NULL,NULL,NULL,'2020-02-20 20:47:36',NULL,NULL,12,NULL,NULL,'Y','2020-02-20 14:19:12'),(16,16,2,NULL,NULL,NULL,NULL,NULL,NULL,NULL,NULL,NULL,NULL,NULL,'2020-02-20 20:47:36','LOOKING FOR  AUDI A6',NULL,15,NULL,NULL,'Y','2020-02-20 14:19:12'),(17,17,2,NULL,NULL,NULL,NULL,NULL,NULL,NULL,NULL,NULL,NULL,NULL,'2020-02-20 20:47:36','LOOKING FOR 52D 2016 MODEL 25 LAKH MAX.BUDGET',NULL,15,NULL,NULL,'Y','2020-02-20 14:19:12'),(18,18,2,NULL,NULL,NULL,NULL,NULL,NULL,NULL,NULL,NULL,NULL,NULL,'2020-02-20 20:47:36','LOOKING FOR FL2 AUDI A4',NULL,15,NULL,NULL,'Y','2020-02-20 14:19:12'),(19,19,4,1,NULL,'2020-02-20 20:57:03',NULL,NULL,NULL,NULL,NULL,NULL,NULL,NULL,'2020-02-20 20:57:03','DUBLICATE ENQUIRI',NULL,15,NULL,NULL,'7','2020-02-20 14:19:12'),(20,20,4,1,NULL,'2020-02-20 20:57:03',NULL,NULL,NULL,NULL,NULL,NULL,NULL,NULL,'2020-02-20 20:57:03','Out Of City Customer (Jammu Kashmir)',NULL,16,NULL,NULL,'7','2020-02-20 14:19:12'),(21,21,4,1,NULL,'2020-02-20 20:57:03',NULL,NULL,NULL,NULL,NULL,NULL,NULL,NULL,'2020-02-20 20:57:03','out of budget',NULL,12,NULL,NULL,'7','2020-02-20 14:19:12'),(22,22,4,1,NULL,'2020-02-20 20:57:03',NULL,NULL,NULL,NULL,NULL,NULL,NULL,NULL,'2020-02-20 20:57:03',NULL,NULL,12,NULL,NULL,'7','2020-02-20 14:19:12'),(23,23,2,NULL,NULL,NULL,NULL,NULL,NULL,NULL,NULL,NULL,NULL,NULL,'2020-02-20 20:47:36','LOOKING FOR E 200 , STOCK SHARE',NULL,18,NULL,NULL,'Y','2020-02-20 14:19:12'),(24,24,2,NULL,NULL,NULL,NULL,NULL,NULL,NULL,NULL,NULL,NULL,NULL,'2020-02-20 20:47:36','LOOKING FOR GLS , DEATISL OF ALL SUV SHARE',NULL,18,NULL,NULL,'Y','2020-02-20 14:19:12'),(25,25,2,NULL,NULL,NULL,NULL,NULL,NULL,NULL,NULL,NULL,NULL,NULL,'2020-02-20 20:47:36','PLANNING FOR RANGE ROVER',NULL,19,NULL,NULL,'Y','2020-02-20 14:19:12'),(26,26,2,NULL,NULL,NULL,NULL,NULL,NULL,NULL,NULL,NULL,NULL,NULL,'2020-02-20 20:47:36','PLANNING FOR AUDI Q5',NULL,19,NULL,NULL,'Y','2020-02-20 14:19:12'),(27,27,2,NULL,NULL,NULL,NULL,NULL,NULL,NULL,NULL,NULL,NULL,NULL,'2020-02-20 20:47:36','PLANNING FOR RANGE ROVER',NULL,19,NULL,NULL,'Y','2020-02-20 14:19:12'),(28,28,4,1,NULL,'2020-02-20 20:57:03',NULL,NULL,NULL,NULL,NULL,NULL,NULL,NULL,'2020-02-20 20:57:03','wants evoqe in 30 lakh bought ML in 19 lakh',NULL,12,NULL,NULL,'7','2020-02-20 14:19:12'),(29,29,2,NULL,NULL,NULL,NULL,NULL,NULL,NULL,NULL,NULL,NULL,NULL,'2020-02-20 20:47:36',NULL,NULL,12,NULL,NULL,'Y','2020-02-20 14:19:12'),(30,30,2,NULL,NULL,NULL,NULL,NULL,NULL,NULL,NULL,NULL,NULL,NULL,'2020-02-20 20:47:36',NULL,NULL,12,NULL,NULL,'Y','2020-02-20 14:19:12'),(31,31,2,NULL,NULL,NULL,NULL,NULL,NULL,NULL,NULL,NULL,NULL,NULL,'2020-02-20 20:47:36',NULL,NULL,12,NULL,NULL,'Y','2020-02-20 14:19:12'),(32,32,4,1,NULL,'2020-02-20 20:57:03',NULL,NULL,NULL,NULL,NULL,NULL,NULL,NULL,'2020-02-20 20:57:03','repeat',NULL,12,NULL,NULL,'7','2020-02-20 14:19:13'),(33,33,4,1,NULL,'2020-02-20 20:57:03',NULL,NULL,NULL,NULL,NULL,NULL,NULL,NULL,'2020-02-20 20:57:03','bought new F pace',NULL,12,NULL,NULL,'7','2020-02-20 14:19:13'),(34,34,2,NULL,NULL,NULL,NULL,NULL,NULL,NULL,NULL,NULL,NULL,NULL,'2020-02-20 20:47:36','PLANNING FOR MERCEDES GLA',NULL,19,NULL,NULL,'Y','2020-02-20 14:19:13'),(35,35,4,1,NULL,'2020-02-20 20:57:03',NULL,NULL,NULL,NULL,NULL,NULL,NULL,NULL,'2020-02-20 20:57:03','Out Of City Customer He Is Planing To Buy Car Audi Q7 From Delhi Only.',NULL,16,NULL,NULL,'7','2020-02-20 14:19:13'),(36,36,2,NULL,NULL,NULL,NULL,NULL,NULL,NULL,NULL,NULL,NULL,NULL,'2020-02-20 20:47:36',NULL,NULL,12,NULL,NULL,'Y','2020-02-20 14:19:13'),(37,37,4,1,NULL,'2020-02-20 20:57:03',NULL,NULL,NULL,NULL,NULL,NULL,NULL,NULL,'2020-02-20 20:57:03','out of budget wants Q7 2013 model  in 17 lakh',NULL,12,NULL,NULL,'7','2020-02-20 14:19:13'),(38,38,2,NULL,NULL,NULL,NULL,NULL,NULL,NULL,NULL,NULL,NULL,NULL,'2020-02-20 20:47:36','PLANNING FOR MERCEDES C CLASS',NULL,19,NULL,NULL,'Y','2020-02-20 14:19:13'),(39,39,2,NULL,NULL,NULL,NULL,NULL,NULL,NULL,NULL,NULL,NULL,NULL,'2020-02-20 20:47:36','PLANNING FOR RANGE ROVER EVOQUE',NULL,19,NULL,NULL,'Y','2020-02-20 14:19:13'),(40,40,2,NULL,NULL,NULL,NULL,NULL,NULL,NULL,NULL,NULL,NULL,NULL,'2020-02-20 20:47:36',NULL,NULL,13,NULL,NULL,'Y','2020-02-20 14:19:13'),(41,41,2,NULL,NULL,NULL,NULL,NULL,NULL,NULL,NULL,NULL,NULL,NULL,'2020-02-20 20:47:36',NULL,NULL,13,NULL,NULL,'Y','2020-02-20 14:19:13'),(42,42,2,NULL,NULL,NULL,NULL,NULL,NULL,NULL,NULL,NULL,NULL,NULL,'2020-02-20 20:47:36','looking for Q5',NULL,15,NULL,NULL,'Y','2020-02-20 14:19:13'),(43,43,4,1,NULL,'2020-02-20 20:57:03',NULL,NULL,NULL,NULL,NULL,NULL,NULL,NULL,'2020-02-20 20:57:03','Out Of City Customer (New Delhi)',NULL,16,NULL,NULL,'7','2020-02-20 14:19:13'),(44,44,2,NULL,NULL,NULL,NULL,NULL,NULL,NULL,NULL,NULL,NULL,NULL,'2020-02-20 20:47:36',NULL,NULL,13,NULL,NULL,'Y','2020-02-20 14:19:13'),(45,45,2,NULL,NULL,NULL,NULL,NULL,NULL,NULL,NULL,NULL,NULL,NULL,'2020-02-20 20:47:36',NULL,NULL,13,NULL,NULL,'Y','2020-02-20 14:19:13'),(46,46,2,NULL,NULL,NULL,NULL,NULL,NULL,NULL,NULL,NULL,NULL,NULL,'2020-02-20 20:47:36',NULL,NULL,13,NULL,NULL,'Y','2020-02-20 14:19:13'),(47,47,2,NULL,NULL,NULL,NULL,NULL,NULL,NULL,NULL,NULL,NULL,NULL,'2020-02-20 20:47:36','he looking for CLA  class . he will we plan possibly visit today for CLA class .@ luxuury ride chandigarh kindly call hiim on 11: 30  for confirmation. share the photos for CLA CLASS  . so he will we plan for visit showroom .or budget for 20 se 30 lakh tk model 2016 . he says busy now . so call back  tomarrow. he says busy now so call back tomarrow .',NULL,14,NULL,NULL,'Y','2020-02-20 14:19:13'),(48,48,4,1,NULL,'2020-02-20 20:57:03',NULL,NULL,NULL,NULL,NULL,NULL,NULL,NULL,'2020-02-20 20:57:03','allready driving maruti s cross 2017  MP NUMBER . He want upgrade with toyota fortuner.',NULL,14,NULL,NULL,'7','2020-02-20 14:19:13'),(49,49,2,NULL,NULL,NULL,NULL,NULL,NULL,NULL,NULL,NULL,NULL,NULL,'2020-02-20 20:47:36','product not clear . enquried more and more car all stcok shared.says busy now so call back twomarrow.',NULL,14,NULL,NULL,'Y','2020-02-20 14:19:13'),(50,50,2,NULL,NULL,NULL,NULL,NULL,NULL,NULL,NULL,NULL,NULL,NULL,'2020-02-20 20:47:36',NULL,NULL,12,NULL,NULL,'Y','2020-02-20 14:19:13'),(51,51,4,1,NULL,'2020-02-20 20:57:03',NULL,NULL,NULL,NULL,NULL,NULL,NULL,NULL,'2020-02-20 20:57:03','not responding',NULL,17,NULL,NULL,'7','2020-02-20 14:19:13'),(52,52,4,1,NULL,'2020-02-20 20:57:03',NULL,NULL,NULL,NULL,NULL,NULL,NULL,NULL,'2020-02-20 20:57:03','he says that he will call himself',NULL,12,NULL,NULL,'7','2020-02-20 14:19:13'),(53,53,4,1,NULL,'2020-02-20 20:57:03',NULL,NULL,NULL,NULL,NULL,NULL,NULL,NULL,'2020-02-20 20:57:03','did not enquire',NULL,12,NULL,NULL,'7','2020-02-20 14:19:13'),(54,54,2,NULL,NULL,NULL,NULL,NULL,NULL,NULL,NULL,NULL,NULL,NULL,'2020-02-20 20:47:36','NO.SWICH OFF SEND DETAIL WHATSUP',NULL,15,NULL,NULL,'Y','2020-02-20 14:19:13'),(55,55,2,NULL,NULL,NULL,NULL,NULL,NULL,NULL,NULL,NULL,NULL,NULL,'2020-02-20 20:47:36','AUDI A6',NULL,15,NULL,NULL,'Y','2020-02-20 14:19:14'),(56,56,2,NULL,NULL,NULL,NULL,NULL,NULL,NULL,NULL,NULL,NULL,NULL,'2020-02-20 20:47:36','LOOKING FOR Q7 ML 350 2014 2015 MODEL BUDGET 25 LAKH MAX.',NULL,15,NULL,NULL,'Y','2020-02-20 14:19:14'),(57,57,2,NULL,NULL,NULL,NULL,NULL,NULL,NULL,NULL,NULL,NULL,NULL,'2020-02-20 20:47:36','SEND DETAIL BMW 3SERIES',NULL,15,NULL,NULL,'Y','2020-02-20 14:19:14'),(58,58,2,NULL,NULL,NULL,NULL,NULL,NULL,NULL,NULL,NULL,NULL,NULL,'2020-02-20 20:47:36','SEND DETAIL 5 SERIES',NULL,15,NULL,NULL,'Y','2020-02-20 14:19:14'),(59,59,4,1,NULL,'2020-02-20 20:57:03',NULL,NULL,NULL,NULL,NULL,NULL,NULL,NULL,'2020-02-20 20:57:03','DUBLICATE ENQUIRI',NULL,15,NULL,NULL,'7','2020-02-20 14:19:14'),(60,60,2,NULL,NULL,NULL,NULL,NULL,NULL,NULL,NULL,NULL,NULL,NULL,'2020-02-20 20:47:36','send detail audi a4',NULL,15,NULL,NULL,'Y','2020-02-20 14:19:14'),(61,61,2,NULL,NULL,NULL,NULL,NULL,NULL,NULL,NULL,NULL,NULL,NULL,'2020-02-20 20:47:36','SEND DETAIL AUDI A4 A6',NULL,15,NULL,NULL,'Y','2020-02-20 14:19:14'),(62,62,4,1,NULL,'2020-02-20 20:57:03',NULL,NULL,NULL,NULL,NULL,NULL,NULL,NULL,'2020-02-20 20:57:03','he not interested.',NULL,14,NULL,NULL,'7','2020-02-20 14:19:14'),(63,63,2,NULL,NULL,NULL,NULL,NULL,NULL,NULL,NULL,NULL,NULL,NULL,'2020-02-20 20:47:36','he looking for AUDI A6 , BMW 3 series . budget for around 15 -17  lakh tk . he visit showroom . given test drive for 3 series car  . he will we discuss with family and confrom him .',NULL,14,NULL,NULL,'Y','2020-02-20 14:19:14'),(64,64,2,NULL,NULL,NULL,NULL,NULL,NULL,NULL,NULL,NULL,NULL,NULL,'2020-02-20 20:47:36',NULL,NULL,12,NULL,NULL,'Y','2020-02-20 14:19:14'),(65,65,2,NULL,NULL,NULL,NULL,NULL,NULL,NULL,NULL,NULL,NULL,NULL,'2020-02-20 20:47:36','he interested for BMW 520 ,525. 320 D WHITE . budget for 15 se 17 lakh and model 2015 .',NULL,14,NULL,NULL,'Y','2020-02-20 14:19:14'),(66,66,2,NULL,NULL,NULL,NULL,NULL,NULL,NULL,NULL,NULL,NULL,NULL,'2020-02-20 20:47:36',NULL,NULL,13,NULL,NULL,'Y','2020-02-20 14:19:14'),(67,67,2,NULL,NULL,NULL,NULL,NULL,NULL,NULL,NULL,NULL,NULL,NULL,'2020-02-20 20:47:36',NULL,NULL,16,NULL,NULL,'Y','2020-02-20 14:19:14'),(68,68,4,1,NULL,'2020-02-20 20:57:03',NULL,NULL,NULL,NULL,NULL,NULL,NULL,NULL,'2020-02-20 20:57:03','no intention to buy',NULL,12,NULL,NULL,'7','2020-02-20 14:19:14'),(69,69,4,1,NULL,'2020-02-20 20:57:03',NULL,NULL,NULL,NULL,NULL,NULL,NULL,NULL,'2020-02-20 20:57:03','ASKING FOR Q7 IN 12 LAC MAX 2015-16 MODEL',NULL,13,NULL,NULL,'7','2020-02-20 14:19:15'),(70,70,2,NULL,NULL,NULL,NULL,NULL,NULL,NULL,NULL,NULL,NULL,NULL,'2020-02-20 20:47:36',NULL,NULL,13,NULL,NULL,'Y','2020-02-20 14:19:15'),(71,71,2,NULL,NULL,NULL,NULL,NULL,NULL,NULL,NULL,NULL,NULL,NULL,'2020-02-20 20:47:36',NULL,NULL,13,NULL,NULL,'Y','2020-02-20 14:19:15'),(72,72,4,1,NULL,'2020-02-20 20:57:03',NULL,NULL,NULL,NULL,NULL,NULL,NULL,NULL,'2020-02-20 20:57:03',NULL,NULL,13,NULL,NULL,'7','2020-02-20 14:19:15'),(73,73,2,NULL,NULL,NULL,NULL,NULL,NULL,NULL,NULL,NULL,NULL,NULL,'2020-02-20 20:47:36','said call back tommorow',NULL,17,NULL,NULL,'Y','2020-02-20 14:19:15'),(74,74,2,NULL,NULL,NULL,NULL,NULL,NULL,NULL,NULL,NULL,NULL,NULL,'2020-02-20 20:47:36',NULL,NULL,13,NULL,NULL,'Y','2020-02-20 14:19:15'),(75,75,2,NULL,NULL,NULL,NULL,NULL,NULL,NULL,NULL,NULL,NULL,NULL,'2020-02-20 20:47:36',NULL,NULL,12,NULL,NULL,'Y','2020-02-20 14:19:15'),(76,76,2,NULL,NULL,NULL,NULL,NULL,NULL,NULL,NULL,NULL,NULL,NULL,'2020-02-20 20:47:36','LOOKING FOR EVOQUE 2014.2015 MODEL BUDGET MAX.20 LAKH',NULL,15,NULL,NULL,'Y','2020-02-20 14:19:15'),(77,77,4,1,NULL,'2020-02-20 20:57:03',NULL,NULL,NULL,NULL,NULL,NULL,NULL,NULL,'2020-02-20 20:57:03','LOOKING FOR VERNA',NULL,15,NULL,NULL,'7','2020-02-20 14:19:15'),(78,78,2,NULL,NULL,NULL,NULL,NULL,NULL,NULL,NULL,NULL,NULL,NULL,'2020-02-20 20:47:36','PLANNING FOR BMW 5 SERIES',NULL,19,NULL,NULL,'Y','2020-02-20 14:19:15'),(79,79,2,NULL,NULL,NULL,NULL,NULL,NULL,NULL,NULL,NULL,NULL,NULL,'2020-02-20 20:47:36',NULL,NULL,12,NULL,NULL,'Y','2020-02-20 14:19:15'),(80,80,2,NULL,NULL,NULL,NULL,NULL,NULL,NULL,NULL,NULL,NULL,NULL,'2020-02-20 20:47:36',NULL,NULL,12,NULL,NULL,'Y','2020-02-20 14:19:15'),(81,81,2,NULL,NULL,NULL,NULL,NULL,NULL,NULL,NULL,NULL,NULL,NULL,'2020-02-20 20:47:36','WANT TO BUY A CAR IN 18 LAKH BUDGET',NULL,17,NULL,NULL,'Y','2020-02-20 14:19:15'),(82,82,2,NULL,NULL,NULL,NULL,NULL,NULL,NULL,NULL,NULL,NULL,NULL,'2020-02-20 20:47:36','he looking for bmw 320d or budget for 15 se 18 lakh tk . he wil we plan tomorrow visit plan . he will we visit plan coming monday . he not coming today. so after 2 days visit plan .',NULL,14,NULL,NULL,'Y','2020-02-20 14:19:15'),(83,83,4,1,NULL,'2020-02-20 20:57:03',NULL,NULL,NULL,NULL,NULL,NULL,NULL,NULL,'2020-02-20 20:57:03',NULL,NULL,13,NULL,NULL,'7','2020-02-20 14:19:15'),(84,84,2,NULL,NULL,NULL,NULL,NULL,NULL,NULL,NULL,NULL,NULL,NULL,'2020-02-20 20:47:36','he want to upgrade ford endeavour  2012 with suv upto 20 lakh.',NULL,14,NULL,NULL,'Y','2020-02-20 14:19:15'),(85,85,2,NULL,NULL,NULL,NULL,NULL,NULL,NULL,NULL,NULL,NULL,NULL,'2020-02-20 20:47:36',NULL,NULL,13,NULL,NULL,'Y','2020-02-20 14:19:15'),(86,86,4,1,NULL,'2020-02-20 20:57:03',NULL,NULL,NULL,NULL,NULL,NULL,NULL,NULL,'2020-02-20 20:57:03','Today Call With Customer He Said He Is Not planing He Is Just For Searching.',NULL,16,NULL,NULL,'7','2020-02-20 14:19:15'),(87,87,4,1,NULL,'2020-02-20 20:57:03',NULL,NULL,NULL,NULL,NULL,NULL,NULL,NULL,'2020-02-20 20:57:03','Out Of City Customer Call Drop',NULL,16,NULL,NULL,'7','2020-02-20 14:19:15'),(88,88,4,1,NULL,'2020-02-20 20:57:03',NULL,NULL,NULL,NULL,NULL,NULL,NULL,NULL,'2020-02-20 20:57:03','deatils of A6 MATRIX SHARE',NULL,18,NULL,NULL,'7','2020-02-20 14:19:15'),(89,89,2,NULL,NULL,NULL,NULL,NULL,NULL,NULL,NULL,NULL,NULL,NULL,'2020-02-20 20:47:36','he looking for mercedes benz  GLA , EVOQUE , DISCOVERY  AND FREELANDER 2 WHITE . BUT BUDGET FOR 20 LAKH.',NULL,14,NULL,NULL,'Y','2020-02-20 14:19:15'),(90,90,2,NULL,NULL,NULL,NULL,NULL,NULL,NULL,NULL,NULL,NULL,NULL,'2020-02-20 20:47:36','HE NOT RESPONDING.',NULL,14,NULL,NULL,'Y','2020-02-20 14:19:16'),(91,91,2,NULL,NULL,NULL,NULL,NULL,NULL,NULL,NULL,NULL,NULL,NULL,'2020-02-20 20:47:36','he looking for bmw 320 or mercedes or fortuner low mileage budget is upto 15 lakh.',NULL,14,NULL,NULL,'Y','2020-02-20 14:19:16'),(92,92,2,NULL,NULL,NULL,NULL,NULL,NULL,NULL,NULL,NULL,NULL,NULL,'2020-02-20 20:47:36','HE LOOKING FOR AUDI A4 , A6 MODEL 2015- 2016 . BUDGET FOR 20 LAKH .',NULL,14,NULL,NULL,'Y','2020-02-20 14:19:16'),(93,93,2,NULL,NULL,NULL,NULL,NULL,NULL,NULL,NULL,NULL,NULL,NULL,'2020-02-20 20:47:36','he not responding. not responding. he says busy now and out of station & he ask to monday call back .not answering.',NULL,14,NULL,NULL,'Y','2020-02-20 14:19:16'),(94,94,2,NULL,NULL,NULL,NULL,NULL,NULL,NULL,NULL,NULL,NULL,NULL,'2020-02-20 20:47:36','HE WANT TO SELL HIS OLD CAR GLC 2016 MANUFACTURE 2017 REG,16,000 KM DRIVEN, UK07,WHITE,INSURED,1ST  OWNER,,PRICE EXPECTATION IS 40 LAKHS',NULL,19,NULL,NULL,'Y','2020-02-20 14:19:16'),(95,95,2,NULL,NULL,NULL,NULL,NULL,NULL,NULL,NULL,NULL,NULL,NULL,'2020-02-20 20:47:36','WANT MERCEDES E CLASS IN 25 LAKH BUDGET',NULL,17,NULL,NULL,'Y','2020-02-20 14:19:16'),(96,96,2,NULL,NULL,NULL,NULL,NULL,NULL,NULL,NULL,NULL,NULL,NULL,'2020-02-20 20:47:36','NOT PICKING UP THE CALL',NULL,17,NULL,NULL,'Y','2020-02-20 14:19:16'),(97,97,4,1,NULL,'2020-02-20 20:57:03',NULL,NULL,NULL,NULL,NULL,NULL,NULL,NULL,'2020-02-20 20:57:03','NOT PICKING UP THE CALL',NULL,17,NULL,NULL,'7','2020-02-20 14:19:16'),(98,98,4,1,NULL,'2020-02-20 20:57:03',NULL,NULL,NULL,NULL,NULL,NULL,NULL,NULL,'2020-02-20 20:57:03','IDEA DROPPED',NULL,12,NULL,NULL,'7','2020-02-20 14:19:16'),(99,99,2,NULL,NULL,NULL,NULL,NULL,NULL,NULL,NULL,NULL,NULL,NULL,'2020-02-20 20:47:36',NULL,NULL,12,NULL,NULL,'Y','2020-02-20 14:19:16'),(100,100,4,1,NULL,'2020-02-20 20:57:03',NULL,NULL,NULL,NULL,NULL,NULL,NULL,NULL,'2020-02-20 20:57:03','wants wagon r',NULL,12,NULL,NULL,'7','2020-02-20 14:19:16'),(101,101,2,NULL,NULL,NULL,NULL,NULL,NULL,NULL,NULL,NULL,NULL,NULL,'2020-02-20 20:47:36',NULL,NULL,12,NULL,NULL,'Y','2020-02-20 14:19:16'),(102,102,4,1,NULL,'2020-02-20 20:57:03',NULL,NULL,NULL,NULL,NULL,NULL,NULL,NULL,'2020-02-20 20:57:03','he looking for swift or alto . budget for 10 lakh .',NULL,14,NULL,NULL,'7','2020-02-20 14:19:16'),(103,103,2,NULL,NULL,NULL,NULL,NULL,NULL,NULL,NULL,NULL,NULL,NULL,'2020-02-20 20:47:36','PLANNING FOR AUDI A6',NULL,19,NULL,NULL,'Y','2020-02-20 14:19:16'),(104,104,2,NULL,NULL,NULL,NULL,NULL,NULL,NULL,NULL,NULL,NULL,NULL,'2020-02-20 20:47:36','he looking for audi A4 , A5 .Budget for 14-15 lakh ka . but offer by audi A6 And  SHARE the details.',NULL,14,NULL,NULL,'Y','2020-02-20 14:19:16'),(105,105,2,NULL,NULL,NULL,NULL,NULL,NULL,NULL,NULL,NULL,NULL,NULL,'2020-02-20 20:47:36','already driving volvo S60 2018 . he want to upgrade with suv upto 35 lakh.',NULL,14,NULL,NULL,'Y','2020-02-20 14:19:16'),(106,106,2,NULL,NULL,NULL,NULL,NULL,NULL,NULL,NULL,NULL,NULL,NULL,'2020-02-20 20:47:36',NULL,NULL,13,NULL,NULL,'Y','2020-02-20 14:19:16'),(107,107,4,1,NULL,'2020-02-20 20:57:03',NULL,NULL,NULL,NULL,NULL,NULL,NULL,NULL,'2020-02-20 20:57:03','NO INTENSTION TO BUY',NULL,12,NULL,NULL,'7','2020-02-20 14:19:16'),(108,108,4,1,NULL,'2020-02-20 20:57:03',NULL,NULL,NULL,NULL,NULL,NULL,NULL,NULL,'2020-02-20 20:57:03','DUPLICATE LEAD,INTOUCH WITH ROHIT WOTH DIFFERENT NUMBER',NULL,0,NULL,NULL,'7','2020-02-20 14:19:16'),(109,109,2,NULL,NULL,NULL,NULL,NULL,NULL,NULL,NULL,NULL,NULL,NULL,'2020-02-20 20:47:36','IS LOOKING FOR MERCEDES C CLASS 2018 MODEL/DETAIL GIVEN OF CLA RED,HIS FRIEND WILL VISIT TO EXPLORE THE CAR WILL BE IN TOUCH IF SOME C CLASS COME',NULL,18,NULL,NULL,'Y','2020-02-20 14:19:17'),(110,110,2,NULL,NULL,NULL,NULL,NULL,NULL,NULL,NULL,NULL,NULL,NULL,'2020-02-20 20:47:36',NULL,NULL,17,NULL,NULL,'Y','2020-02-20 14:19:17'),(111,111,4,1,NULL,'2020-02-20 20:57:03',NULL,NULL,NULL,NULL,NULL,NULL,NULL,NULL,'2020-02-20 20:57:03','NO PLAN',NULL,15,NULL,NULL,'7','2020-02-20 14:19:17'),(112,112,2,NULL,NULL,NULL,NULL,NULL,NULL,NULL,NULL,NULL,NULL,NULL,'2020-02-20 20:47:36','LOOKING FOR LUXURY CAR BUDGET  10LAKH',NULL,15,NULL,NULL,'Y','2020-02-20 14:19:17'),(113,113,2,NULL,NULL,NULL,NULL,NULL,NULL,NULL,NULL,NULL,NULL,NULL,'2020-02-20 20:47:36','LOOKING FOR E CLASS ONLY HR NO.',NULL,15,NULL,NULL,'Y','2020-02-20 14:19:17'),(114,114,2,NULL,NULL,NULL,NULL,NULL,NULL,NULL,NULL,NULL,NULL,NULL,'2020-02-20 20:47:36',NULL,NULL,0,NULL,NULL,'Y','2020-02-20 14:19:17'),(115,115,2,NULL,NULL,NULL,NULL,NULL,NULL,NULL,NULL,NULL,NULL,NULL,'2020-02-20 20:47:36','HE LOOKING FOR E CLASS AND ML  MODEL 2015,- 2016 .STOCK SHARE CUSTOMER AND HE WILL WE PLAN FOR VISIT SHOWROOM .',NULL,14,NULL,NULL,'Y','2020-02-20 14:19:17'),(116,116,2,NULL,NULL,NULL,NULL,NULL,NULL,NULL,NULL,NULL,NULL,NULL,'2020-02-20 20:47:36','HE VISIT THE SHOWROOM . HE LOOKING FOR AUDI A6 . AND HE WILL WE CONFORM .',NULL,14,NULL,NULL,'Y','2020-02-20 14:19:17'),(117,117,2,NULL,NULL,NULL,NULL,NULL,NULL,NULL,NULL,NULL,NULL,NULL,'2020-02-20 20:47:36','WANT TO BUY ANY C CLASS',NULL,17,NULL,NULL,'Y','2020-02-20 14:19:17'),(118,118,2,NULL,NULL,NULL,NULL,NULL,NULL,NULL,NULL,NULL,NULL,NULL,'2020-02-20 20:47:36','EXPLORE A4 WHITE 2012 MODEL',NULL,18,NULL,NULL,'Y','2020-02-20 14:19:17'),(119,119,2,NULL,NULL,NULL,NULL,NULL,NULL,NULL,NULL,NULL,NULL,NULL,'2020-02-20 20:47:36',NULL,NULL,20,NULL,NULL,'Y','2020-02-20 14:19:17'),(120,120,4,1,NULL,'2020-02-20 20:57:03',NULL,NULL,NULL,NULL,NULL,NULL,NULL,NULL,'2020-02-20 20:57:03','Used car dealer in  muktsar punjab . he not interested in any car .',NULL,14,NULL,NULL,'7','2020-02-20 14:19:17'),(121,121,2,NULL,NULL,NULL,NULL,NULL,NULL,NULL,NULL,NULL,NULL,NULL,'2020-02-20 20:47:36','NOT RESPONDING.',NULL,14,NULL,NULL,'Y','2020-02-20 14:19:17'),(122,122,2,NULL,NULL,NULL,NULL,NULL,NULL,NULL,NULL,NULL,NULL,NULL,'2020-02-20 20:47:36','WANT TO BUY  RANGE ROVER EVOQUE PB NO',NULL,17,NULL,NULL,'Y','2020-02-20 14:19:17'),(123,123,2,NULL,NULL,NULL,NULL,NULL,NULL,NULL,NULL,NULL,NULL,NULL,'2020-02-20 20:47:36','interested in black 730d',NULL,17,NULL,NULL,'Y','2020-02-20 14:19:17'),(124,124,4,1,NULL,'2020-02-20 20:57:03',NULL,NULL,NULL,NULL,NULL,NULL,NULL,NULL,'2020-02-20 20:57:03','NEED FORTUNER OR ENDEAVOR',NULL,17,NULL,NULL,'7','2020-02-20 14:19:17'),(125,125,4,1,NULL,'2020-02-20 20:57:03',NULL,NULL,NULL,NULL,NULL,NULL,NULL,NULL,'2020-02-20 20:57:03','duplicate enquiry / already in touch with amit jha sir.',NULL,20,NULL,NULL,'7','2020-02-20 14:19:17'),(126,126,4,1,NULL,'2020-02-20 20:57:03',NULL,NULL,NULL,NULL,NULL,NULL,NULL,NULL,'2020-02-20 20:57:03',NULL,NULL,20,NULL,NULL,'7','2020-02-20 14:19:17'),(127,127,4,1,NULL,'2020-02-20 20:57:03',NULL,NULL,NULL,NULL,NULL,NULL,NULL,NULL,'2020-02-20 20:57:03','Out Of City Customer (Delhi)',NULL,16,NULL,NULL,'7','2020-02-20 14:19:17'),(128,128,4,1,NULL,'2020-02-20 20:57:03',NULL,NULL,NULL,NULL,NULL,NULL,NULL,NULL,'2020-02-20 20:57:03',NULL,NULL,19,NULL,NULL,'7','2020-02-20 14:19:17'),(129,129,4,1,NULL,'2020-02-20 20:57:03',NULL,NULL,NULL,NULL,NULL,NULL,NULL,NULL,'2020-02-20 20:57:03','INCOMPLETE NO',NULL,19,NULL,NULL,'7','2020-02-20 14:19:17'),(130,130,4,1,NULL,'2020-02-20 20:57:03',NULL,NULL,NULL,NULL,NULL,NULL,NULL,NULL,'2020-02-20 20:57:03','NO PLAN RIGHT NOW',NULL,17,NULL,NULL,'7','2020-02-20 14:19:17'),(131,131,4,1,NULL,'2020-02-20 20:57:03',NULL,NULL,NULL,NULL,NULL,NULL,NULL,NULL,'2020-02-20 20:57:03','not responding try three times',NULL,17,NULL,NULL,'7','2020-02-20 14:19:17'),(132,132,2,NULL,NULL,NULL,NULL,NULL,NULL,NULL,NULL,NULL,NULL,NULL,'2020-02-20 20:47:36','HE LOOKING FOR LAND ROVER RANGE ROVER SUV CAR . HE WILL PLAN  VISIT KARNAL SHOWROOM . not responding .',NULL,14,NULL,NULL,'Y','2020-02-20 14:19:18'),(133,133,2,NULL,NULL,NULL,NULL,NULL,NULL,NULL,NULL,NULL,NULL,NULL,'2020-02-20 20:47:36','LOOKING FOR 5 SERIES  BUDGET 13 LAKH',NULL,15,NULL,NULL,'Y','2020-02-20 14:19:18'),(134,134,2,NULL,NULL,NULL,NULL,NULL,NULL,NULL,NULL,NULL,NULL,NULL,'2020-02-20 20:47:36','SEND DETAIL S CLASS',NULL,15,NULL,NULL,'Y','2020-02-20 14:19:18'),(135,135,2,NULL,NULL,NULL,NULL,NULL,NULL,NULL,NULL,NULL,NULL,NULL,'2020-02-20 20:47:36','LOOKING FOR 2010,2011 MODEL AUDI A4',NULL,15,NULL,NULL,'Y','2020-02-20 14:19:18'),(136,136,2,NULL,NULL,NULL,NULL,NULL,NULL,NULL,NULL,NULL,NULL,NULL,'2020-02-20 20:47:36','DROP MESSAGE OF STOCK  BY WHATS APP',NULL,18,NULL,NULL,'Y','2020-02-20 14:19:18'),(137,137,2,NULL,NULL,NULL,NULL,NULL,NULL,NULL,NULL,NULL,NULL,NULL,'2020-02-20 20:47:36','NOT PICK FIRST CALL',NULL,18,NULL,NULL,'Y','2020-02-20 14:19:18'),(138,138,4,1,NULL,'2020-02-20 20:57:03',NULL,NULL,NULL,NULL,NULL,NULL,NULL,NULL,'2020-02-20 20:57:03','EXPLORE STOCK CARS',NULL,18,NULL,NULL,'7','2020-02-20 14:19:18'),(139,139,2,NULL,NULL,NULL,NULL,NULL,NULL,NULL,NULL,NULL,NULL,NULL,'2020-02-20 20:47:36','said am busy on shop with my customer call  back later/NOT RESPONDING',NULL,17,NULL,NULL,'Y','2020-02-20 14:19:18'),(140,140,2,NULL,NULL,NULL,NULL,NULL,NULL,NULL,NULL,NULL,NULL,NULL,'2020-02-20 20:47:36','LOOKING FOR JAGUAR XF',NULL,15,NULL,NULL,'Y','2020-02-20 14:19:18'),(141,141,2,NULL,NULL,NULL,NULL,NULL,NULL,NULL,NULL,NULL,NULL,NULL,'2020-02-20 20:47:36','LOOKING FOR AUDI Q3 & LAND ROVER FL2',NULL,15,NULL,NULL,'Y','2020-02-20 14:19:18'),(142,142,4,1,NULL,'2020-02-20 20:57:03',NULL,NULL,NULL,NULL,NULL,NULL,NULL,NULL,'2020-02-20 20:57:03','expecting very less price / he&#039;s getting new evoque in 41 lacs.',NULL,20,NULL,NULL,'7','2020-02-20 14:19:18'),(143,143,4,1,NULL,'2020-02-20 20:57:03',NULL,NULL,NULL,NULL,NULL,NULL,NULL,NULL,'2020-02-20 20:57:03','already in  touch with jaipur showroom for e class / i&#039;ve sent him location fir jaipur showroom also',NULL,20,NULL,NULL,'7','2020-02-20 14:19:18'),(144,144,2,NULL,NULL,NULL,NULL,NULL,NULL,NULL,NULL,NULL,NULL,NULL,'2020-02-20 20:47:36','he looking for range rover sport or discovery or GLS upto 5 k km done .',NULL,14,NULL,NULL,'Y','2020-02-20 14:19:18'),(145,145,2,NULL,NULL,NULL,NULL,NULL,NULL,NULL,NULL,NULL,NULL,NULL,'2020-02-20 20:47:36','HE LOOKING FOR CHANDIGARH NUMBER CAR UNDER 15 LAKH . he will we visit plan today  around 4 :30 pm .not answering.',NULL,14,NULL,NULL,'Y','2020-02-20 14:19:18'),(146,146,2,NULL,NULL,NULL,NULL,NULL,NULL,NULL,NULL,NULL,NULL,NULL,'2020-02-20 20:47:36','he want to sale audi A4 2015  HP15D7070 . SAYS ALLREADY IN TOUCH WITH KARNAL TEAM .',NULL,14,NULL,NULL,'Y','2020-02-20 14:19:18'),(147,147,4,1,NULL,'2020-02-20 20:57:03',NULL,NULL,NULL,NULL,NULL,NULL,NULL,NULL,'2020-02-20 20:57:03','LOOKING FOR A CAR WITHIN 35 LAC',NULL,17,NULL,NULL,'7','2020-02-20 14:19:18'),(148,148,2,NULL,NULL,NULL,NULL,NULL,NULL,NULL,NULL,NULL,NULL,NULL,'2020-02-20 20:47:36',NULL,NULL,13,NULL,NULL,'Y','2020-02-20 14:19:18'),(149,149,2,NULL,NULL,NULL,NULL,NULL,NULL,NULL,NULL,NULL,NULL,NULL,'2020-02-20 20:47:36','LOOKING FOR AUDI A4',NULL,15,NULL,NULL,'Y','2020-02-20 14:19:18'),(150,150,2,NULL,NULL,NULL,NULL,NULL,NULL,NULL,NULL,NULL,NULL,NULL,'2020-02-20 20:47:36',NULL,NULL,13,NULL,NULL,'Y','2020-02-20 14:19:18'),(151,151,2,NULL,NULL,NULL,NULL,NULL,NULL,NULL,NULL,NULL,NULL,NULL,'2020-02-20 20:47:36','LOOKING FOR SUV CARS TODAY VISIT DELHI SHOWROOM',NULL,15,NULL,NULL,'Y','2020-02-20 14:19:18'),(152,152,2,NULL,NULL,NULL,NULL,NULL,NULL,NULL,NULL,NULL,NULL,NULL,'2020-02-20 20:47:36','SEND SETAIL 520D 2013 MODEL BLACK COLOUR',NULL,15,NULL,NULL,'Y','2020-02-20 14:19:18'),(153,153,2,NULL,NULL,NULL,NULL,NULL,NULL,NULL,NULL,NULL,NULL,NULL,'2020-02-20 20:47:36',NULL,NULL,13,NULL,NULL,'Y','2020-02-20 14:19:18'),(154,154,2,NULL,NULL,NULL,NULL,NULL,NULL,NULL,NULL,NULL,NULL,NULL,'2020-02-20 20:47:36','SEND  DETAIL AUDI A4',NULL,15,NULL,NULL,'Y','2020-02-20 14:19:19'),(155,155,4,1,NULL,'2020-02-20 20:57:03',NULL,NULL,NULL,NULL,NULL,NULL,NULL,NULL,'2020-02-20 20:57:03',NULL,NULL,13,NULL,NULL,'7','2020-02-20 14:19:19'),(156,156,2,NULL,NULL,NULL,NULL,NULL,NULL,NULL,NULL,NULL,NULL,NULL,'2020-02-20 20:47:36',NULL,NULL,13,NULL,NULL,'Y','2020-02-20 14:19:19'),(157,157,2,NULL,NULL,NULL,NULL,NULL,NULL,NULL,NULL,NULL,NULL,NULL,'2020-02-20 20:47:36',NULL,NULL,13,NULL,NULL,'Y','2020-02-20 14:19:19'),(158,158,2,NULL,NULL,NULL,NULL,NULL,NULL,NULL,NULL,NULL,NULL,NULL,'2020-02-20 20:47:36',NULL,NULL,13,NULL,NULL,'Y','2020-02-20 14:19:19'),(159,159,2,NULL,NULL,NULL,NULL,NULL,NULL,NULL,NULL,NULL,NULL,NULL,'2020-02-20 20:47:36','STOCK SHARE ON WHATS APP',NULL,18,NULL,NULL,'Y','2020-02-20 14:19:19'),(160,160,2,NULL,NULL,NULL,NULL,NULL,NULL,NULL,NULL,NULL,NULL,NULL,'2020-02-20 20:47:36',NULL,NULL,13,NULL,NULL,'Y','2020-02-20 14:19:19'),(161,161,2,NULL,NULL,NULL,NULL,NULL,NULL,NULL,NULL,NULL,NULL,NULL,'2020-02-20 20:47:36',NULL,NULL,13,NULL,NULL,'Y','2020-02-20 14:19:19'),(162,162,2,NULL,NULL,NULL,NULL,NULL,NULL,NULL,NULL,NULL,NULL,NULL,'2020-02-20 20:47:36',NULL,NULL,13,NULL,NULL,'Y','2020-02-20 14:19:19'),(163,163,2,NULL,NULL,NULL,NULL,NULL,NULL,NULL,NULL,NULL,NULL,NULL,'2020-02-20 20:47:36','WANT TO BUY A CAR IN 25 LAKH BUDGET',NULL,17,NULL,NULL,'Y','2020-02-20 14:19:19'),(164,164,2,NULL,NULL,NULL,NULL,NULL,NULL,NULL,NULL,NULL,NULL,NULL,'2020-02-20 20:47:36','INTERESTED IN S CLASS 2015 MODEL SENT HIM DETAILS ON WHTSAPP',NULL,17,NULL,NULL,'Y','2020-02-20 14:19:19'),(165,165,2,NULL,NULL,NULL,NULL,NULL,NULL,NULL,NULL,NULL,NULL,NULL,'2020-02-20 20:47:36','NO WAITING',NULL,17,NULL,NULL,'Y','2020-02-20 14:19:19'),(166,166,2,NULL,NULL,NULL,NULL,NULL,NULL,NULL,NULL,NULL,NULL,NULL,'2020-02-20 20:47:36',NULL,NULL,12,NULL,NULL,'Y','2020-02-20 14:19:19'),(167,167,2,NULL,NULL,NULL,NULL,NULL,NULL,NULL,NULL,NULL,NULL,NULL,'2020-02-20 20:47:36',NULL,NULL,12,NULL,NULL,'Y','2020-02-20 14:19:19'),(168,168,4,1,NULL,'2020-02-20 20:57:03',NULL,NULL,NULL,NULL,NULL,NULL,NULL,NULL,'2020-02-20 20:57:03',NULL,NULL,13,NULL,NULL,'7','2020-02-20 14:19:19'),(169,169,4,1,NULL,'2020-02-20 20:57:03',NULL,NULL,NULL,NULL,NULL,NULL,NULL,NULL,'2020-02-20 20:57:03',NULL,NULL,13,NULL,NULL,'7','2020-02-20 14:19:19'),(170,170,4,1,NULL,'2020-02-20 20:57:03',NULL,NULL,NULL,NULL,NULL,NULL,NULL,NULL,'2020-02-20 20:57:03','he plan scorpio second hand car . he will allready driving AUDI Q7 .',NULL,14,NULL,NULL,'7','2020-02-20 14:19:19'),(171,171,2,NULL,NULL,NULL,NULL,NULL,NULL,NULL,NULL,NULL,NULL,NULL,'2020-02-20 20:47:36','NO PLAN . says plan postponed for 1 month or later.',NULL,14,NULL,NULL,'Y','2020-02-20 14:19:19'),(172,172,4,1,NULL,'2020-02-20 20:57:03',NULL,NULL,NULL,NULL,NULL,NULL,NULL,NULL,'2020-02-20 20:57:03','FIRST CALL  SWITCH OFF',NULL,18,NULL,NULL,'7','2020-02-20 14:19:19'),(173,173,2,NULL,NULL,NULL,NULL,NULL,NULL,NULL,NULL,NULL,NULL,NULL,'2020-02-20 20:47:36','SEND STOCK',NULL,15,NULL,NULL,'Y','2020-02-20 14:19:19'),(174,174,2,NULL,NULL,NULL,NULL,NULL,NULL,NULL,NULL,NULL,NULL,NULL,'2020-02-20 20:47:36','WANT TO BUY ANY  SUV WITHIN 15 LAC PITCH HIM FREELANDOR',NULL,17,NULL,NULL,'Y','2020-02-20 14:19:19'),(175,175,2,NULL,NULL,NULL,NULL,NULL,NULL,NULL,NULL,NULL,NULL,NULL,'2020-02-20 20:47:36','said am busy call back later',NULL,17,NULL,NULL,'Y','2020-02-20 14:19:19'),(176,176,4,1,NULL,'2020-02-20 20:57:03',NULL,NULL,NULL,NULL,NULL,NULL,NULL,NULL,'2020-02-20 20:57:03','no plan disconnect the call',NULL,17,NULL,NULL,'7','2020-02-20 14:19:19'),(177,177,2,NULL,NULL,NULL,NULL,NULL,NULL,NULL,NULL,NULL,NULL,NULL,'2020-02-20 20:47:36',NULL,NULL,12,NULL,NULL,'Y','2020-02-20 14:19:20'),(178,178,4,1,NULL,'2020-02-20 20:57:03',NULL,NULL,NULL,NULL,NULL,NULL,NULL,NULL,'2020-02-20 20:57:03',NULL,NULL,12,NULL,NULL,'7','2020-02-20 14:19:20'),(179,179,2,NULL,NULL,NULL,NULL,NULL,NULL,NULL,NULL,NULL,NULL,NULL,'2020-02-20 20:47:36',NULL,NULL,12,NULL,NULL,'Y','2020-02-20 14:19:20'),(180,180,4,1,NULL,'2020-02-20 20:57:03',NULL,NULL,NULL,NULL,NULL,NULL,NULL,NULL,'2020-02-20 20:57:03','out of budget',NULL,12,NULL,NULL,'7','2020-02-20 14:19:20'),(181,181,2,NULL,NULL,NULL,NULL,NULL,NULL,NULL,NULL,NULL,NULL,NULL,'2020-02-20 20:47:36',NULL,NULL,12,NULL,NULL,'Y','2020-02-20 14:19:20'),(182,182,2,NULL,NULL,NULL,NULL,NULL,NULL,NULL,NULL,NULL,NULL,NULL,'2020-02-20 20:47:36',NULL,NULL,12,NULL,NULL,'Y','2020-02-20 14:19:20'),(183,183,2,NULL,NULL,NULL,NULL,NULL,NULL,NULL,NULL,NULL,NULL,NULL,'2020-02-20 20:47:36','LOOKING FOR DL REGISTER CAR',NULL,15,NULL,NULL,'Y','2020-02-20 14:19:20'),(184,184,2,NULL,NULL,NULL,NULL,NULL,NULL,NULL,NULL,NULL,NULL,NULL,'2020-02-20 20:47:36','LOOKING FOR GLA',NULL,15,NULL,NULL,'Y','2020-02-20 14:19:20'),(185,185,4,1,NULL,'2020-02-20 20:57:03',NULL,NULL,NULL,NULL,NULL,NULL,NULL,NULL,'2020-02-20 20:57:03',NULL,NULL,12,NULL,NULL,'7','2020-02-20 14:19:20'),(186,186,2,NULL,NULL,NULL,NULL,NULL,NULL,NULL,NULL,NULL,NULL,NULL,'2020-02-20 20:47:36',NULL,NULL,13,NULL,NULL,'Y','2020-02-20 14:19:20'),(187,187,2,NULL,NULL,NULL,NULL,NULL,NULL,NULL,NULL,NULL,NULL,NULL,'2020-02-20 20:47:36',NULL,NULL,13,NULL,NULL,'Y','2020-02-20 14:19:20'),(188,188,2,NULL,NULL,NULL,NULL,NULL,NULL,NULL,NULL,NULL,NULL,NULL,'2020-02-20 20:47:36','SEND DETAIL FL2',NULL,15,NULL,NULL,'Y','2020-02-20 14:19:20'),(189,189,2,NULL,NULL,NULL,NULL,NULL,NULL,NULL,NULL,NULL,NULL,NULL,'2020-02-20 20:47:36',NULL,NULL,12,NULL,NULL,'Y','2020-02-20 14:19:20'),(190,190,2,NULL,NULL,NULL,NULL,NULL,NULL,NULL,NULL,NULL,NULL,NULL,'2020-02-20 20:47:36','PLANNING FOR 3 SERIES',NULL,19,NULL,NULL,'Y','2020-02-20 14:19:20'),(191,191,2,NULL,NULL,NULL,NULL,NULL,NULL,NULL,NULL,NULL,NULL,NULL,'2020-02-20 20:47:36','PLANNING FOR VOLVO',NULL,19,NULL,NULL,'Y','2020-02-20 14:19:20'),(192,192,2,NULL,NULL,NULL,NULL,NULL,NULL,NULL,NULL,NULL,NULL,NULL,'2020-02-20 20:47:36','LOOKING FOR LUXURY PETROL CAR NO.ONLY HR',NULL,15,NULL,NULL,'Y','2020-02-20 14:19:20'),(193,193,2,NULL,NULL,NULL,NULL,NULL,NULL,NULL,NULL,NULL,NULL,NULL,'2020-02-20 20:47:36','WANT TO BUY ANY CAR WITHIN 35 LAC',NULL,17,NULL,NULL,'Y','2020-02-20 14:19:20'),(194,194,2,NULL,NULL,NULL,NULL,NULL,NULL,NULL,NULL,NULL,NULL,NULL,'2020-02-20 20:47:36','HE LOOKING FOR LANDROVER RANGE ROVER SUV CAR .',NULL,14,NULL,NULL,'Y','2020-02-20 14:19:20'),(195,195,4,1,NULL,'2020-02-20 20:57:03',NULL,NULL,NULL,NULL,NULL,NULL,NULL,NULL,'2020-02-20 20:57:03','EXPLORE E250 BROWN AND ASLO LOOKING FOR SUV',NULL,18,NULL,NULL,'7','2020-02-20 14:19:20'),(196,196,2,NULL,NULL,NULL,NULL,NULL,NULL,NULL,NULL,NULL,NULL,NULL,'2020-02-20 20:47:36','LOOKING FOR AUDI A4 BUDGET 8 LAKH',NULL,15,NULL,NULL,'Y','2020-02-20 14:19:20'),(197,197,2,NULL,NULL,NULL,NULL,NULL,NULL,NULL,NULL,NULL,NULL,NULL,'2020-02-20 20:47:36','LOOKING FOR SUV  CAR',NULL,15,NULL,NULL,'Y','2020-02-20 14:19:20'),(198,198,4,1,NULL,'2020-02-20 20:57:03',NULL,NULL,NULL,NULL,NULL,NULL,NULL,NULL,'2020-02-20 20:57:03','Exhange his old car Bmw X1 than finalize.',NULL,19,NULL,NULL,'7','2020-02-20 14:19:20'),(199,199,2,NULL,NULL,NULL,NULL,NULL,NULL,NULL,NULL,NULL,NULL,NULL,'2020-02-20 20:47:36','Take some time   because he was busy some personal work call me on next month .',NULL,19,NULL,NULL,'Y','2020-02-20 14:19:21'),(200,200,2,NULL,NULL,NULL,NULL,NULL,NULL,NULL,NULL,NULL,NULL,NULL,'2020-02-20 20:47:36','LOOKING FOR FORTUNER',NULL,20,NULL,NULL,'Y','2020-02-20 14:19:21'),(201,201,2,NULL,NULL,NULL,NULL,NULL,NULL,NULL,NULL,NULL,NULL,NULL,'2020-02-20 20:47:36','Interested but discuss with my son than finalize in next weak.',NULL,19,NULL,NULL,'Y','2020-02-20 14:19:21'),(202,202,2,NULL,NULL,NULL,NULL,NULL,NULL,NULL,NULL,NULL,NULL,NULL,'2020-02-20 20:47:36',NULL,NULL,13,NULL,NULL,'Y','2020-02-20 14:19:21'),(203,203,2,NULL,NULL,NULL,NULL,NULL,NULL,NULL,NULL,NULL,NULL,NULL,'2020-02-20 20:47:36',NULL,NULL,13,NULL,NULL,'Y','2020-02-20 14:19:21'),(204,204,2,NULL,NULL,NULL,NULL,NULL,NULL,NULL,NULL,NULL,NULL,NULL,'2020-02-20 20:47:36',NULL,NULL,13,NULL,NULL,'Y','2020-02-20 14:19:21'),(205,205,2,NULL,NULL,NULL,NULL,NULL,NULL,NULL,NULL,NULL,NULL,NULL,'2020-02-20 20:47:36',NULL,NULL,13,NULL,NULL,'Y','2020-02-20 14:19:21'),(206,206,2,NULL,NULL,NULL,NULL,NULL,NULL,NULL,NULL,NULL,NULL,NULL,'2020-02-20 20:47:36',NULL,NULL,13,NULL,NULL,'Y','2020-02-20 14:19:21'),(207,207,4,1,NULL,'2020-02-20 20:57:03',NULL,NULL,NULL,NULL,NULL,NULL,NULL,NULL,'2020-02-20 20:57:03','he is busy now but call back evening . not responding. call is waiting . call back evening  5 p.m he not interested .',NULL,14,NULL,NULL,'7','2020-02-20 14:19:21'),(208,208,2,NULL,NULL,NULL,NULL,NULL,NULL,NULL,NULL,NULL,NULL,NULL,'2020-02-20 20:47:36','HE VISIT SHOWROOM  LUXURY CAR HAECH PETROL CAR . BUDGET FOR 10 LAKH FINAANCE ALSO .',NULL,14,NULL,NULL,'Y','2020-02-20 14:19:21'),(209,209,2,NULL,NULL,NULL,NULL,NULL,NULL,NULL,NULL,NULL,NULL,NULL,'2020-02-20 20:47:36','SEND DETAIL B CLASS',NULL,15,NULL,NULL,'Y','2020-02-20 14:19:21'),(210,210,2,NULL,NULL,NULL,NULL,NULL,NULL,NULL,NULL,NULL,NULL,NULL,'2020-02-20 20:47:36',NULL,NULL,12,NULL,NULL,'Y','2020-02-20 14:19:21'),(211,211,2,NULL,NULL,NULL,NULL,NULL,NULL,NULL,NULL,NULL,NULL,NULL,'2020-02-20 20:47:36',NULL,NULL,12,NULL,NULL,'Y','2020-02-20 14:19:21'),(212,212,4,1,NULL,'2020-02-20 20:57:03',NULL,NULL,NULL,NULL,NULL,NULL,NULL,NULL,'2020-02-20 20:57:03','Not Intrested He Is Not Planing For any Car (Delhi)',NULL,16,NULL,NULL,'7','2020-02-20 14:19:21'),(213,213,4,1,NULL,'2020-02-20 20:57:03',NULL,NULL,NULL,NULL,NULL,NULL,NULL,NULL,'2020-02-20 20:57:03','ASKING FOR THE LAST PRICE OF MERCEDES GLA 2017 MODEL PB NO',NULL,17,NULL,NULL,'7','2020-02-20 14:19:21'),(214,214,4,1,NULL,'2020-02-20 20:57:03',NULL,NULL,NULL,NULL,NULL,NULL,NULL,NULL,'2020-02-20 20:57:03','JUST WATCHING THE CAR ON CAR DEKHO',NULL,17,NULL,NULL,'7','2020-02-20 14:19:21'),(215,215,2,NULL,NULL,NULL,NULL,NULL,NULL,NULL,NULL,NULL,NULL,NULL,'2020-02-20 20:47:36','SEND DEATIL 7 SERIES',NULL,15,NULL,NULL,'Y','2020-02-20 14:19:21'),(216,216,2,NULL,NULL,NULL,NULL,NULL,NULL,NULL,NULL,NULL,NULL,NULL,'2020-02-20 20:47:36',NULL,NULL,12,NULL,NULL,'Y','2020-02-20 14:19:21'),(217,217,2,NULL,NULL,NULL,NULL,NULL,NULL,NULL,NULL,NULL,NULL,NULL,'2020-02-20 20:47:36',NULL,NULL,12,NULL,NULL,'Y','2020-02-20 14:19:21'),(218,218,2,NULL,NULL,NULL,NULL,NULL,NULL,NULL,NULL,NULL,NULL,NULL,'2020-02-20 20:47:36',NULL,NULL,12,NULL,NULL,'Y','2020-02-20 14:19:21'),(219,219,4,1,NULL,'2020-02-20 20:57:03',NULL,NULL,NULL,NULL,NULL,NULL,NULL,NULL,'2020-02-20 20:57:03',NULL,NULL,12,NULL,NULL,'7','2020-02-20 14:19:21'),(220,220,4,1,NULL,'2020-02-20 20:57:03',NULL,NULL,NULL,NULL,NULL,NULL,NULL,NULL,'2020-02-20 20:57:03','not responding properly',NULL,18,NULL,NULL,'7','2020-02-20 14:19:21'),(221,221,4,1,NULL,'2020-02-20 20:57:03',NULL,NULL,NULL,NULL,NULL,NULL,NULL,NULL,'2020-02-20 20:57:03',NULL,NULL,17,NULL,NULL,'7','2020-02-20 14:19:21'),(222,222,2,NULL,NULL,NULL,NULL,NULL,NULL,NULL,NULL,NULL,NULL,NULL,'2020-02-20 20:47:36','he looking for range rover 2017 white . he will we plan visit the showroom . STOCK SHARE  . not responding. not answering.',NULL,14,NULL,NULL,'Y','2020-02-20 14:19:22'),(223,223,2,NULL,NULL,NULL,NULL,NULL,NULL,NULL,NULL,NULL,NULL,NULL,'2020-02-20 20:47:36',NULL,NULL,12,NULL,NULL,'Y','2020-02-20 14:19:22'),(224,224,2,NULL,NULL,NULL,NULL,NULL,NULL,NULL,NULL,NULL,NULL,NULL,'2020-02-20 20:47:36','PLANING FOR AUDI Q5',NULL,19,NULL,NULL,'Y','2020-02-20 14:19:22'),(225,225,2,NULL,NULL,NULL,NULL,NULL,NULL,NULL,NULL,NULL,NULL,NULL,'2020-02-20 20:47:36','HE LOOKING FOR RANGE ROVER OR F - PACE .',NULL,14,NULL,NULL,'Y','2020-02-20 14:19:22'),(226,226,7,NULL,NULL,'2020-02-20 20:58:38',NULL,NULL,NULL,NULL,NULL,NULL,NULL,NULL,'2020-02-20 20:58:38','IS LOOKING FOR MERCEDES C CLASS.',NULL,16,NULL,NULL,'7','2020-02-20 14:19:22'),(227,227,2,NULL,NULL,NULL,NULL,NULL,NULL,NULL,NULL,NULL,NULL,NULL,'2020-02-20 20:47:36','PLANNING FOR B CLASS',NULL,19,NULL,NULL,'Y','2020-02-20 14:19:22'),(228,228,4,1,NULL,'2020-02-20 20:57:03',NULL,NULL,NULL,NULL,NULL,NULL,NULL,NULL,'2020-02-20 20:57:03',NULL,NULL,13,NULL,NULL,'7','2020-02-20 14:19:22'),(229,229,2,NULL,NULL,NULL,NULL,NULL,NULL,NULL,NULL,NULL,NULL,NULL,'2020-02-20 20:47:36','HE VISIT SHOWROOM HE INTERESTING IN BMW 3 SERIES,  AUDI A6 BUT HE DISCUSS WITH FAMILY AND HE WILL  CONFROM .  he says busy somewhere else says call evening.',NULL,14,NULL,NULL,'Y','2020-02-20 14:19:22'),(230,230,4,1,NULL,'2020-02-20 20:57:03',NULL,NULL,NULL,NULL,NULL,NULL,NULL,NULL,'2020-02-20 20:57:03','LOOKING FOR AUDI A4',NULL,17,NULL,NULL,'7','2020-02-20 14:19:22'),(231,231,2,NULL,NULL,NULL,NULL,NULL,NULL,NULL,NULL,NULL,NULL,NULL,'2020-02-20 20:47:36','LOOKING FOR Q7 COLOUR CHOICE WHITE',NULL,15,NULL,NULL,'Y','2020-02-20 14:19:22'),(232,232,2,NULL,NULL,NULL,NULL,NULL,NULL,NULL,NULL,NULL,NULL,NULL,'2020-02-20 20:47:36','HIS BMW 5 SERIES HAS BEEN HIT ON ROAD / NEED TO TOE AWAY THE CAR',NULL,0,NULL,NULL,'Y','2020-02-20 14:19:22'),(233,233,2,NULL,NULL,NULL,NULL,NULL,NULL,NULL,NULL,NULL,NULL,NULL,'2020-02-20 20:47:36','He looking for AUDI Q5 , A6 &  BMW X3 or MERCEDES BENZ E CLASS  BUT Budget is around 30 lakh  . Allready driving toyota fortuner 2017 at white 12k km done punjab number want to trade also . call is busy . not responding.',NULL,14,NULL,NULL,'Y','2020-02-20 14:19:22'),(234,234,4,1,NULL,'2020-02-20 20:57:03',NULL,NULL,NULL,NULL,NULL,NULL,NULL,NULL,'2020-02-20 20:57:03','NOT INTERESTED',NULL,17,NULL,NULL,'7','2020-02-20 14:19:22'),(235,235,4,1,NULL,'2020-02-20 20:57:03',NULL,NULL,NULL,NULL,NULL,NULL,NULL,NULL,'2020-02-20 20:57:03','FAKE CUSTOMER JUST WATCHING THE CAR ON CARDEKHO',NULL,17,NULL,NULL,'7','2020-02-20 14:19:22'),(236,236,2,NULL,NULL,NULL,NULL,NULL,NULL,NULL,NULL,NULL,NULL,NULL,'2020-02-20 20:47:36','BUSY RIGHT NOW',NULL,17,NULL,NULL,'Y','2020-02-20 14:19:22'),(237,237,2,NULL,NULL,NULL,NULL,NULL,NULL,NULL,NULL,NULL,NULL,NULL,'2020-02-20 20:47:36',NULL,NULL,13,NULL,NULL,'Y','2020-02-20 14:19:22'),(238,238,2,NULL,NULL,NULL,NULL,NULL,NULL,NULL,NULL,NULL,NULL,NULL,'2020-02-20 20:47:36',NULL,NULL,13,NULL,NULL,'Y','2020-02-20 14:19:22'),(239,239,2,NULL,NULL,NULL,NULL,NULL,NULL,NULL,NULL,NULL,NULL,NULL,'2020-02-20 20:47:36',NULL,NULL,13,NULL,NULL,'Y','2020-02-20 14:19:22'),(240,240,2,NULL,NULL,NULL,NULL,NULL,NULL,NULL,NULL,NULL,NULL,NULL,'2020-02-20 20:47:36',NULL,NULL,13,NULL,NULL,'Y','2020-02-20 14:19:22'),(241,241,2,NULL,NULL,NULL,NULL,NULL,NULL,NULL,NULL,NULL,NULL,NULL,'2020-02-20 20:47:36','HE LOOKING FOR AUDI A6 & MERCEDES BENZ S CLASS .  not answering.',NULL,14,NULL,NULL,'Y','2020-02-20 14:19:22'),(242,242,2,NULL,NULL,NULL,NULL,NULL,NULL,NULL,NULL,NULL,NULL,NULL,'2020-02-20 20:47:36','he looking for AUDI A6 & BMW 320 D . ALLREADY DRIVING SCODA REPID 2015 MODEL 70K KM DONE . HE WILL CONFORM TO HIM VISIT SHOWROOM . he visit the showroom given test drive audi A6 & BMW 320 D .BUT HE  WILL DISCUSS WITH FAMLIY AND HE WILL CONFRM .  NOT RESPONDING.CALL IS WAITING  . evening call is back after 4 : 30 pm .',NULL,14,NULL,NULL,'Y','2020-02-20 14:19:22'),(243,243,4,1,NULL,'2020-02-20 20:57:03',NULL,NULL,NULL,NULL,NULL,NULL,NULL,NULL,'2020-02-20 20:57:03','HE LOOKING FOR HYUNDAI BRAND UPTO 5 LAKHS  ...',NULL,14,NULL,NULL,'7','2020-02-20 14:19:22'),(244,244,2,NULL,NULL,NULL,NULL,NULL,NULL,NULL,NULL,NULL,NULL,NULL,'2020-02-20 20:47:36','NEED A CAR IN 10 LAKHS BUDGET',NULL,17,NULL,NULL,'Y','2020-02-20 14:19:23'),(245,245,2,NULL,NULL,NULL,NULL,NULL,NULL,NULL,NULL,NULL,NULL,NULL,'2020-02-20 20:47:36','BUSY RIGHT NOW',NULL,17,NULL,NULL,'Y','2020-02-20 14:19:23'),(246,246,2,NULL,NULL,NULL,NULL,NULL,NULL,NULL,NULL,NULL,NULL,NULL,'2020-02-20 20:47:36',NULL,NULL,12,NULL,NULL,'Y','2020-02-20 14:19:23'),(247,247,4,1,NULL,'2020-02-20 20:57:03',NULL,NULL,NULL,NULL,NULL,NULL,NULL,NULL,'2020-02-20 20:57:03','WILL GO FOR NEW CAR',NULL,12,NULL,NULL,'7','2020-02-20 14:19:23'),(248,248,2,NULL,NULL,NULL,NULL,NULL,NULL,NULL,NULL,NULL,NULL,NULL,'2020-02-20 20:47:36',NULL,NULL,12,NULL,NULL,'Y','2020-02-20 14:19:23'),(249,249,4,1,NULL,'2020-02-20 20:57:03',NULL,NULL,NULL,NULL,NULL,NULL,NULL,NULL,'2020-02-20 20:57:03','enquiering for his boss , idea dropped',NULL,12,NULL,NULL,'7','2020-02-20 14:19:23'),(250,250,2,NULL,NULL,NULL,NULL,NULL,NULL,NULL,NULL,NULL,NULL,NULL,'2020-02-20 20:47:36',NULL,NULL,12,NULL,NULL,'Y','2020-02-20 14:19:23'),(251,251,2,NULL,NULL,NULL,NULL,NULL,NULL,NULL,NULL,NULL,NULL,NULL,'2020-02-20 20:47:36','LOOKING FOR 7SERIESUP TO 2013 MODEL',NULL,15,NULL,NULL,'Y','2020-02-20 14:19:23'),(252,252,2,NULL,NULL,NULL,NULL,NULL,NULL,NULL,NULL,NULL,NULL,NULL,'2020-02-20 20:47:36','send detail',NULL,15,NULL,NULL,'Y','2020-02-20 14:19:23'),(253,253,2,NULL,NULL,NULL,NULL,NULL,NULL,NULL,NULL,NULL,NULL,NULL,'2020-02-20 20:47:36',NULL,NULL,12,NULL,NULL,'Y','2020-02-20 14:19:23'),(254,254,4,1,NULL,'2020-02-20 20:57:03',NULL,NULL,NULL,NULL,NULL,NULL,NULL,NULL,'2020-02-20 20:57:03','LOOKING FOR XC 90 ONLY AND WANT TO EXCHANGE Q7',NULL,18,NULL,NULL,'7','2020-02-20 14:19:23'),(255,255,4,1,NULL,'2020-02-20 20:57:03',NULL,NULL,NULL,NULL,NULL,NULL,NULL,NULL,'2020-02-20 20:57:03',NULL,NULL,13,NULL,NULL,'7','2020-02-20 14:19:23'),(256,256,4,1,NULL,'2020-02-20 20:57:03',NULL,NULL,NULL,NULL,NULL,NULL,NULL,NULL,'2020-02-20 20:57:03','Call Not Receiving',NULL,16,NULL,NULL,'7','2020-02-20 14:19:23'),(257,257,4,1,NULL,'2020-02-20 20:57:03',NULL,NULL,NULL,NULL,NULL,NULL,NULL,NULL,'2020-02-20 20:57:03','Incoming Call Barred',NULL,16,NULL,NULL,'7','2020-02-20 14:19:23'),(258,258,2,NULL,NULL,NULL,NULL,NULL,NULL,NULL,NULL,NULL,NULL,NULL,'2020-02-20 20:47:36','SEND DETAIL CUTOMER OUT OFF STAION  AGAIN  CALL  29-01-2020',NULL,15,NULL,NULL,'Y','2020-02-20 14:19:23'),(259,259,2,NULL,NULL,NULL,NULL,NULL,NULL,NULL,NULL,NULL,NULL,NULL,'2020-02-20 20:47:36',NULL,NULL,13,NULL,NULL,'Y','2020-02-20 14:19:23'),(260,260,4,1,NULL,'2020-02-20 20:57:03',NULL,NULL,NULL,NULL,NULL,NULL,NULL,NULL,'2020-02-20 20:57:03',NULL,NULL,17,NULL,NULL,'7','2020-02-20 14:19:23'),(261,261,4,1,NULL,'2020-02-20 20:57:03',NULL,NULL,NULL,NULL,NULL,NULL,NULL,NULL,'2020-02-20 20:57:03',NULL,NULL,12,NULL,NULL,'7','2020-02-20 14:19:23'),(262,262,2,NULL,NULL,NULL,NULL,NULL,NULL,NULL,NULL,NULL,NULL,NULL,'2020-02-20 20:47:36',NULL,NULL,12,NULL,NULL,'Y','2020-02-20 14:19:23'),(263,263,4,1,NULL,'2020-02-20 20:57:03',NULL,NULL,NULL,NULL,NULL,NULL,NULL,NULL,'2020-02-20 20:57:03',NULL,NULL,12,NULL,NULL,'7','2020-02-20 14:19:23'),(264,264,4,1,NULL,'2020-02-20 20:57:03',NULL,NULL,NULL,NULL,NULL,NULL,NULL,NULL,'2020-02-20 20:57:03','disconnecting disconnecting  DISCONNECTINGalways disconnecting',NULL,12,NULL,NULL,'7','2020-02-20 14:19:23'),(265,265,2,NULL,NULL,NULL,NULL,NULL,NULL,NULL,NULL,NULL,NULL,NULL,'2020-02-20 20:47:36','LOOKING FOR CAR  IN BUDGET 20 LAC',NULL,18,NULL,NULL,'Y','2020-02-20 14:19:24'),(266,266,4,1,NULL,'2020-02-20 20:57:03',NULL,NULL,NULL,NULL,NULL,NULL,NULL,NULL,'2020-02-20 20:57:03','EXPLORE GLA AND X3 BUDGET 20 LAC',NULL,18,NULL,NULL,'7','2020-02-20 14:19:24'),(267,267,4,1,NULL,'2020-02-20 20:57:03',NULL,NULL,NULL,NULL,NULL,NULL,NULL,NULL,'2020-02-20 20:57:03','WANT BMW 320D',NULL,17,NULL,NULL,'7','2020-02-20 14:19:24'),(268,268,2,NULL,NULL,NULL,NULL,NULL,NULL,NULL,NULL,NULL,NULL,NULL,'2020-02-20 20:47:36',NULL,NULL,13,NULL,NULL,'Y','2020-02-20 14:19:24'),(269,269,2,NULL,NULL,NULL,NULL,NULL,NULL,NULL,NULL,NULL,NULL,NULL,'2020-02-20 20:47:36','INTERESTED IN MERC E CLASS',NULL,17,NULL,NULL,'Y','2020-02-20 14:19:24'),(270,270,4,1,NULL,'2020-02-20 20:57:03',NULL,NULL,NULL,NULL,NULL,NULL,NULL,NULL,'2020-02-20 20:57:03','DETAILS SHARE ON WHATS APP',NULL,18,NULL,NULL,'7','2020-02-20 14:19:24'),(271,271,4,1,NULL,'2020-02-20 20:57:03',NULL,NULL,NULL,NULL,NULL,NULL,NULL,NULL,'2020-02-20 20:57:03',NULL,NULL,12,NULL,NULL,'7','2020-02-20 14:19:24'),(272,272,4,1,NULL,'2020-02-20 20:57:03',NULL,NULL,NULL,NULL,NULL,NULL,NULL,NULL,'2020-02-20 20:57:03','NOT RESPONDING TRY THREE TIMES',NULL,17,NULL,NULL,'7','2020-02-20 14:19:24'),(273,273,4,1,NULL,'2020-02-20 20:57:03',NULL,NULL,NULL,NULL,NULL,NULL,NULL,NULL,'2020-02-20 20:57:03','NO PLAN DISCONNECT THE CALL',NULL,17,NULL,NULL,'7','2020-02-20 14:19:24'),(274,274,4,1,NULL,'2020-02-20 20:57:03',NULL,NULL,NULL,NULL,NULL,NULL,NULL,NULL,'2020-02-20 20:57:03','NO WAITING',NULL,17,NULL,NULL,'7','2020-02-20 14:19:24'),(275,275,2,NULL,NULL,NULL,NULL,NULL,NULL,NULL,NULL,NULL,NULL,NULL,'2020-02-20 20:47:36',NULL,NULL,13,NULL,NULL,'Y','2020-02-20 14:19:24'),(276,276,2,NULL,NULL,NULL,NULL,NULL,NULL,NULL,NULL,NULL,NULL,NULL,'2020-02-20 20:47:36',NULL,NULL,12,NULL,NULL,'Y','2020-02-20 14:19:24'),(277,277,2,NULL,NULL,NULL,NULL,NULL,NULL,NULL,NULL,NULL,NULL,NULL,'2020-02-20 20:47:36','he will visit the showroom  .he interesting in MERCEDES BENZ S CLASS  . AUDI A6 & BMW 320 D TEST DRIVE But he will final discuss with famliy and he will confm . he interesting for MERCEDES BENZ   S CLASS .',NULL,14,NULL,NULL,'Y','2020-02-20 14:19:24'),(278,278,2,NULL,NULL,NULL,NULL,NULL,NULL,NULL,NULL,NULL,NULL,NULL,'2020-02-20 20:47:36',NULL,NULL,12,NULL,NULL,'Y','2020-02-20 14:19:24'),(279,279,2,NULL,NULL,NULL,NULL,NULL,NULL,NULL,NULL,NULL,NULL,NULL,'2020-02-20 20:47:36','LOOKING FOR 3 SERIES 5 SERIES ONLY HR , PB , CH NO.ONLY',NULL,15,NULL,NULL,'Y','2020-02-20 14:19:24'),(280,280,4,1,NULL,'2020-02-20 20:57:03',NULL,NULL,NULL,NULL,NULL,NULL,NULL,NULL,'2020-02-20 20:57:03',NULL,NULL,12,NULL,NULL,'7','2020-02-20 14:19:24'),(281,281,4,1,NULL,'2020-02-20 20:57:03',NULL,NULL,NULL,NULL,NULL,NULL,NULL,NULL,'2020-02-20 20:57:03','NOT PICKING UP THE CALL',NULL,17,NULL,NULL,'7','2020-02-20 14:19:24'),(282,282,2,NULL,NULL,NULL,NULL,NULL,NULL,NULL,NULL,NULL,NULL,NULL,'2020-02-20 20:47:36','WANT TO SELL HIS AUDI Q3 2017 MODEL',NULL,17,NULL,NULL,'Y','2020-02-20 14:19:24'),(283,283,4,1,NULL,'2020-02-20 20:57:03',NULL,NULL,NULL,NULL,NULL,NULL,NULL,NULL,'2020-02-20 20:57:03',NULL,NULL,12,NULL,NULL,'7','2020-02-20 14:19:24'),(284,284,4,1,NULL,'2020-02-20 20:57:03',NULL,NULL,NULL,NULL,NULL,NULL,NULL,NULL,'2020-02-20 20:57:03',NULL,NULL,12,NULL,NULL,'7','2020-02-20 14:19:24'),(285,285,2,NULL,NULL,NULL,NULL,NULL,NULL,NULL,NULL,NULL,NULL,NULL,'2020-02-20 20:47:36',NULL,NULL,12,NULL,NULL,'Y','2020-02-20 14:19:24'),(286,286,2,NULL,NULL,NULL,NULL,NULL,NULL,NULL,NULL,NULL,NULL,NULL,'2020-02-20 20:47:36',NULL,NULL,12,NULL,NULL,'Y','2020-02-20 14:19:24'),(287,287,2,NULL,NULL,NULL,NULL,NULL,NULL,NULL,NULL,NULL,NULL,NULL,'2020-02-20 20:47:36',NULL,NULL,12,NULL,NULL,'Y','2020-02-20 14:19:25'),(288,288,2,NULL,NULL,NULL,NULL,NULL,NULL,NULL,NULL,NULL,NULL,NULL,'2020-02-20 20:47:36',NULL,NULL,13,NULL,NULL,'Y','2020-02-20 14:19:25'),(289,289,4,1,NULL,'2020-02-20 20:57:03',NULL,NULL,NULL,NULL,NULL,NULL,NULL,NULL,'2020-02-20 20:57:03',NULL,NULL,13,NULL,NULL,'7','2020-02-20 14:19:25'),(290,290,2,NULL,NULL,NULL,NULL,NULL,NULL,NULL,NULL,NULL,NULL,NULL,'2020-02-20 20:47:36','he interested in BMW 320d  &  AUDI  A6 . But he says as now busy somewhere else he will call in evening . he interesting for bmw 5 series but car drive only 21000 km and 20 lakh. not responding .',NULL,14,NULL,NULL,'Y','2020-02-20 14:19:25'),(291,291,2,NULL,NULL,NULL,NULL,NULL,NULL,NULL,NULL,NULL,NULL,NULL,'2020-02-20 20:47:36','SEND DETAIL VOLVO V90',NULL,15,NULL,NULL,'Y','2020-02-20 14:19:25'),(292,292,4,1,NULL,'2020-02-20 20:57:03',NULL,NULL,NULL,NULL,NULL,NULL,NULL,NULL,'2020-02-20 20:57:03','FAKE CUSTOMER NOT INTERESTED IN ANY CAR',NULL,17,NULL,NULL,'7','2020-02-20 14:19:25'),(293,293,4,1,NULL,'2020-02-20 20:57:03',NULL,NULL,NULL,NULL,NULL,NULL,NULL,NULL,'2020-02-20 20:57:03','NEED SWIFT',NULL,17,NULL,NULL,'7','2020-02-20 14:19:25'),(294,294,2,NULL,NULL,NULL,NULL,NULL,NULL,NULL,NULL,NULL,NULL,NULL,'2020-02-20 20:47:36','NOT PICKING UP THE CALL',NULL,17,NULL,NULL,'Y','2020-02-20 14:19:25'),(295,295,2,NULL,NULL,NULL,NULL,NULL,NULL,NULL,NULL,NULL,NULL,NULL,'2020-02-20 20:47:36','9814077901 govinder interested in e class  will don visit in wednesday',NULL,17,NULL,NULL,'Y','2020-02-20 14:19:25'),(296,296,2,NULL,NULL,NULL,NULL,NULL,NULL,NULL,NULL,NULL,NULL,NULL,'2020-02-20 20:47:36','SHARE HIM THE DETAIL OF MERCEDES E CLASS 2015 MODEL',NULL,17,NULL,NULL,'Y','2020-02-20 14:19:25'),(297,297,4,1,NULL,'2020-02-20 20:57:03',NULL,NULL,NULL,NULL,NULL,NULL,NULL,NULL,'2020-02-20 20:57:03',NULL,NULL,12,NULL,NULL,'7','2020-02-20 14:19:25'),(298,298,4,1,NULL,'2020-02-20 20:57:03',NULL,NULL,NULL,NULL,NULL,NULL,NULL,NULL,'2020-02-20 20:57:03',NULL,NULL,12,NULL,NULL,'7','2020-02-20 14:19:25'),(299,299,2,NULL,NULL,NULL,NULL,NULL,NULL,NULL,NULL,NULL,NULL,NULL,'2020-02-20 20:47:36',NULL,NULL,12,NULL,NULL,'Y','2020-02-20 14:19:25'),(300,300,2,NULL,NULL,NULL,NULL,NULL,NULL,NULL,NULL,NULL,NULL,NULL,'2020-02-20 20:47:36',NULL,NULL,12,NULL,NULL,'Y','2020-02-20 14:19:25'),(301,301,4,1,NULL,'2020-02-20 20:57:03',NULL,NULL,NULL,NULL,NULL,NULL,NULL,NULL,'2020-02-20 20:57:03','number not dialable.',NULL,12,NULL,NULL,'7','2020-02-20 14:19:25'),(302,302,2,NULL,NULL,NULL,NULL,NULL,NULL,NULL,NULL,NULL,NULL,NULL,'2020-02-20 20:47:36',NULL,NULL,12,NULL,NULL,'Y','2020-02-20 14:19:25'),(303,303,2,NULL,NULL,NULL,NULL,NULL,NULL,NULL,NULL,NULL,NULL,NULL,'2020-02-20 20:47:36','LOOKING FOR Q3 Q5 Q7',NULL,15,NULL,NULL,'Y','2020-02-20 14:19:25'),(304,304,2,NULL,NULL,NULL,NULL,NULL,NULL,NULL,NULL,NULL,NULL,NULL,'2020-02-20 20:47:36',NULL,NULL,12,NULL,NULL,'Y','2020-02-20 14:19:25'),(305,305,2,NULL,NULL,NULL,NULL,NULL,NULL,NULL,NULL,NULL,NULL,NULL,'2020-02-20 20:47:36',NULL,NULL,13,NULL,NULL,'Y','2020-02-20 14:19:25'),(306,306,2,NULL,NULL,NULL,NULL,NULL,NULL,NULL,NULL,NULL,NULL,NULL,'2020-02-20 20:47:36','SEND DETAIL GLC ,Q3 . F PACE',NULL,15,NULL,NULL,'Y','2020-02-20 14:19:25'),(307,307,2,NULL,NULL,NULL,NULL,NULL,NULL,NULL,NULL,NULL,NULL,NULL,'2020-02-20 20:47:36','WANT SERVICE ESTIMATION FOR HIS BMW 520D .LEAD SHARE TO SANTOSH MADAM',NULL,0,NULL,NULL,'Y','2020-02-20 14:19:25'),(308,308,2,NULL,NULL,NULL,NULL,NULL,NULL,NULL,NULL,NULL,NULL,NULL,'2020-02-20 20:47:36',NULL,NULL,12,NULL,NULL,'Y','2020-02-20 14:19:25'),(309,309,2,NULL,NULL,NULL,NULL,NULL,NULL,NULL,NULL,NULL,NULL,NULL,'2020-02-20 20:47:36',NULL,NULL,12,NULL,NULL,'Y','2020-02-20 14:19:25'),(310,310,2,NULL,NULL,NULL,NULL,NULL,NULL,NULL,NULL,NULL,NULL,NULL,'2020-02-20 20:47:36','LOOKING FOR FORTUNER',NULL,15,NULL,NULL,'Y','2020-02-20 14:19:26'),(311,311,2,NULL,NULL,NULL,NULL,NULL,NULL,NULL,NULL,NULL,NULL,NULL,'2020-02-20 20:47:36','Interesting in audi A4 , C CLASS , GLC 2017 MODEL . ALLREADY DRIVING CRETA AND FORTUNER.  interesting for c class budget for 17 lakh . not answering.',NULL,14,NULL,NULL,'Y','2020-02-20 14:19:26'),(312,312,2,NULL,NULL,NULL,NULL,NULL,NULL,NULL,NULL,NULL,NULL,NULL,'2020-02-20 20:47:36','he says busy somewhere else says call evening .he says busy now so call back tomarrow  after 12 pm .',NULL,14,NULL,NULL,'Y','2020-02-20 14:19:26'),(313,313,2,NULL,NULL,NULL,NULL,NULL,NULL,NULL,NULL,NULL,NULL,NULL,'2020-02-20 20:47:36',NULL,NULL,13,NULL,NULL,'Y','2020-02-20 14:19:26'),(314,314,2,NULL,NULL,NULL,NULL,NULL,NULL,NULL,NULL,NULL,NULL,NULL,'2020-02-20 20:47:36',NULL,NULL,13,NULL,NULL,'Y','2020-02-20 14:19:26'),(315,315,2,NULL,NULL,NULL,NULL,NULL,NULL,NULL,NULL,NULL,NULL,NULL,'2020-02-20 20:47:36',NULL,NULL,13,NULL,NULL,'Y','2020-02-20 14:19:26'),(316,316,4,1,NULL,'2020-02-20 20:57:03',NULL,NULL,NULL,NULL,NULL,NULL,NULL,NULL,'2020-02-20 20:57:03','NO PLAN FOR NOW',NULL,19,NULL,NULL,'7','2020-02-20 14:19:26'),(317,317,2,NULL,NULL,NULL,NULL,NULL,NULL,NULL,NULL,NULL,NULL,NULL,'2020-02-20 20:47:36','LOOKING FOR 2013.2014 MODEL 5 SERIES',NULL,15,NULL,NULL,'Y','2020-02-20 14:19:26'),(318,318,4,1,NULL,'2020-02-20 20:57:03',NULL,NULL,NULL,NULL,NULL,NULL,NULL,NULL,'2020-02-20 20:57:03','Out Of City Customer (Uttar Pradesh)',NULL,16,NULL,NULL,'7','2020-02-20 14:19:26'),(319,319,2,NULL,NULL,NULL,NULL,NULL,NULL,NULL,NULL,NULL,NULL,NULL,'2020-02-20 20:47:36',NULL,NULL,16,NULL,NULL,'Y','2020-02-20 14:19:26'),(320,320,2,NULL,NULL,NULL,NULL,NULL,NULL,NULL,NULL,NULL,NULL,NULL,'2020-02-20 20:47:36','NEED RANGE ROVER EVOQUE',NULL,17,NULL,NULL,'Y','2020-02-20 14:19:26'),(321,321,4,1,NULL,'2020-02-20 20:57:03',NULL,NULL,NULL,NULL,NULL,NULL,NULL,NULL,'2020-02-20 20:57:03','NOT INTERESTED',NULL,17,NULL,NULL,'7','2020-02-20 14:19:26'),(322,322,2,NULL,NULL,NULL,NULL,NULL,NULL,NULL,NULL,NULL,NULL,NULL,'2020-02-20 20:47:36',NULL,NULL,12,NULL,NULL,'Y','2020-02-20 14:19:26'),(323,323,2,NULL,NULL,NULL,NULL,NULL,NULL,NULL,NULL,NULL,NULL,NULL,'2020-02-20 20:47:36',NULL,NULL,12,NULL,NULL,'Y','2020-02-20 14:19:26'),(324,324,4,1,NULL,'2020-02-20 20:57:03',NULL,NULL,NULL,NULL,NULL,NULL,NULL,NULL,'2020-02-20 20:57:03',NULL,NULL,12,NULL,NULL,'7','2020-02-20 14:19:26'),(325,325,4,1,NULL,'2020-02-20 20:57:03',NULL,NULL,NULL,NULL,NULL,NULL,NULL,NULL,'2020-02-20 20:57:03','bought new Q5',NULL,12,NULL,NULL,'7','2020-02-20 14:19:26'),(326,326,2,NULL,NULL,NULL,NULL,NULL,NULL,NULL,NULL,NULL,NULL,NULL,'2020-02-20 20:47:36',NULL,NULL,13,NULL,NULL,'Y','2020-02-20 14:19:26'),(327,327,2,NULL,NULL,NULL,NULL,NULL,NULL,NULL,NULL,NULL,NULL,NULL,'2020-02-20 20:47:36','LOOKING FOR LUXURY CAR',NULL,15,NULL,NULL,'Y','2020-02-20 14:19:26'),(328,328,2,NULL,NULL,NULL,NULL,NULL,NULL,NULL,NULL,NULL,NULL,NULL,'2020-02-20 20:47:36','LOOKING FOR A3',NULL,15,NULL,NULL,'Y','2020-02-20 14:19:26'),(329,329,4,1,NULL,'2020-02-20 20:57:03',NULL,NULL,NULL,NULL,NULL,NULL,NULL,NULL,'2020-02-20 20:57:03','JUST A GENERAL CALL FOR INFORMATION',NULL,19,NULL,NULL,'7','2020-02-20 14:19:26'),(330,330,2,NULL,NULL,NULL,NULL,NULL,NULL,NULL,NULL,NULL,NULL,NULL,'2020-02-20 20:47:36','NO NOT AVAILABLE',NULL,17,NULL,NULL,'Y','2020-02-20 14:19:26'),(331,331,2,NULL,NULL,NULL,NULL,NULL,NULL,NULL,NULL,NULL,NULL,NULL,'2020-02-20 20:47:36','NEED AUDI Q3 2014 OR 2015 MODEL PB NO',NULL,17,NULL,NULL,'Y','2020-02-20 14:19:26'),(332,332,2,NULL,NULL,NULL,NULL,NULL,NULL,NULL,NULL,NULL,NULL,NULL,'2020-02-20 20:47:36',NULL,NULL,13,NULL,NULL,'Y','2020-02-20 14:19:27'),(333,333,2,NULL,NULL,NULL,NULL,NULL,NULL,NULL,NULL,NULL,NULL,NULL,'2020-02-20 20:47:36','he looking for mercedes benz  S CLASS WHITE  & BUDGET 1,500,000 But he car planing next month ... not answering. not answering.',NULL,14,NULL,NULL,'Y','2020-02-20 14:19:27'),(334,334,4,1,NULL,'2020-02-20 20:57:03',NULL,NULL,NULL,NULL,NULL,NULL,NULL,NULL,'2020-02-20 20:57:03','Out Of City Customer (Delhi)',NULL,16,NULL,NULL,'7','2020-02-20 14:19:27'),(335,335,2,NULL,NULL,NULL,NULL,NULL,NULL,NULL,NULL,NULL,NULL,NULL,'2020-02-20 20:47:36',NULL,NULL,13,NULL,NULL,'Y','2020-02-20 14:19:27'),(336,336,4,1,NULL,'2020-02-20 20:57:03',NULL,NULL,NULL,NULL,NULL,NULL,NULL,NULL,'2020-02-20 20:57:03','Out Of City Customer (Delhi )',NULL,16,NULL,NULL,'7','2020-02-20 14:19:27'),(337,337,2,NULL,NULL,NULL,NULL,NULL,NULL,NULL,NULL,NULL,NULL,NULL,'2020-02-20 20:47:36','CALL CUT',NULL,15,NULL,NULL,'Y','2020-02-20 14:19:27'),(338,338,2,NULL,NULL,NULL,NULL,NULL,NULL,NULL,NULL,NULL,NULL,NULL,'2020-02-20 20:47:36','NEED ONLY PB NO CAR',NULL,17,NULL,NULL,'Y','2020-02-20 14:19:27'),(339,339,2,NULL,NULL,NULL,NULL,NULL,NULL,NULL,NULL,NULL,NULL,NULL,'2020-02-20 20:47:36','BUSY RIGHT NOW',NULL,17,NULL,NULL,'Y','2020-02-20 14:19:27'),(340,340,4,1,NULL,'2020-02-20 20:57:03',NULL,NULL,NULL,NULL,NULL,NULL,NULL,NULL,'2020-02-20 20:57:03','PURCHASED NEW ENDEAVOR',NULL,17,NULL,NULL,'7','2020-02-20 14:19:27'),(341,341,4,1,NULL,'2020-02-20 20:57:03',NULL,NULL,NULL,NULL,NULL,NULL,NULL,NULL,'2020-02-20 20:57:03',NULL,NULL,12,NULL,NULL,'7','2020-02-20 14:19:27'),(342,342,7,NULL,NULL,'2020-02-20 20:58:38',NULL,NULL,NULL,NULL,NULL,NULL,NULL,NULL,'2020-02-20 20:58:38',NULL,NULL,12,NULL,NULL,'7','2020-02-20 14:19:27'),(343,343,2,NULL,NULL,NULL,NULL,NULL,NULL,NULL,NULL,NULL,NULL,NULL,'2020-02-20 20:47:36',NULL,NULL,12,NULL,NULL,'Y','2020-02-20 14:19:27'),(344,344,2,NULL,NULL,NULL,NULL,NULL,NULL,NULL,NULL,NULL,NULL,NULL,'2020-02-20 20:47:36',NULL,NULL,12,NULL,NULL,'Y','2020-02-20 14:19:27'),(345,345,2,NULL,NULL,NULL,NULL,NULL,NULL,NULL,NULL,NULL,NULL,NULL,'2020-02-20 20:47:36',NULL,NULL,12,NULL,NULL,'Y','2020-02-20 14:19:27'),(346,346,2,NULL,NULL,NULL,NULL,NULL,NULL,NULL,NULL,NULL,NULL,NULL,'2020-02-20 20:47:36','not responding. not answering. not responding.',NULL,14,NULL,NULL,'Y','2020-02-20 14:19:27'),(347,347,4,1,NULL,'2020-02-20 20:57:03',NULL,NULL,NULL,NULL,NULL,NULL,NULL,NULL,'2020-02-20 20:57:03',NULL,NULL,12,NULL,NULL,'7','2020-02-20 14:19:27'),(348,348,4,1,NULL,'2020-02-20 20:57:03',NULL,NULL,NULL,NULL,NULL,NULL,NULL,NULL,'2020-02-20 20:57:03',NULL,NULL,12,NULL,NULL,'7','2020-02-20 14:19:27'),(349,349,4,1,NULL,'2020-02-20 20:57:03',NULL,NULL,NULL,NULL,NULL,NULL,NULL,NULL,'2020-02-20 20:57:03',NULL,NULL,12,NULL,NULL,'7','2020-02-20 14:19:27'),(350,350,2,NULL,NULL,NULL,NULL,NULL,NULL,NULL,NULL,NULL,NULL,NULL,'2020-02-20 20:47:36',NULL,NULL,12,NULL,NULL,'Y','2020-02-20 14:19:28'),(351,351,2,NULL,NULL,NULL,NULL,NULL,NULL,NULL,NULL,NULL,NULL,NULL,'2020-02-20 20:47:36','WE OFFERED AUDI A6 2012 . HE WILL UPDATE BY TOMORROW . he visit showroom but he interesting in mercedes Benz   E CLASS .BUDGET FOR 12 - 13 LAKH. not responding.',NULL,14,NULL,NULL,'Y','2020-02-20 14:19:28'),(352,352,4,1,NULL,'2020-02-20 20:57:03',NULL,NULL,NULL,NULL,NULL,NULL,NULL,NULL,'2020-02-20 20:57:03',NULL,NULL,12,NULL,NULL,'7','2020-02-20 14:19:28'),(353,353,2,NULL,NULL,NULL,NULL,NULL,NULL,NULL,NULL,NULL,NULL,NULL,'2020-02-20 20:47:36',NULL,NULL,12,NULL,NULL,'Y','2020-02-20 14:19:28'),(354,354,2,NULL,NULL,NULL,NULL,NULL,NULL,NULL,NULL,NULL,NULL,NULL,'2020-02-20 20:47:36',NULL,NULL,13,NULL,NULL,'Y','2020-02-20 14:19:28'),(355,355,2,NULL,NULL,NULL,NULL,NULL,NULL,NULL,NULL,NULL,NULL,NULL,'2020-02-20 20:47:36','LOOKING FOR LUXURY CAR',NULL,15,NULL,NULL,'Y','2020-02-20 14:19:28'),(356,356,2,NULL,NULL,NULL,NULL,NULL,NULL,NULL,NULL,NULL,NULL,NULL,'2020-02-20 20:47:36',NULL,NULL,13,NULL,NULL,'Y','2020-02-20 14:19:28'),(357,357,2,NULL,NULL,NULL,NULL,NULL,NULL,NULL,NULL,NULL,NULL,NULL,'2020-02-20 20:47:36','BUSY RIGHT NOW',NULL,17,NULL,NULL,'Y','2020-02-20 14:19:28'),(358,358,2,NULL,NULL,NULL,NULL,NULL,NULL,NULL,NULL,NULL,NULL,NULL,'2020-02-20 20:47:36',NULL,NULL,13,NULL,NULL,'Y','2020-02-20 14:19:28'),(359,359,4,1,NULL,'2020-02-20 20:57:03',NULL,NULL,NULL,NULL,NULL,NULL,NULL,NULL,'2020-02-20 20:57:03','Out Of City Customer He Is Planing For From Delhi City (Delhi )',NULL,16,NULL,NULL,'7','2020-02-20 14:19:28'),(360,360,4,1,NULL,'2020-02-20 20:57:03',NULL,NULL,NULL,NULL,NULL,NULL,NULL,NULL,'2020-02-20 20:57:03',NULL,NULL,12,NULL,NULL,'7','2020-02-20 14:19:28'),(361,361,2,NULL,NULL,NULL,NULL,NULL,NULL,NULL,NULL,NULL,NULL,NULL,'2020-02-20 20:47:36','NEED AUDI 2015 OR 2016 MODEL PB NO ONLY',NULL,17,NULL,NULL,'Y','2020-02-20 14:19:28'),(362,362,4,1,NULL,'2020-02-20 20:57:03',NULL,NULL,NULL,NULL,NULL,NULL,NULL,NULL,'2020-02-20 20:57:03','INTERESTED IN GLA 2017',NULL,17,NULL,NULL,'7','2020-02-20 14:19:28'),(363,363,2,NULL,NULL,NULL,NULL,NULL,NULL,NULL,NULL,NULL,NULL,NULL,'2020-02-20 20:47:36','he looking for GLA CLASS upto 2018 model but he interest for demo car .not answering.',NULL,14,NULL,NULL,'Y','2020-02-20 14:19:28'),(364,364,4,1,NULL,'2020-02-20 20:57:03',NULL,NULL,NULL,NULL,NULL,NULL,NULL,NULL,'2020-02-20 20:57:03','CALL NOT AVAILABLE THIS MOMENT . not answering.',NULL,14,NULL,NULL,'7','2020-02-20 14:19:28'),(365,365,2,NULL,NULL,NULL,NULL,NULL,NULL,NULL,NULL,NULL,NULL,NULL,'2020-02-20 20:47:36','he interesting BMW 7 SERIES . YESTERDAY CONVERSTION WITH AJAY SIR  BUT TODAY NOT RESPONCES. he not pickup call .',NULL,14,NULL,NULL,'Y','2020-02-20 14:19:28'),(366,366,2,NULL,NULL,NULL,NULL,NULL,NULL,NULL,NULL,NULL,NULL,NULL,'2020-02-20 20:47:36','CALL OUT OF NETWORK .call out network .',NULL,14,NULL,NULL,'Y','2020-02-20 14:19:28'),(367,367,2,NULL,NULL,NULL,NULL,NULL,NULL,NULL,NULL,NULL,NULL,NULL,'2020-02-20 20:47:36','he interesting in  landrover freelander 2 . tomorrow call back .  out of network .he budget for  15 lakh  and modlel  2016.  around 25000 km done.',NULL,14,NULL,NULL,'Y','2020-02-20 14:19:28'),(368,368,4,1,NULL,'2020-02-20 20:57:03',NULL,NULL,NULL,NULL,NULL,NULL,NULL,NULL,'2020-02-20 20:57:03',NULL,NULL,12,NULL,NULL,'7','2020-02-20 14:19:28'),(369,369,2,NULL,NULL,NULL,NULL,NULL,NULL,NULL,NULL,NULL,NULL,NULL,'2020-02-20 20:47:36',NULL,NULL,12,NULL,NULL,'Y','2020-02-20 14:19:28'),(370,370,2,NULL,NULL,NULL,NULL,NULL,NULL,NULL,NULL,NULL,NULL,NULL,'2020-02-20 20:47:36',NULL,NULL,12,NULL,NULL,'Y','2020-02-20 14:19:29'),(371,371,2,NULL,NULL,NULL,NULL,NULL,NULL,NULL,NULL,NULL,NULL,NULL,'2020-02-20 20:47:36','LOOKING FOR PETROL LUXURY CAR SEND DETAIL B80 & DISCOVERY',NULL,15,NULL,NULL,'Y','2020-02-20 14:19:29'),(372,372,4,1,NULL,'2020-02-20 20:57:03',NULL,NULL,NULL,NULL,NULL,NULL,NULL,NULL,'2020-02-20 20:57:03',NULL,NULL,13,NULL,NULL,'7','2020-02-20 14:19:29'),(373,373,2,NULL,NULL,NULL,NULL,NULL,NULL,NULL,NULL,NULL,NULL,NULL,'2020-02-20 20:47:36',NULL,NULL,13,NULL,NULL,'Y','2020-02-20 14:19:29'),(374,374,4,1,NULL,'2020-02-20 20:57:03',NULL,NULL,NULL,NULL,NULL,NULL,NULL,NULL,'2020-02-20 20:57:03',NULL,NULL,13,NULL,NULL,'7','2020-02-20 14:19:29'),(375,375,2,NULL,NULL,NULL,NULL,NULL,NULL,NULL,NULL,NULL,NULL,NULL,'2020-02-20 20:47:36',NULL,NULL,16,NULL,NULL,'Y','2020-02-20 14:19:29'),(376,376,4,1,NULL,'2020-02-20 20:57:03',NULL,NULL,NULL,NULL,NULL,NULL,NULL,NULL,'2020-02-20 20:57:03','NO PLAN',NULL,15,NULL,NULL,'7','2020-02-20 14:19:29'),(377,377,2,NULL,NULL,NULL,NULL,NULL,NULL,NULL,NULL,NULL,NULL,NULL,'2020-02-20 20:47:36','LOOKING FOR X1 Q3',NULL,15,NULL,NULL,'Y','2020-02-20 14:19:29'),(378,378,4,1,NULL,'2020-02-20 20:57:03',NULL,NULL,NULL,NULL,NULL,NULL,NULL,NULL,'2020-02-20 20:57:03','JUST WATCHING THE CARS ON CARDEKHO',NULL,17,NULL,NULL,'7','2020-02-20 14:19:29'),(379,379,4,1,NULL,'2020-02-20 20:57:03',NULL,NULL,NULL,NULL,NULL,NULL,NULL,NULL,'2020-02-20 20:57:03','BOUGHT NEW XUV500',NULL,17,NULL,NULL,'7','2020-02-20 14:19:29'),(380,380,2,NULL,NULL,NULL,NULL,NULL,NULL,NULL,NULL,NULL,NULL,NULL,'2020-02-20 20:47:36','SHARE HIM THE DETAILS OF RANGE ROVER EVOQUE 2018 MODEL',NULL,17,NULL,NULL,'Y','2020-02-20 14:19:29'),(381,381,4,1,NULL,'2020-02-20 20:57:03',NULL,NULL,NULL,NULL,NULL,NULL,NULL,NULL,'2020-02-20 20:57:03','NO PLAN RIGHT NOW',NULL,17,NULL,NULL,'7','2020-02-20 14:19:29'),(382,382,4,1,NULL,'2020-02-20 20:57:03',NULL,NULL,NULL,NULL,NULL,NULL,NULL,NULL,'2020-02-20 20:57:03',NULL,NULL,12,NULL,NULL,'7','2020-02-20 14:19:29'),(383,383,4,1,NULL,'2020-02-20 20:57:03',NULL,NULL,NULL,NULL,NULL,NULL,NULL,NULL,'2020-02-20 20:57:03',NULL,NULL,12,NULL,NULL,'7','2020-02-20 14:19:29'),(384,384,4,1,NULL,'2020-02-20 20:57:03',NULL,NULL,NULL,NULL,NULL,NULL,NULL,NULL,'2020-02-20 20:57:03',NULL,NULL,12,NULL,NULL,'7','2020-02-20 14:19:29'),(385,385,4,1,NULL,'2020-02-20 20:57:03',NULL,NULL,NULL,NULL,NULL,NULL,NULL,NULL,'2020-02-20 20:57:03',NULL,NULL,12,NULL,NULL,'7','2020-02-20 14:19:29'),(386,386,4,1,NULL,'2020-02-20 20:57:03',NULL,NULL,NULL,NULL,NULL,NULL,NULL,NULL,'2020-02-20 20:57:03',NULL,NULL,12,NULL,NULL,'7','2020-02-20 14:19:29'),(387,387,2,NULL,NULL,NULL,NULL,NULL,NULL,NULL,NULL,NULL,NULL,NULL,'2020-02-20 20:47:36',NULL,NULL,12,NULL,NULL,'Y','2020-02-20 14:19:29'),(388,388,4,1,NULL,'2020-02-20 20:57:03',NULL,NULL,NULL,NULL,NULL,NULL,NULL,NULL,'2020-02-20 20:57:03','NEED RANGE ROVER EVOQUE IN WHITE COLOUR',NULL,17,NULL,NULL,'7','2020-02-20 14:19:29'),(389,389,4,1,NULL,'2020-02-20 20:57:03',NULL,NULL,NULL,NULL,NULL,NULL,NULL,NULL,'2020-02-20 20:57:03',NULL,NULL,12,NULL,NULL,'7','2020-02-20 14:19:29'),(390,390,2,NULL,NULL,NULL,NULL,NULL,NULL,NULL,NULL,NULL,NULL,NULL,'2020-02-20 20:47:36','HE LOOKING FOR AUDI A4 , A6 7 BMW 3 SERIES . BUT CUSTOMER BUDGET UPTO 15 LAKH. not responding.he will we  visit plan for showroom .7/2  will visit showroom on 19 feb.',NULL,14,NULL,NULL,'Y','2020-02-20 14:19:29'),(391,391,4,1,NULL,'2020-02-20 20:57:03',NULL,NULL,NULL,NULL,NULL,NULL,NULL,NULL,'2020-02-20 20:57:03',NULL,NULL,12,NULL,NULL,'7','2020-02-20 14:19:29'),(392,392,2,NULL,NULL,NULL,NULL,NULL,NULL,NULL,NULL,NULL,NULL,NULL,'2020-02-20 20:47:36','not answering .. not responding . he looking for MERECEDES BENZ GLC CLASS BUT BUDGET FOR 15 LAKH .',NULL,14,NULL,NULL,'Y','2020-02-20 14:19:30'),(393,393,4,1,NULL,'2020-02-20 20:57:03',NULL,NULL,NULL,NULL,NULL,NULL,NULL,NULL,'2020-02-20 20:57:03',NULL,NULL,12,NULL,NULL,'7','2020-02-20 14:19:30'),(394,394,2,NULL,NULL,NULL,NULL,NULL,NULL,NULL,NULL,NULL,NULL,NULL,'2020-02-20 20:47:36',NULL,NULL,13,NULL,NULL,'Y','2020-02-20 14:19:30'),(395,395,2,NULL,NULL,NULL,NULL,NULL,NULL,NULL,NULL,NULL,NULL,NULL,'2020-02-20 20:47:36',NULL,NULL,12,NULL,NULL,'Y','2020-02-20 14:19:30'),(396,396,2,NULL,NULL,NULL,NULL,NULL,NULL,NULL,NULL,NULL,NULL,NULL,'2020-02-20 20:47:36','SHARE HIM THE DETAIL OF AUDI Q7 2014 MODEL',NULL,17,NULL,NULL,'Y','2020-02-20 14:19:30'),(397,397,2,NULL,NULL,NULL,NULL,NULL,NULL,NULL,NULL,NULL,NULL,NULL,'2020-02-20 20:47:36','LOOKING FOR A4',NULL,15,NULL,NULL,'Y','2020-02-20 14:19:30'),(398,398,2,NULL,NULL,NULL,NULL,NULL,NULL,NULL,NULL,NULL,NULL,NULL,'2020-02-20 20:47:36',NULL,NULL,12,NULL,NULL,'Y','2020-02-20 14:19:30'),(399,399,7,NULL,NULL,'2020-02-20 20:58:38',NULL,NULL,NULL,NULL,NULL,NULL,NULL,NULL,'2020-02-20 20:58:38','TODAY BOOKED AND DELEVIERD',NULL,15,NULL,NULL,'7','2020-02-20 14:19:30'),(400,400,4,1,NULL,'2020-02-20 20:57:03',NULL,NULL,NULL,NULL,NULL,NULL,NULL,NULL,'2020-02-20 20:57:03','LOOKING FOR Q5',NULL,17,NULL,NULL,'7','2020-02-20 14:19:30'),(401,401,2,NULL,NULL,NULL,NULL,NULL,NULL,NULL,NULL,NULL,NULL,NULL,'2020-02-20 20:47:36','LOOKING FOR EVOQUE',NULL,15,NULL,NULL,'Y','2020-02-20 14:19:30'),(402,402,2,NULL,NULL,NULL,NULL,NULL,NULL,NULL,NULL,NULL,NULL,NULL,'2020-02-20 20:47:36','LOOKIG FOR FL2',NULL,15,NULL,NULL,'Y','2020-02-20 14:19:30'),(403,403,2,NULL,NULL,NULL,NULL,NULL,NULL,NULL,NULL,NULL,NULL,NULL,'2020-02-20 20:47:36','LOOKING FOR C CLASS',NULL,15,NULL,NULL,'Y','2020-02-20 14:19:30'),(404,404,2,NULL,NULL,NULL,NULL,NULL,NULL,NULL,NULL,NULL,NULL,NULL,'2020-02-20 20:47:36','HE INTERESTING IN E CLASS & ML CLASS BUT BUDGET FOR UPTO 20 LAKH.',NULL,14,NULL,NULL,'Y','2020-02-20 14:19:30'),(405,405,2,NULL,NULL,NULL,NULL,NULL,NULL,NULL,NULL,NULL,NULL,NULL,'2020-02-20 20:47:36','WANT TO BUY FREELANDER 2011 MODEL IN EXCHANGE OF SCORPIO 2016 MODEL',NULL,17,NULL,NULL,'Y','2020-02-20 14:19:30'),(406,406,4,1,NULL,'2020-02-20 20:57:03',NULL,NULL,NULL,NULL,NULL,NULL,NULL,NULL,'2020-02-20 20:57:03',NULL,NULL,12,NULL,NULL,'7','2020-02-20 14:19:30'),(407,407,2,NULL,NULL,NULL,NULL,NULL,NULL,NULL,NULL,NULL,NULL,NULL,'2020-02-20 20:47:36',NULL,NULL,13,NULL,NULL,'Y','2020-02-20 14:19:30'),(408,408,4,1,NULL,'2020-02-20 20:57:03',NULL,NULL,NULL,NULL,NULL,NULL,NULL,NULL,'2020-02-20 20:57:03',NULL,NULL,13,NULL,NULL,'7','2020-02-20 14:19:30'),(409,409,4,1,NULL,'2020-02-20 20:57:03',NULL,NULL,NULL,NULL,NULL,NULL,NULL,NULL,'2020-02-20 20:57:03',NULL,NULL,13,NULL,NULL,'7','2020-02-20 14:19:30'),(410,410,2,NULL,NULL,NULL,NULL,NULL,NULL,NULL,NULL,NULL,NULL,NULL,'2020-02-20 20:47:36',NULL,NULL,13,NULL,NULL,'Y','2020-02-20 14:19:30'),(411,411,2,NULL,NULL,NULL,NULL,NULL,NULL,NULL,NULL,NULL,NULL,NULL,'2020-02-20 20:47:36',NULL,NULL,13,NULL,NULL,'Y','2020-02-20 14:19:30'),(412,412,2,NULL,NULL,NULL,NULL,NULL,NULL,NULL,NULL,NULL,NULL,NULL,'2020-02-20 20:47:36','NOT PICKING UP THE CALL',NULL,17,NULL,NULL,'Y','2020-02-20 14:19:30'),(413,413,2,NULL,NULL,NULL,NULL,NULL,NULL,NULL,NULL,NULL,NULL,NULL,'2020-02-20 20:47:36',NULL,NULL,12,NULL,NULL,'Y','2020-02-20 14:19:30'),(414,414,4,1,NULL,'2020-02-20 20:57:03',NULL,NULL,NULL,NULL,NULL,NULL,NULL,NULL,'2020-02-20 20:57:03',NULL,NULL,12,NULL,NULL,'7','2020-02-20 14:19:31'),(415,415,2,NULL,NULL,NULL,NULL,NULL,NULL,NULL,NULL,NULL,NULL,NULL,'2020-02-20 20:47:36',NULL,NULL,12,NULL,NULL,'Y','2020-02-20 14:19:31'),(416,416,4,1,NULL,'2020-02-20 20:57:03',NULL,NULL,NULL,NULL,NULL,NULL,NULL,NULL,'2020-02-20 20:57:03',NULL,NULL,12,NULL,NULL,'7','2020-02-20 14:19:31'),(417,417,2,NULL,NULL,NULL,NULL,NULL,NULL,NULL,NULL,NULL,NULL,NULL,'2020-02-20 20:47:36','LOOKING FOR 30D,520D,730D',NULL,15,NULL,NULL,'Y','2020-02-20 14:19:31'),(418,418,2,NULL,NULL,NULL,NULL,NULL,NULL,NULL,NULL,NULL,NULL,NULL,'2020-02-20 20:47:36',NULL,NULL,12,NULL,NULL,'Y','2020-02-20 14:19:31'),(419,419,2,NULL,NULL,NULL,NULL,NULL,NULL,NULL,NULL,NULL,NULL,NULL,'2020-02-20 20:47:36',NULL,NULL,13,NULL,NULL,'Y','2020-02-20 14:19:31'),(420,420,4,1,NULL,'2020-02-20 20:57:03',NULL,NULL,NULL,NULL,NULL,NULL,NULL,NULL,'2020-02-20 20:57:03','NO PLAN RIGHT NOW',NULL,17,NULL,NULL,'7','2020-02-20 14:19:31'),(421,421,4,1,NULL,'2020-02-20 20:57:03',NULL,NULL,NULL,NULL,NULL,NULL,NULL,NULL,'2020-02-20 20:57:03',NULL,NULL,12,NULL,NULL,'7','2020-02-20 14:19:31'),(422,422,2,NULL,NULL,NULL,NULL,NULL,NULL,NULL,NULL,NULL,NULL,NULL,'2020-02-20 20:47:36',NULL,NULL,12,NULL,NULL,'Y','2020-02-20 14:19:31'),(423,423,7,NULL,NULL,'2020-02-20 20:58:38',NULL,NULL,NULL,NULL,NULL,NULL,NULL,NULL,'2020-02-20 20:58:38','today booked and sold',NULL,15,NULL,NULL,'7','2020-02-20 14:19:31'),(424,424,4,1,NULL,'2020-02-20 20:57:03',NULL,NULL,NULL,NULL,NULL,NULL,NULL,NULL,'2020-02-20 20:57:03','NO PLAN RIGHT NOW',NULL,17,NULL,NULL,'7','2020-02-20 14:19:31'),(425,425,4,1,NULL,'2020-02-20 20:57:03',NULL,NULL,NULL,NULL,NULL,NULL,NULL,NULL,'2020-02-20 20:57:03','LOOKING FOR ANY SUV',NULL,17,NULL,NULL,'7','2020-02-20 14:19:31'),(426,426,2,NULL,NULL,NULL,NULL,NULL,NULL,NULL,NULL,NULL,NULL,NULL,'2020-02-20 20:47:36',NULL,NULL,13,NULL,NULL,'Y','2020-02-20 14:19:31'),(427,427,2,NULL,NULL,NULL,NULL,NULL,NULL,NULL,NULL,NULL,NULL,NULL,'2020-02-20 20:47:36',NULL,NULL,13,NULL,NULL,'Y','2020-02-20 14:19:31'),(428,428,2,NULL,NULL,NULL,NULL,NULL,NULL,NULL,NULL,NULL,NULL,NULL,'2020-02-20 20:47:36',NULL,NULL,13,NULL,NULL,'Y','2020-02-20 14:19:31'),(429,429,4,1,NULL,'2020-02-20 20:57:03',NULL,NULL,NULL,NULL,NULL,NULL,NULL,NULL,'2020-02-20 20:57:03','LOOKING FOR MERCEDES GLS NEW CAR BOOKED',NULL,15,NULL,NULL,'7','2020-02-20 14:19:31'),(430,430,2,NULL,NULL,NULL,NULL,NULL,NULL,NULL,NULL,NULL,NULL,NULL,'2020-02-20 20:47:36','HE LOOKING FOR MERCEDES BENZ E CLASS & C CLASS IN INTERESTING CAR .',NULL,14,NULL,NULL,'Y','2020-02-20 14:19:31'),(431,431,2,NULL,NULL,NULL,NULL,NULL,NULL,NULL,NULL,NULL,NULL,NULL,'2020-02-20 20:47:36','SHARE HIM THE PICTURES OF MERCEDES GLE 2016 MODEL AND E CLASS 2018 MODEL',NULL,17,NULL,NULL,'Y','2020-02-20 14:19:31'),(432,432,2,NULL,NULL,NULL,NULL,NULL,NULL,NULL,NULL,NULL,NULL,NULL,'2020-02-20 20:47:36','NEED RANGE ROVER DISCOVERY IN DIESEL',NULL,17,NULL,NULL,'Y','2020-02-20 14:19:31'),(433,433,4,1,NULL,'2020-02-20 20:57:03',NULL,NULL,NULL,NULL,NULL,NULL,NULL,NULL,'2020-02-20 20:57:03','NOT ENQUIRED FOR ANY CAR',NULL,17,NULL,NULL,'7','2020-02-20 14:19:31'),(434,434,4,1,NULL,'2020-02-20 20:57:03',NULL,NULL,NULL,NULL,NULL,NULL,NULL,NULL,'2020-02-20 20:57:03',NULL,NULL,12,NULL,NULL,'7','2020-02-20 14:19:31'),(435,435,2,NULL,NULL,NULL,NULL,NULL,NULL,NULL,NULL,NULL,NULL,NULL,'2020-02-20 20:47:36',NULL,NULL,12,NULL,NULL,'Y','2020-02-20 14:19:31'),(436,436,2,NULL,NULL,NULL,NULL,NULL,NULL,NULL,NULL,NULL,NULL,NULL,'2020-02-20 20:47:36',NULL,NULL,13,NULL,NULL,'Y','2020-02-20 14:19:32'),(437,437,2,NULL,NULL,NULL,NULL,NULL,NULL,NULL,NULL,NULL,NULL,NULL,'2020-02-20 20:47:36',NULL,NULL,13,NULL,NULL,'Y','2020-02-20 14:19:32'),(438,438,2,NULL,NULL,NULL,NULL,NULL,NULL,NULL,NULL,NULL,NULL,NULL,'2020-02-20 20:47:36',NULL,NULL,13,NULL,NULL,'Y','2020-02-20 14:19:32'),(439,439,2,NULL,NULL,NULL,NULL,NULL,NULL,NULL,NULL,NULL,NULL,NULL,'2020-02-20 20:47:36',NULL,NULL,13,NULL,NULL,'Y','2020-02-20 14:19:32'),(440,440,2,NULL,NULL,NULL,NULL,NULL,NULL,NULL,NULL,NULL,NULL,NULL,'2020-02-20 20:47:36','he looking for MERCEDES BENZ E CLASS & C CLASS 2017 ONWARDS.',NULL,14,NULL,NULL,'Y','2020-02-20 14:19:32'),(441,441,2,NULL,NULL,NULL,NULL,NULL,NULL,NULL,NULL,NULL,NULL,NULL,'2020-02-20 20:47:36','he looking MERCEDES BENZ E CLASS  & BMW 3 series but customer budget 20 lakh and customer demand for punjab & chandigarh number.',NULL,14,NULL,NULL,'Y','2020-02-20 14:19:32'),(442,442,2,NULL,NULL,NULL,NULL,NULL,NULL,NULL,NULL,NULL,NULL,NULL,'2020-02-20 20:47:36','he not immediately plan but planning for next month.. bmw 320 d black interesting in car.',NULL,14,NULL,NULL,'Y','2020-02-20 14:19:32'),(443,443,4,1,NULL,'2020-02-20 20:57:03',NULL,NULL,NULL,NULL,NULL,NULL,NULL,NULL,'2020-02-20 20:57:03','Call With Customer He Said He Is Looking For a car From Delhi Or Hissar Only.',NULL,16,NULL,NULL,'7','2020-02-20 14:19:32'),(444,444,2,NULL,NULL,NULL,NULL,NULL,NULL,NULL,NULL,NULL,NULL,NULL,'2020-02-20 20:47:36','BUSY RIGHT NOW',NULL,17,NULL,NULL,'Y','2020-02-20 14:19:32'),(445,445,2,NULL,NULL,NULL,NULL,NULL,NULL,NULL,NULL,NULL,NULL,NULL,'2020-02-20 20:47:36','WANT TO BUY A CAR IN 8 LAKH BUDGET',NULL,17,NULL,NULL,'Y','2020-02-20 14:19:32'),(446,446,2,NULL,NULL,NULL,NULL,NULL,NULL,NULL,NULL,NULL,NULL,NULL,'2020-02-20 20:47:36','LOOKING FOR GLC & GLE',NULL,15,NULL,NULL,'Y','2020-02-20 14:19:32'),(447,447,2,NULL,NULL,NULL,NULL,NULL,NULL,NULL,NULL,NULL,NULL,NULL,'2020-02-20 20:47:36',NULL,NULL,13,NULL,NULL,'Y','2020-02-20 14:19:32'),(448,448,2,NULL,NULL,NULL,NULL,NULL,NULL,NULL,NULL,NULL,NULL,NULL,'2020-02-20 20:47:36',NULL,NULL,13,NULL,NULL,'Y','2020-02-20 14:19:32'),(449,449,2,NULL,NULL,NULL,NULL,NULL,NULL,NULL,NULL,NULL,NULL,NULL,'2020-02-20 20:47:36','WAS LOOKING FOR Q5 2018 MODEL / DETAIL GIVEN OF GLC BLACK',NULL,15,NULL,NULL,'Y','2020-02-20 14:19:32'),(450,450,2,NULL,NULL,NULL,NULL,NULL,NULL,NULL,NULL,NULL,NULL,NULL,'2020-02-20 20:47:36','HE NOT IMMEDIATE PLAN BUT HE PLANNING FOR NEXT MONTH .HE LOOKING FOR BMW 320 D BLACK .',NULL,14,NULL,NULL,'Y','2020-02-20 14:19:32'),(451,451,4,1,NULL,'2020-02-20 20:57:03',NULL,NULL,NULL,NULL,NULL,NULL,NULL,NULL,'2020-02-20 20:57:03',NULL,NULL,16,NULL,NULL,'7','2020-02-20 14:19:32'),(452,452,2,NULL,NULL,NULL,NULL,NULL,NULL,NULL,NULL,NULL,NULL,NULL,'2020-02-20 20:47:36',NULL,NULL,16,NULL,NULL,'Y','2020-02-20 14:19:32'),(453,453,2,NULL,NULL,NULL,NULL,NULL,NULL,NULL,NULL,NULL,NULL,NULL,'2020-02-20 20:47:36',NULL,NULL,12,NULL,NULL,'Y','2020-02-20 14:19:32'),(454,454,4,1,NULL,'2020-02-20 20:57:03',NULL,NULL,NULL,NULL,NULL,NULL,NULL,NULL,'2020-02-20 20:57:03','PERCHASE 2017MFG.2018 REG.GLC 29LAKH',NULL,15,NULL,NULL,'7','2020-02-20 14:19:32'),(455,455,2,NULL,NULL,NULL,NULL,NULL,NULL,NULL,NULL,NULL,NULL,NULL,'2020-02-20 20:47:36','LOOKING FOR FL2',NULL,15,NULL,NULL,'Y','2020-02-20 14:19:32'),(456,456,2,NULL,NULL,NULL,NULL,NULL,NULL,NULL,NULL,NULL,NULL,NULL,'2020-02-20 20:47:36','details given for BMW 5 series 2013 model and AUDI A6 2012. pics shared on whatsapp. he will visit showroom within 2 days.',NULL,14,NULL,NULL,'Y','2020-02-20 14:19:32'),(457,457,2,NULL,NULL,NULL,NULL,NULL,NULL,NULL,NULL,NULL,NULL,NULL,'2020-02-20 20:47:36',NULL,NULL,12,NULL,NULL,'Y','2020-02-20 14:19:33'),(458,458,4,1,NULL,'2020-02-20 20:57:03',NULL,NULL,NULL,NULL,NULL,NULL,NULL,NULL,'2020-02-20 20:57:03',NULL,NULL,12,NULL,NULL,'7','2020-02-20 14:19:33'),(459,459,2,NULL,NULL,NULL,NULL,NULL,NULL,NULL,NULL,NULL,NULL,NULL,'2020-02-20 20:47:36',NULL,NULL,13,NULL,NULL,'Y','2020-02-20 14:19:33'),(460,460,4,1,NULL,'2020-02-20 20:57:03',NULL,NULL,NULL,NULL,NULL,NULL,NULL,NULL,'2020-02-20 20:57:03','NEED BMW 3 SERIES IN 2 LAKH BUDGET',NULL,17,NULL,NULL,'7','2020-02-20 14:19:33'),(461,461,2,NULL,NULL,NULL,NULL,NULL,NULL,NULL,NULL,NULL,NULL,NULL,'2020-02-20 20:47:36',NULL,NULL,12,NULL,NULL,'Y','2020-02-20 14:19:33'),(462,462,2,NULL,NULL,NULL,NULL,NULL,NULL,NULL,NULL,NULL,NULL,NULL,'2020-02-20 20:47:36',NULL,NULL,12,NULL,NULL,'Y','2020-02-20 14:19:33'),(463,463,2,NULL,NULL,NULL,NULL,NULL,NULL,NULL,NULL,NULL,NULL,NULL,'2020-02-20 20:47:36',NULL,NULL,12,NULL,NULL,'Y','2020-02-20 14:19:33'),(464,464,2,NULL,NULL,NULL,NULL,NULL,NULL,NULL,NULL,NULL,NULL,NULL,'2020-02-20 20:47:36','SHARE HIM THE DETAIL OF VOLVO XC90 AND AUDI Q7 BLACK',NULL,17,NULL,NULL,'Y','2020-02-20 14:19:33'),(465,465,2,NULL,NULL,NULL,NULL,NULL,NULL,NULL,NULL,NULL,NULL,NULL,'2020-02-20 20:47:36',NULL,NULL,12,NULL,NULL,'Y','2020-02-20 14:19:33'),(466,466,2,NULL,NULL,NULL,NULL,NULL,NULL,NULL,NULL,NULL,NULL,NULL,'2020-02-20 20:47:36',NULL,NULL,13,NULL,NULL,'Y','2020-02-20 14:19:33'),(467,467,4,1,NULL,'2020-02-20 20:57:03',NULL,NULL,NULL,NULL,NULL,NULL,NULL,NULL,'2020-02-20 20:57:03','DETAIL HAS BEEN GIVEN OF F PACE AND DISCOVERY',NULL,13,NULL,NULL,'7','2020-02-20 14:19:33'),(468,468,2,NULL,NULL,NULL,NULL,NULL,NULL,NULL,NULL,NULL,NULL,NULL,'2020-02-20 20:47:36','LOOKING FOR NEW CAR X1',NULL,15,NULL,NULL,'Y','2020-02-20 14:19:33'),(469,469,2,NULL,NULL,NULL,NULL,NULL,NULL,NULL,NULL,NULL,NULL,NULL,'2020-02-20 20:47:36','LOOKING FOR LUXURY CAR',NULL,15,NULL,NULL,'Y','2020-02-20 14:19:33'),(470,470,7,NULL,NULL,'2020-02-20 20:58:38',NULL,NULL,NULL,NULL,NULL,NULL,NULL,NULL,'2020-02-20 20:58:38','TODAY DELEVIRY',NULL,15,NULL,NULL,'7','2020-02-20 14:19:33'),(471,471,2,NULL,NULL,NULL,NULL,NULL,NULL,NULL,NULL,NULL,NULL,NULL,'2020-02-20 20:47:36',NULL,NULL,12,NULL,NULL,'Y','2020-02-20 14:19:33'),(472,472,2,NULL,NULL,NULL,NULL,NULL,NULL,NULL,NULL,NULL,NULL,NULL,'2020-02-20 20:47:36','DETAIL HAS BEEN GIVEN BY ROHIT OF DISCOVERY AND EVOQUE LOOKING FOR UP OR DL REG CAR ONLY F PACE AND DISCOVERY DETAILS NEEDS TO BE SHARE',NULL,13,NULL,NULL,'Y','2020-02-20 14:19:33'),(473,473,4,1,NULL,'2020-02-20 20:57:03',NULL,NULL,NULL,NULL,NULL,NULL,NULL,NULL,'2020-02-20 20:57:03',NULL,NULL,17,NULL,NULL,'7','2020-02-20 14:19:33'),(474,474,2,NULL,NULL,NULL,NULL,NULL,NULL,NULL,NULL,NULL,NULL,NULL,'2020-02-20 20:47:36',NULL,NULL,12,NULL,NULL,'Y','2020-02-20 14:19:33'),(475,475,4,1,NULL,'2020-02-20 20:57:03',NULL,NULL,NULL,NULL,NULL,NULL,NULL,NULL,'2020-02-20 20:57:03','he interesting in  BMW 5 series . plan postponed. he not planing .',NULL,14,NULL,NULL,'7','2020-02-20 14:19:34'),(476,476,2,NULL,NULL,NULL,NULL,NULL,NULL,NULL,NULL,NULL,NULL,NULL,'2020-02-20 20:47:36','SAID AM BUSY CALL BACK LATER',NULL,17,NULL,NULL,'Y','2020-02-20 14:19:34'),(477,477,4,1,NULL,'2020-02-20 20:57:03',NULL,NULL,NULL,NULL,NULL,NULL,NULL,NULL,'2020-02-20 20:57:03','INTERESTED IN GLA',NULL,17,NULL,NULL,'7','2020-02-20 14:19:34'),(478,478,2,NULL,NULL,NULL,NULL,NULL,NULL,NULL,NULL,NULL,NULL,NULL,'2020-02-20 20:47:36',NULL,NULL,12,NULL,NULL,'Y','2020-02-20 14:19:34'),(479,479,2,NULL,NULL,NULL,NULL,NULL,NULL,NULL,NULL,NULL,NULL,NULL,'2020-02-20 20:47:36','LOOKING FOR AUDI A4',NULL,15,NULL,NULL,'Y','2020-02-20 14:19:34'),(480,480,2,NULL,NULL,NULL,NULL,NULL,NULL,NULL,NULL,NULL,NULL,NULL,'2020-02-20 20:47:36','WANT TO SELL HIS RANGE ROVER EVOQUE 2016 MODEL COMING TOMORROW WITH HIS CAR',NULL,17,NULL,NULL,'Y','2020-02-20 14:19:34'),(481,481,2,NULL,NULL,NULL,NULL,NULL,NULL,NULL,NULL,NULL,NULL,NULL,'2020-02-20 20:47:36','LOOKING FOR LUXURY CAR ONLY HR NO',NULL,15,NULL,NULL,'Y','2020-02-20 14:19:34'),(482,482,4,1,NULL,'2020-02-20 20:57:03',NULL,NULL,NULL,NULL,NULL,NULL,NULL,NULL,'2020-02-20 20:57:03','NOT PICKING UP THE CALL',NULL,17,NULL,NULL,'7','2020-02-20 14:19:34'),(483,483,4,1,NULL,'2020-02-20 20:57:03',NULL,NULL,NULL,NULL,NULL,NULL,NULL,NULL,'2020-02-20 20:57:03','NOT INTERESTED',NULL,17,NULL,NULL,'7','2020-02-20 14:19:34'),(484,484,2,NULL,NULL,NULL,NULL,NULL,NULL,NULL,NULL,NULL,NULL,NULL,'2020-02-20 20:47:36','VISITED LRCH SHOWROOM / IN TOUCH WITH SUNIL SHARMA. he visited for Audi Q3 and Q7.Details shared of glc 2016 & gle 2016 model.',NULL,14,NULL,NULL,'Y','2020-02-20 14:19:34'),(485,485,7,NULL,NULL,'2020-02-20 20:58:38',NULL,NULL,NULL,NULL,NULL,NULL,NULL,NULL,'2020-02-20 20:58:38','LOOKING FOR BMW Z4 / IN TOUCH WITH SUMIT SIR AND BALJINDER',NULL,18,NULL,NULL,'7','2020-02-20 14:19:34'),(486,486,2,NULL,NULL,NULL,NULL,NULL,NULL,NULL,NULL,NULL,NULL,NULL,'2020-02-20 20:47:36',NULL,NULL,13,NULL,NULL,'Y','2020-02-20 14:19:34'),(487,487,2,NULL,NULL,NULL,NULL,NULL,NULL,NULL,NULL,NULL,NULL,NULL,'2020-02-20 20:47:36',NULL,NULL,13,NULL,NULL,'Y','2020-02-20 14:19:34'),(488,488,2,NULL,NULL,NULL,NULL,NULL,NULL,NULL,NULL,NULL,NULL,NULL,'2020-02-20 20:47:36',NULL,NULL,13,NULL,NULL,'Y','2020-02-20 14:19:34'),(489,489,2,NULL,NULL,NULL,NULL,NULL,NULL,NULL,NULL,NULL,NULL,NULL,'2020-02-20 20:47:36',NULL,NULL,13,NULL,NULL,'Y','2020-02-20 14:19:34'),(490,490,4,1,NULL,'2020-02-20 20:57:03',NULL,NULL,NULL,NULL,NULL,NULL,NULL,NULL,'2020-02-20 20:57:03',NULL,NULL,13,NULL,NULL,'7','2020-02-20 14:19:34'),(491,491,2,NULL,NULL,NULL,NULL,NULL,NULL,NULL,NULL,NULL,NULL,NULL,'2020-02-20 20:47:36','details given for 3 series black 2016 hr26. will confirm later.',NULL,14,NULL,NULL,'Y','2020-02-20 14:19:34'),(492,492,2,NULL,NULL,NULL,NULL,NULL,NULL,NULL,NULL,NULL,NULL,NULL,'2020-02-20 20:47:36','NO RESPONSE',NULL,19,NULL,NULL,'Y','2020-02-20 14:19:34'),(493,493,2,NULL,NULL,NULL,NULL,NULL,NULL,NULL,NULL,NULL,NULL,NULL,'2020-02-20 20:47:36',NULL,NULL,16,NULL,NULL,'Y','2020-02-20 14:19:34'),(494,494,4,1,NULL,'2020-02-20 20:57:03',NULL,NULL,NULL,NULL,NULL,NULL,NULL,NULL,'2020-02-20 20:57:03','Out Of City Customer (Andra Predesh)',NULL,16,NULL,NULL,'7','2020-02-20 14:19:34'),(495,495,4,1,NULL,'2020-02-20 20:57:03',NULL,NULL,NULL,NULL,NULL,NULL,NULL,NULL,'2020-02-20 20:57:03','Out Of City Customer (Delhi)',NULL,16,NULL,NULL,'7','2020-02-20 14:19:34'),(496,496,2,NULL,NULL,NULL,NULL,NULL,NULL,NULL,NULL,NULL,NULL,NULL,'2020-02-20 20:47:36','LOOKING FOR RANGE ROVER SPORTS & VOLVO XC90',NULL,15,NULL,NULL,'Y','2020-02-20 14:19:35'),(497,497,2,NULL,NULL,NULL,NULL,NULL,NULL,NULL,NULL,NULL,NULL,NULL,'2020-02-20 20:47:36',NULL,NULL,12,NULL,NULL,'Y','2020-02-20 14:19:35'),(498,498,4,1,NULL,'2020-02-20 20:57:03',NULL,NULL,NULL,NULL,NULL,NULL,NULL,NULL,'2020-02-20 20:57:03','NOT INTERESTED',NULL,17,NULL,NULL,'7','2020-02-20 14:19:35'),(499,499,4,1,NULL,'2020-02-20 20:57:03',NULL,NULL,NULL,NULL,NULL,NULL,NULL,NULL,'2020-02-20 20:57:03','NOT PICKING UP THE CALL',NULL,17,NULL,NULL,'7','2020-02-20 14:19:35'),(500,500,2,NULL,NULL,NULL,NULL,NULL,NULL,NULL,NULL,NULL,NULL,NULL,'2020-02-20 20:47:36','NOT PICKING UP THE CALL',NULL,17,NULL,NULL,'Y','2020-02-20 14:19:35'),(501,501,4,1,NULL,'2020-02-20 20:57:03',NULL,NULL,NULL,NULL,NULL,NULL,NULL,NULL,'2020-02-20 20:57:03',NULL,NULL,12,NULL,NULL,'7','2020-02-20 14:19:35'),(502,502,2,NULL,NULL,NULL,NULL,NULL,NULL,NULL,NULL,NULL,NULL,NULL,'2020-02-20 20:47:36',NULL,NULL,12,NULL,NULL,'Y','2020-02-20 14:19:35'),(503,503,4,1,NULL,'2020-02-20 20:57:03',NULL,NULL,NULL,NULL,NULL,NULL,NULL,NULL,'2020-02-20 20:57:03',NULL,NULL,12,NULL,NULL,'7','2020-02-20 14:19:35'),(504,504,2,NULL,NULL,NULL,NULL,NULL,NULL,NULL,NULL,NULL,NULL,NULL,'2020-02-20 20:47:36',NULL,NULL,12,NULL,NULL,'Y','2020-02-20 14:19:35'),(505,505,4,1,NULL,'2020-02-20 20:57:03',NULL,NULL,NULL,NULL,NULL,NULL,NULL,NULL,'2020-02-20 20:57:03',NULL,NULL,12,NULL,NULL,'7','2020-02-20 14:19:35'),(506,506,2,NULL,NULL,NULL,NULL,NULL,NULL,NULL,NULL,NULL,NULL,NULL,'2020-02-20 20:47:36',NULL,NULL,12,NULL,NULL,'Y','2020-02-20 14:19:35'),(507,507,2,NULL,NULL,NULL,NULL,NULL,NULL,NULL,NULL,NULL,NULL,NULL,'2020-02-20 20:47:36',NULL,NULL,12,NULL,NULL,'Y','2020-02-20 14:19:35'),(508,508,2,NULL,NULL,NULL,NULL,NULL,NULL,NULL,NULL,NULL,NULL,NULL,'2020-02-20 20:47:36',NULL,NULL,12,NULL,NULL,'Y','2020-02-20 14:19:35'),(509,509,2,NULL,NULL,NULL,NULL,NULL,NULL,NULL,NULL,NULL,NULL,NULL,'2020-02-20 20:47:36',NULL,NULL,12,NULL,NULL,'Y','2020-02-20 14:19:35'),(510,510,4,1,NULL,'2020-02-20 20:57:03',NULL,NULL,NULL,NULL,NULL,NULL,NULL,NULL,'2020-02-20 20:57:03',NULL,NULL,12,NULL,NULL,'7','2020-02-20 14:19:35'),(511,511,4,1,NULL,'2020-02-20 20:57:03',NULL,NULL,NULL,NULL,NULL,NULL,NULL,NULL,'2020-02-20 20:57:03',NULL,NULL,16,NULL,NULL,'7','2020-02-20 14:19:35'),(512,512,2,NULL,NULL,NULL,NULL,NULL,NULL,NULL,NULL,NULL,NULL,NULL,'2020-02-20 20:47:36',NULL,NULL,13,NULL,NULL,'Y','2020-02-20 14:19:35'),(513,513,4,1,NULL,'2020-02-20 20:57:03',NULL,NULL,NULL,NULL,NULL,NULL,NULL,NULL,'2020-02-20 20:57:03','Out Of City Customer and He Is already Book Audi a4 New One  (Delhi)',NULL,16,NULL,NULL,'7','2020-02-20 14:19:35'),(514,514,2,NULL,NULL,NULL,NULL,NULL,NULL,NULL,NULL,NULL,NULL,NULL,'2020-02-20 20:47:36','LOOKING FOR EVOQUE',NULL,15,NULL,NULL,'Y','2020-02-20 14:19:35'),(515,515,7,NULL,NULL,'2020-02-20 20:58:38',NULL,NULL,NULL,NULL,NULL,NULL,NULL,NULL,'2020-02-20 20:58:38','today booked and delevierd',NULL,15,NULL,NULL,'7','2020-02-20 14:19:35'),(516,516,4,1,NULL,'2020-02-20 20:57:03',NULL,NULL,NULL,NULL,NULL,NULL,NULL,NULL,'2020-02-20 20:57:03','not answering, message sent.  16/01 he is not interested in freelander cause of high mileage and third owner.',NULL,14,NULL,NULL,'7','2020-02-20 14:19:35'),(517,517,2,NULL,NULL,NULL,NULL,NULL,NULL,NULL,NULL,NULL,NULL,NULL,'2020-02-20 20:47:36',NULL,NULL,12,NULL,NULL,'Y','2020-02-20 14:19:35'),(518,518,2,NULL,NULL,NULL,NULL,NULL,NULL,NULL,NULL,NULL,NULL,NULL,'2020-02-20 20:47:36','LOOKING 3 SERIES',NULL,15,NULL,NULL,'Y','2020-02-20 14:19:35'),(519,519,2,NULL,NULL,NULL,NULL,NULL,NULL,NULL,NULL,NULL,NULL,NULL,'2020-02-20 20:47:36',NULL,NULL,12,NULL,NULL,'Y','2020-02-20 14:19:36'),(520,520,2,NULL,NULL,NULL,NULL,NULL,NULL,NULL,NULL,NULL,NULL,NULL,'2020-02-20 20:47:36',NULL,NULL,13,NULL,NULL,'Y','2020-02-20 14:19:36'),(521,521,2,NULL,NULL,NULL,NULL,NULL,NULL,NULL,NULL,NULL,NULL,NULL,'2020-02-20 20:47:36',NULL,NULL,13,NULL,NULL,'Y','2020-02-20 14:19:36'),(522,522,2,NULL,NULL,NULL,NULL,NULL,NULL,NULL,NULL,NULL,NULL,NULL,'2020-02-20 20:47:36',NULL,NULL,12,NULL,NULL,'Y','2020-02-20 14:19:36'),(523,523,2,NULL,NULL,NULL,NULL,NULL,NULL,NULL,NULL,NULL,NULL,NULL,'2020-02-20 20:47:36','NEED AUDI Q3 2016 OR 2017 MODEL',NULL,17,NULL,NULL,'Y','2020-02-20 14:19:36'),(524,524,2,NULL,NULL,NULL,NULL,NULL,NULL,NULL,NULL,NULL,NULL,NULL,'2020-02-20 20:47:36','NEED AUDI A6 2015 OR 2016 MODEL IN BLACK COLOUR',NULL,17,NULL,NULL,'Y','2020-02-20 14:19:36'),(525,525,2,NULL,NULL,NULL,NULL,NULL,NULL,NULL,NULL,NULL,NULL,NULL,'2020-02-20 20:47:36','NEED AUDI Q3 IN 15 LAKH BUDGET',NULL,17,NULL,NULL,'Y','2020-02-20 14:19:36'),(526,526,2,NULL,NULL,NULL,NULL,NULL,NULL,NULL,NULL,NULL,NULL,NULL,'2020-02-20 20:47:36','BUSY RIGHT NOW',NULL,17,NULL,NULL,'Y','2020-02-20 14:19:36'),(527,527,2,NULL,NULL,NULL,NULL,NULL,NULL,NULL,NULL,NULL,NULL,NULL,'2020-02-20 20:47:36','NO NOT AVAILABLE RIGHT NOW',NULL,17,NULL,NULL,'Y','2020-02-20 14:19:36'),(528,528,4,1,NULL,'2020-02-20 20:57:03',NULL,NULL,NULL,NULL,NULL,NULL,NULL,NULL,'2020-02-20 20:57:03',NULL,NULL,13,NULL,NULL,'7','2020-02-20 14:19:36'),(529,529,4,1,NULL,'2020-02-20 20:57:03',NULL,NULL,NULL,NULL,NULL,NULL,NULL,NULL,'2020-02-20 20:57:03',NULL,NULL,13,NULL,NULL,'7','2020-02-20 14:19:36'),(530,530,4,1,NULL,'2020-02-20 20:57:03',NULL,NULL,NULL,NULL,NULL,NULL,NULL,NULL,'2020-02-20 20:57:03',NULL,NULL,13,NULL,NULL,'7','2020-02-20 14:19:36'),(531,531,2,NULL,NULL,NULL,NULL,NULL,NULL,NULL,NULL,NULL,NULL,NULL,'2020-02-20 20:47:36',NULL,NULL,13,NULL,NULL,'Y','2020-02-20 14:19:36'),(532,532,2,NULL,NULL,NULL,NULL,NULL,NULL,NULL,NULL,NULL,NULL,NULL,'2020-02-20 20:47:36','not answering, message sent.',NULL,14,NULL,NULL,'Y','2020-02-20 14:19:36'),(533,533,2,NULL,NULL,NULL,NULL,NULL,NULL,NULL,NULL,NULL,NULL,NULL,'2020-02-20 20:47:36','not answering, message sent.',NULL,14,NULL,NULL,'Y','2020-02-20 14:19:36'),(534,534,2,NULL,NULL,NULL,NULL,NULL,NULL,NULL,NULL,NULL,NULL,NULL,'2020-02-20 20:47:36','not answering, message sent.',NULL,14,NULL,NULL,'Y','2020-02-20 14:19:36'),(535,535,2,NULL,NULL,NULL,NULL,NULL,NULL,NULL,NULL,NULL,NULL,NULL,'2020-02-20 20:47:36','not answering. message sent. call again, details given for X5 and DISCOVERY SPORT.',NULL,14,NULL,NULL,'Y','2020-02-20 14:19:36'),(536,536,2,NULL,NULL,NULL,NULL,NULL,NULL,NULL,NULL,NULL,NULL,NULL,'2020-02-20 20:47:36','planning for range rover evoque',NULL,19,NULL,NULL,'Y','2020-02-20 14:19:36'),(537,537,4,1,NULL,'2020-02-20 20:57:03',NULL,NULL,NULL,NULL,NULL,NULL,NULL,NULL,'2020-02-20 20:57:03','Not Intrested He said he Is already Purchased Car.',NULL,16,NULL,NULL,'7','2020-02-20 14:19:37'),(538,538,4,1,NULL,'2020-02-20 20:57:03',NULL,NULL,NULL,NULL,NULL,NULL,NULL,NULL,'2020-02-20 20:57:03','Out Of City Customer (Call Not Receive)',NULL,16,NULL,NULL,'7','2020-02-20 14:19:37'),(539,539,4,1,NULL,'2020-02-20 20:57:03',NULL,NULL,NULL,NULL,NULL,NULL,NULL,NULL,'2020-02-20 20:57:03','Today Call With Customer He Said He Is Not Planing For any Car Also He Is Looking On Web For  Car Delhi.',NULL,16,NULL,NULL,'7','2020-02-20 14:19:37'),(540,540,2,NULL,NULL,NULL,NULL,NULL,NULL,NULL,NULL,NULL,NULL,NULL,'2020-02-20 20:47:36','NOT PICKING UP THE CALL',NULL,17,NULL,NULL,'Y','2020-02-20 14:19:37'),(541,541,2,NULL,NULL,NULL,NULL,NULL,NULL,NULL,NULL,NULL,NULL,NULL,'2020-02-20 20:47:36','NOT PICKING UP THE PHONE',NULL,17,NULL,NULL,'Y','2020-02-20 14:19:37'),(542,542,4,1,NULL,'2020-02-20 20:57:03',NULL,NULL,NULL,NULL,NULL,NULL,NULL,NULL,'2020-02-20 20:57:03','NEED BMW 5 SERIES',NULL,17,NULL,NULL,'7','2020-02-20 14:19:37'),(543,543,4,1,NULL,'2020-02-20 20:57:03',NULL,NULL,NULL,NULL,NULL,NULL,NULL,NULL,'2020-02-20 20:57:03',NULL,NULL,17,NULL,NULL,'7','2020-02-20 14:19:37'),(544,544,2,NULL,NULL,NULL,NULL,NULL,NULL,NULL,NULL,NULL,NULL,NULL,'2020-02-20 20:47:36','WILL VISIT SHOWROOM THIS WEEK/said am in meeting call back later',NULL,17,NULL,NULL,'Y','2020-02-20 14:19:37'),(545,545,4,1,NULL,'2020-02-20 20:57:03',NULL,NULL,NULL,NULL,NULL,NULL,NULL,NULL,'2020-02-20 20:57:03',NULL,NULL,12,NULL,NULL,'7','2020-02-20 14:19:37'),(546,546,4,1,NULL,'2020-02-20 20:57:03',NULL,NULL,NULL,NULL,NULL,NULL,NULL,NULL,'2020-02-20 20:57:03',NULL,NULL,12,NULL,NULL,'7','2020-02-20 14:19:38'),(547,547,4,1,NULL,'2020-02-20 20:57:03',NULL,NULL,NULL,NULL,NULL,NULL,NULL,NULL,'2020-02-20 20:57:03',NULL,NULL,12,NULL,NULL,'7','2020-02-20 14:19:38'),(548,548,2,NULL,NULL,NULL,NULL,NULL,NULL,NULL,NULL,NULL,NULL,NULL,'2020-02-20 20:47:36',NULL,NULL,12,NULL,NULL,'Y','2020-02-20 14:19:38'),(549,549,2,NULL,NULL,NULL,NULL,NULL,NULL,NULL,NULL,NULL,NULL,NULL,'2020-02-20 20:47:36',NULL,NULL,12,NULL,NULL,'Y','2020-02-20 14:19:38'),(550,550,2,NULL,NULL,NULL,NULL,NULL,NULL,NULL,NULL,NULL,NULL,NULL,'2020-02-20 20:47:36',NULL,NULL,12,NULL,NULL,'Y','2020-02-20 14:19:38'),(551,551,2,NULL,NULL,NULL,NULL,NULL,NULL,NULL,NULL,NULL,NULL,NULL,'2020-02-20 20:47:36',NULL,NULL,12,NULL,NULL,'Y','2020-02-20 14:19:38'),(552,552,2,NULL,NULL,NULL,NULL,NULL,NULL,NULL,NULL,NULL,NULL,NULL,'2020-02-20 20:47:36','SERVICS PLAN',NULL,0,NULL,NULL,'Y','2020-02-20 14:19:39'),(553,553,2,NULL,NULL,NULL,NULL,NULL,NULL,NULL,NULL,NULL,NULL,NULL,'2020-02-20 20:47:36',NULL,NULL,12,NULL,NULL,'Y','2020-02-20 14:19:39'),(554,554,2,NULL,NULL,NULL,NULL,NULL,NULL,NULL,NULL,NULL,NULL,NULL,'2020-02-20 20:47:36',NULL,NULL,13,NULL,NULL,'Y','2020-02-20 14:19:39'),(555,555,2,NULL,NULL,NULL,NULL,NULL,NULL,NULL,NULL,NULL,NULL,NULL,'2020-02-20 20:47:36','BUSY RIGHT NOW',NULL,17,NULL,NULL,'Y','2020-02-20 14:19:39'),(556,556,4,1,NULL,'2020-02-20 20:57:03',NULL,NULL,NULL,NULL,NULL,NULL,NULL,NULL,'2020-02-20 20:57:03',NULL,NULL,12,NULL,NULL,'7','2020-02-20 14:19:39'),(557,557,4,1,NULL,'2020-02-20 20:57:03',NULL,NULL,NULL,NULL,NULL,NULL,NULL,NULL,'2020-02-20 20:57:03',NULL,NULL,12,NULL,NULL,'7','2020-02-20 14:19:39'),(558,558,4,1,NULL,'2020-02-20 20:57:03',NULL,NULL,NULL,NULL,NULL,NULL,NULL,NULL,'2020-02-20 20:57:03',NULL,NULL,17,NULL,NULL,'7','2020-02-20 14:19:39'),(559,559,2,NULL,NULL,NULL,NULL,NULL,NULL,NULL,NULL,NULL,NULL,NULL,'2020-02-20 20:47:36','looking for x3 x4',NULL,15,NULL,NULL,'Y','2020-02-20 14:19:39'),(560,560,2,NULL,NULL,NULL,NULL,NULL,NULL,NULL,NULL,NULL,NULL,NULL,'2020-02-20 20:47:36','not answering, message sent. he had a word with AJAY sir.',NULL,14,NULL,NULL,'Y','2020-02-20 14:19:39'),(561,561,4,1,NULL,'2020-02-20 20:57:03',NULL,NULL,NULL,NULL,NULL,NULL,NULL,NULL,'2020-02-20 20:57:03','Call To the He Said Not Intrested To Purchased any Car.',NULL,16,NULL,NULL,'7','2020-02-20 14:19:39'),(562,562,2,NULL,NULL,NULL,NULL,NULL,NULL,NULL,NULL,NULL,NULL,NULL,'2020-02-20 20:47:36','he want AUDI Q3 & BMW X1 . BUDGET 10 - 12 LAKH.',NULL,14,NULL,NULL,'Y','2020-02-20 14:19:39'),(563,563,2,NULL,NULL,NULL,NULL,NULL,NULL,NULL,NULL,NULL,NULL,NULL,'2020-02-20 20:47:36','INTERESTING IN 3 SERIES & AUDI A6 .',NULL,14,NULL,NULL,'Y','2020-02-20 14:19:39'),(564,564,2,NULL,NULL,NULL,NULL,NULL,NULL,NULL,NULL,NULL,NULL,NULL,'2020-02-20 20:47:36','LOOKING FOR FL2',NULL,15,NULL,NULL,'Y','2020-02-20 14:19:40'),(565,565,2,NULL,NULL,NULL,NULL,NULL,NULL,NULL,NULL,NULL,NULL,NULL,'2020-02-20 20:47:36',NULL,NULL,13,NULL,NULL,'Y','2020-02-20 14:19:40'),(566,566,2,NULL,NULL,NULL,NULL,NULL,NULL,NULL,NULL,NULL,NULL,NULL,'2020-02-20 20:47:36',NULL,NULL,13,NULL,NULL,'Y','2020-02-20 14:19:40'),(567,567,2,NULL,NULL,NULL,NULL,NULL,NULL,NULL,NULL,NULL,NULL,NULL,'2020-02-20 20:47:36','WANT TO SALE HIS AUDI Q5 2015 MODEL',NULL,17,NULL,NULL,'Y','2020-02-20 14:19:40'),(568,568,2,NULL,NULL,NULL,NULL,NULL,NULL,NULL,NULL,NULL,NULL,NULL,'2020-02-20 20:47:36',NULL,NULL,13,NULL,NULL,'Y','2020-02-20 14:19:40'),(569,569,4,1,NULL,'2020-02-20 20:57:03',NULL,NULL,NULL,NULL,NULL,NULL,NULL,NULL,'2020-02-20 20:57:03',NULL,NULL,13,NULL,NULL,'7','2020-02-20 14:19:40'),(570,570,2,NULL,NULL,NULL,NULL,NULL,NULL,NULL,NULL,NULL,NULL,NULL,'2020-02-20 20:47:36',NULL,NULL,13,NULL,NULL,'Y','2020-02-20 14:19:40'),(571,571,2,NULL,NULL,NULL,NULL,NULL,NULL,NULL,NULL,NULL,NULL,NULL,'2020-02-20 20:47:36',NULL,NULL,13,NULL,NULL,'Y','2020-02-20 14:19:40'),(572,572,2,NULL,NULL,NULL,NULL,NULL,NULL,NULL,NULL,NULL,NULL,NULL,'2020-02-20 20:47:36','sais he is busy now, will call himself later.',NULL,14,NULL,NULL,'Y','2020-02-20 14:19:40'),(573,573,2,NULL,NULL,NULL,NULL,NULL,NULL,NULL,NULL,NULL,NULL,NULL,'2020-02-20 20:47:36','he is from surat. he is interested in XC 90. he said he is getting new vehicle in 71 lakh. he quote 50 lakh  for 2019 model xc90 .',NULL,14,NULL,NULL,'Y','2020-02-20 14:19:40'),(574,574,4,1,NULL,'2020-02-20 20:57:03',NULL,NULL,NULL,NULL,NULL,NULL,NULL,NULL,'2020-02-20 20:57:03','Out Of City Customer (Kerala)',NULL,16,NULL,NULL,'7','2020-02-20 14:19:40'),(575,575,2,NULL,NULL,NULL,NULL,NULL,NULL,NULL,NULL,NULL,NULL,NULL,'2020-02-20 20:47:36','not responding try three times',NULL,17,NULL,NULL,'Y','2020-02-20 14:19:40'),(576,576,2,NULL,NULL,NULL,NULL,NULL,NULL,NULL,NULL,NULL,NULL,NULL,'2020-02-20 20:47:36','LOOKING FOR HONDA ACCORD',NULL,15,NULL,NULL,'Y','2020-02-20 14:19:40'),(577,577,2,NULL,NULL,NULL,NULL,NULL,NULL,NULL,NULL,NULL,NULL,NULL,'2020-02-20 20:47:36','not responding try three times',NULL,17,NULL,NULL,'Y','2020-02-20 14:19:40'),(578,578,2,NULL,NULL,NULL,NULL,NULL,NULL,NULL,NULL,NULL,NULL,NULL,'2020-02-20 20:47:36','not responding try three times',NULL,17,NULL,NULL,'Y','2020-02-20 14:19:40'),(579,579,2,NULL,NULL,NULL,NULL,NULL,NULL,NULL,NULL,NULL,NULL,NULL,'2020-02-20 20:47:36',NULL,NULL,17,NULL,NULL,'Y','2020-02-20 14:19:40'),(580,580,2,NULL,NULL,NULL,NULL,NULL,NULL,NULL,NULL,NULL,NULL,NULL,'2020-02-20 20:47:36',NULL,NULL,12,NULL,NULL,'Y','2020-02-20 14:19:40'),(581,581,4,1,NULL,'2020-02-20 20:57:03',NULL,NULL,NULL,NULL,NULL,NULL,NULL,NULL,'2020-02-20 20:57:03',NULL,NULL,12,NULL,NULL,'7','2020-02-20 14:19:40'),(582,582,2,NULL,NULL,NULL,NULL,NULL,NULL,NULL,NULL,NULL,NULL,NULL,'2020-02-20 20:47:36',NULL,NULL,12,NULL,NULL,'Y','2020-02-20 14:19:40'),(583,583,2,NULL,NULL,NULL,NULL,NULL,NULL,NULL,NULL,NULL,NULL,NULL,'2020-02-20 20:47:36',NULL,NULL,12,NULL,NULL,'Y','2020-02-20 14:19:40'),(584,584,2,NULL,NULL,NULL,NULL,NULL,NULL,NULL,NULL,NULL,NULL,NULL,'2020-02-20 20:47:36','Visited the showroom, were looking for sedan. Their budget is 18-20lcas. Said they need less driven and latest year vehicle.',NULL,16,NULL,NULL,'Y','2020-02-20 14:19:40'),(585,585,4,1,NULL,'2020-02-20 20:57:03',NULL,NULL,NULL,NULL,NULL,NULL,NULL,NULL,'2020-02-20 20:57:03','He is looking for small SUV like Q3 or Merc GLA first party less driven.',NULL,16,NULL,NULL,'7','2020-02-20 14:19:41'),(586,586,2,NULL,NULL,NULL,NULL,NULL,NULL,NULL,NULL,NULL,NULL,NULL,'2020-02-20 20:47:36','LOOKING FOR Q3 Q5',NULL,15,NULL,NULL,'Y','2020-02-20 14:19:41'),(587,587,2,NULL,NULL,NULL,NULL,NULL,NULL,NULL,NULL,NULL,NULL,NULL,'2020-02-20 20:47:36','LOOKING FOR Q3 Q5',NULL,15,NULL,NULL,'Y','2020-02-20 14:19:41'),(588,588,2,NULL,NULL,NULL,NULL,NULL,NULL,NULL,NULL,NULL,NULL,NULL,'2020-02-20 20:47:36','NEED MERCEDES E CLASS 2015 MODEL OR 2016 MODEL',NULL,17,NULL,NULL,'Y','2020-02-20 14:19:41'),(589,589,4,1,NULL,'2020-02-20 20:57:03',NULL,NULL,NULL,NULL,NULL,NULL,NULL,NULL,'2020-02-20 20:57:03','HE NO PLAN .',NULL,14,NULL,NULL,'7','2020-02-20 14:19:41'),(590,590,2,NULL,NULL,NULL,NULL,NULL,NULL,NULL,NULL,NULL,NULL,NULL,'2020-02-20 20:47:36',NULL,NULL,12,NULL,NULL,'Y','2020-02-20 14:19:41'),(591,591,2,NULL,NULL,NULL,NULL,NULL,NULL,NULL,NULL,NULL,NULL,NULL,'2020-02-20 20:47:36',NULL,NULL,13,NULL,NULL,'Y','2020-02-20 14:19:41'),(592,592,2,NULL,NULL,NULL,NULL,NULL,NULL,NULL,NULL,NULL,NULL,NULL,'2020-02-20 20:47:36','said he is getting HR number 2010 model, 90000 run and they are asking for 15 lakh. he is interested in 12-13 lakh for this car.',NULL,14,NULL,NULL,'Y','2020-02-20 14:19:41'),(593,593,4,1,NULL,'2020-02-20 20:57:03',NULL,NULL,NULL,NULL,NULL,NULL,NULL,NULL,'2020-02-20 20:57:03','NOT RESPONDING. he looking for creta , innova and pajero black .',NULL,14,NULL,NULL,'7','2020-02-20 14:19:41'),(594,594,2,NULL,NULL,NULL,NULL,NULL,NULL,NULL,NULL,NULL,NULL,NULL,'2020-02-20 20:47:36',NULL,NULL,13,NULL,NULL,'Y','2020-02-20 14:19:41'),(595,595,2,NULL,NULL,NULL,NULL,NULL,NULL,NULL,NULL,NULL,NULL,NULL,'2020-02-20 20:47:36','LOOKING FOR UNREGISTER CAR',NULL,15,NULL,NULL,'Y','2020-02-20 14:19:41'),(596,596,2,NULL,NULL,NULL,NULL,NULL,NULL,NULL,NULL,NULL,NULL,NULL,'2020-02-20 20:47:36','LOOKING FOR 7 SEATER LUXURY CAR',NULL,15,NULL,NULL,'Y','2020-02-20 14:19:41'),(597,597,2,NULL,NULL,NULL,NULL,NULL,NULL,NULL,NULL,NULL,NULL,NULL,'2020-02-20 20:47:36',NULL,NULL,13,NULL,NULL,'Y','2020-02-20 14:19:41'),(598,598,2,NULL,NULL,NULL,NULL,NULL,NULL,NULL,NULL,NULL,NULL,NULL,'2020-02-20 20:47:36','SERVICS',NULL,0,NULL,NULL,'Y','2020-02-20 14:19:41'),(599,599,4,1,NULL,'2020-02-20 20:57:03',NULL,NULL,NULL,NULL,NULL,NULL,NULL,NULL,'2020-02-20 20:57:03','WANT TO SELL 2014 MODEL Q3 / 3RD OWNER /',NULL,0,NULL,NULL,'7','2020-02-20 14:19:41'),(600,600,2,NULL,NULL,NULL,NULL,NULL,NULL,NULL,NULL,NULL,NULL,NULL,'2020-02-20 20:47:36','BUSY RIGHT NOW',NULL,17,NULL,NULL,'Y','2020-02-20 14:19:41'),(601,601,4,1,NULL,'2020-02-20 20:57:03',NULL,NULL,NULL,NULL,NULL,NULL,NULL,NULL,'2020-02-20 20:57:03','NOT INTERESTED JUST WATCHING THE CAR ON CARDEKHO',NULL,17,NULL,NULL,'7','2020-02-20 14:19:41'),(602,602,4,1,NULL,'2020-02-20 20:57:03',NULL,NULL,NULL,NULL,NULL,NULL,NULL,NULL,'2020-02-20 20:57:03','NOT INTERESTED RIGHT NOW',NULL,17,NULL,NULL,'7','2020-02-20 14:19:41'),(603,603,4,1,NULL,'2020-02-20 20:57:03',NULL,NULL,NULL,NULL,NULL,NULL,NULL,NULL,'2020-02-20 20:57:03',NULL,NULL,12,NULL,NULL,'7','2020-02-20 14:19:41'),(604,604,2,NULL,NULL,NULL,NULL,NULL,NULL,NULL,NULL,NULL,NULL,NULL,'2020-02-20 20:47:36','DETAIL SHARED OF E CLASS 2015 MODEL RJ REG WHITE COLOR /',NULL,0,NULL,NULL,'Y','2020-02-20 14:19:42'),(605,605,2,NULL,NULL,NULL,NULL,NULL,NULL,NULL,NULL,NULL,NULL,NULL,'2020-02-20 20:47:36',NULL,NULL,12,NULL,NULL,'Y','2020-02-20 14:19:42'),(606,606,7,NULL,NULL,'2020-02-20 20:58:38',NULL,NULL,NULL,NULL,NULL,NULL,NULL,NULL,'2020-02-20 20:58:38',NULL,NULL,13,NULL,NULL,'7','2020-02-20 14:19:42'),(607,607,2,NULL,NULL,NULL,NULL,NULL,NULL,NULL,NULL,NULL,NULL,NULL,'2020-02-20 20:47:36',NULL,NULL,13,NULL,NULL,'Y','2020-02-20 14:19:42'),(608,608,2,NULL,NULL,NULL,NULL,NULL,NULL,NULL,NULL,NULL,NULL,NULL,'2020-02-20 20:47:36',NULL,NULL,13,NULL,NULL,'Y','2020-02-20 14:19:42'),(609,609,2,NULL,NULL,NULL,NULL,NULL,NULL,NULL,NULL,NULL,NULL,NULL,'2020-02-20 20:47:36','details given for MERCEDES E Class on whatsapp.',NULL,14,NULL,NULL,'Y','2020-02-20 14:19:42'),(610,610,2,NULL,NULL,NULL,NULL,NULL,NULL,NULL,NULL,NULL,NULL,NULL,'2020-02-20 20:47:36','he is interested in GLC and GLE. DETAILS GIVEN FOR BOTH THE MODELS.',NULL,14,NULL,NULL,'Y','2020-02-20 14:19:42'),(611,611,2,NULL,NULL,NULL,NULL,NULL,NULL,NULL,NULL,NULL,NULL,NULL,'2020-02-20 20:47:36','LOOKING FOR E CLASS',NULL,15,NULL,NULL,'Y','2020-02-20 14:19:42'),(612,612,4,1,NULL,'2020-02-20 20:57:03',NULL,NULL,NULL,NULL,NULL,NULL,NULL,NULL,'2020-02-20 20:57:03','NOT INTERSTED RIGHT NOW',NULL,17,NULL,NULL,'7','2020-02-20 14:19:42'),(613,613,4,1,NULL,'2020-02-20 20:57:03',NULL,NULL,NULL,NULL,NULL,NULL,NULL,NULL,'2020-02-20 20:57:03',NULL,NULL,17,NULL,NULL,'7','2020-02-20 14:19:42'),(614,614,2,NULL,NULL,NULL,NULL,NULL,NULL,NULL,NULL,NULL,NULL,NULL,'2020-02-20 20:47:36',NULL,NULL,12,NULL,NULL,'Y','2020-02-20 14:19:42'),(615,615,2,NULL,NULL,NULL,NULL,NULL,NULL,NULL,NULL,NULL,NULL,NULL,'2020-02-20 20:47:36',NULL,NULL,12,NULL,NULL,'Y','2020-02-20 14:19:42'),(616,616,2,NULL,NULL,NULL,NULL,NULL,NULL,NULL,NULL,NULL,NULL,NULL,'2020-02-20 20:47:36',NULL,NULL,12,NULL,NULL,'Y','2020-02-20 14:19:42'),(617,617,2,NULL,NULL,NULL,NULL,NULL,NULL,NULL,NULL,NULL,NULL,NULL,'2020-02-20 20:47:36','LOOKING FOR LUXURY CAR 2017.2018 MODEL',NULL,15,NULL,NULL,'Y','2020-02-20 14:19:42'),(618,618,4,1,NULL,'2020-02-20 20:57:03',NULL,NULL,NULL,NULL,NULL,NULL,NULL,NULL,'2020-02-20 20:57:03',NULL,NULL,13,NULL,NULL,'7','2020-02-20 14:19:42'),(619,619,2,NULL,NULL,NULL,NULL,NULL,NULL,NULL,NULL,NULL,NULL,NULL,'2020-02-20 20:47:36','LOOKING FOR AUDI A4 A6',NULL,15,NULL,NULL,'Y','2020-02-20 14:19:42'),(620,620,2,NULL,NULL,NULL,NULL,NULL,NULL,NULL,NULL,NULL,NULL,NULL,'2020-02-20 20:47:36','LOOKING FOR JAGUAR XE',NULL,15,NULL,NULL,'Y','2020-02-20 14:19:42'),(621,621,2,NULL,NULL,NULL,NULL,NULL,NULL,NULL,NULL,NULL,NULL,NULL,'2020-02-20 20:47:36','LOOKING FOR BMW X1 AND 3 SERIES',NULL,15,NULL,NULL,'Y','2020-02-20 14:19:42'),(622,622,2,NULL,NULL,NULL,NULL,NULL,NULL,NULL,NULL,NULL,NULL,NULL,'2020-02-20 20:47:36','LOOKING FOR C & E CLASS',NULL,15,NULL,NULL,'Y','2020-02-20 14:19:42'),(623,623,2,NULL,NULL,NULL,NULL,NULL,NULL,NULL,NULL,NULL,NULL,NULL,'2020-02-20 20:47:36','phone is switch off .',NULL,14,NULL,NULL,'Y','2020-02-20 14:19:42'),(624,624,4,1,NULL,'2020-02-20 20:57:03',NULL,NULL,NULL,NULL,NULL,NULL,NULL,NULL,'2020-02-20 20:57:03',NULL,NULL,16,NULL,NULL,'7','2020-02-20 14:19:42'),(625,625,2,NULL,NULL,NULL,NULL,NULL,NULL,NULL,NULL,NULL,NULL,NULL,'2020-02-20 20:47:36','NEED AUDI Q3 2013 OR 2014 MODEL',NULL,17,NULL,NULL,'Y','2020-02-20 14:19:43'),(626,626,2,NULL,NULL,NULL,NULL,NULL,NULL,NULL,NULL,NULL,NULL,NULL,'2020-02-20 20:47:36','service',NULL,0,NULL,NULL,'Y','2020-02-20 14:19:43'),(627,627,4,1,NULL,'2020-02-20 20:57:03',NULL,NULL,NULL,NULL,NULL,NULL,NULL,NULL,'2020-02-20 20:57:03',NULL,NULL,12,NULL,NULL,'7','2020-02-20 14:19:43'),(628,628,2,NULL,NULL,NULL,NULL,NULL,NULL,NULL,NULL,NULL,NULL,NULL,'2020-02-20 20:47:36',NULL,NULL,13,NULL,NULL,'Y','2020-02-20 14:19:43'),(629,629,2,NULL,NULL,NULL,NULL,NULL,NULL,NULL,NULL,NULL,NULL,NULL,'2020-02-20 20:47:36',NULL,NULL,13,NULL,NULL,'Y','2020-02-20 14:19:43'),(630,630,2,NULL,NULL,NULL,NULL,NULL,NULL,NULL,NULL,NULL,NULL,NULL,'2020-02-20 20:47:36',NULL,NULL,13,NULL,NULL,'Y','2020-02-20 14:19:43'),(631,631,2,NULL,NULL,NULL,NULL,NULL,NULL,NULL,NULL,NULL,NULL,NULL,'2020-02-20 20:47:36',NULL,NULL,13,NULL,NULL,'Y','2020-02-20 14:19:43'),(632,632,4,1,NULL,'2020-02-20 20:57:03',NULL,NULL,NULL,NULL,NULL,NULL,NULL,NULL,'2020-02-20 20:57:03','RENT PERPOSER',NULL,15,NULL,NULL,'7','2020-02-20 14:19:43'),(633,633,2,NULL,NULL,NULL,NULL,NULL,NULL,NULL,NULL,NULL,NULL,NULL,'2020-02-20 20:47:36',NULL,NULL,13,NULL,NULL,'Y','2020-02-20 14:19:43'),(634,634,4,1,NULL,'2020-02-20 20:57:03',NULL,NULL,NULL,NULL,NULL,NULL,NULL,NULL,'2020-02-20 20:57:03','no plan..',NULL,14,NULL,NULL,'7','2020-02-20 14:19:43'),(635,635,2,NULL,NULL,NULL,NULL,NULL,NULL,NULL,NULL,NULL,NULL,NULL,'2020-02-20 20:47:36','details share for mercedes benz E - CLASS 2015. HE IS LOOKING 2014 OR 2014 + MODEL IN OF BUDGET 20 LAKH.',NULL,14,NULL,NULL,'Y','2020-02-20 14:19:43'),(636,636,2,NULL,NULL,NULL,NULL,NULL,NULL,NULL,NULL,NULL,NULL,NULL,'2020-02-20 20:47:36','HE WANT AUDI Q3 BLACK OR WHITE COLOUR , PUNJAB & HARYANA NUMBER .',NULL,14,NULL,NULL,'Y','2020-02-20 14:19:43'),(637,637,4,1,NULL,'2020-02-20 20:57:03',NULL,NULL,NULL,NULL,NULL,NULL,NULL,NULL,'2020-02-20 20:57:03',NULL,NULL,12,NULL,NULL,'7','2020-02-20 14:19:43'),(638,638,2,NULL,NULL,NULL,NULL,NULL,NULL,NULL,NULL,NULL,NULL,NULL,'2020-02-20 20:47:36',NULL,NULL,12,NULL,NULL,'Y','2020-02-20 14:19:43'),(639,639,2,NULL,NULL,NULL,NULL,NULL,NULL,NULL,NULL,NULL,NULL,NULL,'2020-02-20 20:47:36',NULL,NULL,12,NULL,NULL,'Y','2020-02-20 14:19:43'),(640,640,4,1,NULL,'2020-02-20 20:57:03',NULL,NULL,NULL,NULL,NULL,NULL,NULL,NULL,'2020-02-20 20:57:03',NULL,NULL,12,NULL,NULL,'7','2020-02-20 14:19:43'),(641,641,4,1,NULL,'2020-02-20 20:57:03',NULL,NULL,NULL,NULL,NULL,NULL,NULL,NULL,'2020-02-20 20:57:03',NULL,NULL,12,NULL,NULL,'7','2020-02-20 14:19:43'),(642,642,4,1,NULL,'2020-02-20 20:57:03',NULL,NULL,NULL,NULL,NULL,NULL,NULL,NULL,'2020-02-20 20:57:03',NULL,NULL,12,NULL,NULL,'7','2020-02-20 14:19:43'),(643,643,4,1,NULL,'2020-02-20 20:57:03',NULL,NULL,NULL,NULL,NULL,NULL,NULL,NULL,'2020-02-20 20:57:03',NULL,NULL,12,NULL,NULL,'7','2020-02-20 14:19:43'),(644,644,4,1,NULL,'2020-02-20 20:57:03',NULL,NULL,NULL,NULL,NULL,NULL,NULL,NULL,'2020-02-20 20:57:03',NULL,NULL,12,NULL,NULL,'7','2020-02-20 14:19:43'),(645,645,2,NULL,NULL,NULL,NULL,NULL,NULL,NULL,NULL,NULL,NULL,NULL,'2020-02-20 20:47:36',NULL,NULL,12,NULL,NULL,'Y','2020-02-20 14:19:43'),(646,646,2,NULL,NULL,NULL,NULL,NULL,NULL,NULL,NULL,NULL,NULL,NULL,'2020-02-20 20:47:36','LOOKING FOR FORTUNER',NULL,15,NULL,NULL,'Y','2020-02-20 14:19:43'),(647,647,2,NULL,NULL,NULL,NULL,NULL,NULL,NULL,NULL,NULL,NULL,NULL,'2020-02-20 20:47:36',NULL,NULL,12,NULL,NULL,'Y','2020-02-20 14:19:43'),(648,648,4,1,NULL,'2020-02-20 20:57:03',NULL,NULL,NULL,NULL,NULL,NULL,NULL,NULL,'2020-02-20 20:57:03',NULL,NULL,12,NULL,NULL,'7','2020-02-20 14:19:44'),(649,649,4,1,NULL,'2020-02-20 20:57:03',NULL,NULL,NULL,NULL,NULL,NULL,NULL,NULL,'2020-02-20 20:57:03',NULL,NULL,13,NULL,NULL,'7','2020-02-20 14:19:44'),(650,650,2,NULL,NULL,NULL,NULL,NULL,NULL,NULL,NULL,NULL,NULL,NULL,'2020-02-20 20:47:36','NO RESPONSE',NULL,19,NULL,NULL,'Y','2020-02-20 14:19:44'),(651,651,4,1,NULL,'2020-02-20 20:57:03',NULL,NULL,NULL,NULL,NULL,NULL,NULL,NULL,'2020-02-20 20:57:03','NO PLAN RIGHT NOW',NULL,17,NULL,NULL,'7','2020-02-20 14:19:44'),(652,652,4,1,NULL,'2020-02-20 20:57:03',NULL,NULL,NULL,NULL,NULL,NULL,NULL,NULL,'2020-02-20 20:57:03','NEED AUDI Q3 PB NO ONLY',NULL,17,NULL,NULL,'7','2020-02-20 14:19:44'),(653,653,2,NULL,NULL,NULL,NULL,NULL,NULL,NULL,NULL,NULL,NULL,NULL,'2020-02-20 20:47:36','NEED MERCEDES GLE 350 2017 OR 2018 MODEL',NULL,17,NULL,NULL,'Y','2020-02-20 14:19:44'),(654,654,2,NULL,NULL,NULL,NULL,NULL,NULL,NULL,NULL,NULL,NULL,NULL,'2020-02-20 20:47:36',NULL,NULL,12,NULL,NULL,'Y','2020-02-20 14:19:44'),(655,655,4,1,NULL,'2020-02-20 20:57:03',NULL,NULL,NULL,NULL,NULL,NULL,NULL,NULL,'2020-02-20 20:57:03',NULL,NULL,12,NULL,NULL,'7','2020-02-20 14:19:44'),(656,656,2,NULL,NULL,NULL,NULL,NULL,NULL,NULL,NULL,NULL,NULL,NULL,'2020-02-20 20:47:36',NULL,NULL,12,NULL,NULL,'Y','2020-02-20 14:19:44'),(657,657,4,1,NULL,'2020-02-20 20:57:03',NULL,NULL,NULL,NULL,NULL,NULL,NULL,NULL,'2020-02-20 20:57:03',NULL,NULL,12,NULL,NULL,'7','2020-02-20 14:19:44'),(658,658,2,NULL,NULL,NULL,NULL,NULL,NULL,NULL,NULL,NULL,NULL,NULL,'2020-02-20 20:47:36','customer is interested in audi A6 2014-15 model. he will visit showroom today evening.',NULL,14,NULL,NULL,'Y','2020-02-20 14:19:44'),(659,659,2,NULL,NULL,NULL,NULL,NULL,NULL,NULL,NULL,NULL,NULL,NULL,'2020-02-20 20:47:36','he interesting for AUDI A6  but budget 12 - 13 lakh.',NULL,14,NULL,NULL,'Y','2020-02-20 14:19:44'),(660,660,2,NULL,NULL,NULL,NULL,NULL,NULL,NULL,NULL,NULL,NULL,NULL,'2020-02-20 20:47:36',NULL,NULL,13,NULL,NULL,'Y','2020-02-20 14:19:44'),(661,661,2,NULL,NULL,NULL,NULL,NULL,NULL,NULL,NULL,NULL,NULL,NULL,'2020-02-20 20:47:36',NULL,NULL,13,NULL,NULL,'Y','2020-02-20 14:19:44'),(662,662,4,1,NULL,'2020-02-20 20:57:03',NULL,NULL,NULL,NULL,NULL,NULL,NULL,NULL,'2020-02-20 20:57:03','Not Intrested Because Customer already Book Discovery Sport New One From Lucnnow',NULL,16,NULL,NULL,'7','2020-02-20 14:19:44'),(663,663,2,NULL,NULL,NULL,NULL,NULL,NULL,NULL,NULL,NULL,NULL,NULL,'2020-02-20 20:47:36',NULL,NULL,16,NULL,NULL,'Y','2020-02-20 14:19:44'),(664,664,4,1,NULL,'2020-02-20 20:57:03',NULL,NULL,NULL,NULL,NULL,NULL,NULL,NULL,'2020-02-20 20:57:03',NULL,NULL,16,NULL,NULL,'7','2020-02-20 14:19:44'),(665,665,4,1,NULL,'2020-02-20 20:57:03',NULL,NULL,NULL,NULL,NULL,NULL,NULL,NULL,'2020-02-20 20:57:03','Not Intrested Because Customer already Book Discovery Sport New One From Lucnnow',NULL,16,NULL,NULL,'7','2020-02-20 14:19:44'),(666,666,4,1,NULL,'2020-02-20 20:57:03',NULL,NULL,NULL,NULL,NULL,NULL,NULL,NULL,'2020-02-20 20:57:03','Out Of City Customer (Delhi)',NULL,16,NULL,NULL,'7','2020-02-20 14:19:44'),(667,667,4,1,NULL,'2020-02-20 20:57:03',NULL,NULL,NULL,NULL,NULL,NULL,NULL,NULL,'2020-02-20 20:57:03',NULL,NULL,16,NULL,NULL,'7','2020-02-20 14:19:44'),(668,668,2,NULL,NULL,NULL,NULL,NULL,NULL,NULL,NULL,NULL,NULL,NULL,'2020-02-20 20:47:36','LOKKING FOR GLA',NULL,15,NULL,NULL,'Y','2020-02-20 14:19:44'),(669,669,2,NULL,NULL,NULL,NULL,NULL,NULL,NULL,NULL,NULL,NULL,NULL,'2020-02-20 20:47:36',NULL,NULL,20,NULL,NULL,'Y','2020-02-20 14:19:45'),(670,670,2,NULL,NULL,NULL,NULL,NULL,NULL,NULL,NULL,NULL,NULL,NULL,'2020-02-20 20:47:36','not answering, tried 2-3 times from morning. message sent.',NULL,14,NULL,NULL,'Y','2020-02-20 14:19:45'),(671,671,2,NULL,NULL,NULL,NULL,NULL,NULL,NULL,NULL,NULL,NULL,NULL,'2020-02-20 20:47:36','INTERESTED IN S CLASS',NULL,17,NULL,NULL,'Y','2020-02-20 14:19:45'),(672,672,2,NULL,NULL,NULL,NULL,NULL,NULL,NULL,NULL,NULL,NULL,NULL,'2020-02-20 20:47:36','G WAGON , BLACK  COLOUR  .',NULL,14,NULL,NULL,'Y','2020-02-20 14:19:45'),(673,673,2,NULL,NULL,NULL,NULL,NULL,NULL,NULL,NULL,NULL,NULL,NULL,'2020-02-20 20:47:36','LOOKING FOR Q7 2014 MODEL BUDGET 20 LAKH',NULL,15,NULL,NULL,'Y','2020-02-20 14:19:45'),(674,674,2,NULL,NULL,NULL,NULL,NULL,NULL,NULL,NULL,NULL,NULL,NULL,'2020-02-20 20:47:36','MARCH PLAN',NULL,15,NULL,NULL,'Y','2020-02-20 14:19:45'),(675,675,2,NULL,NULL,NULL,NULL,NULL,NULL,NULL,NULL,NULL,NULL,NULL,'2020-02-20 20:47:36',NULL,NULL,13,NULL,NULL,'Y','2020-02-20 14:19:45'),(676,676,2,NULL,NULL,NULL,NULL,NULL,NULL,NULL,NULL,NULL,NULL,NULL,'2020-02-20 20:47:36',NULL,NULL,13,NULL,NULL,'Y','2020-02-20 14:19:45'),(677,677,2,NULL,NULL,NULL,NULL,NULL,NULL,NULL,NULL,NULL,NULL,NULL,'2020-02-20 20:47:36',NULL,NULL,13,NULL,NULL,'Y','2020-02-20 14:19:45'),(678,678,4,1,NULL,'2020-02-20 20:57:03',NULL,NULL,NULL,NULL,NULL,NULL,NULL,NULL,'2020-02-20 20:57:03',NULL,NULL,20,NULL,NULL,'7','2020-02-20 14:19:45'),(679,679,2,NULL,NULL,NULL,NULL,NULL,NULL,NULL,NULL,NULL,NULL,NULL,'2020-02-20 20:47:36',NULL,NULL,12,NULL,NULL,'Y','2020-02-20 14:19:45'),(680,680,4,1,NULL,'2020-02-20 20:57:03',NULL,NULL,NULL,NULL,NULL,NULL,NULL,NULL,'2020-02-20 20:57:03',NULL,NULL,12,NULL,NULL,'7','2020-02-20 14:19:45'),(681,681,4,1,NULL,'2020-02-20 20:57:03',NULL,NULL,NULL,NULL,NULL,NULL,NULL,NULL,'2020-02-20 20:57:03',NULL,NULL,12,NULL,NULL,'7','2020-02-20 14:19:45'),(682,682,4,1,NULL,'2020-02-20 20:57:03',NULL,NULL,NULL,NULL,NULL,NULL,NULL,NULL,'2020-02-20 20:57:03',NULL,NULL,12,NULL,NULL,'7','2020-02-20 14:19:45'),(683,683,2,NULL,NULL,NULL,NULL,NULL,NULL,NULL,NULL,NULL,NULL,NULL,'2020-02-20 20:47:36',NULL,NULL,20,NULL,NULL,'Y','2020-02-20 14:19:45'),(684,684,4,1,NULL,'2020-02-20 20:57:03',NULL,NULL,NULL,NULL,NULL,NULL,NULL,NULL,'2020-02-20 20:57:03',NULL,NULL,12,NULL,NULL,'7','2020-02-20 14:19:45'),(685,685,4,1,NULL,'2020-02-20 20:57:03',NULL,NULL,NULL,NULL,NULL,NULL,NULL,NULL,'2020-02-20 20:57:03','NO PLAN DISCONNECT THE CALL',NULL,17,NULL,NULL,'7','2020-02-20 14:19:45'),(686,686,2,NULL,NULL,NULL,NULL,NULL,NULL,NULL,NULL,NULL,NULL,NULL,'2020-02-20 20:47:36',NULL,NULL,20,NULL,NULL,'Y','2020-02-20 14:19:45'),(687,687,4,1,NULL,'2020-02-20 20:57:03',NULL,NULL,NULL,NULL,NULL,NULL,NULL,NULL,'2020-02-20 20:57:03',NULL,NULL,20,NULL,NULL,'7','2020-02-20 14:19:45'),(688,688,2,NULL,NULL,NULL,NULL,NULL,NULL,NULL,NULL,NULL,NULL,NULL,'2020-02-20 20:47:36',NULL,NULL,20,NULL,NULL,'Y','2020-02-20 14:19:45'),(689,689,2,NULL,NULL,NULL,NULL,NULL,NULL,NULL,NULL,NULL,NULL,NULL,'2020-02-20 20:47:36',NULL,NULL,20,NULL,NULL,'Y','2020-02-20 14:19:46'),(690,690,2,NULL,NULL,NULL,NULL,NULL,NULL,NULL,NULL,NULL,NULL,NULL,'2020-02-20 20:47:36','not answering ... not answering.',NULL,14,NULL,NULL,'Y','2020-02-20 14:19:46'),(691,691,4,1,NULL,'2020-02-20 20:57:03',NULL,NULL,NULL,NULL,NULL,NULL,NULL,NULL,'2020-02-20 20:57:03','NOT RESPONDING',NULL,17,NULL,NULL,'7','2020-02-20 14:19:46'),(692,692,2,NULL,NULL,NULL,NULL,NULL,NULL,NULL,NULL,NULL,NULL,NULL,'2020-02-20 20:47:36',NULL,NULL,12,NULL,NULL,'Y','2020-02-20 14:19:46'),(693,693,2,NULL,NULL,NULL,NULL,NULL,NULL,NULL,NULL,NULL,NULL,NULL,'2020-02-20 20:47:36',NULL,NULL,16,NULL,NULL,'Y','2020-02-20 14:19:46'),(694,694,4,1,NULL,'2020-02-20 20:57:03',NULL,NULL,NULL,NULL,NULL,NULL,NULL,NULL,'2020-02-20 20:57:03','looking for fortuner',NULL,18,NULL,NULL,'7','2020-02-20 14:19:46'),(695,695,2,NULL,NULL,NULL,NULL,NULL,NULL,NULL,NULL,NULL,NULL,NULL,'2020-02-20 20:47:36','Q3, X3, Q5.',NULL,14,NULL,NULL,'Y','2020-02-20 14:19:46'),(696,696,2,NULL,NULL,NULL,NULL,NULL,NULL,NULL,NULL,NULL,NULL,NULL,'2020-02-20 20:47:36','LOOKING FOR 3 SERIES M SPORT',NULL,15,NULL,NULL,'Y','2020-02-20 14:19:46'),(697,697,4,1,NULL,'2020-02-20 20:57:03',NULL,NULL,NULL,NULL,NULL,NULL,NULL,NULL,'2020-02-20 20:57:03','Out Of City (Punjab)',NULL,16,NULL,NULL,'7','2020-02-20 14:19:46'),(698,698,2,NULL,NULL,NULL,NULL,NULL,NULL,NULL,NULL,NULL,NULL,NULL,'2020-02-20 20:47:36',NULL,NULL,16,NULL,NULL,'Y','2020-02-20 14:19:46'),(699,699,4,1,NULL,'2020-02-20 20:57:03',NULL,NULL,NULL,NULL,NULL,NULL,NULL,NULL,'2020-02-20 20:57:03','Out Of City Customer (Lucknow)',NULL,16,NULL,NULL,'7','2020-02-20 14:19:46'),(700,700,4,1,NULL,'2020-02-20 20:57:03',NULL,NULL,NULL,NULL,NULL,NULL,NULL,NULL,'2020-02-20 20:57:03','Not Intrested Dont want Talk And Drop The call',NULL,16,NULL,NULL,'7','2020-02-20 14:19:46'),(701,701,2,NULL,NULL,NULL,NULL,NULL,NULL,NULL,NULL,NULL,NULL,NULL,'2020-02-20 20:47:36',NULL,NULL,13,NULL,NULL,'Y','2020-02-20 14:19:46'),(702,702,2,NULL,NULL,NULL,NULL,NULL,NULL,NULL,NULL,NULL,NULL,NULL,'2020-02-20 20:47:36',NULL,NULL,13,NULL,NULL,'Y','2020-02-20 14:19:47'),(703,703,4,1,NULL,'2020-02-20 20:57:03',NULL,NULL,NULL,NULL,NULL,NULL,NULL,NULL,'2020-02-20 20:57:03','no plan,,',NULL,19,NULL,NULL,'7','2020-02-20 14:19:47'),(704,704,2,NULL,NULL,NULL,NULL,NULL,NULL,NULL,NULL,NULL,NULL,NULL,'2020-02-20 20:47:36','PLANNING FOR C CLASS',NULL,19,NULL,NULL,'Y','2020-02-20 14:19:47'),(705,705,2,NULL,NULL,NULL,NULL,NULL,NULL,NULL,NULL,NULL,NULL,NULL,'2020-02-20 20:47:36','NOT  RFESPONDING',NULL,17,NULL,NULL,'Y','2020-02-20 14:19:47'),(706,706,2,NULL,NULL,NULL,NULL,NULL,NULL,NULL,NULL,NULL,NULL,NULL,'2020-02-20 20:47:36','NOT RESPONDING TRY THREE TIMES',NULL,17,NULL,NULL,'Y','2020-02-20 14:19:47'),(707,707,4,1,NULL,'2020-02-20 20:57:03',NULL,NULL,NULL,NULL,NULL,NULL,NULL,NULL,'2020-02-20 20:57:03',NULL,NULL,12,NULL,NULL,'7','2020-02-20 14:19:47'),(708,708,2,NULL,NULL,NULL,NULL,NULL,NULL,NULL,NULL,NULL,NULL,NULL,'2020-02-20 20:47:36',NULL,NULL,12,NULL,NULL,'Y','2020-02-20 14:19:47'),(709,709,2,NULL,NULL,NULL,NULL,NULL,NULL,NULL,NULL,NULL,NULL,NULL,'2020-02-20 20:47:36',NULL,NULL,13,NULL,NULL,'Y','2020-02-20 14:19:47'),(710,710,2,NULL,NULL,NULL,NULL,NULL,NULL,NULL,NULL,NULL,NULL,NULL,'2020-02-20 20:47:36','BUSY IN MEETING, WILL CALL TOMORROW.',NULL,14,NULL,NULL,'Y','2020-02-20 14:19:47'),(711,711,2,NULL,NULL,NULL,NULL,NULL,NULL,NULL,NULL,NULL,NULL,NULL,'2020-02-20 20:47:36','details share land rover freelander 2 and audi  A6 he wil visit showroom in evening.',NULL,14,NULL,NULL,'Y','2020-02-20 14:19:47'),(712,712,4,1,NULL,'2020-02-20 20:57:03',NULL,NULL,NULL,NULL,NULL,NULL,NULL,NULL,'2020-02-20 20:57:03',NULL,NULL,12,NULL,NULL,'7','2020-02-20 14:19:47'),(713,713,2,NULL,NULL,NULL,NULL,NULL,NULL,NULL,NULL,NULL,NULL,NULL,'2020-02-20 20:47:36',NULL,NULL,12,NULL,NULL,'Y','2020-02-20 14:19:47'),(714,714,4,1,NULL,'2020-02-20 20:57:03',NULL,NULL,NULL,NULL,NULL,NULL,NULL,NULL,'2020-02-20 20:57:03','he want  Audi  A4 WHITE .',NULL,14,NULL,NULL,'7','2020-02-20 14:19:47'),(715,715,2,NULL,NULL,NULL,NULL,NULL,NULL,NULL,NULL,NULL,NULL,NULL,'2020-02-20 20:47:36','SEND STOCK DETAIL',NULL,15,NULL,NULL,'Y','2020-02-20 14:19:47'),(716,716,2,NULL,NULL,NULL,NULL,NULL,NULL,NULL,NULL,NULL,NULL,NULL,'2020-02-20 20:47:36','SEND DETAIL XC90',NULL,15,NULL,NULL,'Y','2020-02-20 14:19:47'),(717,717,2,NULL,NULL,NULL,NULL,NULL,NULL,NULL,NULL,NULL,NULL,NULL,'2020-02-20 20:47:36',NULL,NULL,20,NULL,NULL,'Y','2020-02-20 14:19:47'),(718,718,2,NULL,NULL,NULL,NULL,NULL,NULL,NULL,NULL,NULL,NULL,NULL,'2020-02-20 20:47:36','HE WANT AUDI Q7 WHITE CHANDIGARH NUMBER .',NULL,14,NULL,NULL,'Y','2020-02-20 14:19:47'),(719,719,2,NULL,NULL,NULL,NULL,NULL,NULL,NULL,NULL,NULL,NULL,NULL,'2020-02-20 20:47:36','LOOKING FOR FORTUNER MANUAL',NULL,15,NULL,NULL,'Y','2020-02-20 14:19:47'),(720,720,2,NULL,NULL,NULL,NULL,NULL,NULL,NULL,NULL,NULL,NULL,NULL,'2020-02-20 20:47:36','LOOKING FOR RANGE ROVER SPOTS & E 220',NULL,15,NULL,NULL,'Y','2020-02-20 14:19:47'),(721,721,4,1,NULL,'2020-02-20 20:57:03',NULL,NULL,NULL,NULL,NULL,NULL,NULL,NULL,'2020-02-20 20:57:03','WANT GLC WITHIN 35 LAC',NULL,17,NULL,NULL,'7','2020-02-20 14:19:48'),(722,722,2,NULL,NULL,NULL,NULL,NULL,NULL,NULL,NULL,NULL,NULL,NULL,'2020-02-20 20:47:36','HE INTERESTING IN GLC , XC60 , AND S90.',NULL,14,NULL,NULL,'Y','2020-02-20 14:19:48'),(723,723,2,NULL,NULL,NULL,NULL,NULL,NULL,NULL,NULL,NULL,NULL,NULL,'2020-02-20 20:47:36','HE WILL COME SATURDAY',NULL,17,NULL,NULL,'Y','2020-02-20 14:19:48'),(724,724,2,NULL,NULL,NULL,NULL,NULL,NULL,NULL,NULL,NULL,NULL,NULL,'2020-02-20 20:47:36','LOOKING FOR X5',NULL,15,NULL,NULL,'Y','2020-02-20 14:19:48'),(725,725,2,NULL,NULL,NULL,NULL,NULL,NULL,NULL,NULL,NULL,NULL,NULL,'2020-02-20 20:47:36','WANT TO BUY CAR WITHIN 5 LAC',NULL,17,NULL,NULL,'Y','2020-02-20 14:19:48'),(726,726,4,1,NULL,'2020-02-20 20:57:03',NULL,NULL,NULL,NULL,NULL,NULL,NULL,NULL,'2020-02-20 20:57:03','no plan disconnect the call',NULL,17,NULL,NULL,'7','2020-02-20 14:19:48'),(727,727,2,NULL,NULL,NULL,NULL,NULL,NULL,NULL,NULL,NULL,NULL,NULL,'2020-02-20 20:47:36',NULL,NULL,13,NULL,NULL,'Y','2020-02-20 14:19:48'),(728,728,2,NULL,NULL,NULL,NULL,NULL,NULL,NULL,NULL,NULL,NULL,NULL,'2020-02-20 20:47:36',NULL,NULL,13,NULL,NULL,'Y','2020-02-20 14:19:48'),(729,729,2,NULL,NULL,NULL,NULL,NULL,NULL,NULL,NULL,NULL,NULL,NULL,'2020-02-20 20:47:36',NULL,NULL,13,NULL,NULL,'Y','2020-02-20 14:19:48'),(730,730,2,NULL,NULL,NULL,NULL,NULL,NULL,NULL,NULL,NULL,NULL,NULL,'2020-02-20 20:47:36','he looking for glc class  . but offer by audi  A6 . BUDGET FOR 15 LAKH . AND STOCK SHARE. HE WILL PLAN VISIT SHOWRROM . call not answering.',NULL,14,NULL,NULL,'Y','2020-02-20 14:19:48'),(731,731,2,NULL,NULL,NULL,NULL,NULL,NULL,NULL,NULL,NULL,NULL,NULL,'2020-02-20 20:47:36','details given to customer.',NULL,14,NULL,NULL,'Y','2020-02-20 14:19:48'),(732,732,4,1,NULL,'2020-02-20 20:57:03',NULL,NULL,NULL,NULL,NULL,NULL,NULL,NULL,'2020-02-20 20:57:03','said no plan. enquired by mistake.',NULL,14,NULL,NULL,'7','2020-02-20 14:19:48'),(733,733,4,1,NULL,'2020-02-20 20:57:03',NULL,NULL,NULL,NULL,NULL,NULL,NULL,NULL,'2020-02-20 20:57:03','not pick first call',NULL,18,NULL,NULL,'7','2020-02-20 14:19:48'),(734,734,2,NULL,NULL,NULL,NULL,NULL,NULL,NULL,NULL,NULL,NULL,NULL,'2020-02-20 20:47:36','planning for audi q3',NULL,19,NULL,NULL,'Y','2020-02-20 14:19:48'),(735,735,2,NULL,NULL,NULL,NULL,NULL,NULL,NULL,NULL,NULL,NULL,NULL,'2020-02-20 20:47:36','NO NOT REACHED',NULL,17,NULL,NULL,'Y','2020-02-20 14:19:48'),(736,736,2,NULL,NULL,NULL,NULL,NULL,NULL,NULL,NULL,NULL,NULL,NULL,'2020-02-20 20:47:36',NULL,NULL,0,NULL,NULL,'Y','2020-02-20 14:19:48'),(737,737,4,1,NULL,'2020-02-20 20:57:03',NULL,NULL,NULL,NULL,NULL,NULL,NULL,NULL,'2020-02-20 20:57:03','SAID AM BUSY CALL BACK LATER',NULL,17,NULL,NULL,'7','2020-02-20 14:19:48'),(738,738,2,NULL,NULL,NULL,NULL,NULL,NULL,NULL,NULL,NULL,NULL,NULL,'2020-02-20 20:47:36',NULL,NULL,0,NULL,NULL,'Y','2020-02-20 14:19:48'),(739,739,4,1,NULL,'2020-02-20 20:57:03',NULL,NULL,NULL,NULL,NULL,NULL,NULL,NULL,'2020-02-20 20:57:03',NULL,NULL,12,NULL,NULL,'7','2020-02-20 14:19:48'),(740,740,4,1,NULL,'2020-02-20 20:57:03',NULL,NULL,NULL,NULL,NULL,NULL,NULL,NULL,'2020-02-20 20:57:03',NULL,NULL,12,NULL,NULL,'7','2020-02-20 14:19:48'),(741,741,2,NULL,NULL,NULL,NULL,NULL,NULL,NULL,NULL,NULL,NULL,NULL,'2020-02-20 20:47:36',NULL,NULL,12,NULL,NULL,'Y','2020-02-20 14:19:49'),(742,742,2,NULL,NULL,NULL,NULL,NULL,NULL,NULL,NULL,NULL,NULL,NULL,'2020-02-20 20:47:36','NOT RESPONDING',NULL,17,NULL,NULL,'Y','2020-02-20 14:19:49'),(743,743,4,1,NULL,'2020-02-20 20:57:03',NULL,NULL,NULL,NULL,NULL,NULL,NULL,NULL,'2020-02-20 20:57:03','NOT PICKING UP THE CALL',NULL,17,NULL,NULL,'7','2020-02-20 14:19:49'),(744,744,4,1,NULL,'2020-02-20 20:57:03',NULL,NULL,NULL,NULL,NULL,NULL,NULL,NULL,'2020-02-20 20:57:03','Out of City Customer (Carnal )',NULL,16,NULL,NULL,'7','2020-02-20 14:19:49'),(745,745,2,NULL,NULL,NULL,NULL,NULL,NULL,NULL,NULL,NULL,NULL,NULL,'2020-02-20 20:47:36','NO NOT REACHED',NULL,17,NULL,NULL,'Y','2020-02-20 14:19:49'),(746,746,2,NULL,NULL,NULL,NULL,NULL,NULL,NULL,NULL,NULL,NULL,NULL,'2020-02-20 20:47:36','LOOKING FOR 2011,2012 MODEL Q3',NULL,15,NULL,NULL,'Y','2020-02-20 14:19:49'),(747,747,4,1,NULL,'2020-02-20 20:57:03',NULL,NULL,NULL,NULL,NULL,NULL,NULL,NULL,'2020-02-20 20:57:03','he not responding.he allready  purchage car jaguar.',NULL,14,NULL,NULL,'7','2020-02-20 14:19:49'),(748,748,2,NULL,NULL,NULL,NULL,NULL,NULL,NULL,NULL,NULL,NULL,NULL,'2020-02-20 20:47:36','he looking for  BMW 3 SERIES BLACK .',NULL,14,NULL,NULL,'Y','2020-02-20 14:19:49'),(749,749,2,NULL,NULL,NULL,NULL,NULL,NULL,NULL,NULL,NULL,NULL,NULL,'2020-02-20 20:47:36','WAITING',NULL,17,NULL,NULL,'Y','2020-02-20 14:19:49'),(750,750,2,NULL,NULL,NULL,NULL,NULL,NULL,NULL,NULL,NULL,NULL,NULL,'2020-02-20 20:47:36',NULL,NULL,13,NULL,NULL,'Y','2020-02-20 14:19:49'),(751,751,2,NULL,NULL,NULL,NULL,NULL,NULL,NULL,NULL,NULL,NULL,NULL,'2020-02-20 20:47:36','SENT HIM DETAILS ON WHTSAPP',NULL,17,NULL,NULL,'Y','2020-02-20 14:19:49'),(752,752,4,1,NULL,'2020-02-20 20:57:03',NULL,NULL,NULL,NULL,NULL,NULL,NULL,NULL,'2020-02-20 20:57:03',NULL,NULL,12,NULL,NULL,'7','2020-02-20 14:19:49'),(753,753,2,NULL,NULL,NULL,NULL,NULL,NULL,NULL,NULL,NULL,NULL,NULL,'2020-02-20 20:47:36','EXPLORE STOCK CARS , DETAILS OF GLC SHARE',NULL,18,NULL,NULL,'Y','2020-02-20 14:19:49'),(754,754,2,NULL,NULL,NULL,NULL,NULL,NULL,NULL,NULL,NULL,NULL,NULL,'2020-02-20 20:47:36','LOOKING FOR GLS',NULL,15,NULL,NULL,'Y','2020-02-20 14:19:49'),(755,755,2,NULL,NULL,NULL,NULL,NULL,NULL,NULL,NULL,NULL,NULL,NULL,'2020-02-20 20:47:36',NULL,NULL,13,NULL,NULL,'Y','2020-02-20 14:19:49'),(756,756,4,1,NULL,'2020-02-20 20:57:03',NULL,NULL,NULL,NULL,NULL,NULL,NULL,NULL,'2020-02-20 20:57:03','Out Of City Customer (Uttater Pradesh)',NULL,16,NULL,NULL,'7','2020-02-20 14:19:49'),(757,757,2,NULL,NULL,NULL,NULL,NULL,NULL,NULL,NULL,NULL,NULL,NULL,'2020-02-20 20:47:36','WANT TO BUY 320D/want 320d withiin 20 lac',NULL,17,NULL,NULL,'Y','2020-02-20 14:19:49'),(758,758,4,1,NULL,'2020-02-20 20:57:03',NULL,NULL,NULL,NULL,NULL,NULL,NULL,NULL,'2020-02-20 20:57:03','BOUGTH CRETA',NULL,17,NULL,NULL,'7','2020-02-20 14:19:49'),(759,759,4,1,NULL,'2020-02-20 20:57:03',NULL,NULL,NULL,NULL,NULL,NULL,NULL,NULL,'2020-02-20 20:57:03',NULL,NULL,17,NULL,NULL,'7','2020-02-20 14:19:49'),(760,760,2,NULL,NULL,NULL,NULL,NULL,NULL,NULL,NULL,NULL,NULL,NULL,'2020-02-20 20:47:36',NULL,NULL,20,NULL,NULL,'Y','2020-02-20 14:19:49'),(761,761,2,NULL,NULL,NULL,NULL,NULL,NULL,NULL,NULL,NULL,NULL,NULL,'2020-02-20 20:47:36',NULL,NULL,13,NULL,NULL,'Y','2020-02-20 14:19:49'),(762,762,2,NULL,NULL,NULL,NULL,NULL,NULL,NULL,NULL,NULL,NULL,NULL,'2020-02-20 20:47:36',NULL,NULL,13,NULL,NULL,'Y','2020-02-20 14:19:49'),(763,763,4,1,NULL,'2020-02-20 20:57:03',NULL,NULL,NULL,NULL,NULL,NULL,NULL,NULL,'2020-02-20 20:57:03',NULL,NULL,13,NULL,NULL,'7','2020-02-20 14:19:49'),(764,764,2,NULL,NULL,NULL,NULL,NULL,NULL,NULL,NULL,NULL,NULL,NULL,'2020-02-20 20:47:36',NULL,NULL,13,NULL,NULL,'Y','2020-02-20 14:19:50'),(765,765,2,NULL,NULL,NULL,NULL,NULL,NULL,NULL,NULL,NULL,NULL,NULL,'2020-02-20 20:47:36',NULL,NULL,13,NULL,NULL,'Y','2020-02-20 14:19:50'),(766,766,2,NULL,NULL,NULL,NULL,NULL,NULL,NULL,NULL,NULL,NULL,NULL,'2020-02-20 20:47:36',NULL,NULL,13,NULL,NULL,'Y','2020-02-20 14:19:50'),(767,767,2,NULL,NULL,NULL,NULL,NULL,NULL,NULL,NULL,NULL,NULL,NULL,'2020-02-20 20:47:36',NULL,NULL,13,NULL,NULL,'Y','2020-02-20 14:19:50'),(768,768,2,NULL,NULL,NULL,NULL,NULL,NULL,NULL,NULL,NULL,NULL,NULL,'2020-02-20 20:47:36',NULL,NULL,13,NULL,NULL,'Y','2020-02-20 14:19:50'),(769,769,4,1,NULL,'2020-02-20 20:57:03',NULL,NULL,NULL,NULL,NULL,NULL,NULL,NULL,'2020-02-20 20:57:03',NULL,NULL,13,NULL,NULL,'7','2020-02-20 14:19:50'),(770,770,4,1,NULL,'2020-02-20 20:57:03',NULL,NULL,NULL,NULL,NULL,NULL,NULL,NULL,'2020-02-20 20:57:03','HE CAME TO SHOWROOM FOR SERVICE OF HIS Q5.',NULL,14,NULL,NULL,'7','2020-02-20 14:19:50'),(771,771,2,NULL,NULL,NULL,NULL,NULL,NULL,NULL,NULL,NULL,NULL,NULL,'2020-02-20 20:47:36',NULL,NULL,13,NULL,NULL,'Y','2020-02-20 14:19:50'),(772,772,2,NULL,NULL,NULL,NULL,NULL,NULL,NULL,NULL,NULL,NULL,NULL,'2020-02-20 20:47:36',NULL,NULL,13,NULL,NULL,'Y','2020-02-20 14:19:50'),(773,773,2,NULL,NULL,NULL,NULL,NULL,NULL,NULL,NULL,NULL,NULL,NULL,'2020-02-20 20:47:36','SHARE IMAGES OF FREE LANDER ON WHATSAAP.',NULL,14,NULL,NULL,'Y','2020-02-20 14:19:50'),(774,774,4,1,NULL,'2020-02-20 20:57:03',NULL,NULL,NULL,NULL,NULL,NULL,NULL,NULL,'2020-02-20 20:57:03','HE IS LOOKING FOR WEGNER.',NULL,14,NULL,NULL,'7','2020-02-20 14:19:50'),(775,775,2,NULL,NULL,NULL,NULL,NULL,NULL,NULL,NULL,NULL,NULL,NULL,'2020-02-20 20:47:36','HE IS LOOKING FOR Q3 AND FORTUNER  WANT TO TAKE FINANCE ALSO . NO EXCHANGE.',NULL,14,NULL,NULL,'Y','2020-02-20 14:19:50'),(776,776,2,NULL,NULL,NULL,NULL,NULL,NULL,NULL,NULL,NULL,NULL,NULL,'2020-02-20 20:47:36',NULL,NULL,12,NULL,NULL,'Y','2020-02-20 14:19:50'),(777,777,2,NULL,NULL,NULL,NULL,NULL,NULL,NULL,NULL,NULL,NULL,NULL,'2020-02-20 20:47:36',NULL,NULL,12,NULL,NULL,'Y','2020-02-20 14:19:50'),(778,778,2,NULL,NULL,NULL,NULL,NULL,NULL,NULL,NULL,NULL,NULL,NULL,'2020-02-20 20:47:36','HE WANT TO SAY BEETLE CAR.',NULL,14,NULL,NULL,'Y','2020-02-20 14:19:50'),(779,779,4,1,NULL,'2020-02-20 20:57:03',NULL,NULL,NULL,NULL,NULL,NULL,NULL,NULL,'2020-02-20 20:57:03',NULL,NULL,12,NULL,NULL,'7','2020-02-20 14:19:50'),(780,780,4,1,NULL,'2020-02-20 20:57:03',NULL,NULL,NULL,NULL,NULL,NULL,NULL,NULL,'2020-02-20 20:57:03','NOT INTERESTED',NULL,17,NULL,NULL,'7','2020-02-20 14:19:50'),(781,781,2,NULL,NULL,NULL,NULL,NULL,NULL,NULL,NULL,NULL,NULL,NULL,'2020-02-20 20:47:36','SAID AM BUSY CALL BACK LATER',NULL,17,NULL,NULL,'Y','2020-02-20 14:19:50'),(782,782,2,NULL,NULL,NULL,NULL,NULL,NULL,NULL,NULL,NULL,NULL,NULL,'2020-02-20 20:47:36','no waiting',NULL,17,NULL,NULL,'Y','2020-02-20 14:19:50'),(783,783,2,NULL,NULL,NULL,NULL,NULL,NULL,NULL,NULL,NULL,NULL,NULL,'2020-02-20 20:47:36','NO NOT REACHED',NULL,17,NULL,NULL,'Y','2020-02-20 14:19:50'),(784,784,4,1,NULL,'2020-02-20 20:57:03',NULL,NULL,NULL,NULL,NULL,NULL,NULL,NULL,'2020-02-20 20:57:03','NO PLAN DISCONNECT THE CALL',NULL,17,NULL,NULL,'7','2020-02-20 14:19:50'),(785,785,2,NULL,NULL,NULL,NULL,NULL,NULL,NULL,NULL,NULL,NULL,NULL,'2020-02-20 20:47:36','NOT RESPONDING/',NULL,17,NULL,NULL,'Y','2020-02-20 14:19:50'),(786,786,2,NULL,NULL,NULL,NULL,NULL,NULL,NULL,NULL,NULL,NULL,NULL,'2020-02-20 20:47:36','WAT ANY E CLASS 2014 MODEL PB NO.',NULL,17,NULL,NULL,'Y','2020-02-20 14:19:50'),(787,787,2,NULL,NULL,NULL,NULL,NULL,NULL,NULL,NULL,NULL,NULL,NULL,'2020-02-20 20:47:36','NOT RESPONDING TRY THREE TIMES',NULL,17,NULL,NULL,'Y','2020-02-20 14:19:51'),(788,788,4,1,NULL,'2020-02-20 20:57:03',NULL,NULL,NULL,NULL,NULL,NULL,NULL,NULL,'2020-02-20 20:57:03','NOT RESPONDING TRY THREE TINES',NULL,17,NULL,NULL,'7','2020-02-20 14:19:51'),(789,789,2,NULL,NULL,NULL,NULL,NULL,NULL,NULL,NULL,NULL,NULL,NULL,'2020-02-20 20:47:36',NULL,NULL,12,NULL,NULL,'Y','2020-02-20 14:19:51'),(790,790,2,NULL,NULL,NULL,NULL,NULL,NULL,NULL,NULL,NULL,NULL,NULL,'2020-02-20 20:47:36',NULL,NULL,12,NULL,NULL,'Y','2020-02-20 14:19:51'),(791,791,4,1,NULL,'2020-02-20 20:57:03',NULL,NULL,NULL,NULL,NULL,NULL,NULL,NULL,'2020-02-20 20:57:03',NULL,NULL,12,NULL,NULL,'7','2020-02-20 14:19:51'),(792,792,2,NULL,NULL,NULL,NULL,NULL,NULL,NULL,NULL,NULL,NULL,NULL,'2020-02-20 20:47:36',NULL,NULL,12,NULL,NULL,'Y','2020-02-20 14:19:51'),(793,793,4,1,NULL,'2020-02-20 20:57:03',NULL,NULL,NULL,NULL,NULL,NULL,NULL,NULL,'2020-02-20 20:57:03',NULL,NULL,12,NULL,NULL,'7','2020-02-20 14:19:51'),(794,794,4,1,NULL,'2020-02-20 20:57:03',NULL,NULL,NULL,NULL,NULL,NULL,NULL,NULL,'2020-02-20 20:57:03',NULL,NULL,12,NULL,NULL,'7','2020-02-20 14:19:51'),(795,795,4,1,NULL,'2020-02-20 20:57:03',NULL,NULL,NULL,NULL,NULL,NULL,NULL,NULL,'2020-02-20 20:57:03',NULL,NULL,12,NULL,NULL,'7','2020-02-20 14:19:51'),(796,796,2,NULL,NULL,NULL,NULL,NULL,NULL,NULL,NULL,NULL,NULL,NULL,'2020-02-20 20:47:36',NULL,NULL,12,NULL,NULL,'Y','2020-02-20 14:19:51'),(797,797,2,NULL,NULL,NULL,NULL,NULL,NULL,NULL,NULL,NULL,NULL,NULL,'2020-02-20 20:47:36','New shape AUDI  Q5 & A4 .',NULL,14,NULL,NULL,'Y','2020-02-20 14:19:51'),(798,798,2,NULL,NULL,NULL,NULL,NULL,NULL,NULL,NULL,NULL,NULL,NULL,'2020-02-20 20:47:36','NEW SHAPE Q5 BLACK',NULL,14,NULL,NULL,'Y','2020-02-20 14:19:51'),(799,799,2,NULL,NULL,NULL,NULL,NULL,NULL,NULL,NULL,NULL,NULL,NULL,'2020-02-20 20:47:36','X1 , A4 IN 12 LAKH OF BUDGET  OR HE WILL PURCHASE NEW . ( WANT TO EXCHANGE SAFARI STORM 2012 ) .',NULL,14,NULL,NULL,'Y','2020-02-20 14:19:51'),(800,800,2,NULL,NULL,NULL,NULL,NULL,NULL,NULL,NULL,NULL,NULL,NULL,'2020-02-20 20:47:36','NOT RESPONDING',NULL,17,NULL,NULL,'Y','2020-02-20 14:19:51'),(801,801,4,1,NULL,'2020-02-20 20:57:03',NULL,NULL,NULL,NULL,NULL,NULL,NULL,NULL,'2020-02-20 20:57:03',NULL,NULL,13,NULL,NULL,'7','2020-02-20 14:19:51'),(802,802,2,NULL,NULL,NULL,NULL,NULL,NULL,NULL,NULL,NULL,NULL,NULL,'2020-02-20 20:47:36','SAID AM BUSY CALL BACK LATER',NULL,17,NULL,NULL,'Y','2020-02-20 14:19:51'),(803,803,4,1,NULL,'2020-02-20 20:57:03',NULL,NULL,NULL,NULL,NULL,NULL,NULL,NULL,'2020-02-20 20:57:03','DISCONNECT THE CALL AFTER LISTEN LUXURY RIDE',NULL,17,NULL,NULL,'7','2020-02-20 14:19:51'),(804,804,2,NULL,NULL,NULL,NULL,NULL,NULL,NULL,NULL,NULL,NULL,NULL,'2020-02-20 20:47:36',NULL,NULL,12,NULL,NULL,'Y','2020-02-20 14:19:51'),(805,805,2,NULL,NULL,NULL,NULL,NULL,NULL,NULL,NULL,NULL,NULL,NULL,'2020-02-20 20:47:36','Mercedes C220 Advantrage. Chandigarh number Top model. New battery. Bumper to bumper insured. Zero dep Very clean and excellent condition. wants to sell his car',NULL,0,NULL,NULL,'Y','2020-02-20 14:19:51'),(806,806,2,NULL,NULL,NULL,NULL,NULL,NULL,NULL,NULL,NULL,NULL,NULL,'2020-02-20 20:47:36',NULL,NULL,12,NULL,NULL,'Y','2020-02-20 14:19:51'),(807,807,2,NULL,NULL,NULL,NULL,NULL,NULL,NULL,NULL,NULL,NULL,NULL,'2020-02-20 20:47:36','TEST DRIVE GIVEN FOR BMW 3 SERIES . WILL CONFORM WITHIN 2 , 3 DAYS.',NULL,14,NULL,NULL,'Y','2020-02-20 14:19:51'),(808,808,4,1,NULL,'2020-02-20 20:57:03',NULL,NULL,NULL,NULL,NULL,NULL,NULL,NULL,'2020-02-20 20:57:03',NULL,NULL,12,NULL,NULL,'7','2020-02-20 14:19:51'),(809,809,2,NULL,NULL,NULL,NULL,NULL,NULL,NULL,NULL,NULL,NULL,NULL,'2020-02-20 20:47:36',NULL,NULL,12,NULL,NULL,'Y','2020-02-20 14:19:52'),(810,810,4,1,NULL,'2020-02-20 20:57:03',NULL,NULL,NULL,NULL,NULL,NULL,NULL,NULL,'2020-02-20 20:57:03',NULL,NULL,12,NULL,NULL,'7','2020-02-20 14:19:52'),(811,811,2,NULL,NULL,NULL,NULL,NULL,NULL,NULL,NULL,NULL,NULL,NULL,'2020-02-20 20:47:36','LOOKING FOR Q3 Q5  LESS KM',NULL,15,NULL,NULL,'Y','2020-02-20 14:19:52'),(812,812,2,NULL,NULL,NULL,NULL,NULL,NULL,NULL,NULL,NULL,NULL,NULL,'2020-02-20 20:47:36','LOOKING FOR LUXURY CAR BUDGET 15 LAKH',NULL,15,NULL,NULL,'Y','2020-02-20 14:19:52'),(813,813,2,NULL,NULL,NULL,NULL,NULL,NULL,NULL,NULL,NULL,NULL,NULL,'2020-02-20 20:47:36','LOOKING FOR Q5',NULL,15,NULL,NULL,'Y','2020-02-20 14:19:52'),(814,814,7,NULL,NULL,'2020-02-20 20:58:38',NULL,NULL,NULL,NULL,NULL,NULL,NULL,NULL,'2020-02-20 20:58:38',NULL,NULL,13,NULL,NULL,'7','2020-02-20 14:19:52'),(815,815,2,NULL,NULL,NULL,NULL,NULL,NULL,NULL,NULL,NULL,NULL,NULL,'2020-02-20 20:47:36',NULL,NULL,13,NULL,NULL,'Y','2020-02-20 14:19:52'),(816,816,2,NULL,NULL,NULL,NULL,NULL,NULL,NULL,NULL,NULL,NULL,NULL,'2020-02-20 20:47:36',NULL,NULL,13,NULL,NULL,'Y','2020-02-20 14:19:52'),(817,817,2,NULL,NULL,NULL,NULL,NULL,NULL,NULL,NULL,NULL,NULL,NULL,'2020-02-20 20:47:36',NULL,NULL,13,NULL,NULL,'Y','2020-02-20 14:19:52'),(818,818,2,NULL,NULL,NULL,NULL,NULL,NULL,NULL,NULL,NULL,NULL,NULL,'2020-02-20 20:47:36',NULL,NULL,13,NULL,NULL,'Y','2020-02-20 14:19:52'),(819,819,2,NULL,NULL,NULL,NULL,NULL,NULL,NULL,NULL,NULL,NULL,NULL,'2020-02-20 20:47:36','NOT RESPONDING TRY THREE TINES',NULL,17,NULL,NULL,'Y','2020-02-20 14:19:52'),(820,820,4,1,NULL,'2020-02-20 20:57:03',NULL,NULL,NULL,NULL,NULL,NULL,NULL,NULL,'2020-02-20 20:57:03','he is a dealer in delhi. details shared for evoque UK number, he said this car is around 22 lakh not more then that.',NULL,14,NULL,NULL,'7','2020-02-20 14:19:52'),(821,821,2,NULL,NULL,NULL,NULL,NULL,NULL,NULL,NULL,NULL,NULL,NULL,'2020-02-20 20:47:36','said he is interested in toyota fortuner and evoque haryana registration only.',NULL,14,NULL,NULL,'Y','2020-02-20 14:19:52'),(822,822,4,1,NULL,'2020-02-20 20:57:03',NULL,NULL,NULL,NULL,NULL,NULL,NULL,NULL,'2020-02-20 20:57:03','NOT PICK FIRST CALL',NULL,18,NULL,NULL,'7','2020-02-20 14:19:52'),(823,823,2,NULL,NULL,NULL,NULL,NULL,NULL,NULL,NULL,NULL,NULL,NULL,'2020-02-20 20:47:36',NULL,NULL,16,NULL,NULL,'Y','2020-02-20 14:19:52'),(824,824,4,1,NULL,'2020-02-20 20:57:03',NULL,NULL,NULL,NULL,NULL,NULL,NULL,NULL,'2020-02-20 20:57:03','Customer Already Purchased Jeep From Delhi (Also He Is Looking For Only Delhi)',NULL,16,NULL,NULL,'7','2020-02-20 14:19:52'),(825,825,4,1,NULL,'2020-02-20 20:57:03',NULL,NULL,NULL,NULL,NULL,NULL,NULL,NULL,'2020-02-20 20:57:03','Not Intrested Because Customer Is Planing From Delhi.',NULL,16,NULL,NULL,'7','2020-02-20 14:19:52'),(826,826,4,1,NULL,'2020-02-20 20:57:03',NULL,NULL,NULL,NULL,NULL,NULL,NULL,NULL,'2020-02-20 20:57:03','NOT INTERESTED RIGHT NOW',NULL,17,NULL,NULL,'7','2020-02-20 14:19:52'),(827,827,2,NULL,NULL,NULL,NULL,NULL,NULL,NULL,NULL,NULL,NULL,NULL,'2020-02-20 20:47:36','SAID I WILL VISIT YOUR SHOWROOM',NULL,17,NULL,NULL,'Y','2020-02-20 14:19:52'),(828,828,2,NULL,NULL,NULL,NULL,NULL,NULL,NULL,NULL,NULL,NULL,NULL,'2020-02-20 20:47:36','BUSY RIGHT NOW',NULL,17,NULL,NULL,'Y','2020-02-20 14:19:52'),(829,829,4,1,NULL,'2020-02-20 20:57:03',NULL,NULL,NULL,NULL,NULL,NULL,NULL,NULL,'2020-02-20 20:57:03','NO WAITING',NULL,17,NULL,NULL,'7','2020-02-20 14:19:52'),(830,830,2,NULL,NULL,NULL,NULL,NULL,NULL,NULL,NULL,NULL,NULL,NULL,'2020-02-20 20:47:36',NULL,NULL,12,NULL,NULL,'Y','2020-02-20 14:19:52'),(831,831,2,NULL,NULL,NULL,NULL,NULL,NULL,NULL,NULL,NULL,NULL,NULL,'2020-02-20 20:47:36',NULL,NULL,12,NULL,NULL,'Y','2020-02-20 14:19:52'),(832,832,4,1,NULL,'2020-02-20 20:57:03',NULL,NULL,NULL,NULL,NULL,NULL,NULL,NULL,'2020-02-20 20:57:03',NULL,NULL,13,NULL,NULL,'7','2020-02-20 14:19:53'),(833,833,4,1,NULL,'2020-02-20 20:57:03',NULL,NULL,NULL,NULL,NULL,NULL,NULL,NULL,'2020-02-20 20:57:03','NO PLAN',NULL,17,NULL,NULL,'7','2020-02-20 14:19:53'),(834,834,4,1,NULL,'2020-02-20 20:57:03',NULL,NULL,NULL,NULL,NULL,NULL,NULL,NULL,'2020-02-20 20:57:03',NULL,NULL,12,NULL,NULL,'7','2020-02-20 14:19:53'),(835,835,4,1,NULL,'2020-02-20 20:57:03',NULL,NULL,NULL,NULL,NULL,NULL,NULL,NULL,'2020-02-20 20:57:03',NULL,NULL,12,NULL,NULL,'7','2020-02-20 14:19:53'),(836,836,4,1,NULL,'2020-02-20 20:57:03',NULL,NULL,NULL,NULL,NULL,NULL,NULL,NULL,'2020-02-20 20:57:03',NULL,NULL,12,NULL,NULL,'7','2020-02-20 14:19:53'),(837,837,4,1,NULL,'2020-02-20 20:57:03',NULL,NULL,NULL,NULL,NULL,NULL,NULL,NULL,'2020-02-20 20:57:03',NULL,NULL,12,NULL,NULL,'7','2020-02-20 14:19:53'),(838,838,4,1,NULL,'2020-02-20 20:57:03',NULL,NULL,NULL,NULL,NULL,NULL,NULL,NULL,'2020-02-20 20:57:03',NULL,NULL,12,NULL,NULL,'7','2020-02-20 14:19:53'),(839,839,2,NULL,NULL,NULL,NULL,NULL,NULL,NULL,NULL,NULL,NULL,NULL,'2020-02-20 20:47:36',NULL,NULL,12,NULL,NULL,'Y','2020-02-20 14:19:53'),(840,840,2,NULL,NULL,NULL,NULL,NULL,NULL,NULL,NULL,NULL,NULL,NULL,'2020-02-20 20:47:36',NULL,NULL,12,NULL,NULL,'Y','2020-02-20 14:19:53'),(841,841,2,NULL,NULL,NULL,NULL,NULL,NULL,NULL,NULL,NULL,NULL,NULL,'2020-02-20 20:47:36',NULL,NULL,12,NULL,NULL,'Y','2020-02-20 14:19:53'),(842,842,7,NULL,NULL,'2020-02-20 20:58:38',NULL,NULL,NULL,NULL,NULL,NULL,NULL,NULL,'2020-02-20 20:58:38','AUDI Q3 CH NO.delevird',NULL,15,NULL,NULL,'7','2020-02-20 14:19:53'),(843,843,4,1,NULL,'2020-02-20 20:57:03',NULL,NULL,NULL,NULL,NULL,NULL,NULL,NULL,'2020-02-20 20:57:03','NO.NOT CONNECTED',NULL,16,NULL,NULL,'7','2020-02-20 14:19:53'),(844,844,2,NULL,NULL,NULL,NULL,NULL,NULL,NULL,NULL,NULL,NULL,NULL,'2020-02-20 20:47:36','NO WAITING',NULL,17,NULL,NULL,'Y','2020-02-20 14:19:53'),(845,845,2,NULL,NULL,NULL,NULL,NULL,NULL,NULL,NULL,NULL,NULL,NULL,'2020-02-20 20:47:36','EXPLORE F PACE AND QUOTE 32 LAC',NULL,18,NULL,NULL,'Y','2020-02-20 14:19:53'),(846,846,2,NULL,NULL,NULL,NULL,NULL,NULL,NULL,NULL,NULL,NULL,NULL,'2020-02-20 20:47:36','send stock',NULL,15,NULL,NULL,'Y','2020-02-20 14:19:53'),(847,847,4,1,NULL,'2020-02-20 20:57:03',NULL,NULL,NULL,NULL,NULL,NULL,NULL,NULL,'2020-02-20 20:57:03','BOUGHT 320D 2012 LUXURY',NULL,17,NULL,NULL,'7','2020-02-20 14:19:53'),(848,848,2,NULL,NULL,NULL,NULL,NULL,NULL,NULL,NULL,NULL,NULL,NULL,'2020-02-20 20:47:36','NOT RESPONDING TRY THREE TIMES',NULL,17,NULL,NULL,'Y','2020-02-20 14:19:53'),(849,849,4,1,NULL,'2020-02-20 20:57:03',NULL,NULL,NULL,NULL,NULL,NULL,NULL,NULL,'2020-02-20 20:57:03','SAID ALREADY BOUGHT',NULL,17,NULL,NULL,'7','2020-02-20 14:19:53'),(850,850,2,NULL,NULL,NULL,NULL,NULL,NULL,NULL,NULL,NULL,NULL,NULL,'2020-02-20 20:47:36',NULL,NULL,12,NULL,NULL,'Y','2020-02-20 14:19:53'),(851,851,4,1,NULL,'2020-02-20 20:57:03',NULL,NULL,NULL,NULL,NULL,NULL,NULL,NULL,'2020-02-20 20:57:03',NULL,NULL,12,NULL,NULL,'7','2020-02-20 14:19:53'),(852,852,4,1,NULL,'2020-02-20 20:57:03',NULL,NULL,NULL,NULL,NULL,NULL,NULL,NULL,'2020-02-20 20:57:03',NULL,NULL,12,NULL,NULL,'7','2020-02-20 14:19:53'),(853,853,2,NULL,NULL,NULL,NULL,NULL,NULL,NULL,NULL,NULL,NULL,NULL,'2020-02-20 20:47:36',NULL,NULL,12,NULL,NULL,'Y','2020-02-20 14:19:53'),(854,854,4,1,NULL,'2020-02-20 20:57:03',NULL,NULL,NULL,NULL,NULL,NULL,NULL,NULL,'2020-02-20 20:57:03',NULL,NULL,12,NULL,NULL,'7','2020-02-20 14:19:54'),(855,855,4,1,NULL,'2020-02-20 20:57:03',NULL,NULL,NULL,NULL,NULL,NULL,NULL,NULL,'2020-02-20 20:57:03','he purchase only new cars and no plan for any car right now.',NULL,14,NULL,NULL,'7','2020-02-20 14:19:54'),(856,856,2,NULL,NULL,NULL,NULL,NULL,NULL,NULL,NULL,NULL,NULL,NULL,'2020-02-20 20:47:36','he will visit showroom to see freelander with his wife after 2-3 days.',NULL,14,NULL,NULL,'Y','2020-02-20 14:19:54'),(857,857,2,NULL,NULL,NULL,NULL,NULL,NULL,NULL,NULL,NULL,NULL,NULL,'2020-02-20 20:47:36','number not reachable.',NULL,14,NULL,NULL,'Y','2020-02-20 14:19:54'),(858,858,2,NULL,NULL,NULL,NULL,NULL,NULL,NULL,NULL,NULL,NULL,NULL,'2020-02-20 20:47:36',NULL,NULL,20,NULL,NULL,'Y','2020-02-20 14:19:54'),(859,859,4,1,NULL,'2020-02-20 20:57:03',NULL,NULL,NULL,NULL,NULL,NULL,NULL,NULL,'2020-02-20 20:57:03','Out Of City Customer (New Delhi )',NULL,16,NULL,NULL,'7','2020-02-20 14:19:54'),(860,860,2,NULL,NULL,NULL,NULL,NULL,NULL,NULL,NULL,NULL,NULL,NULL,'2020-02-20 20:47:36','NOT RESPONDING',NULL,17,NULL,NULL,'Y','2020-02-20 14:19:54'),(861,861,4,1,NULL,'2020-02-20 20:57:03',NULL,NULL,NULL,NULL,NULL,NULL,NULL,NULL,'2020-02-20 20:57:03','NOT RESPONDING',NULL,17,NULL,NULL,'7','2020-02-20 14:19:54'),(862,862,2,NULL,NULL,NULL,NULL,NULL,NULL,NULL,NULL,NULL,NULL,NULL,'2020-02-20 20:47:36','DISCONNECT THE CALL AFTER LISTEN LUXURY RIDE',NULL,17,NULL,NULL,'Y','2020-02-20 14:19:54'),(863,863,2,NULL,NULL,NULL,NULL,NULL,NULL,NULL,NULL,NULL,NULL,NULL,'2020-02-20 20:47:36',NULL,NULL,13,NULL,NULL,'Y','2020-02-20 14:19:54'),(864,864,2,NULL,NULL,NULL,NULL,NULL,NULL,NULL,NULL,NULL,NULL,NULL,'2020-02-20 20:47:36',NULL,NULL,13,NULL,NULL,'Y','2020-02-20 14:19:54'),(865,865,2,NULL,NULL,NULL,NULL,NULL,NULL,NULL,NULL,NULL,NULL,NULL,'2020-02-20 20:47:36',NULL,NULL,13,NULL,NULL,'Y','2020-02-20 14:19:54'),(866,866,2,NULL,NULL,NULL,NULL,NULL,NULL,NULL,NULL,NULL,NULL,NULL,'2020-02-20 20:47:36','HE SAID HE IS LOOKING A CAR WITHIN 15 LAKH. DETAILS SHARED WITHIN THIS BUDGET.',NULL,14,NULL,NULL,'Y','2020-02-20 14:19:54'),(867,867,2,NULL,NULL,NULL,NULL,NULL,NULL,NULL,NULL,NULL,NULL,NULL,'2020-02-20 20:47:36','not answering.',NULL,14,NULL,NULL,'Y','2020-02-20 14:19:54'),(868,868,2,NULL,NULL,NULL,NULL,NULL,NULL,NULL,NULL,NULL,NULL,NULL,'2020-02-20 20:47:36','SEND DETAIL 2018 MODEL EVOQUE',NULL,15,NULL,NULL,'Y','2020-02-20 14:19:54'),(869,869,2,NULL,NULL,NULL,NULL,NULL,NULL,NULL,NULL,NULL,NULL,NULL,'2020-02-20 20:47:36','LOOKING FOR Q3 ONLY IN BUDGET OF 22 LACS / 2017-18 MODEL ONLY',NULL,18,NULL,NULL,'Y','2020-02-20 14:19:54'),(870,870,4,1,NULL,'2020-02-20 20:57:03',NULL,NULL,NULL,NULL,NULL,NULL,NULL,NULL,'2020-02-20 20:57:03',NULL,NULL,12,NULL,NULL,'7','2020-02-20 14:19:54'),(871,871,4,1,NULL,'2020-02-20 20:57:03',NULL,NULL,NULL,NULL,NULL,NULL,NULL,NULL,'2020-02-20 20:57:03',NULL,NULL,12,NULL,NULL,'7','2020-02-20 14:19:54'),(872,872,4,1,NULL,'2020-02-20 20:57:03',NULL,NULL,NULL,NULL,NULL,NULL,NULL,NULL,'2020-02-20 20:57:03','EXPLORE STOCK CARS , LOOKING FOR CAR BUDGET 20 LAC',NULL,18,NULL,NULL,'7','2020-02-20 14:19:54'),(873,873,2,NULL,NULL,NULL,NULL,NULL,NULL,NULL,NULL,NULL,NULL,NULL,'2020-02-20 20:47:36','EXPLORE  JAGUAR F-PACE , EXCHANGE WITH AUDI Q5',NULL,18,NULL,NULL,'Y','2020-02-20 14:19:54'),(874,874,2,NULL,NULL,NULL,NULL,NULL,NULL,NULL,NULL,NULL,NULL,NULL,'2020-02-20 20:47:36','PLANNING FOR DISCOVERY',NULL,19,NULL,NULL,'Y','2020-02-20 14:19:54'),(875,875,4,1,NULL,'2020-02-20 20:57:03',NULL,NULL,NULL,NULL,NULL,NULL,NULL,NULL,'2020-02-20 20:57:03','WANT CAR FOR RENT PURPOSE',NULL,19,NULL,NULL,'7','2020-02-20 14:19:54'),(876,876,2,NULL,NULL,NULL,NULL,NULL,NULL,NULL,NULL,NULL,NULL,NULL,'2020-02-20 20:47:36','details given for merc E250 DL number and BMW 320d black. he wants to exchange his Audi Q3 2015, p.plus with sunroof, white color, 75000 km run, first owner.',NULL,14,NULL,NULL,'Y','2020-02-20 14:19:55'),(877,877,2,NULL,NULL,NULL,NULL,NULL,NULL,NULL,NULL,NULL,NULL,NULL,'2020-02-20 20:47:36','LOOKING FOR Q3',NULL,15,NULL,NULL,'Y','2020-02-20 14:19:55'),(878,878,2,NULL,NULL,NULL,NULL,NULL,NULL,NULL,NULL,NULL,NULL,NULL,'2020-02-20 20:47:36','NOT RESPONDING/SAID AM BUSY',NULL,17,NULL,NULL,'Y','2020-02-20 14:19:55'),(879,879,4,1,NULL,'2020-02-20 20:57:03',NULL,NULL,NULL,NULL,NULL,NULL,NULL,NULL,'2020-02-20 20:57:03','WANT TO SELL HIS OLD CAR GLA',NULL,19,NULL,NULL,'7','2020-02-20 14:19:55'),(880,880,4,1,NULL,'2020-02-20 20:57:03',NULL,NULL,NULL,NULL,NULL,NULL,NULL,NULL,'2020-02-20 20:57:03','wrong no',NULL,19,NULL,NULL,'7','2020-02-20 14:19:55'),(881,881,2,NULL,NULL,NULL,NULL,NULL,NULL,NULL,NULL,NULL,NULL,NULL,'2020-02-20 20:47:36','planning for audi q3',NULL,19,NULL,NULL,'Y','2020-02-20 14:19:55'),(882,882,4,1,NULL,'2020-02-20 20:57:03',NULL,NULL,NULL,NULL,NULL,NULL,NULL,NULL,'2020-02-20 20:57:03','no plan just check the cars',NULL,17,NULL,NULL,'7','2020-02-20 14:19:55'),(883,883,2,NULL,NULL,NULL,NULL,NULL,NULL,NULL,NULL,NULL,NULL,NULL,'2020-02-20 20:47:36','SEND DETAIL E CLASS',NULL,15,NULL,NULL,'Y','2020-02-20 14:19:55'),(884,884,2,NULL,NULL,NULL,NULL,NULL,NULL,NULL,NULL,NULL,NULL,NULL,'2020-02-20 20:47:36','LOOKING AUDI Q5',NULL,15,NULL,NULL,'Y','2020-02-20 14:19:55'),(885,885,2,NULL,NULL,NULL,NULL,NULL,NULL,NULL,NULL,NULL,NULL,NULL,'2020-02-20 20:47:36','INTERESTED IN GLC',NULL,17,NULL,NULL,'Y','2020-02-20 14:19:55'),(886,886,2,NULL,NULL,NULL,NULL,NULL,NULL,NULL,NULL,NULL,NULL,NULL,'2020-02-20 20:47:36','LOOKING FOR A6 MATRIX ONLY WHITE COLOUR AND BEIGE INTIOR',NULL,15,NULL,NULL,'Y','2020-02-20 14:19:55'),(887,887,2,NULL,NULL,NULL,NULL,NULL,NULL,NULL,NULL,NULL,NULL,NULL,'2020-02-20 20:47:36','looking for a6 matrix',NULL,15,NULL,NULL,'Y','2020-02-20 14:19:55'),(888,888,2,NULL,NULL,NULL,NULL,NULL,NULL,NULL,NULL,NULL,NULL,NULL,'2020-02-20 20:47:36','looking for fotuner',NULL,15,NULL,NULL,'Y','2020-02-20 14:19:55'),(889,889,2,NULL,NULL,NULL,NULL,NULL,NULL,NULL,NULL,NULL,NULL,NULL,'2020-02-20 20:47:36','LOOKING FOR Q3',NULL,15,NULL,NULL,'Y','2020-02-20 14:19:55'),(890,890,2,NULL,NULL,NULL,NULL,NULL,NULL,NULL,NULL,NULL,NULL,NULL,'2020-02-20 20:47:36',NULL,NULL,12,NULL,NULL,'Y','2020-02-20 14:19:55'),(891,891,4,1,NULL,'2020-02-20 20:57:03',NULL,NULL,NULL,NULL,NULL,NULL,NULL,NULL,'2020-02-20 20:57:03',NULL,NULL,12,NULL,NULL,'7','2020-02-20 14:19:55'),(892,892,4,1,NULL,'2020-02-20 20:57:03',NULL,NULL,NULL,NULL,NULL,NULL,NULL,NULL,'2020-02-20 20:57:03',NULL,NULL,12,NULL,NULL,'7','2020-02-20 14:19:55'),(893,893,2,NULL,NULL,NULL,NULL,NULL,NULL,NULL,NULL,NULL,NULL,NULL,'2020-02-20 20:47:36',NULL,NULL,13,NULL,NULL,'Y','2020-02-20 14:19:55'),(894,894,2,NULL,NULL,NULL,NULL,NULL,NULL,NULL,NULL,NULL,NULL,NULL,'2020-02-20 20:47:36',NULL,NULL,13,NULL,NULL,'Y','2020-02-20 14:19:55'),(895,895,2,NULL,NULL,NULL,NULL,NULL,NULL,NULL,NULL,NULL,NULL,NULL,'2020-02-20 20:47:36','EXPLORE 520 D 2009 MODEL',NULL,18,NULL,NULL,'Y','2020-02-20 14:19:55'),(896,896,4,1,NULL,'2020-02-20 20:57:03',NULL,NULL,NULL,NULL,NULL,NULL,NULL,NULL,'2020-02-20 20:57:03','NOT INTERESTED',NULL,17,NULL,NULL,'7','2020-02-20 14:19:55'),(897,897,2,NULL,NULL,NULL,NULL,NULL,NULL,NULL,NULL,NULL,NULL,NULL,'2020-02-20 20:47:36','CALL NOT PIC',NULL,15,NULL,NULL,'Y','2020-02-20 14:19:55'),(898,898,4,1,NULL,'2020-02-20 20:57:03',NULL,NULL,NULL,NULL,NULL,NULL,NULL,NULL,'2020-02-20 20:57:03','NO.NOT CONNECTED',NULL,16,NULL,NULL,'7','2020-02-20 14:19:55'),(899,899,2,NULL,NULL,NULL,NULL,NULL,NULL,NULL,NULL,NULL,NULL,NULL,'2020-02-20 20:47:36','he interesting land rover preferred to  RJ  number .',NULL,14,NULL,NULL,'Y','2020-02-20 14:19:56'),(900,900,2,NULL,NULL,NULL,NULL,NULL,NULL,NULL,NULL,NULL,NULL,NULL,'2020-02-20 20:47:36',NULL,NULL,13,NULL,NULL,'Y','2020-02-20 14:19:56'),(901,901,2,NULL,NULL,NULL,NULL,NULL,NULL,NULL,NULL,NULL,NULL,NULL,'2020-02-20 20:47:36','NOT PICKING UP THE CALL',NULL,17,NULL,NULL,'Y','2020-02-20 14:19:56'),(902,902,2,NULL,NULL,NULL,NULL,NULL,NULL,NULL,NULL,NULL,NULL,NULL,'2020-02-20 20:47:36','NEED ENDEAVOR 2017 OR 2018 MODEL',NULL,17,NULL,NULL,'Y','2020-02-20 14:19:56'),(903,903,2,NULL,NULL,NULL,NULL,NULL,NULL,NULL,NULL,NULL,NULL,NULL,'2020-02-20 20:47:36','SHARE HIM THE DETAIL OF AUDI Q5 2014 MODEL',NULL,17,NULL,NULL,'Y','2020-02-20 14:19:56'),(904,904,2,NULL,NULL,NULL,NULL,NULL,NULL,NULL,NULL,NULL,NULL,NULL,'2020-02-20 20:47:36',NULL,NULL,13,NULL,NULL,'Y','2020-02-20 14:19:56'),(905,905,2,NULL,NULL,NULL,NULL,NULL,NULL,NULL,NULL,NULL,NULL,NULL,'2020-02-20 20:47:36','he wants to purchase ford endeavor 2018-2019 model. he can go for BMW X1 & X3 AND Q5 also.',NULL,14,NULL,NULL,'Y','2020-02-20 14:19:56'),(906,906,4,1,NULL,'2020-02-20 20:57:03',NULL,NULL,NULL,NULL,NULL,NULL,NULL,NULL,'2020-02-20 20:57:03','NO NOT AVAILABLE',NULL,17,NULL,NULL,'7','2020-02-20 14:19:56'),(907,907,4,1,NULL,'2020-02-20 20:57:03',NULL,NULL,NULL,NULL,NULL,NULL,NULL,NULL,'2020-02-20 20:57:03','PLANNING FOR C CLASS',NULL,19,NULL,NULL,'7','2020-02-20 14:19:56'),(908,908,2,NULL,NULL,NULL,NULL,NULL,NULL,NULL,NULL,NULL,NULL,NULL,'2020-02-20 20:47:36','he visited showroom to find a car within 13 lakh. gave him options for few cars, he will visit showroom tomorrow to take test drive for these cars. he will visit showroom on MONDAY.',NULL,14,NULL,NULL,'Y','2020-02-20 14:19:56'),(909,909,2,NULL,NULL,NULL,NULL,NULL,NULL,NULL,NULL,NULL,NULL,NULL,'2020-02-20 20:47:36',NULL,NULL,13,NULL,NULL,'Y','2020-02-20 14:19:56'),(910,910,2,NULL,NULL,NULL,NULL,NULL,NULL,NULL,NULL,NULL,NULL,NULL,'2020-02-20 20:47:36',NULL,NULL,13,NULL,NULL,'Y','2020-02-20 14:19:56'),(911,911,4,1,NULL,'2020-02-20 20:57:03',NULL,NULL,NULL,NULL,NULL,NULL,NULL,NULL,'2020-02-20 20:57:03',NULL,NULL,13,NULL,NULL,'7','2020-02-20 14:19:56'),(912,912,2,NULL,NULL,NULL,NULL,NULL,NULL,NULL,NULL,NULL,NULL,NULL,'2020-02-20 20:47:36','WANT SERVICE FOR HIS AUDI A4',NULL,0,NULL,NULL,'Y','2020-02-20 14:19:56'),(913,913,2,NULL,NULL,NULL,NULL,NULL,NULL,NULL,NULL,NULL,NULL,NULL,'2020-02-20 20:47:36',NULL,NULL,12,NULL,NULL,'Y','2020-02-20 14:19:56'),(914,914,2,NULL,NULL,NULL,NULL,NULL,NULL,NULL,NULL,NULL,NULL,NULL,'2020-02-20 20:47:36',NULL,NULL,12,NULL,NULL,'Y','2020-02-20 14:19:56'),(915,915,4,1,NULL,'2020-02-20 20:57:03',NULL,NULL,NULL,NULL,NULL,NULL,NULL,NULL,'2020-02-20 20:57:03',NULL,NULL,12,NULL,NULL,'7','2020-02-20 14:19:56'),(916,916,2,NULL,NULL,NULL,NULL,NULL,NULL,NULL,NULL,NULL,NULL,NULL,'2020-02-20 20:47:36','LOOKING FOR UNREG CARS ONLY / STOCK SHARED BY AJAY SIR ... e class interesting .',NULL,14,NULL,NULL,'Y','2020-02-20 14:19:56'),(917,917,2,NULL,NULL,NULL,NULL,NULL,NULL,NULL,NULL,NULL,NULL,NULL,'2020-02-20 20:47:36','SERVICS CUSTOMER',NULL,0,NULL,NULL,'Y','2020-02-20 14:19:56'),(918,918,2,NULL,NULL,NULL,NULL,NULL,NULL,NULL,NULL,NULL,NULL,NULL,'2020-02-20 20:47:36','EXPLORE STOCK CARS , BIT INTERESTED IN AUDI Q3 BLACK',NULL,18,NULL,NULL,'Y','2020-02-20 14:19:57'),(919,919,2,NULL,NULL,NULL,NULL,NULL,NULL,NULL,NULL,NULL,NULL,NULL,'2020-02-20 20:47:36','EXPLORE STOCK CARS , GLC BLACK AND X3 INTERESTED',NULL,18,NULL,NULL,'Y','2020-02-20 14:19:57'),(920,920,4,1,NULL,'2020-02-20 20:57:03',NULL,NULL,NULL,NULL,NULL,NULL,NULL,NULL,'2020-02-20 20:57:03','LOOKING FOR SWIFT',NULL,15,NULL,NULL,'7','2020-02-20 14:19:57'),(921,921,2,NULL,NULL,NULL,NULL,NULL,NULL,NULL,NULL,NULL,NULL,NULL,'2020-02-20 20:47:36','Model - XC90 Momentum Luxury [2015-2020] Year - 2019 KM - 18,000 Price - 62L',NULL,16,NULL,NULL,'Y','2020-02-20 14:19:57'),(922,922,2,NULL,NULL,NULL,NULL,NULL,NULL,NULL,NULL,NULL,NULL,NULL,'2020-02-20 20:47:36','Model - S-Class 320 CDI Year - 2007 KM - 90,000 Price - 15L',NULL,13,NULL,NULL,'Y','2020-02-20 14:19:57'),(923,923,2,NULL,NULL,NULL,NULL,NULL,NULL,NULL,NULL,NULL,NULL,NULL,'2020-02-20 20:47:36','Model - XF 2.2 Diesel Year - 2015 KM - 48,000 Price - 25L',NULL,13,NULL,NULL,'Y','2020-02-20 14:19:57'),(924,924,2,NULL,NULL,NULL,NULL,NULL,NULL,NULL,NULL,NULL,NULL,NULL,'2020-02-20 20:47:36','BUSY NOW CALL SOME OTHER TIME',NULL,18,NULL,NULL,'Y','2020-02-20 14:19:57'),(925,925,2,NULL,NULL,NULL,NULL,NULL,NULL,NULL,NULL,NULL,NULL,NULL,'2020-02-20 20:47:36','SEND DETAIL FL2',NULL,15,NULL,NULL,'Y','2020-02-20 14:19:57'),(926,926,4,1,NULL,'2020-02-20 20:57:03',NULL,NULL,NULL,NULL,NULL,NULL,NULL,NULL,'2020-02-20 20:57:03','HE IS INTERESTED IN UNREGISTERED CAR.',NULL,14,NULL,NULL,'7','2020-02-20 14:19:57'),(927,927,2,NULL,NULL,NULL,NULL,NULL,NULL,NULL,NULL,NULL,NULL,NULL,'2020-02-20 20:47:36','Enquiry Received for Mercedes Benz E Class (2015) Dear Sumit,suneet jolly is interested in your Mercedes Benz E Class (2015) His details are:Name:suneet jolly  Phone:9810483051 Please call him immediately.Regards,CarTrade.com',NULL,13,NULL,NULL,'Y','2020-02-20 14:19:57'),(928,928,2,NULL,NULL,NULL,NULL,NULL,NULL,NULL,NULL,NULL,NULL,NULL,'2020-02-20 20:47:36','BUSY CALL LATER',NULL,18,NULL,NULL,'Y','2020-02-20 14:19:57'),(929,929,2,NULL,NULL,NULL,NULL,NULL,NULL,NULL,NULL,NULL,NULL,NULL,'2020-02-20 20:47:36','NOT PICK FIRST CALL',NULL,18,NULL,NULL,'Y','2020-02-20 14:19:57'),(930,930,4,1,NULL,'2020-02-20 20:57:03',NULL,NULL,NULL,NULL,NULL,NULL,NULL,NULL,'2020-02-20 20:57:03','Model - A4 2.0 TDI (177bhp) Premium Year - 2012 KM - 79,000 Price - 14L',NULL,13,NULL,NULL,'7','2020-02-20 14:19:57'),(931,931,2,NULL,NULL,NULL,NULL,NULL,NULL,NULL,NULL,NULL,NULL,NULL,'2020-02-20 20:47:36','SEND DETAIL AUDI A6',NULL,15,NULL,NULL,'Y','2020-02-20 14:19:57'),(932,932,2,NULL,NULL,NULL,NULL,NULL,NULL,NULL,NULL,NULL,NULL,NULL,'2020-02-20 20:47:36','LOOKING AUDI A6',NULL,15,NULL,NULL,'Y','2020-02-20 14:19:57'),(933,933,2,NULL,NULL,NULL,NULL,NULL,NULL,NULL,NULL,NULL,NULL,NULL,'2020-02-20 20:47:36','Model - S-Class S 350 CDI Year - 2015 KM - 48,000 Price - 55L',NULL,19,NULL,NULL,'Y','2020-02-20 14:19:57'),(934,934,2,NULL,NULL,NULL,NULL,NULL,NULL,NULL,NULL,NULL,NULL,NULL,'2020-02-20 20:47:36','PLANNING FOR MERCEDES GLA',NULL,19,NULL,NULL,'Y','2020-02-20 14:19:57'),(935,935,2,NULL,NULL,NULL,NULL,NULL,NULL,NULL,NULL,NULL,NULL,NULL,'2020-02-20 20:47:36','PLANNING FOR AUDI Q5',NULL,19,NULL,NULL,'Y','2020-02-20 14:19:58'),(936,936,2,NULL,NULL,NULL,NULL,NULL,NULL,NULL,NULL,NULL,NULL,NULL,'2020-02-20 20:47:36','EXPLORE BMW 5SERIES',NULL,18,NULL,NULL,'Y','2020-02-20 14:19:58'),(937,937,2,NULL,NULL,NULL,NULL,NULL,NULL,NULL,NULL,NULL,NULL,NULL,'2020-02-20 20:47:36','Model - CLA 200 CDI Sport Year - 2017 KM - 15,000 Price - 27.50L',NULL,13,NULL,NULL,'Y','2020-02-20 14:19:58'),(938,938,4,1,NULL,'2020-02-20 20:57:03',NULL,NULL,NULL,NULL,NULL,NULL,NULL,NULL,'2020-02-20 20:57:03','Model - 5 Series 520d Sport Line Year - 2018 KM - 29,000 Price - 39L',NULL,16,NULL,NULL,'7','2020-02-20 14:19:58'),(939,939,2,NULL,NULL,NULL,NULL,NULL,NULL,NULL,NULL,NULL,NULL,NULL,'2020-02-20 20:47:36','Model - F-Pace Prestige Year - 2018 KM - 29,000 Price - 46L',NULL,17,NULL,NULL,'Y','2020-02-20 14:19:58'),(940,940,2,NULL,NULL,NULL,NULL,NULL,NULL,NULL,NULL,NULL,NULL,NULL,'2020-02-20 20:47:36','Enquiry Received for Mercedes Benz CLA Class (2016)  Dear Sumit,Rohan is interested in your Mercedes Benz CLA Class (2016)His details are: Name: Phone: 7986990911 Please call him immediately.Regards,CarTrade.com',NULL,13,NULL,NULL,'Y','2020-02-20 14:19:58'),(941,941,2,NULL,NULL,NULL,NULL,NULL,NULL,NULL,NULL,NULL,NULL,NULL,'2020-02-20 20:47:36','Model - Q3 2.0 TDI quattro Premium Plus Year - 2013 KM - 1,20,000 Price - 15L no reply',NULL,20,NULL,NULL,'Y','2020-02-20 14:19:58'),(942,942,4,1,NULL,'2020-02-20 20:57:03',NULL,NULL,NULL,NULL,NULL,NULL,NULL,NULL,'2020-02-20 20:57:03','Enquiry Received for BMW 5 Series (2017) Dear Sumit,SALMAN MALIK is interested in your  BMW 5 Series (2017) His details are:Name:SALMAN MALIK Phone:9700323545 Please call him immediately.Regards,CarTrade.com',NULL,13,NULL,NULL,'7','2020-02-20 14:19:58'),(943,943,2,NULL,NULL,NULL,NULL,NULL,NULL,NULL,NULL,NULL,NULL,NULL,'2020-02-20 20:47:36','Model - B-Class B180 Sprts. details given to the customer for this car. he is interested in it caose of less mileage. said he will visit the showroom to see the car.',NULL,14,NULL,NULL,'Y','2020-02-20 14:19:58'),(944,944,4,1,NULL,'2020-02-20 20:57:03',NULL,NULL,NULL,NULL,NULL,NULL,NULL,NULL,'2020-02-20 20:57:03','Model - S-Class S 350 CDI Year - 2015 KM - 48,000 Price - 55L',NULL,16,NULL,NULL,'7','2020-02-20 14:19:58'),(945,945,2,NULL,NULL,NULL,NULL,NULL,NULL,NULL,NULL,NULL,NULL,NULL,'2020-02-20 20:47:36','WANT TO BUY A MERCEDES GL',NULL,17,NULL,NULL,'Y','2020-02-20 14:19:58'),(946,946,2,NULL,NULL,NULL,NULL,NULL,NULL,NULL,NULL,NULL,NULL,NULL,'2020-02-20 20:47:36',NULL,NULL,0,NULL,NULL,'Y','2020-02-20 14:19:58'),(947,947,2,NULL,NULL,NULL,NULL,NULL,NULL,NULL,NULL,NULL,NULL,NULL,'2020-02-20 20:47:36','PLANNING FOR BMW 5 SERIES',NULL,19,NULL,NULL,'Y','2020-02-20 14:19:58'),(948,948,2,NULL,NULL,NULL,NULL,NULL,NULL,NULL,NULL,NULL,NULL,NULL,'2020-02-20 20:47:36','PLANNING FOR BMW 5 SERIES',NULL,19,NULL,NULL,'Y','2020-02-20 14:19:58'),(949,949,2,NULL,NULL,NULL,NULL,NULL,NULL,NULL,NULL,NULL,NULL,NULL,'2020-02-20 20:47:36','PLANNING FOR RANGE ROVER EVOQUE',NULL,19,NULL,NULL,'Y','2020-02-20 14:19:58'),(950,950,2,NULL,NULL,NULL,NULL,NULL,NULL,NULL,NULL,NULL,NULL,NULL,'2020-02-20 20:47:36','PLANNING FOR RANGE ROVER',NULL,19,NULL,NULL,'Y','2020-02-20 14:19:58'),(951,951,2,NULL,NULL,NULL,NULL,NULL,NULL,NULL,NULL,NULL,NULL,NULL,'2020-02-20 20:47:36','Model - CLA 200 CDI Sport Year - 2017 KM - 34,000 Price - 27L',NULL,13,NULL,NULL,'Y','2020-02-20 14:19:58'),(952,952,2,NULL,NULL,NULL,NULL,NULL,NULL,NULL,NULL,NULL,NULL,NULL,'2020-02-20 20:47:36','PLANNNING FOR BMW 5 SERIES',NULL,19,NULL,NULL,'Y','2020-02-20 14:19:58'),(953,953,2,NULL,NULL,NULL,NULL,NULL,NULL,NULL,NULL,NULL,NULL,NULL,'2020-02-20 20:47:36','SEND STOCK',NULL,15,NULL,NULL,'Y','2020-02-20 14:19:58'),(954,954,2,NULL,NULL,NULL,NULL,NULL,NULL,NULL,NULL,NULL,NULL,NULL,'2020-02-20 20:47:36','SEND DETAIL AUDI A6 BLUE 2012 MODEL',NULL,15,NULL,NULL,'Y','2020-02-20 14:19:58'),(955,955,2,NULL,NULL,NULL,NULL,NULL,NULL,NULL,NULL,NULL,NULL,NULL,'2020-02-20 20:47:36','he is looking car between 20 to 25 lakh.interested in delhi and gurgaon number only.  details given for E class and GLA 2017.',NULL,14,NULL,NULL,'Y','2020-02-20 14:19:58'),(956,956,2,NULL,NULL,NULL,NULL,NULL,NULL,NULL,NULL,NULL,NULL,NULL,'2020-02-20 20:47:36',NULL,NULL,20,NULL,NULL,'Y','2020-02-20 14:19:58'),(957,957,4,1,NULL,'2020-02-20 20:57:03',NULL,NULL,NULL,NULL,NULL,NULL,NULL,NULL,'2020-02-20 20:57:03','Model - Freelander 2 SE Year - 2011 KM - 1,20,000 Price - 12.50L',NULL,13,NULL,NULL,'7','2020-02-20 14:19:59'),(958,958,4,1,NULL,'2020-02-20 20:57:03',NULL,NULL,NULL,NULL,NULL,NULL,NULL,NULL,'2020-02-20 20:57:03','WANT TOYOTA FORTUNER 2018-19 MODEL 4*2 ONLY.',NULL,14,NULL,NULL,'7','2020-02-20 14:19:59'),(959,959,2,NULL,NULL,NULL,NULL,NULL,NULL,NULL,NULL,NULL,NULL,NULL,'2020-02-20 20:47:36','looking for audi A6/BMW 320D',NULL,15,NULL,NULL,'Y','2020-02-20 14:19:59'),(960,960,2,NULL,NULL,NULL,NULL,NULL,NULL,NULL,NULL,NULL,NULL,NULL,'2020-02-20 20:47:36','WANT TO BUY BMW X5  IN 30 LAKH BUDGET',NULL,17,NULL,NULL,'Y','2020-02-20 14:19:59'),(961,961,2,NULL,NULL,NULL,NULL,NULL,NULL,NULL,NULL,NULL,NULL,NULL,'2020-02-20 20:47:36','not pick first call',NULL,18,NULL,NULL,'Y','2020-02-20 14:19:59'),(962,962,4,1,NULL,'2020-02-20 20:57:03',NULL,NULL,NULL,NULL,NULL,NULL,NULL,NULL,'2020-02-20 20:57:03',NULL,NULL,20,NULL,NULL,'7','2020-02-20 14:19:59'),(963,963,2,NULL,NULL,NULL,NULL,NULL,NULL,NULL,NULL,NULL,NULL,NULL,'2020-02-20 20:47:36','HE IS INTERESTED IN UK number BMW 5 series. DETAILS SENT ON WHATSAPP.',NULL,14,NULL,NULL,'Y','2020-02-20 14:19:59'),(964,964,2,NULL,NULL,NULL,NULL,NULL,NULL,NULL,NULL,NULL,NULL,NULL,'2020-02-20 20:47:36','Enquiry Received for Mercedes Benz E Class (2013)  Humayu is interested in your Mercedes Benz E Class (2013) His details are: Name: Humayu Phone:7217731532  Please call him immediately Regards,CarTrade.com',NULL,13,NULL,NULL,'Y','2020-02-20 14:19:59'),(965,965,2,NULL,NULL,NULL,NULL,NULL,NULL,NULL,NULL,NULL,NULL,NULL,'2020-02-20 20:47:36','PLANNING OF A6',NULL,19,NULL,NULL,'Y','2020-02-20 14:19:59'),(966,966,2,NULL,NULL,NULL,NULL,NULL,NULL,NULL,NULL,NULL,NULL,NULL,'2020-02-20 20:47:36','PLANNING FOR AUDI Q3',NULL,19,NULL,NULL,'Y','2020-02-20 14:19:59'),(967,967,2,NULL,NULL,NULL,NULL,NULL,NULL,NULL,NULL,NULL,NULL,NULL,'2020-02-20 20:47:36','PLANNING FOR BMW 5 SERIES',NULL,19,NULL,NULL,'Y','2020-02-20 14:19:59'),(968,968,2,NULL,NULL,NULL,NULL,NULL,NULL,NULL,NULL,NULL,NULL,NULL,'2020-02-20 20:47:36','PLANNING FOR RANGE ROVER EVOQUE',NULL,19,NULL,NULL,'Y','2020-02-20 14:19:59'),(969,969,2,NULL,NULL,NULL,NULL,NULL,NULL,NULL,NULL,NULL,NULL,NULL,'2020-02-20 20:47:36','PLANNING FOR BMW 5 SERIES',NULL,19,NULL,NULL,'Y','2020-02-20 14:19:59'),(970,970,2,NULL,NULL,NULL,NULL,NULL,NULL,NULL,NULL,NULL,NULL,NULL,'2020-02-20 20:47:36','PLANNING FOR AUDI Q5',NULL,19,NULL,NULL,'Y','2020-02-20 14:19:59'),(971,971,2,NULL,NULL,NULL,NULL,NULL,NULL,NULL,NULL,NULL,NULL,NULL,'2020-02-20 20:47:36','Model - S-Class 350 CDI Long Blue-Efficiency Year - 2013 KM - 77,000 Price - 31L',NULL,13,NULL,NULL,'Y','2020-02-20 14:19:59'),(972,972,2,NULL,NULL,NULL,NULL,NULL,NULL,NULL,NULL,NULL,NULL,NULL,'2020-02-20 20:47:36','Enquiry Received for BMW 5 Series (2017) Dear Sumit,Vineet Bhati  is interested in your BMW 5 Series (2017)His details are:Name:Vineet Bhati Phone:9990510909 Please call him immediately. Regards,CarTrade.com',NULL,13,NULL,NULL,'Y','2020-02-20 14:19:59'),(973,973,4,1,NULL,'2020-02-20 20:57:03',NULL,NULL,NULL,NULL,NULL,NULL,NULL,NULL,'2020-02-20 20:57:03','INQUIRY FOR BMW 320 D , PLAN TO VISIT SHOWROOM SOON',NULL,18,NULL,NULL,'7','2020-02-20 14:19:59'),(974,974,2,NULL,NULL,NULL,NULL,NULL,NULL,NULL,NULL,NULL,NULL,NULL,'2020-02-20 20:47:36','Enquiry Received for Land Rover Range Rover Evoque (2016) Dear Sumit,Roy is interested in your Land Rover Range Rover Evoque (2016)His details are:Name:Roy Phone:7719081908 Please call him immediately.Regards,CarTrade.com',NULL,13,NULL,NULL,'Y','2020-02-20 14:19:59'),(975,975,2,NULL,NULL,NULL,NULL,NULL,NULL,NULL,NULL,NULL,NULL,NULL,'2020-02-20 20:47:36','disconnect the call. NOT ANSWERING, MESSAGE SENT',NULL,14,NULL,NULL,'Y','2020-02-20 14:19:59'),(976,976,4,1,NULL,'2020-02-20 20:57:03',NULL,NULL,NULL,NULL,NULL,NULL,NULL,NULL,'2020-02-20 20:57:03','Model - Q7 45 TDI Technology Pack Year - 2018 KM - 28,000 Price - 64L',NULL,20,NULL,NULL,'7','2020-02-20 14:19:59'),(977,977,2,NULL,NULL,NULL,NULL,NULL,NULL,NULL,NULL,NULL,NULL,NULL,'2020-02-20 20:47:36',NULL,NULL,12,NULL,NULL,'Y','2020-02-20 14:19:59'),(978,978,2,NULL,NULL,NULL,NULL,NULL,NULL,NULL,NULL,NULL,NULL,NULL,'2020-02-20 20:47:36',NULL,NULL,12,NULL,NULL,'Y','2020-02-20 14:19:59'),(979,979,2,NULL,NULL,NULL,NULL,NULL,NULL,NULL,NULL,NULL,NULL,NULL,'2020-02-20 20:47:36','PURCHASED JAGUARE XF ON 26.10.2019',NULL,19,NULL,NULL,'Y','2020-02-20 14:20:00'),(980,980,2,NULL,NULL,NULL,NULL,NULL,NULL,NULL,NULL,NULL,NULL,NULL,'2020-02-20 20:47:36','no reply',NULL,20,NULL,NULL,'Y','2020-02-20 14:20:00'),(981,981,2,NULL,NULL,NULL,NULL,NULL,NULL,NULL,NULL,NULL,NULL,NULL,'2020-02-20 20:47:36',NULL,NULL,13,NULL,NULL,'Y','2020-02-20 14:20:00'),(982,982,2,NULL,NULL,NULL,NULL,NULL,NULL,NULL,NULL,NULL,NULL,NULL,'2020-02-20 20:47:36',NULL,NULL,13,NULL,NULL,'Y','2020-02-20 14:20:00'),(983,983,4,1,NULL,'2020-02-20 20:57:03',NULL,NULL,NULL,NULL,NULL,NULL,NULL,NULL,'2020-02-20 20:57:03','Model - Range Rover Evoque HSE Dynamic Year - 2016 KM - 1,10,000 Price - 29L',NULL,16,NULL,NULL,'7','2020-02-20 14:20:00'),(984,984,4,1,NULL,'2020-02-20 20:57:03',NULL,NULL,NULL,NULL,NULL,NULL,NULL,NULL,'2020-02-20 20:57:03','Model - A6 2.0 TDI Premium Year - 2011 KM - 93,000 Price - 14L',NULL,13,NULL,NULL,'7','2020-02-20 14:20:00'),(985,985,2,NULL,NULL,NULL,NULL,NULL,NULL,NULL,NULL,NULL,NULL,NULL,'2020-02-20 20:47:36',NULL,NULL,17,NULL,NULL,'Y','2020-02-20 14:20:00'),(986,986,2,NULL,NULL,NULL,NULL,NULL,NULL,NULL,NULL,NULL,NULL,NULL,'2020-02-20 20:47:36','SEND DETAIL AUDI A4 AUDI A6',NULL,15,NULL,NULL,'Y','2020-02-20 14:20:00'),(987,987,2,NULL,NULL,NULL,NULL,NULL,NULL,NULL,NULL,NULL,NULL,NULL,'2020-02-20 20:47:36',NULL,NULL,12,NULL,NULL,'Y','2020-02-20 14:20:00'),(988,988,2,NULL,NULL,NULL,NULL,NULL,NULL,NULL,NULL,NULL,NULL,NULL,'2020-02-20 20:47:36',NULL,NULL,12,NULL,NULL,'Y','2020-02-20 14:20:00'),(989,989,2,NULL,NULL,NULL,NULL,NULL,NULL,NULL,NULL,NULL,NULL,NULL,'2020-02-20 20:47:36',NULL,NULL,12,NULL,NULL,'Y','2020-02-20 14:20:00'),(990,990,2,NULL,NULL,NULL,NULL,NULL,NULL,NULL,NULL,NULL,NULL,NULL,'2020-02-20 20:47:36','wants any car in 40 lakh',NULL,12,NULL,NULL,'Y','2020-02-20 14:20:00'),(991,991,2,NULL,NULL,NULL,NULL,NULL,NULL,NULL,NULL,NULL,NULL,NULL,'2020-02-20 20:47:36',NULL,NULL,13,NULL,NULL,'Y','2020-02-20 14:20:00'),(992,992,2,NULL,NULL,NULL,NULL,NULL,NULL,NULL,NULL,NULL,NULL,NULL,'2020-02-20 20:47:36','Model - A4 2.0 TDI (177bhp) Premium Year - 2012 KM - 79,000 Price - 14L',NULL,13,NULL,NULL,'Y','2020-02-20 14:20:00'),(993,993,2,NULL,NULL,NULL,NULL,NULL,NULL,NULL,NULL,NULL,NULL,NULL,'2020-02-20 20:47:36',NULL,NULL,13,NULL,NULL,'Y','2020-02-20 14:20:00'),(994,994,2,NULL,NULL,NULL,NULL,NULL,NULL,NULL,NULL,NULL,NULL,NULL,'2020-02-20 20:47:36','LOOKING FOR EVOQUE  BUT BUDGET ISSUE 2018 MODEL LAST PRICE 36 LAKH',NULL,15,NULL,NULL,'Y','2020-02-20 14:20:00'),(995,995,2,NULL,NULL,NULL,NULL,NULL,NULL,NULL,NULL,NULL,NULL,NULL,'2020-02-20 20:47:36',NULL,NULL,13,NULL,NULL,'Y','2020-02-20 14:20:00'),(996,996,2,NULL,NULL,NULL,NULL,NULL,NULL,NULL,NULL,NULL,NULL,NULL,'2020-02-20 20:47:36',NULL,NULL,13,NULL,NULL,'Y','2020-02-20 14:20:00'),(997,997,2,NULL,NULL,NULL,NULL,NULL,NULL,NULL,NULL,NULL,NULL,NULL,'2020-02-20 20:47:36',NULL,NULL,13,NULL,NULL,'Y','2020-02-20 14:20:00'),(998,998,2,NULL,NULL,NULL,NULL,NULL,NULL,NULL,NULL,NULL,NULL,NULL,'2020-02-20 20:47:36','he wants to buy mercedes car but his budget is only 12 lakh. we offered him Audi A6. said he will visit showroom to see the car.',NULL,14,NULL,NULL,'Y','2020-02-20 14:20:00'),(999,999,2,NULL,NULL,NULL,NULL,NULL,NULL,NULL,NULL,NULL,NULL,NULL,'2020-02-20 20:47:36','want any car in black color in 20 lakh.',NULL,14,NULL,NULL,'Y','2020-02-20 14:20:01'),(1000,1000,2,NULL,NULL,NULL,NULL,NULL,NULL,NULL,NULL,NULL,NULL,NULL,'2020-02-20 20:47:36',NULL,NULL,13,NULL,NULL,'Y','2020-02-20 14:20:01'),(1001,1001,2,NULL,NULL,NULL,NULL,NULL,NULL,NULL,NULL,NULL,NULL,NULL,'2020-02-20 20:47:36','PLANNING FOR S CLASS',NULL,19,NULL,NULL,'Y','2020-02-20 14:20:01'),(1002,1002,2,NULL,NULL,NULL,NULL,NULL,NULL,NULL,NULL,NULL,NULL,NULL,'2020-02-20 20:47:36','PLANNING FOR JAGUARE XF',NULL,19,NULL,NULL,'Y','2020-02-20 14:20:01'),(1003,1003,2,NULL,NULL,NULL,NULL,NULL,NULL,NULL,NULL,NULL,NULL,NULL,'2020-02-20 20:47:36','PLANNING FOR 5 SERIES',NULL,19,NULL,NULL,'Y','2020-02-20 14:20:01'),(1004,1004,2,NULL,NULL,NULL,NULL,NULL,NULL,NULL,NULL,NULL,NULL,NULL,'2020-02-20 20:47:36','PLANNING FOR XC90',NULL,19,NULL,NULL,'Y','2020-02-20 14:20:01'),(1005,1005,4,1,NULL,'2020-02-20 20:57:03',NULL,NULL,NULL,NULL,NULL,NULL,NULL,NULL,'2020-02-20 20:57:03',NULL,NULL,13,NULL,NULL,'7','2020-02-20 14:20:01'),(1006,1006,2,NULL,NULL,NULL,NULL,NULL,NULL,NULL,NULL,NULL,NULL,NULL,'2020-02-20 20:47:36','LOOKING FOR FL2',NULL,15,NULL,NULL,'Y','2020-02-20 14:20:01'),(1007,1007,4,1,NULL,'2020-02-20 20:57:03',NULL,NULL,NULL,NULL,NULL,NULL,NULL,NULL,'2020-02-20 20:57:03','Enquiry Received for Mercedes Benz CLA Class (2016)Dear Sumit,Harpreet Singh is interested in your Mercedes Benz CLA Class (2016) His details are:Name:Harpreet Singh Phone:9811885255 Please call him immediately.Regards,CarTrade.com',NULL,13,NULL,NULL,'7','2020-02-20 14:20:01'),(1008,1008,2,NULL,NULL,NULL,NULL,NULL,NULL,NULL,NULL,NULL,NULL,NULL,'2020-02-20 20:47:36','Model - GLA 200 d Sport Year - 2018 KM - 16,000 Price - 28L',NULL,19,NULL,NULL,'Y','2020-02-20 14:20:01'),(1009,1009,2,NULL,NULL,NULL,NULL,NULL,NULL,NULL,NULL,NULL,NULL,NULL,'2020-02-20 20:47:36','Enquiry Received for Mercedes Benz CLA Class (2016) Dear Sumit,SANJAY  is interested in your Mercedes Benz CLA Class (2016)  His details are: Name:SANJAY Phone:9891250774 Please call him immediately.Regards,CarTrade.com',NULL,13,NULL,NULL,'Y','2020-02-20 14:20:01'),(1010,1010,2,NULL,NULL,NULL,NULL,NULL,NULL,NULL,NULL,NULL,NULL,NULL,'2020-02-20 20:47:36','Model - XC90 Momentum Luxury,details given for all the car in this segment.',NULL,14,NULL,NULL,'Y','2020-02-20 14:20:01'),(1011,1011,2,NULL,NULL,NULL,NULL,NULL,NULL,NULL,NULL,NULL,NULL,NULL,'2020-02-20 20:47:36','Enquiry Received for Mercedes Benz CLA Class (2017) Dear Sumit,SALMAN MALIK is interested in your Mercedes Benz CLA Class (2017) His details are:Name:SALMAN MALIK Phone:9700323545  Please call him immediately.Regards,CarTrade.com',NULL,13,NULL,NULL,'Y','2020-02-20 14:20:01'),(1012,1012,4,1,NULL,'2020-02-20 20:57:03',NULL,NULL,NULL,NULL,NULL,NULL,NULL,NULL,'2020-02-20 20:57:03','Model - A4 2.0 TDI Sline Year - 2012 KM - 75,000 Price - 15L',NULL,16,NULL,NULL,'7','2020-02-20 14:20:01'),(1013,1013,4,1,NULL,'2020-02-20 20:57:03',NULL,NULL,NULL,NULL,NULL,NULL,NULL,NULL,'2020-02-20 20:57:03','Model - A6 2.0 TDI Premium Year - 2011 KM - 93,000 Price - 14L',NULL,13,NULL,NULL,'7','2020-02-20 14:20:01'),(1014,1014,2,NULL,NULL,NULL,NULL,NULL,NULL,NULL,NULL,NULL,NULL,NULL,'2020-02-20 20:47:36','Model - Discovery Sport HSE Year - 2017 KM - 26,000 Price - 38L',NULL,13,NULL,NULL,'Y','2020-02-20 14:20:01'),(1015,1015,4,1,NULL,'2020-02-20 20:57:03',NULL,NULL,NULL,NULL,NULL,NULL,NULL,NULL,'2020-02-20 20:57:03','Model - S-Class 320 CDI Year - 2007 KM - 90,000 Price - 15L',NULL,13,NULL,NULL,'7','2020-02-20 14:20:01'),(1016,1016,2,NULL,NULL,NULL,NULL,NULL,NULL,NULL,NULL,NULL,NULL,NULL,'2020-02-20 20:47:36','he want an suv between 20-25 lakh. interested in CLA and 3 series also. will visit showroom again to finalise the deal.',NULL,14,NULL,NULL,'Y','2020-02-20 14:20:01'),(1017,1017,4,1,NULL,'2020-02-20 20:57:03',NULL,NULL,NULL,NULL,NULL,NULL,NULL,NULL,'2020-02-20 20:57:03','NO PLAN RIGHT NOW',NULL,17,NULL,NULL,'7','2020-02-20 14:20:01'),(1018,1018,2,NULL,NULL,NULL,NULL,NULL,NULL,NULL,NULL,NULL,NULL,NULL,'2020-02-20 20:47:36','looking for CLA petrol in range of 20 lacs',NULL,20,NULL,NULL,'Y','2020-02-20 14:20:01'),(1019,1019,4,1,NULL,'2020-02-20 20:57:03',NULL,NULL,NULL,NULL,NULL,NULL,NULL,NULL,'2020-02-20 20:57:03','SALE MERCEDES C220 DL NO.2009 MODEL 43850KM',NULL,15,NULL,NULL,'7','2020-02-20 14:20:01'),(1020,1020,2,NULL,NULL,NULL,NULL,NULL,NULL,NULL,NULL,NULL,NULL,NULL,'2020-02-20 20:47:36',NULL,NULL,13,NULL,NULL,'Y','2020-02-20 14:20:01'),(1021,1021,2,NULL,NULL,NULL,NULL,NULL,NULL,NULL,NULL,NULL,NULL,NULL,'2020-02-20 20:47:36',NULL,NULL,13,NULL,NULL,'Y','2020-02-20 14:20:01'),(1022,1022,2,NULL,NULL,NULL,NULL,NULL,NULL,NULL,NULL,NULL,NULL,NULL,'2020-02-20 20:47:36','Enquiry Received for Mercedes Benz S Class (2007) Dear Sumit,Savio Fernandes  is interested in your Mercedes Benz S Class (2007) His details are: Name:Savio Fernandes Phone:9765844667 Please call him immediately.Regards,CarTrade.com',NULL,13,NULL,NULL,'Y','2020-02-20 14:20:02'),(1023,1023,2,NULL,NULL,NULL,NULL,NULL,NULL,NULL,NULL,NULL,NULL,NULL,'2020-02-20 20:47:36','LOOKING FOR BLACK COLOR CAR ONLY GLE OT A4',NULL,15,NULL,NULL,'Y','2020-02-20 14:20:02'),(1024,1024,4,1,NULL,'2020-02-20 20:57:03',NULL,NULL,NULL,NULL,NULL,NULL,NULL,NULL,'2020-02-20 20:57:03','random enquiry',NULL,20,NULL,NULL,'7','2020-02-20 14:20:02'),(1025,1025,2,NULL,NULL,NULL,NULL,NULL,NULL,NULL,NULL,NULL,NULL,NULL,'2020-02-20 20:47:36','Enquiry Received for BMW 5 Series, details given for  BMW 5 Series (2013). his budget is 13 lakh. want more options.',NULL,14,NULL,NULL,'Y','2020-02-20 14:20:02'),(1026,1026,2,NULL,NULL,NULL,NULL,NULL,NULL,NULL,NULL,NULL,NULL,NULL,'2020-02-20 20:47:36','no reply',NULL,20,NULL,NULL,'Y','2020-02-20 14:20:02'),(1027,1027,2,NULL,NULL,NULL,NULL,NULL,NULL,NULL,NULL,NULL,NULL,NULL,'2020-02-20 20:47:36','he is interested in 2015 plus model. no exchange. his budget is between 15 to 28 lakh. details given',NULL,14,NULL,NULL,'Y','2020-02-20 14:20:02'),(1028,1028,4,1,NULL,'2020-02-20 20:57:03',NULL,NULL,NULL,NULL,NULL,NULL,NULL,NULL,'2020-02-20 20:57:03','CUST FROM MUMBAI, NEED MH REGN X3 2016+ IN 10 LACS ONLY',NULL,13,NULL,NULL,'7','2020-02-20 14:20:02'),(1029,1029,2,NULL,NULL,NULL,NULL,NULL,NULL,NULL,NULL,NULL,NULL,NULL,'2020-02-20 20:47:36','SALE FORTUNER 2011 MODEL 1 LAKH + KM AND PERCHSE LUXURY CAR UDGET 12 LAKH',NULL,15,NULL,NULL,'Y','2020-02-20 14:20:02'),(1030,1030,2,NULL,NULL,NULL,NULL,NULL,NULL,NULL,NULL,NULL,NULL,NULL,'2020-02-20 20:47:36',NULL,NULL,16,NULL,NULL,'Y','2020-02-20 14:20:02'),(1031,1031,2,NULL,NULL,NULL,NULL,NULL,NULL,NULL,NULL,NULL,NULL,NULL,'2020-02-20 20:47:36','he is interested to purchase between 35 lakh to 40 lakh. above 40 he don&#039;t want to buy',NULL,14,NULL,NULL,'Y','2020-02-20 14:20:02'),(1032,1032,2,NULL,NULL,NULL,NULL,NULL,NULL,NULL,NULL,NULL,NULL,NULL,'2020-02-20 20:47:36','WANT TO BUY A BMW 5 SERIES 2015 MODEL',NULL,17,NULL,NULL,'Y','2020-02-20 14:20:02'),(1033,1033,2,NULL,NULL,NULL,NULL,NULL,NULL,NULL,NULL,NULL,NULL,NULL,'2020-02-20 20:47:36','not responding try three times',NULL,17,NULL,NULL,'Y','2020-02-20 14:20:02'),(1034,1034,2,NULL,NULL,NULL,NULL,NULL,NULL,NULL,NULL,NULL,NULL,NULL,'2020-02-20 20:47:36','Model - GLA 200 d Sport Year - 2018 KM - 16,000 Price - 28L',NULL,13,NULL,NULL,'Y','2020-02-20 14:20:02'),(1035,1035,4,1,NULL,'2020-02-20 20:57:03',NULL,NULL,NULL,NULL,NULL,NULL,NULL,NULL,'2020-02-20 20:57:03','Model - GLA 200 d Sport  KM - 16,000 Price - 28L',NULL,13,NULL,NULL,'7','2020-02-20 14:20:02'),(1036,1036,2,NULL,NULL,NULL,NULL,NULL,NULL,NULL,NULL,NULL,NULL,NULL,'2020-02-20 20:47:36','PLANNING FOR AUDI Q5',NULL,19,NULL,NULL,'Y','2020-02-20 14:20:02'),(1037,1037,4,1,NULL,'2020-02-20 20:57:03',NULL,NULL,NULL,NULL,NULL,NULL,NULL,NULL,'2020-02-20 20:57:03','Model - F-Pace Prestige Year - 2018 KM - 25,000 Price - 46L',NULL,16,NULL,NULL,'7','2020-02-20 14:20:02'),(1038,1038,2,NULL,NULL,NULL,NULL,NULL,NULL,NULL,NULL,NULL,NULL,NULL,'2020-02-20 20:47:36','Model - GLE 250 d Year - 2016 KM - 56,000 Price - 41L',NULL,19,NULL,NULL,'Y','2020-02-20 14:20:02'),(1039,1039,2,NULL,NULL,NULL,NULL,NULL,NULL,NULL,NULL,NULL,NULL,NULL,'2020-02-20 20:47:36','Model - GLA 200 Sport Year - 2017 KM - 16,000 Price - 28L',NULL,18,NULL,NULL,'Y','2020-02-20 14:20:02'),(1040,1040,2,NULL,NULL,NULL,NULL,NULL,NULL,NULL,NULL,NULL,NULL,NULL,'2020-02-20 20:47:36','LOOKING FOR LUXURY CAR',NULL,15,NULL,NULL,'Y','2020-02-20 14:20:02'),(1041,1041,2,NULL,NULL,NULL,NULL,NULL,NULL,NULL,NULL,NULL,NULL,NULL,'2020-02-20 20:47:36',NULL,NULL,13,NULL,NULL,'Y','2020-02-20 14:20:02'),(1042,1042,2,NULL,NULL,NULL,NULL,NULL,NULL,NULL,NULL,NULL,NULL,NULL,'2020-02-20 20:47:36',NULL,NULL,13,NULL,NULL,'Y','2020-02-20 14:20:02'),(1043,1043,4,1,NULL,'2020-02-20 20:57:03',NULL,NULL,NULL,NULL,NULL,NULL,NULL,NULL,'2020-02-20 20:57:03',NULL,NULL,13,NULL,NULL,'7','2020-02-20 14:20:02'),(1044,1044,2,NULL,NULL,NULL,NULL,NULL,NULL,NULL,NULL,NULL,NULL,NULL,'2020-02-20 20:47:36',NULL,NULL,13,NULL,NULL,'Y','2020-02-20 14:20:02'),(1045,1045,2,NULL,NULL,NULL,NULL,NULL,NULL,NULL,NULL,NULL,NULL,NULL,'2020-02-20 20:47:36',NULL,NULL,13,NULL,NULL,'Y','2020-02-20 14:20:03'),(1046,1046,4,1,NULL,'2020-02-20 20:57:03',NULL,NULL,NULL,NULL,NULL,NULL,NULL,NULL,'2020-02-20 20:57:03',NULL,NULL,13,NULL,NULL,'7','2020-02-20 14:20:03'),(1047,1047,2,NULL,NULL,NULL,NULL,NULL,NULL,NULL,NULL,NULL,NULL,NULL,'2020-02-20 20:47:36','no reply',NULL,20,NULL,NULL,'Y','2020-02-20 14:20:03'),(1048,1048,2,NULL,NULL,NULL,NULL,NULL,NULL,NULL,NULL,NULL,NULL,NULL,'2020-02-20 20:47:36','LOOKING FOR E CLASS',NULL,15,NULL,NULL,'Y','2020-02-20 14:20:03'),(1049,1049,4,1,NULL,'2020-02-20 20:57:03',NULL,NULL,NULL,NULL,NULL,NULL,NULL,NULL,'2020-02-20 20:57:03','NOT RESPONDING PROPERLY',NULL,18,NULL,NULL,'7','2020-02-20 14:20:03'),(1050,1050,4,1,NULL,'2020-02-20 20:57:03',NULL,NULL,NULL,NULL,NULL,NULL,NULL,NULL,'2020-02-20 20:57:03',NULL,NULL,12,NULL,NULL,'7','2020-02-20 14:20:03'),(1051,1051,2,NULL,NULL,NULL,NULL,NULL,NULL,NULL,NULL,NULL,NULL,NULL,'2020-02-20 20:47:36',NULL,NULL,13,NULL,NULL,'Y','2020-02-20 14:20:03'),(1052,1052,2,NULL,NULL,NULL,NULL,NULL,NULL,NULL,NULL,NULL,NULL,NULL,'2020-02-20 20:47:36','customer wants to exchange his / will visit showroom on sunday',NULL,20,NULL,NULL,'Y','2020-02-20 14:20:03'),(1053,1053,2,NULL,NULL,NULL,NULL,NULL,NULL,NULL,NULL,NULL,NULL,NULL,'2020-02-20 20:47:36',NULL,NULL,13,NULL,NULL,'Y','2020-02-20 14:20:03'),(1054,1054,2,NULL,NULL,NULL,NULL,NULL,NULL,NULL,NULL,NULL,NULL,NULL,'2020-02-20 20:47:36','required any model within budget. model not to be older than 2014. Kms run not more than 30-40 kms. details given for CLA & GLA. Will visit showroom day after tomorrow.',NULL,14,NULL,NULL,'Y','2020-02-20 14:20:03'),(1055,1055,2,NULL,NULL,NULL,NULL,NULL,NULL,NULL,NULL,NULL,NULL,NULL,'2020-02-20 20:47:36','looking for fl2',NULL,15,NULL,NULL,'Y','2020-02-20 14:20:03'),(1056,1056,2,NULL,NULL,NULL,NULL,NULL,NULL,NULL,NULL,NULL,NULL,NULL,'2020-02-20 20:47:36','number not available',NULL,20,NULL,NULL,'Y','2020-02-20 14:20:03'),(1057,1057,2,NULL,NULL,NULL,NULL,NULL,NULL,NULL,NULL,NULL,NULL,NULL,'2020-02-20 20:47:36','SOCK SHARED WITH HIM. HE IS IN HOSPITAL WITH SOMEONE. WILL CALL BACK LATER.',NULL,14,NULL,NULL,'Y','2020-02-20 14:20:03'),(1058,1058,2,NULL,NULL,NULL,NULL,NULL,NULL,NULL,NULL,NULL,NULL,NULL,'2020-02-20 20:47:36','PLANNING FOR S CLASS',NULL,19,NULL,NULL,'Y','2020-02-20 14:20:03'),(1059,1059,4,1,NULL,'2020-02-20 20:57:03',NULL,NULL,NULL,NULL,NULL,NULL,NULL,NULL,'2020-02-20 20:57:03','31 lakh asking price 3 series sale',NULL,15,NULL,NULL,'7','2020-02-20 14:20:03'),(1060,1060,2,NULL,NULL,NULL,NULL,NULL,NULL,NULL,NULL,NULL,NULL,NULL,'2020-02-20 20:47:36','PLANNING FOR RANGE ROVER EVOQUE',NULL,19,NULL,NULL,'Y','2020-02-20 14:20:03'),(1061,1061,2,NULL,NULL,NULL,NULL,NULL,NULL,NULL,NULL,NULL,NULL,NULL,'2020-02-20 20:47:36','PLANNING FOR AUDI Q5',NULL,19,NULL,NULL,'Y','2020-02-20 14:20:03'),(1062,1062,2,NULL,NULL,NULL,NULL,NULL,NULL,NULL,NULL,NULL,NULL,NULL,'2020-02-20 20:47:36','PLANNING FOR AUDI Q3',NULL,19,NULL,NULL,'Y','2020-02-20 14:20:03'),(1063,1063,4,1,NULL,'2020-02-20 20:57:03',NULL,NULL,NULL,NULL,NULL,NULL,NULL,NULL,'2020-02-20 20:57:03','he&#039;s buying from his friend only',NULL,20,NULL,NULL,'7','2020-02-20 14:20:03'),(1064,1064,2,NULL,NULL,NULL,NULL,NULL,NULL,NULL,NULL,NULL,NULL,NULL,'2020-02-20 20:47:36','Enquiry Received for Volvo XC90 (2018) Rahul is interested in your  Volvo XC90 (2018) His details are: Name:Rahul Phone:9648419000 Please call him immediately.Regards,CarTrade.com',NULL,13,NULL,NULL,'Y','2020-02-20 14:20:04'),(1065,1065,2,NULL,NULL,NULL,NULL,NULL,NULL,NULL,NULL,NULL,NULL,NULL,'2020-02-20 20:47:36','Model - Q7 45 TDI Technology Pack Year - 2018 KM - 28,000 Price - 64L',NULL,13,NULL,NULL,'Y','2020-02-20 14:20:04'),(1066,1066,2,NULL,NULL,NULL,NULL,NULL,NULL,NULL,NULL,NULL,NULL,NULL,'2020-02-20 20:47:36',NULL,NULL,13,NULL,NULL,'Y','2020-02-20 14:20:04'),(1067,1067,4,1,NULL,'2020-02-20 20:57:03',NULL,NULL,NULL,NULL,NULL,NULL,NULL,NULL,'2020-02-20 20:57:03',NULL,NULL,13,NULL,NULL,'7','2020-02-20 14:20:04'),(1068,1068,2,NULL,NULL,NULL,NULL,NULL,NULL,NULL,NULL,NULL,NULL,NULL,'2020-02-20 20:47:36',NULL,NULL,13,NULL,NULL,'Y','2020-02-20 14:20:04'),(1069,1069,2,NULL,NULL,NULL,NULL,NULL,NULL,NULL,NULL,NULL,NULL,NULL,'2020-02-20 20:47:36',NULL,NULL,13,NULL,NULL,'Y','2020-02-20 14:20:04'),(1070,1070,2,NULL,NULL,NULL,NULL,NULL,NULL,NULL,NULL,NULL,NULL,NULL,'2020-02-20 20:47:36',NULL,NULL,14,NULL,NULL,'Y','2020-02-20 14:20:04'),(1071,1071,2,NULL,NULL,NULL,NULL,NULL,NULL,NULL,NULL,NULL,NULL,NULL,'2020-02-20 20:47:36','NEED MERCEDES GLA IN 20 OR 22 LAKH BUDGET',NULL,17,NULL,NULL,'Y','2020-02-20 14:20:04'),(1072,1072,2,NULL,NULL,NULL,NULL,NULL,NULL,NULL,NULL,NULL,NULL,NULL,'2020-02-20 20:47:36','COMING SHOWROOM TODAY FOR MERCEDES GLA',NULL,17,NULL,NULL,'Y','2020-02-20 14:20:04'),(1073,1073,2,NULL,NULL,NULL,NULL,NULL,NULL,NULL,NULL,NULL,NULL,NULL,'2020-02-20 20:47:36','details sent wants to exchange with his XUV. will visit showroom.',NULL,20,NULL,NULL,'Y','2020-02-20 14:20:04'),(1074,1074,4,1,NULL,'2020-02-20 20:57:03',NULL,NULL,NULL,NULL,NULL,NULL,NULL,NULL,'2020-02-20 20:57:03','asking for 530 in 35 lacs /  time pass enquiry',NULL,20,NULL,NULL,'7','2020-02-20 14:20:04'),(1075,1075,2,NULL,NULL,NULL,NULL,NULL,NULL,NULL,NULL,NULL,NULL,NULL,'2020-02-20 20:47:36',NULL,NULL,13,NULL,NULL,'Y','2020-02-20 14:20:04'),(1076,1076,2,NULL,NULL,NULL,NULL,NULL,NULL,NULL,NULL,NULL,NULL,NULL,'2020-02-20 20:47:36',NULL,NULL,13,NULL,NULL,'Y','2020-02-20 14:20:04'),(1077,1077,4,1,NULL,'2020-02-20 20:57:03',NULL,NULL,NULL,NULL,NULL,NULL,NULL,NULL,'2020-02-20 20:57:03',NULL,NULL,13,NULL,NULL,'7','2020-02-20 14:20:04'),(1078,1078,2,NULL,NULL,NULL,NULL,NULL,NULL,NULL,NULL,NULL,NULL,NULL,'2020-02-20 20:47:36','he is pllanning volvo xc40 chandigarh number only.',NULL,14,NULL,NULL,'Y','2020-02-20 14:20:04'),(1079,1079,2,NULL,NULL,NULL,NULL,NULL,NULL,NULL,NULL,NULL,NULL,NULL,'2020-02-20 20:47:36','PLANNING FOR JAGUARE XF',NULL,19,NULL,NULL,'Y','2020-02-20 14:20:04'),(1080,1080,4,1,NULL,'2020-02-20 20:57:03',NULL,NULL,NULL,NULL,NULL,NULL,NULL,NULL,'2020-02-20 20:57:03',NULL,NULL,13,NULL,NULL,'7','2020-02-20 14:20:04'),(1081,1081,2,NULL,NULL,NULL,NULL,NULL,NULL,NULL,NULL,NULL,NULL,NULL,'2020-02-20 20:47:36','PLANNING FOR DISCOVERY SPORTS TOP MODEL',NULL,19,NULL,NULL,'Y','2020-02-20 14:20:04'),(1082,1082,2,NULL,NULL,NULL,NULL,NULL,NULL,NULL,NULL,NULL,NULL,NULL,'2020-02-20 20:47:36','PLANNING FOR RANGE ROVER EVOQUE',NULL,19,NULL,NULL,'Y','2020-02-20 14:20:04'),(1083,1083,2,NULL,NULL,NULL,NULL,NULL,NULL,NULL,NULL,NULL,NULL,NULL,'2020-02-20 20:47:36','STOCK SHARE ON WHATS APP',NULL,18,NULL,NULL,'Y','2020-02-20 14:20:04'),(1084,1084,2,NULL,NULL,NULL,NULL,NULL,NULL,NULL,NULL,NULL,NULL,NULL,'2020-02-20 20:47:36','PLANNING FOR GLE',NULL,19,NULL,NULL,'Y','2020-02-20 14:20:05'),(1085,1085,2,NULL,NULL,NULL,NULL,NULL,NULL,NULL,NULL,NULL,NULL,NULL,'2020-02-20 20:47:36','PLANNING FOR AUDI A4',NULL,19,NULL,NULL,'Y','2020-02-20 14:20:05'),(1086,1086,4,1,NULL,'2020-02-20 20:57:03',NULL,NULL,NULL,NULL,NULL,NULL,NULL,NULL,'2020-02-20 20:57:03','HE DIDNT ENQUIRED FOR ANY CAR. NO PLANS',NULL,13,NULL,NULL,'7','2020-02-20 14:20:05'),(1087,1087,2,NULL,NULL,NULL,NULL,NULL,NULL,NULL,NULL,NULL,NULL,NULL,'2020-02-20 20:47:36','calling from dwarka , pics sent ..',NULL,12,NULL,NULL,'Y','2020-02-20 14:20:05'),(1088,1088,4,1,NULL,'2020-02-20 20:57:03',NULL,NULL,NULL,NULL,NULL,NULL,NULL,NULL,'2020-02-20 20:57:03','out of budget',NULL,12,NULL,NULL,'7','2020-02-20 14:20:05'),(1089,1089,2,NULL,NULL,NULL,NULL,NULL,NULL,NULL,NULL,NULL,NULL,NULL,'2020-02-20 20:47:36','not answering.',NULL,14,NULL,NULL,'Y','2020-02-20 14:20:05'),(1090,1090,2,NULL,NULL,NULL,NULL,NULL,NULL,NULL,NULL,NULL,NULL,NULL,'2020-02-20 20:47:36',NULL,NULL,14,NULL,NULL,'Y','2020-02-20 14:20:05'),(1091,1091,2,NULL,NULL,NULL,NULL,NULL,NULL,NULL,NULL,NULL,NULL,NULL,'2020-02-20 20:47:36','shared details /  expecting 32 lacs for it.',NULL,20,NULL,NULL,'Y','2020-02-20 14:20:05'),(1092,1092,2,NULL,NULL,NULL,NULL,NULL,NULL,NULL,NULL,NULL,NULL,NULL,'2020-02-20 20:47:36','inquery for Q7 and Other SUV',NULL,18,NULL,NULL,'Y','2020-02-20 14:20:05'),(1093,1093,2,NULL,NULL,NULL,NULL,NULL,NULL,NULL,NULL,NULL,NULL,NULL,'2020-02-20 20:47:36',NULL,NULL,13,NULL,NULL,'Y','2020-02-20 14:20:05'),(1094,1094,2,NULL,NULL,NULL,NULL,NULL,NULL,NULL,NULL,NULL,NULL,NULL,'2020-02-20 20:47:36','call back later',NULL,20,NULL,NULL,'Y','2020-02-20 14:20:05'),(1095,1095,2,NULL,NULL,NULL,NULL,NULL,NULL,NULL,NULL,NULL,NULL,NULL,'2020-02-20 20:47:36','PLANNING FOR MINI COOPER',NULL,19,NULL,NULL,'Y','2020-02-20 14:20:05'),(1096,1096,2,NULL,NULL,NULL,NULL,NULL,NULL,NULL,NULL,NULL,NULL,NULL,'2020-02-20 20:47:36','SEND DETAIL 2018 MODEL FORTUNER',NULL,15,NULL,NULL,'Y','2020-02-20 14:20:05'),(1097,1097,2,NULL,NULL,NULL,NULL,NULL,NULL,NULL,NULL,NULL,NULL,NULL,'2020-02-20 20:47:36',NULL,NULL,17,NULL,NULL,'Y','2020-02-20 14:20:05'),(1098,1098,2,NULL,NULL,NULL,NULL,NULL,NULL,NULL,NULL,NULL,NULL,NULL,'2020-02-20 20:47:36','PLANNING FOR DISCOVERY SPORTS',NULL,19,NULL,NULL,'Y','2020-02-20 14:20:05'),(1099,1099,2,NULL,NULL,NULL,NULL,NULL,NULL,NULL,NULL,NULL,NULL,NULL,'2020-02-20 20:47:36',NULL,NULL,13,NULL,NULL,'Y','2020-02-20 14:20:05'),(1100,1100,2,NULL,NULL,NULL,NULL,NULL,NULL,NULL,NULL,NULL,NULL,NULL,'2020-02-20 20:47:36','PLANNING FOR C CLASS',NULL,19,NULL,NULL,'Y','2020-02-20 14:20:05'),(1101,1101,2,NULL,NULL,NULL,NULL,NULL,NULL,NULL,NULL,NULL,NULL,NULL,'2020-02-20 20:47:36','he wants to exchange his innova nov 2013, 180000 km run, with 3 series. invited him to visit showroom for evaluation of his car.',NULL,14,NULL,NULL,'Y','2020-02-20 14:20:05'),(1102,1102,2,NULL,NULL,NULL,NULL,NULL,NULL,NULL,NULL,NULL,NULL,NULL,'2020-02-20 20:47:36',NULL,NULL,13,NULL,NULL,'Y','2020-02-20 14:20:05'),(1103,1103,2,NULL,NULL,NULL,NULL,NULL,NULL,NULL,NULL,NULL,NULL,NULL,'2020-02-20 20:47:36',NULL,NULL,13,NULL,NULL,'Y','2020-02-20 14:20:05'),(1104,1104,2,NULL,NULL,NULL,NULL,NULL,NULL,NULL,NULL,NULL,NULL,NULL,'2020-02-20 20:47:36','DETAILS GIVEN FOR BMW X3 , MERCEDES BENZ GLC , RANGE ROVER EVOQUE ON WHATSAAP.',NULL,14,NULL,NULL,'Y','2020-02-20 14:20:05'),(1105,1105,2,NULL,NULL,NULL,NULL,NULL,NULL,NULL,NULL,NULL,NULL,NULL,'2020-02-20 20:47:36',NULL,NULL,13,NULL,NULL,'Y','2020-02-20 14:20:05'),(1106,1106,2,NULL,NULL,NULL,NULL,NULL,NULL,NULL,NULL,NULL,NULL,NULL,'2020-02-20 20:47:36',NULL,NULL,17,NULL,NULL,'Y','2020-02-20 14:20:05'),(1107,1107,2,NULL,NULL,NULL,NULL,NULL,NULL,NULL,NULL,NULL,NULL,NULL,'2020-02-20 20:47:36',NULL,NULL,17,NULL,NULL,'Y','2020-02-20 14:20:06'),(1108,1108,4,1,NULL,'2020-02-20 20:57:03',NULL,NULL,NULL,NULL,NULL,NULL,NULL,NULL,'2020-02-20 20:57:03','HE IS LOOKING FOR SMALL CAR IN BUDGET OF 3 TO 4 LAKH .',NULL,14,NULL,NULL,'7','2020-02-20 14:20:06'),(1109,1109,2,NULL,NULL,NULL,NULL,NULL,NULL,NULL,NULL,NULL,NULL,NULL,'2020-02-20 20:47:36',NULL,NULL,13,NULL,NULL,'Y','2020-02-20 14:20:06'),(1110,1110,2,NULL,NULL,NULL,NULL,NULL,NULL,NULL,NULL,NULL,NULL,NULL,'2020-02-20 20:47:36',NULL,NULL,13,NULL,NULL,'Y','2020-02-20 14:20:06'),(1111,1111,2,NULL,NULL,NULL,NULL,NULL,NULL,NULL,NULL,NULL,NULL,NULL,'2020-02-20 20:47:36',NULL,NULL,13,NULL,NULL,'Y','2020-02-20 14:20:06'),(1112,1112,2,NULL,NULL,NULL,NULL,NULL,NULL,NULL,NULL,NULL,NULL,NULL,'2020-02-20 20:47:36','HE IS INTERESTED IN MERCEDES BENZ GLC & HE HAD GIVEN AN OFFER OF 37 LAKH .',NULL,14,NULL,NULL,'Y','2020-02-20 14:20:06'),(1113,1113,2,NULL,NULL,NULL,NULL,NULL,NULL,NULL,NULL,NULL,NULL,NULL,'2020-02-20 20:47:36','SEND DETAIL FL2',NULL,15,NULL,NULL,'Y','2020-02-20 14:20:06'),(1114,1114,2,NULL,NULL,NULL,NULL,NULL,NULL,NULL,NULL,NULL,NULL,NULL,'2020-02-20 20:47:36','HE LOOKING FOR MERCEDES BENZ GLA  .HE LOOKING FOR CAR SOMEBODY .',NULL,14,NULL,NULL,'Y','2020-02-20 14:20:06'),(1115,1115,2,NULL,NULL,NULL,NULL,NULL,NULL,NULL,NULL,NULL,NULL,NULL,'2020-02-20 20:47:36','PLANNING FOR RANGE ROVER EVOQUE',NULL,19,NULL,NULL,'Y','2020-02-20 14:20:06'),(1116,1116,2,NULL,NULL,NULL,NULL,NULL,NULL,NULL,NULL,NULL,NULL,NULL,'2020-02-20 20:47:36','HE LOOKING FOR MERCEDES BENZ GLA HE WILL VISIT SHOWROOM TOMORROW.',NULL,14,NULL,NULL,'Y','2020-02-20 14:20:06'),(1117,1117,2,NULL,NULL,NULL,NULL,NULL,NULL,NULL,NULL,NULL,NULL,NULL,'2020-02-20 20:47:36','no reply',NULL,20,NULL,NULL,'Y','2020-02-20 14:20:06'),(1118,1118,2,NULL,NULL,NULL,NULL,NULL,NULL,NULL,NULL,NULL,NULL,NULL,'2020-02-20 20:47:36',NULL,NULL,13,NULL,NULL,'Y','2020-02-20 14:20:06'),(1119,1119,4,1,NULL,'2020-02-20 20:57:03',NULL,NULL,NULL,NULL,NULL,NULL,NULL,NULL,'2020-02-20 20:57:03','HE IS DEALER FROM JALANDHAR.',NULL,14,NULL,NULL,'7','2020-02-20 14:20:06'),(1120,1120,2,NULL,NULL,NULL,NULL,NULL,NULL,NULL,NULL,NULL,NULL,NULL,'2020-02-20 20:47:36','HE IS LOOKING FOR RED COLOUR  RANGE ROVER EVOQUE .HE WANT CHANDIGARH NUMBER ONLY .',NULL,14,NULL,NULL,'Y','2020-02-20 14:20:06'),(1121,1121,2,NULL,NULL,NULL,NULL,NULL,NULL,NULL,NULL,NULL,NULL,NULL,'2020-02-20 20:47:36','DETAILS GIVEN FOR 2014 Q7 . HE WILL SEND SOMEBODY TO LUDHIANA TO HAVE A LOOK ON CAR AND THEN HE WILL CONFIRM.',NULL,14,NULL,NULL,'Y','2020-02-20 14:20:06'),(1122,1122,2,NULL,NULL,NULL,NULL,NULL,NULL,NULL,NULL,NULL,NULL,NULL,'2020-02-20 20:47:36','HE IS ASKING 15 LAKH FOR RED CLA .',NULL,14,NULL,NULL,'Y','2020-02-20 14:20:06'),(1123,1123,2,NULL,NULL,NULL,NULL,NULL,NULL,NULL,NULL,NULL,NULL,NULL,'2020-02-20 20:47:36','he is interested in  BMW 5 SERIES and MERCEDES BENZ  E -CLASS  . He is looking for chandigarh number only .',NULL,14,NULL,NULL,'Y','2020-02-20 14:20:06'),(1124,1124,2,NULL,NULL,NULL,NULL,NULL,NULL,NULL,NULL,NULL,NULL,NULL,'2020-02-20 20:47:36',NULL,NULL,13,NULL,NULL,'Y','2020-02-20 14:20:06'),(1125,1125,2,NULL,NULL,NULL,NULL,NULL,NULL,NULL,NULL,NULL,NULL,NULL,'2020-02-20 20:47:36',NULL,NULL,13,NULL,NULL,'Y','2020-02-20 14:20:06'),(1126,1126,4,1,NULL,'2020-02-20 20:57:03',NULL,NULL,NULL,NULL,NULL,NULL,NULL,NULL,'2020-02-20 20:57:03','FAKE ENQUIRY.ASKING FOR WAGON R & HONDA CITY',NULL,13,NULL,NULL,'7','2020-02-20 14:20:06'),(1127,1127,2,NULL,NULL,NULL,NULL,NULL,NULL,NULL,NULL,NULL,NULL,NULL,'2020-02-20 20:47:36',NULL,NULL,13,NULL,NULL,'Y','2020-02-20 14:20:06'),(1128,1128,2,NULL,NULL,NULL,NULL,NULL,NULL,NULL,NULL,NULL,NULL,NULL,'2020-02-20 20:47:36',NULL,NULL,13,NULL,NULL,'Y','2020-02-20 14:20:07'),(1129,1129,2,NULL,NULL,NULL,NULL,NULL,NULL,NULL,NULL,NULL,NULL,NULL,'2020-02-20 20:47:36',NULL,NULL,13,NULL,NULL,'Y','2020-02-20 14:20:07'),(1130,1130,4,1,NULL,'2020-02-20 20:57:03',NULL,NULL,NULL,NULL,NULL,NULL,NULL,NULL,'2020-02-20 20:57:03','KEEP ON ENQUIRING DIFFERENT CARS. DUPLICATE ENQUIRY',NULL,13,NULL,NULL,'7','2020-02-20 14:20:07'),(1131,1131,2,NULL,NULL,NULL,NULL,NULL,NULL,NULL,NULL,NULL,NULL,NULL,'2020-02-20 20:47:36',NULL,NULL,13,NULL,NULL,'Y','2020-02-20 14:20:07'),(1132,1132,2,NULL,NULL,NULL,NULL,NULL,NULL,NULL,NULL,NULL,NULL,NULL,'2020-02-20 20:47:36',NULL,NULL,13,NULL,NULL,'Y','2020-02-20 14:20:07'),(1133,1133,2,NULL,NULL,NULL,NULL,NULL,NULL,NULL,NULL,NULL,NULL,NULL,'2020-02-20 20:47:36',NULL,NULL,13,NULL,NULL,'Y','2020-02-20 14:20:07'),(1134,1134,2,NULL,NULL,NULL,NULL,NULL,NULL,NULL,NULL,NULL,NULL,NULL,'2020-02-20 20:47:36',NULL,NULL,13,NULL,NULL,'Y','2020-02-20 14:20:07'),(1135,1135,4,1,NULL,'2020-02-20 20:57:03',NULL,NULL,NULL,NULL,NULL,NULL,NULL,NULL,'2020-02-20 20:57:03','ALREADY DETAILS SHARED.ITS A DUPLICATE ENQUIRY RCVD EARLIER ON IVR',NULL,13,NULL,NULL,'7','2020-02-20 14:20:07'),(1136,1136,2,NULL,NULL,NULL,NULL,NULL,NULL,NULL,NULL,NULL,NULL,NULL,'2020-02-20 20:47:36',NULL,NULL,13,NULL,NULL,'Y','2020-02-20 14:20:07'),(1137,1137,2,NULL,NULL,NULL,NULL,NULL,NULL,NULL,NULL,NULL,NULL,NULL,'2020-02-20 20:47:36',NULL,NULL,17,NULL,NULL,'Y','2020-02-20 14:20:07'),(1138,1138,2,NULL,NULL,NULL,NULL,NULL,NULL,NULL,NULL,NULL,NULL,NULL,'2020-02-20 20:47:36','when plan let you know',NULL,18,NULL,NULL,'Y','2020-02-20 14:20:07'),(1139,1139,2,NULL,NULL,NULL,NULL,NULL,NULL,NULL,NULL,NULL,NULL,NULL,'2020-02-20 20:47:36','PLANNING FOR C CLASS',NULL,19,NULL,NULL,'Y','2020-02-20 14:20:07'),(1140,1140,4,1,NULL,'2020-02-20 20:57:03',NULL,NULL,NULL,NULL,NULL,NULL,NULL,NULL,'2020-02-20 20:57:03','no plan',NULL,18,NULL,NULL,'7','2020-02-20 14:20:07'),(1141,1141,4,1,NULL,'2020-02-20 20:57:03',NULL,NULL,NULL,NULL,NULL,NULL,NULL,NULL,'2020-02-20 20:57:03','car dealer asking price',NULL,20,NULL,NULL,'7','2020-02-20 14:20:07'),(1142,1142,4,1,NULL,'2020-02-20 20:57:03',NULL,NULL,NULL,NULL,NULL,NULL,NULL,NULL,'2020-02-20 20:57:03','already in touch with sumit khurana / duplicate lead assigned to me',NULL,20,NULL,NULL,'7','2020-02-20 14:20:07'),(1143,1143,2,NULL,NULL,NULL,NULL,NULL,NULL,NULL,NULL,NULL,NULL,NULL,'2020-02-20 20:47:36','PLANNING FOR AUDI Q7',NULL,19,NULL,NULL,'Y','2020-02-20 14:20:07'),(1144,1144,4,1,NULL,'2020-02-20 20:57:03',NULL,NULL,NULL,NULL,NULL,NULL,NULL,NULL,'2020-02-20 20:57:03','dealer from kurukshetra / asking for stock list',NULL,20,NULL,NULL,'7','2020-02-20 14:20:07'),(1145,1145,2,NULL,NULL,NULL,NULL,NULL,NULL,NULL,NULL,NULL,NULL,NULL,'2020-02-20 20:47:36','PLANNING FOR RANGE ROVER',NULL,19,NULL,NULL,'Y','2020-02-20 14:20:07'),(1146,1146,2,NULL,NULL,NULL,NULL,NULL,NULL,NULL,NULL,NULL,NULL,NULL,'2020-02-20 20:47:36','WANT TO SELL HIS CAR AUDI Q3',NULL,19,NULL,NULL,'Y','2020-02-20 14:20:07'),(1147,1147,2,NULL,NULL,NULL,NULL,NULL,NULL,NULL,NULL,NULL,NULL,NULL,'2020-02-20 20:47:36','when travel try to visit showroom',NULL,18,NULL,NULL,'Y','2020-02-20 14:20:07'),(1148,1148,2,NULL,NULL,NULL,NULL,NULL,NULL,NULL,NULL,NULL,NULL,NULL,'2020-02-20 20:47:36',NULL,NULL,13,NULL,NULL,'Y','2020-02-20 14:20:07'),(1149,1149,2,NULL,NULL,NULL,NULL,NULL,NULL,NULL,NULL,NULL,NULL,NULL,'2020-02-20 20:47:36','he is interested in MERCEDES BENZ S -CLASS .MODEL 2015 . BUT HE ASKING TO PURCHAGE IN 40 LAKH ONLY .',NULL,14,NULL,NULL,'Y','2020-02-20 14:20:08'),(1150,1150,2,NULL,NULL,NULL,NULL,NULL,NULL,NULL,NULL,NULL,NULL,NULL,'2020-02-20 20:47:36','HE LOOKING FOR AUDI A4 2008 MODEL IN 5 -6 LAKH .',NULL,14,NULL,NULL,'Y','2020-02-20 14:20:08'),(1151,1151,2,NULL,NULL,NULL,NULL,NULL,NULL,NULL,NULL,NULL,NULL,NULL,'2020-02-20 20:47:36',NULL,NULL,13,NULL,NULL,'Y','2020-02-20 14:20:08'),(1152,1152,4,1,NULL,'2020-02-20 20:57:03',NULL,NULL,NULL,NULL,NULL,NULL,NULL,NULL,'2020-02-20 20:57:03','LOOKING FOR AUDI A3 OR X1 2015 ONWARDS IN THIS BUDGET ONLY.already in touch with amit ji',NULL,20,NULL,NULL,'7','2020-02-20 14:20:08'),(1153,1153,2,NULL,NULL,NULL,NULL,NULL,NULL,NULL,NULL,NULL,NULL,NULL,'2020-02-20 20:47:36',NULL,NULL,13,NULL,NULL,'Y','2020-02-20 14:20:08'),(1154,1154,2,NULL,NULL,NULL,NULL,NULL,NULL,NULL,NULL,NULL,NULL,NULL,'2020-02-20 20:47:36','HE LOOKING FOR AUDI A6 .BUT BUDGET FOR 14 LAKH.',NULL,14,NULL,NULL,'Y','2020-02-20 14:20:08'),(1155,1155,2,NULL,NULL,NULL,NULL,NULL,NULL,NULL,NULL,NULL,NULL,NULL,'2020-02-20 20:47:36','HE INTERESTED FOR MERCEDES BENZ CLA CLASS BUT BUDGET FOR 20 LAKH .',NULL,14,NULL,NULL,'Y','2020-02-20 14:20:08'),(1156,1156,2,NULL,NULL,NULL,NULL,NULL,NULL,NULL,NULL,NULL,NULL,NULL,'2020-02-20 20:47:36','HE PLANNING IN JUNE FOR USED LUXURY CARS.',NULL,14,NULL,NULL,'Y','2020-02-20 14:20:08'),(1157,1157,2,NULL,NULL,NULL,NULL,NULL,NULL,NULL,NULL,NULL,NULL,NULL,'2020-02-20 20:47:36','HE LOOKING MERCEDES BENZ CLA RED . BUDGET 21 LAKH.',NULL,14,NULL,NULL,'Y','2020-02-20 14:20:08'),(1158,1158,2,NULL,NULL,NULL,NULL,NULL,NULL,NULL,NULL,NULL,NULL,NULL,'2020-02-20 20:47:36','PLANNING FOR S CLASS',NULL,19,NULL,NULL,'Y','2020-02-20 14:20:08'),(1159,1159,2,NULL,NULL,NULL,NULL,NULL,NULL,NULL,NULL,NULL,NULL,NULL,'2020-02-20 20:47:36','HE LOOKING FOR AUDI A6 & BMW 3 SERIES & MERCEDS BENZ CLA .',NULL,14,NULL,NULL,'Y','2020-02-20 14:20:08'),(1160,1160,2,NULL,NULL,NULL,NULL,NULL,NULL,NULL,NULL,NULL,NULL,NULL,'2020-02-20 20:47:36',NULL,NULL,13,NULL,NULL,'Y','2020-02-20 14:20:08'),(1161,1161,2,NULL,NULL,NULL,NULL,NULL,NULL,NULL,NULL,NULL,NULL,NULL,'2020-02-20 20:47:36','HE LOOKING MERCDES BENZ C  CLASS . BUDGET 20 -22 LAKH PLAN AFTER 2 MONTH.',NULL,14,NULL,NULL,'Y','2020-02-20 14:20:08'),(1162,1162,4,1,NULL,'2020-02-20 20:57:03',NULL,NULL,NULL,NULL,NULL,NULL,NULL,NULL,'2020-02-20 20:57:03','ALL READY  ENQUIRI  PUNCH',NULL,15,NULL,NULL,'7','2020-02-20 14:20:08'),(1163,1163,2,NULL,NULL,NULL,NULL,NULL,NULL,NULL,NULL,NULL,NULL,NULL,'2020-02-20 20:47:36',NULL,NULL,13,NULL,NULL,'Y','2020-02-20 14:20:08'),(1164,1164,2,NULL,NULL,NULL,NULL,NULL,NULL,NULL,NULL,NULL,NULL,NULL,'2020-02-20 20:47:36',NULL,NULL,13,NULL,NULL,'Y','2020-02-20 14:20:08'),(1165,1165,4,1,NULL,'2020-02-20 20:57:03',NULL,NULL,NULL,NULL,NULL,NULL,NULL,NULL,'2020-02-20 20:57:03','REPEAT ENQUIRY . ALREADY IN TOUCH WITH HIM & HIS BOSS(MR.HARRY) SINCE 6TH JAN. HE KEPS ON  ASKING DETAILS FOR DIFFERENT CARS',NULL,13,NULL,NULL,'7','2020-02-20 14:20:08'),(1166,1166,2,NULL,NULL,NULL,NULL,NULL,NULL,NULL,NULL,NULL,NULL,NULL,'2020-02-20 20:47:36',NULL,NULL,13,NULL,NULL,'Y','2020-02-20 14:20:08'),(1167,1167,2,NULL,NULL,NULL,NULL,NULL,NULL,NULL,NULL,NULL,NULL,NULL,'2020-02-20 20:47:36',NULL,NULL,13,NULL,NULL,'Y','2020-02-20 14:20:08'),(1168,1168,2,NULL,NULL,NULL,NULL,NULL,NULL,NULL,NULL,NULL,NULL,NULL,'2020-02-20 20:47:36','Tried Twice Thrice,  Not Picked, Shall call again',NULL,11,NULL,NULL,'Y','2020-02-20 14:20:08'),(1169,1169,2,NULL,NULL,NULL,NULL,NULL,NULL,NULL,NULL,NULL,NULL,NULL,'2020-02-20 20:47:36','HE IS LOOKING FOR AUDI Q7 2018 MODEL. HE WANT TO EXCHANGE AUDI Q3 .',NULL,14,NULL,NULL,'Y','2020-02-20 14:20:08'),(1170,1170,4,1,NULL,'2020-02-20 20:57:03',NULL,NULL,NULL,NULL,NULL,NULL,NULL,NULL,'2020-02-20 20:57:03','HE IS LOOKING FOR CRETA .',NULL,14,NULL,NULL,'7','2020-02-20 14:20:08'),(1171,1171,4,1,NULL,'2020-02-20 20:57:03',NULL,NULL,NULL,NULL,NULL,NULL,NULL,NULL,'2020-02-20 20:57:03','always disconnecting',NULL,12,NULL,NULL,'7','2020-02-20 14:20:09'),(1172,1172,2,NULL,NULL,NULL,NULL,NULL,NULL,NULL,NULL,NULL,NULL,NULL,'2020-02-20 20:47:36',NULL,NULL,13,NULL,NULL,'Y','2020-02-20 14:20:09'),(1173,1173,2,NULL,NULL,NULL,NULL,NULL,NULL,NULL,NULL,NULL,NULL,NULL,'2020-02-20 20:47:36','explore audi A4',NULL,15,NULL,NULL,'Y','2020-02-20 14:20:09'),(1174,1174,2,NULL,NULL,NULL,NULL,NULL,NULL,NULL,NULL,NULL,NULL,NULL,'2020-02-20 20:47:36',NULL,NULL,18,NULL,NULL,'Y','2020-02-20 14:20:09'),(1175,1175,2,NULL,NULL,NULL,NULL,NULL,NULL,NULL,NULL,NULL,NULL,NULL,'2020-02-20 20:47:36','HE IS LOOKING FOR MRECESDES BENZ B CLASS & AUDI A6 DEATILS GIVEN .',NULL,14,NULL,NULL,'Y','2020-02-20 14:20:09'),(1176,1176,2,NULL,NULL,NULL,NULL,NULL,NULL,NULL,NULL,NULL,NULL,NULL,'2020-02-20 20:47:36','LOOKING FOR AUDI A6',NULL,15,NULL,NULL,'Y','2020-02-20 14:20:09'),(1177,1177,2,NULL,NULL,NULL,NULL,NULL,NULL,NULL,NULL,NULL,NULL,NULL,'2020-02-20 20:47:36','PLANNING FOR BMW 3 SERIES',NULL,19,NULL,NULL,'Y','2020-02-20 14:20:09'),(1178,1178,2,NULL,NULL,NULL,NULL,NULL,NULL,NULL,NULL,NULL,NULL,NULL,'2020-02-20 20:47:36','PLANNING FOR FORD ENDEVOUR',NULL,19,NULL,NULL,'Y','2020-02-20 14:20:09'),(1179,1179,2,NULL,NULL,NULL,NULL,NULL,NULL,NULL,NULL,NULL,NULL,NULL,'2020-02-20 20:47:36','PLANNING FOR AUDI Q5',NULL,19,NULL,NULL,'Y','2020-02-20 14:20:09'),(1180,1180,4,1,NULL,'2020-02-20 20:57:03',NULL,NULL,NULL,NULL,NULL,NULL,NULL,NULL,'2020-02-20 20:57:03','LOOKING FOR A CAR WITHIN 35 LAC',NULL,17,NULL,NULL,'7','2020-02-20 14:20:09'),(1181,1181,4,1,NULL,'2020-02-20 20:57:03',NULL,NULL,NULL,NULL,NULL,NULL,NULL,NULL,'2020-02-20 20:57:03','WANT CAR WITHIN 25 LAC',NULL,17,NULL,NULL,'7','2020-02-20 14:20:09'),(1182,1182,2,NULL,NULL,NULL,NULL,NULL,NULL,NULL,NULL,NULL,NULL,NULL,'2020-02-20 20:47:36','NUMBER IS OUT OF NETWORK.',NULL,14,NULL,NULL,'Y','2020-02-20 14:20:09'),(1183,1183,2,NULL,NULL,NULL,NULL,NULL,NULL,NULL,NULL,NULL,NULL,NULL,'2020-02-20 20:47:36','HE NOT RESPONDING ,BUT 2 -3 TIME TRYING .',NULL,14,NULL,NULL,'Y','2020-02-20 14:20:09'),(1184,1184,2,NULL,NULL,NULL,NULL,NULL,NULL,NULL,NULL,NULL,NULL,NULL,'2020-02-20 20:47:36','he is busy right now, will call back later after 30 minutes.',NULL,14,NULL,NULL,'Y','2020-02-20 14:20:09'),(1185,1185,2,NULL,NULL,NULL,NULL,NULL,NULL,NULL,NULL,NULL,NULL,NULL,'2020-02-20 20:47:36','LOOKING FOR CAR BUDGET 15 LAC A4 SHARE ON MESSAGE',NULL,15,NULL,NULL,'Y','2020-02-20 14:20:09'),(1186,1186,4,1,NULL,'2020-02-20 20:57:03',NULL,NULL,NULL,NULL,NULL,NULL,NULL,NULL,'2020-02-20 20:57:03','NOT PICKING UP THE CALL',NULL,17,NULL,NULL,'7','2020-02-20 14:20:09'),(1187,1187,2,NULL,NULL,NULL,NULL,NULL,NULL,NULL,NULL,NULL,NULL,NULL,'2020-02-20 20:47:36','call not picked',NULL,19,NULL,NULL,'Y','2020-02-20 14:20:09'),(1188,1188,2,NULL,NULL,NULL,NULL,NULL,NULL,NULL,NULL,NULL,NULL,NULL,'2020-02-20 20:47:36','he will visit showroom with his father next week to negotiate on audi A6.',NULL,14,NULL,NULL,'Y','2020-02-20 14:20:09'),(1189,1189,4,1,NULL,'2020-02-20 20:57:03',NULL,NULL,NULL,NULL,NULL,NULL,NULL,NULL,'2020-02-20 20:57:03','sumits lead',NULL,12,NULL,NULL,'7','2020-02-20 14:20:09'),(1190,1190,2,NULL,NULL,NULL,NULL,NULL,NULL,NULL,NULL,NULL,NULL,NULL,'2020-02-20 20:47:36',NULL,NULL,16,NULL,NULL,'Y','2020-02-20 14:20:09'),(1191,1191,2,NULL,NULL,NULL,NULL,NULL,NULL,NULL,NULL,NULL,NULL,NULL,'2020-02-20 20:47:36','WAN THE LAST PRICE OF BMW 5 SERIES 2017 MODEL UP N0',NULL,17,NULL,NULL,'Y','2020-02-20 14:20:09'),(1192,1192,2,NULL,NULL,NULL,NULL,NULL,NULL,NULL,NULL,NULL,NULL,NULL,'2020-02-20 20:47:36','WANT TO BUY A MERCEDES C CLASS 2017 MODEL',NULL,17,NULL,NULL,'Y','2020-02-20 14:20:09'),(1193,1193,2,NULL,NULL,NULL,NULL,NULL,NULL,NULL,NULL,NULL,NULL,NULL,'2020-02-20 20:47:36',NULL,NULL,14,NULL,NULL,'Y','2020-02-20 14:20:10'),(1194,1194,2,NULL,NULL,NULL,NULL,NULL,NULL,NULL,NULL,NULL,NULL,NULL,'2020-02-20 20:47:36','SHARE HIM THE DETAIL OF AUDI A4 RED 2015 MODEL',NULL,17,NULL,NULL,'Y','2020-02-20 14:20:10'),(1195,1195,2,NULL,NULL,NULL,NULL,NULL,NULL,NULL,NULL,NULL,NULL,NULL,'2020-02-20 20:47:36','BUSY RIGHT NOW',NULL,17,NULL,NULL,'Y','2020-02-20 14:20:10'),(1196,1196,2,NULL,NULL,NULL,NULL,NULL,NULL,NULL,NULL,NULL,NULL,NULL,'2020-02-20 20:47:36','SHARE HIM THE DETAIL OF BMW 3 SERIES 2016 MODEL PB10',NULL,17,NULL,NULL,'Y','2020-02-20 14:20:10'),(1197,1197,2,NULL,NULL,NULL,NULL,NULL,NULL,NULL,NULL,NULL,NULL,NULL,'2020-02-20 20:47:36','HE WILL VISIT SHOWROOM BY WEEKEDTO SEE THE CLA & AUDI A6 .',NULL,14,NULL,NULL,'Y','2020-02-20 14:20:10'),(1198,1198,4,1,NULL,'2020-02-20 20:57:03',NULL,NULL,NULL,NULL,NULL,NULL,NULL,NULL,'2020-02-20 20:57:03','WANT TO SELL HIS BMW 320D PRESTIGE 2016 MODEL',NULL,17,NULL,NULL,'7','2020-02-20 14:20:10'),(1199,1199,2,NULL,NULL,NULL,NULL,NULL,NULL,NULL,NULL,NULL,NULL,NULL,'2020-02-20 20:47:36','SWITCH OFF RIGHT NOW',NULL,17,NULL,NULL,'Y','2020-02-20 14:20:10'),(1200,1200,2,NULL,NULL,NULL,NULL,NULL,NULL,NULL,NULL,NULL,NULL,NULL,'2020-02-20 20:47:36',NULL,NULL,13,NULL,NULL,'Y','2020-02-20 14:20:10'),(1201,1201,2,NULL,NULL,NULL,NULL,NULL,NULL,NULL,NULL,NULL,NULL,NULL,'2020-02-20 20:47:36','PLANNING FOR RANGE ROVER EVOQUE',NULL,19,NULL,NULL,'Y','2020-02-20 14:20:10'),(1202,1202,2,NULL,NULL,NULL,NULL,NULL,NULL,NULL,NULL,NULL,NULL,NULL,'2020-02-20 20:47:36','HE IS LOOKING FOR AUDI A6 . WILL VISIT SHOWROOM MONDAY OR TUESDAY.',NULL,14,NULL,NULL,'Y','2020-02-20 14:20:10'),(1203,1203,2,NULL,NULL,NULL,NULL,NULL,NULL,NULL,NULL,NULL,NULL,NULL,'2020-02-20 20:47:36','HE IS LOOKING FOR MERCEDS BENZ CLA CLASS . BUT BUDGET FOR 20 LAKH. INVITED TO VISIT SHOWROOM FOR NEGOTIATE.',NULL,14,NULL,NULL,'Y','2020-02-20 14:20:10'),(1204,1204,2,NULL,NULL,NULL,NULL,NULL,NULL,NULL,NULL,NULL,NULL,NULL,'2020-02-20 20:47:36','HE WANT CHANDIGARGH NUMBER SUV .',NULL,14,NULL,NULL,'Y','2020-02-20 14:20:10'),(1205,1205,2,NULL,NULL,NULL,NULL,NULL,NULL,NULL,NULL,NULL,NULL,NULL,'2020-02-20 20:47:36','NEW SHAPE FORTUNER SEARCH',NULL,18,NULL,NULL,'Y','2020-02-20 14:20:10'),(1206,1206,2,NULL,NULL,NULL,NULL,NULL,NULL,NULL,NULL,NULL,NULL,NULL,'2020-02-20 20:47:36','PLANNING FOR S CLASS',NULL,19,NULL,NULL,'Y','2020-02-20 14:20:10'),(1207,1207,2,NULL,NULL,NULL,NULL,NULL,NULL,NULL,NULL,NULL,NULL,NULL,'2020-02-20 20:47:36',NULL,NULL,13,NULL,NULL,'Y','2020-02-20 14:20:10'),(1208,1208,2,NULL,NULL,NULL,NULL,NULL,NULL,NULL,NULL,NULL,NULL,NULL,'2020-02-20 20:47:36',NULL,NULL,13,NULL,NULL,'Y','2020-02-20 14:20:10'),(1209,1209,2,NULL,NULL,NULL,NULL,NULL,NULL,NULL,NULL,NULL,NULL,NULL,'2020-02-20 20:47:36','HE  LOOKING FOR LAND ROVER FREELANDER 2 . BUT BUDGET FOR 13 LAKH  MODEL 2016. HE WILL WE PLAN VISIT THE SHOWROOM .',NULL,14,NULL,NULL,'Y','2020-02-20 14:20:10'),(1210,1210,2,NULL,NULL,NULL,NULL,NULL,NULL,NULL,NULL,NULL,NULL,NULL,'2020-02-20 20:47:36','NOT RESPONDING.HE LOOKING FOR MERCEDES BENZ GLA , CLA CLASS BUT BUDGET FOR AROUND 20 LAKH . SO HE PLAN VISIT FOR TOMORROW . AND SENDING PHOTOS  CLA . GLA CLASS AND LOCATION AND ADDRESS SHOWROOM.',NULL,14,NULL,NULL,'Y','2020-02-20 14:20:10'),(1211,1211,2,NULL,NULL,NULL,NULL,NULL,NULL,NULL,NULL,NULL,NULL,NULL,'2020-02-20 20:47:36','WANT THE LAST PRICE OF MERCEDES E CLASS 2015 WHITE',NULL,17,NULL,NULL,'Y','2020-02-20 14:20:10'),(1212,1212,2,NULL,NULL,NULL,NULL,NULL,NULL,NULL,NULL,NULL,NULL,NULL,'2020-02-20 20:47:36','WANT TO SEE MERCEDES E250 2015 MODEL WHITE',NULL,17,NULL,NULL,'Y','2020-02-20 14:20:10'),(1213,1213,4,1,NULL,'2020-02-20 20:57:03',NULL,NULL,NULL,NULL,NULL,NULL,NULL,NULL,'2020-02-20 20:57:03',NULL,NULL,17,NULL,NULL,'7','2020-02-20 14:20:10'),(1214,1214,2,NULL,NULL,NULL,NULL,NULL,NULL,NULL,NULL,NULL,NULL,NULL,'2020-02-20 20:47:36','he visit  showroom and he looking for MERCEDES BENZ GLA  & AUDI A6 . HE WILL  DISCUSS WITH FAMLIY  TO FINALISE.',NULL,14,NULL,NULL,'Y','2020-02-20 14:20:10'),(1215,1215,2,NULL,NULL,NULL,NULL,NULL,NULL,NULL,NULL,NULL,NULL,NULL,'2020-02-20 20:47:36','LOOKING FOR EVOQUE',NULL,15,NULL,NULL,'Y','2020-02-20 14:20:11'),(1216,1216,4,1,NULL,'2020-02-20 20:57:03',NULL,NULL,NULL,NULL,NULL,NULL,NULL,NULL,'2020-02-20 20:57:03','LOOKING FOR ERTIGA ONLY.',NULL,15,NULL,NULL,'7','2020-02-20 14:20:11'),(1217,1217,2,NULL,NULL,NULL,NULL,NULL,NULL,NULL,NULL,NULL,NULL,NULL,'2020-02-20 20:47:36',NULL,NULL,13,NULL,NULL,'Y','2020-02-20 14:20:11'),(1218,1218,2,NULL,NULL,NULL,NULL,NULL,NULL,NULL,NULL,NULL,NULL,NULL,'2020-02-20 20:47:36','he says busy now so he asking to call back tomorrow morning. 07/2 not answering. 7/2 he is interested to purchase in cash but sort of 2 lakh. said he will call within 2 or 3 days to finalize the car.',NULL,14,NULL,NULL,'Y','2020-02-20 14:20:11'),(1219,1219,2,NULL,NULL,NULL,NULL,NULL,NULL,NULL,NULL,NULL,NULL,NULL,'2020-02-20 20:47:36',NULL,NULL,12,NULL,NULL,'Y','2020-02-20 14:20:11'),(1220,1220,2,NULL,NULL,NULL,NULL,NULL,NULL,NULL,NULL,NULL,NULL,NULL,'2020-02-20 20:47:36','LOOKING FOR XC 90',NULL,15,NULL,NULL,'Y','2020-02-20 14:20:11'),(1221,1221,2,NULL,NULL,NULL,NULL,NULL,NULL,NULL,NULL,NULL,NULL,NULL,'2020-02-20 20:47:36','he visit the showroom but interested for mereceds benz GLA CLASS  white  but plan march .',NULL,14,NULL,NULL,'Y','2020-02-20 14:20:11'),(1222,1222,2,NULL,NULL,NULL,NULL,NULL,NULL,NULL,NULL,NULL,NULL,NULL,'2020-02-20 20:47:36','LOOKING FOR Q7 VISIT TUESDAY CHANDIGARH SHOWROOM',NULL,15,NULL,NULL,'Y','2020-02-20 14:20:11'),(1223,1223,2,NULL,NULL,NULL,NULL,NULL,NULL,NULL,NULL,NULL,NULL,NULL,'2020-02-20 20:47:36','LOOKING FOR SUV CAR',NULL,15,NULL,NULL,'Y','2020-02-20 14:20:11'),(1224,1224,2,NULL,NULL,NULL,NULL,NULL,NULL,NULL,NULL,NULL,NULL,NULL,'2020-02-20 20:47:36','PLANNING FOR E CLASS',NULL,19,NULL,NULL,'Y','2020-02-20 14:20:11'),(1225,1225,4,1,NULL,'2020-02-20 20:57:03',NULL,NULL,NULL,NULL,NULL,NULL,NULL,NULL,'2020-02-20 20:57:03','LOOKING FOR A CAR GLE ONLY WHITE',NULL,17,NULL,NULL,'7','2020-02-20 14:20:11'),(1226,1226,2,NULL,NULL,NULL,NULL,NULL,NULL,NULL,NULL,NULL,NULL,NULL,'2020-02-20 20:47:36','LOOKING FOR LUXURY CAR BUDGET 9 LAKH MAX.',NULL,15,NULL,NULL,'Y','2020-02-20 14:20:11'),(1227,1227,2,NULL,NULL,NULL,NULL,NULL,NULL,NULL,NULL,NULL,NULL,NULL,'2020-02-20 20:47:36',NULL,NULL,13,NULL,NULL,'Y','2020-02-20 14:20:11'),(1228,1228,2,NULL,NULL,NULL,NULL,NULL,NULL,NULL,NULL,NULL,NULL,NULL,'2020-02-20 20:47:36',NULL,NULL,13,NULL,NULL,'Y','2020-02-20 14:20:12'),(1229,1229,2,NULL,NULL,NULL,NULL,NULL,NULL,NULL,NULL,NULL,NULL,NULL,'2020-02-20 20:47:36',NULL,NULL,13,NULL,NULL,'Y','2020-02-20 14:20:12'),(1230,1230,2,NULL,NULL,NULL,NULL,NULL,NULL,NULL,NULL,NULL,NULL,NULL,'2020-02-20 20:47:36',NULL,NULL,13,NULL,NULL,'Y','2020-02-20 14:20:12'),(1231,1231,2,NULL,NULL,NULL,NULL,NULL,NULL,NULL,NULL,NULL,NULL,NULL,'2020-02-20 20:47:36','HE IS LOOKING FOR 5 SERIES AND MERCEDES BENZ E CLASS IN BUDGET FOR 15 LAKH.',NULL,14,NULL,NULL,'Y','2020-02-20 14:20:12'),(1232,1232,2,NULL,NULL,NULL,NULL,NULL,NULL,NULL,NULL,NULL,NULL,NULL,'2020-02-20 20:47:36','details share on whatsaap.10-2 TODAY HIS FATHER IS IN DELHI. CAN VISIT KARNAL SHOWROOM TODAY FOR B CLASS  AND E CLASS.11-2 customer gave last price of 15.5 lakh on call for E Class 2013  brown color.',NULL,14,NULL,NULL,'Y','2020-02-20 14:20:12'),(1233,1233,2,NULL,NULL,NULL,NULL,NULL,NULL,NULL,NULL,NULL,NULL,NULL,'2020-02-20 20:47:36','WILL VISIT SHOWROOM',NULL,17,NULL,NULL,'Y','2020-02-20 14:20:12'),(1234,1234,2,NULL,NULL,NULL,NULL,NULL,NULL,NULL,NULL,NULL,NULL,NULL,'2020-02-20 20:47:36','he is already in conversation with Ajay sir. 7/2  details given for e class 2013 on whatsapp. he need car punjab number only.',NULL,14,NULL,NULL,'Y','2020-02-20 14:20:13'),(1235,1235,2,NULL,NULL,NULL,NULL,NULL,NULL,NULL,NULL,NULL,NULL,NULL,'2020-02-20 20:47:36','BUSY NOW CALL LATER',NULL,18,NULL,NULL,'Y','2020-02-20 14:20:13'),(1236,1236,2,NULL,NULL,NULL,NULL,NULL,NULL,NULL,NULL,NULL,NULL,NULL,'2020-02-20 20:47:36',NULL,NULL,16,NULL,NULL,'Y','2020-02-20 14:20:13'),(1237,1237,2,NULL,NULL,NULL,NULL,NULL,NULL,NULL,NULL,NULL,NULL,NULL,'2020-02-20 20:47:36','LOOKING FOR B CLASS , EXCAHNGE CRETA',NULL,18,NULL,NULL,'Y','2020-02-20 14:20:13'),(1238,1238,2,NULL,NULL,NULL,NULL,NULL,NULL,NULL,NULL,NULL,NULL,NULL,'2020-02-20 20:47:36','he looking for 5 series . 5 series details share on whatsaap .',NULL,14,NULL,NULL,'Y','2020-02-20 14:20:13'),(1239,1239,2,NULL,NULL,NULL,NULL,NULL,NULL,NULL,NULL,NULL,NULL,NULL,'2020-02-20 20:47:36','NO NOT AVAILABLE',NULL,17,NULL,NULL,'Y','2020-02-20 14:20:13'),(1240,1240,2,NULL,NULL,NULL,NULL,NULL,NULL,NULL,NULL,NULL,NULL,NULL,'2020-02-20 20:47:36',NULL,NULL,12,NULL,NULL,'Y','2020-02-20 14:20:13'),(1241,1241,2,NULL,NULL,NULL,NULL,NULL,NULL,NULL,NULL,NULL,NULL,NULL,'2020-02-20 20:47:36','he looking BMW 5 SERIES  & MERECDES BENZ S CLASS  WHITE . BUDGET FOR 20- 25 LAKH TAK .',NULL,14,NULL,NULL,'Y','2020-02-20 14:20:13'),(1242,1242,2,NULL,NULL,NULL,NULL,NULL,NULL,NULL,NULL,NULL,NULL,NULL,'2020-02-20 20:47:36','looking for 7 series',NULL,15,NULL,NULL,'Y','2020-02-20 14:20:13'),(1243,1243,2,NULL,NULL,NULL,NULL,NULL,NULL,NULL,NULL,NULL,NULL,NULL,'2020-02-20 20:47:36','EXPLORE EVOQUE,AUDI A6,A4',NULL,18,NULL,NULL,'Y','2020-02-20 14:20:13'),(1244,1244,2,NULL,NULL,NULL,NULL,NULL,NULL,NULL,NULL,NULL,NULL,NULL,'2020-02-20 20:47:36','EXPLORE A6,WANT TO SALE TATA MAXO',NULL,18,NULL,NULL,'Y','2020-02-20 14:20:13'),(1245,1245,4,1,NULL,'2020-02-20 20:57:03',NULL,NULL,NULL,NULL,NULL,NULL,NULL,NULL,'2020-02-20 20:57:03','no plan .',NULL,14,NULL,NULL,'7','2020-02-20 14:20:13'),(1246,1246,4,1,NULL,'2020-02-20 20:57:03',NULL,NULL,NULL,NULL,NULL,NULL,NULL,NULL,'2020-02-20 20:57:03','purchse AUDI A3',NULL,15,NULL,NULL,'7','2020-02-20 14:20:13'),(1247,1247,2,NULL,NULL,NULL,NULL,NULL,NULL,NULL,NULL,NULL,NULL,NULL,'2020-02-20 20:47:36',NULL,NULL,18,NULL,NULL,'Y','2020-02-20 14:20:13'),(1248,1248,2,NULL,NULL,NULL,NULL,NULL,NULL,NULL,NULL,NULL,NULL,NULL,'2020-02-20 20:47:36','PLANNING FOR AUDI Q5',NULL,19,NULL,NULL,'Y','2020-02-20 14:20:13'),(1249,1249,2,NULL,NULL,NULL,NULL,NULL,NULL,NULL,NULL,NULL,NULL,NULL,'2020-02-20 20:47:36','EXPLORE E CLASS',NULL,18,NULL,NULL,'Y','2020-02-20 14:20:13'),(1250,1250,2,NULL,NULL,NULL,NULL,NULL,NULL,NULL,NULL,NULL,NULL,NULL,'2020-02-20 20:47:36','EXPLORE AUDI A4,WANT TO SALE POLO',NULL,18,NULL,NULL,'Y','2020-02-20 14:20:13'),(1251,1251,2,NULL,NULL,NULL,NULL,NULL,NULL,NULL,NULL,NULL,NULL,NULL,'2020-02-20 20:47:36',NULL,NULL,13,NULL,NULL,'Y','2020-02-20 14:20:13'),(1252,1252,2,NULL,NULL,NULL,NULL,NULL,NULL,NULL,NULL,NULL,NULL,NULL,'2020-02-20 20:47:36','PLANNING FOR C CLASS',NULL,19,NULL,NULL,'Y','2020-02-20 14:20:14'),(1253,1253,4,1,NULL,'2020-02-20 20:57:03',NULL,NULL,NULL,NULL,NULL,NULL,NULL,NULL,'2020-02-20 20:57:03','looking for brezza only.',NULL,20,NULL,NULL,'7','2020-02-20 14:20:14'),(1254,1254,2,NULL,NULL,NULL,NULL,NULL,NULL,NULL,NULL,NULL,NULL,NULL,'2020-02-20 20:47:36','PLANNING FOR C CLASS',NULL,19,NULL,NULL,'Y','2020-02-20 14:20:14'),(1255,1255,2,NULL,NULL,NULL,NULL,NULL,NULL,NULL,NULL,NULL,NULL,NULL,'2020-02-20 20:47:36','PLANNING FOR AUDI Q5',NULL,19,NULL,NULL,'Y','2020-02-20 14:20:14'),(1256,1256,2,NULL,NULL,NULL,NULL,NULL,NULL,NULL,NULL,NULL,NULL,NULL,'2020-02-20 20:47:36','his 320d having missing problem / looking for regular service /',NULL,0,NULL,NULL,'Y','2020-02-20 14:20:14'),(1257,1257,2,NULL,NULL,NULL,NULL,NULL,NULL,NULL,NULL,NULL,NULL,NULL,'2020-02-20 20:47:36','STOCK SHARE ON WHATS APP want c class only in black colour',NULL,18,NULL,NULL,'Y','2020-02-20 14:20:14'),(1258,1258,2,NULL,NULL,NULL,NULL,NULL,NULL,NULL,NULL,NULL,NULL,NULL,'2020-02-20 20:47:36','PLANNING FOR AUDI A4',NULL,19,NULL,NULL,'Y','2020-02-20 14:20:14'),(1259,1259,2,NULL,NULL,NULL,NULL,NULL,NULL,NULL,NULL,NULL,NULL,NULL,'2020-02-20 20:47:36',NULL,NULL,13,NULL,NULL,'Y','2020-02-20 14:20:14'),(1260,1260,4,1,NULL,'2020-02-20 20:57:03',NULL,NULL,NULL,NULL,NULL,NULL,NULL,NULL,'2020-02-20 20:57:03','LOOKING FOR GLA',NULL,17,NULL,NULL,'7','2020-02-20 14:20:14'),(1261,1261,2,NULL,NULL,NULL,NULL,NULL,NULL,NULL,NULL,NULL,NULL,NULL,'2020-02-20 20:47:36','LOOKING FOR BMW',NULL,15,NULL,NULL,'Y','2020-02-20 14:20:14'),(1262,1262,2,NULL,NULL,NULL,NULL,NULL,NULL,NULL,NULL,NULL,NULL,NULL,'2020-02-20 20:47:36',NULL,NULL,13,NULL,NULL,'Y','2020-02-20 14:20:14'),(1263,1263,2,NULL,NULL,NULL,NULL,NULL,NULL,NULL,NULL,NULL,NULL,NULL,'2020-02-20 20:47:36',NULL,NULL,13,NULL,NULL,'Y','2020-02-20 14:20:14'),(1264,1264,2,NULL,NULL,NULL,NULL,NULL,NULL,NULL,NULL,NULL,NULL,NULL,'2020-02-20 20:47:36',NULL,NULL,13,NULL,NULL,'Y','2020-02-20 14:20:14'),(1265,1265,2,NULL,NULL,NULL,NULL,NULL,NULL,NULL,NULL,NULL,NULL,NULL,'2020-02-20 20:47:36',NULL,NULL,13,NULL,NULL,'Y','2020-02-20 14:20:14'),(1266,1266,2,NULL,NULL,NULL,NULL,NULL,NULL,NULL,NULL,NULL,NULL,NULL,'2020-02-20 20:47:36','ONLY PETROL CAR',NULL,20,NULL,NULL,'Y','2020-02-20 14:20:14'),(1267,1267,4,1,NULL,'2020-02-20 20:57:03',NULL,NULL,NULL,NULL,NULL,NULL,NULL,NULL,'2020-02-20 20:57:03','his boy had enquired .',NULL,12,NULL,NULL,'7','2020-02-20 14:20:14'),(1268,1268,2,NULL,NULL,NULL,NULL,NULL,NULL,NULL,NULL,NULL,NULL,NULL,'2020-02-20 20:47:36','AGAIN CALL',NULL,15,NULL,NULL,'Y','2020-02-20 14:20:14'),(1269,1269,2,NULL,NULL,NULL,NULL,NULL,NULL,NULL,NULL,NULL,NULL,NULL,'2020-02-20 20:47:36','planning for s class',NULL,19,NULL,NULL,'Y','2020-02-20 14:20:14'),(1270,1270,2,NULL,NULL,NULL,NULL,NULL,NULL,NULL,NULL,NULL,NULL,NULL,'2020-02-20 20:47:36','NOT RESPNDING TRY THREE TIMES',NULL,17,NULL,NULL,'Y','2020-02-20 14:20:15'),(1271,1271,2,NULL,NULL,NULL,NULL,NULL,NULL,NULL,NULL,NULL,NULL,NULL,'2020-02-20 20:47:36',NULL,NULL,12,NULL,NULL,'Y','2020-02-20 14:20:15'),(1272,1272,2,NULL,NULL,NULL,NULL,NULL,NULL,NULL,NULL,NULL,NULL,NULL,'2020-02-20 20:47:36','wants 5gt car in punjab  car not available',NULL,12,NULL,NULL,'Y','2020-02-20 14:20:15'),(1273,1273,2,NULL,NULL,NULL,NULL,NULL,NULL,NULL,NULL,NULL,NULL,NULL,'2020-02-20 20:47:36',NULL,NULL,12,NULL,NULL,'Y','2020-02-20 14:20:15'),(1274,1274,2,NULL,NULL,NULL,NULL,NULL,NULL,NULL,NULL,NULL,NULL,NULL,'2020-02-20 20:47:36','MR AKASH WILL COME AROUND 4.00',NULL,17,NULL,NULL,'Y','2020-02-20 14:20:15'),(1275,1275,2,NULL,NULL,NULL,NULL,NULL,NULL,NULL,NULL,NULL,NULL,NULL,'2020-02-20 20:47:36','LOOKING FOR AUDI A4 Q3 UDGET MAX.18 LAKH',NULL,15,NULL,NULL,'Y','2020-02-20 14:20:15'),(1276,1276,2,NULL,NULL,NULL,NULL,NULL,NULL,NULL,NULL,NULL,NULL,NULL,'2020-02-20 20:47:36','PLANNING FOR AUDI Q5',NULL,19,NULL,NULL,'Y','2020-02-20 14:20:15'),(1277,1277,2,NULL,NULL,NULL,NULL,NULL,NULL,NULL,NULL,NULL,NULL,NULL,'2020-02-20 20:47:36','HE INTERESTED Q7 BUT BUDGET FOR 50 LAKH .',NULL,14,NULL,NULL,'Y','2020-02-20 14:20:15'),(1278,1278,2,NULL,NULL,NULL,NULL,NULL,NULL,NULL,NULL,NULL,NULL,NULL,'2020-02-20 20:47:36','HE LOOKING FOR AUDI Q7 BLACK . BUDGET FOR 49 - 50 LAKH UPTO .',NULL,14,NULL,NULL,'Y','2020-02-20 14:20:15'),(1279,1279,2,NULL,NULL,NULL,NULL,NULL,NULL,NULL,NULL,NULL,NULL,NULL,'2020-02-20 20:47:36',NULL,NULL,13,NULL,NULL,'Y','2020-02-20 14:20:15'),(1280,1280,2,NULL,NULL,NULL,NULL,NULL,NULL,NULL,NULL,NULL,NULL,NULL,'2020-02-20 20:47:36','WANT TO SELL S90 INSCRIPTION D4  2017 MODEL 17000 KM RUN',NULL,0,NULL,NULL,'Y','2020-02-20 14:20:15'),(1281,1281,2,NULL,NULL,NULL,NULL,NULL,NULL,NULL,NULL,NULL,NULL,NULL,'2020-02-20 20:47:36','PLANNING FOR BMW 5 SERIES',NULL,19,NULL,NULL,'Y','2020-02-20 14:20:15'),(1282,1282,2,NULL,NULL,NULL,NULL,NULL,NULL,NULL,NULL,NULL,NULL,NULL,'2020-02-20 20:47:36','NEED MERCEDES E CLASS',NULL,17,NULL,NULL,'Y','2020-02-20 14:20:15'),(1283,1283,2,NULL,NULL,NULL,NULL,NULL,NULL,NULL,NULL,NULL,NULL,NULL,'2020-02-20 20:47:36','not answering . whatsaap message sent . will call again later .',NULL,14,NULL,NULL,'Y','2020-02-20 14:20:15'),(1284,1284,2,NULL,NULL,NULL,NULL,NULL,NULL,NULL,NULL,NULL,NULL,NULL,'2020-02-20 20:47:36','LAND ROVER MANUAL CAR SEARCH',NULL,15,NULL,NULL,'Y','2020-02-20 14:20:15'),(1285,1285,2,NULL,NULL,NULL,NULL,NULL,NULL,NULL,NULL,NULL,NULL,NULL,'2020-02-20 20:47:36','NO WAITING',NULL,17,NULL,NULL,'Y','2020-02-20 14:20:15'),(1286,1286,2,NULL,NULL,NULL,NULL,NULL,NULL,NULL,NULL,NULL,NULL,NULL,'2020-02-20 20:47:36','NO SWITCH OFF',NULL,17,NULL,NULL,'Y','2020-02-20 14:20:15'),(1287,1287,2,NULL,NULL,NULL,NULL,NULL,NULL,NULL,NULL,NULL,NULL,NULL,'2020-02-20 20:47:36','INTERESTED  IN MERC E CLASS WILL DO VISIT',NULL,17,NULL,NULL,'Y','2020-02-20 14:20:15'),(1288,1288,2,NULL,NULL,NULL,NULL,NULL,NULL,NULL,NULL,NULL,NULL,NULL,'2020-02-20 20:47:36','NO WAITING/SENT HIM STOCK',NULL,17,NULL,NULL,'Y','2020-02-20 14:20:15'),(1289,1289,2,NULL,NULL,NULL,NULL,NULL,NULL,NULL,NULL,NULL,NULL,NULL,'2020-02-20 20:47:36','NOT RESPONDING TRY THREE TIMES',NULL,17,NULL,NULL,'Y','2020-02-20 14:20:15'),(1290,1290,2,NULL,NULL,NULL,NULL,NULL,NULL,NULL,NULL,NULL,NULL,NULL,'2020-02-20 20:47:36','PLANNING FOR BMW X5',NULL,19,NULL,NULL,'Y','2020-02-20 14:20:15'),(1291,1291,2,NULL,NULL,NULL,NULL,NULL,NULL,NULL,NULL,NULL,NULL,NULL,'2020-02-20 20:47:36',NULL,NULL,13,NULL,NULL,'Y','2020-02-20 14:20:16'),(1292,1292,4,1,NULL,'2020-02-20 20:57:03',NULL,NULL,NULL,NULL,NULL,NULL,NULL,NULL,'2020-02-20 20:57:03','HE ALREADY BOUGHT THE CAR . WAS ENQUIRING FOR PRICE COMPARISION',NULL,13,NULL,NULL,'7','2020-02-20 14:20:16'),(1293,1293,2,NULL,NULL,NULL,NULL,NULL,NULL,NULL,NULL,NULL,NULL,NULL,'2020-02-20 20:47:36',NULL,NULL,13,NULL,NULL,'Y','2020-02-20 14:20:16'),(1294,1294,2,NULL,NULL,NULL,NULL,NULL,NULL,NULL,NULL,NULL,NULL,NULL,'2020-02-20 20:47:36','not answering.',NULL,14,NULL,NULL,'Y','2020-02-20 14:20:16'),(1295,1295,2,NULL,NULL,NULL,NULL,NULL,NULL,NULL,NULL,NULL,NULL,NULL,'2020-02-20 20:47:36','NO RESPONSE',NULL,19,NULL,NULL,'Y','2020-02-20 14:20:16'),(1296,1296,2,NULL,NULL,NULL,NULL,NULL,NULL,NULL,NULL,NULL,NULL,NULL,'2020-02-20 20:47:36',NULL,NULL,20,NULL,NULL,'Y','2020-02-20 14:20:16'),(1297,1297,2,NULL,NULL,NULL,NULL,NULL,NULL,NULL,NULL,NULL,NULL,NULL,'2020-02-20 20:47:36','he looking for MERCEDES BENZ S CLASS , GLC AND BMW 520D  . BUDGET FOR 15 -16 LAKH .',NULL,14,NULL,NULL,'Y','2020-02-20 14:20:16'),(1298,1298,2,NULL,NULL,NULL,NULL,NULL,NULL,NULL,NULL,NULL,NULL,NULL,'2020-02-20 20:47:36',NULL,NULL,12,NULL,NULL,'Y','2020-02-20 14:20:16'),(1299,1299,4,1,NULL,'2020-02-20 20:57:03',NULL,NULL,NULL,NULL,NULL,NULL,NULL,NULL,'2020-02-20 20:57:03','sumits lead',NULL,12,NULL,NULL,'7','2020-02-20 14:20:16'),(1300,1300,2,NULL,NULL,NULL,NULL,NULL,NULL,NULL,NULL,NULL,NULL,NULL,'2020-02-20 20:47:36',NULL,NULL,13,NULL,NULL,'Y','2020-02-20 14:20:16'),(1301,1301,2,NULL,NULL,NULL,NULL,NULL,NULL,NULL,NULL,NULL,NULL,NULL,'2020-02-20 20:47:36','REPEAT.',NULL,12,NULL,NULL,'Y','2020-02-20 14:20:16'),(1302,1302,4,1,NULL,'2020-02-20 20:57:03',NULL,NULL,NULL,NULL,NULL,NULL,NULL,NULL,'2020-02-20 20:57:03','always switched off ..',NULL,12,NULL,NULL,'7','2020-02-20 14:20:16'),(1303,1303,2,NULL,NULL,NULL,NULL,NULL,NULL,NULL,NULL,NULL,NULL,NULL,'2020-02-20 20:47:36',NULL,NULL,12,NULL,NULL,'Y','2020-02-20 14:20:16'),(1304,1304,2,NULL,NULL,NULL,NULL,NULL,NULL,NULL,NULL,NULL,NULL,NULL,'2020-02-20 20:47:36','wants 2012-13 evoqe Q3 .. car not available ..',NULL,12,NULL,NULL,'Y','2020-02-20 14:20:16'),(1305,1305,2,NULL,NULL,NULL,NULL,NULL,NULL,NULL,NULL,NULL,NULL,NULL,'2020-02-20 20:47:36','Already intouch , details share',NULL,18,NULL,NULL,'Y','2020-02-20 14:20:16'),(1306,1306,4,1,NULL,'2020-02-20 20:57:03',NULL,NULL,NULL,NULL,NULL,NULL,NULL,NULL,'2020-02-20 20:57:03','JUST WATCHING THE CAR STOCK',NULL,17,NULL,NULL,'7','2020-02-20 14:20:16'),(1307,1307,4,1,NULL,'2020-02-20 20:57:03',NULL,NULL,NULL,NULL,NULL,NULL,NULL,NULL,'2020-02-20 20:57:03','SAID NO PLAN',NULL,17,NULL,NULL,'7','2020-02-20 14:20:16'),(1308,1308,2,NULL,NULL,NULL,NULL,NULL,NULL,NULL,NULL,NULL,NULL,NULL,'2020-02-20 20:47:36','WANT TO BUY CAR WITHIN 20 LAC',NULL,17,NULL,NULL,'Y','2020-02-20 14:20:16'),(1309,1309,4,1,NULL,'2020-02-20 20:57:03',NULL,NULL,NULL,NULL,NULL,NULL,NULL,NULL,'2020-02-20 20:57:03','NOT RESPODING TRY THREE TIMES',NULL,17,NULL,NULL,'7','2020-02-20 14:20:16'),(1310,1310,4,1,NULL,'2020-02-20 20:57:03',NULL,NULL,NULL,NULL,NULL,NULL,NULL,NULL,'2020-02-20 20:57:03','INTERESTED IN 320D',NULL,17,NULL,NULL,'7','2020-02-20 14:20:16'),(1311,1311,2,NULL,NULL,NULL,NULL,NULL,NULL,NULL,NULL,NULL,NULL,NULL,'2020-02-20 20:47:36','HE LOOKING FOR MERECDES BENZ C - CLASS PETROL  AND BUDGET 5 LAKH .',NULL,14,NULL,NULL,'Y','2020-02-20 14:20:16'),(1312,1312,2,NULL,NULL,NULL,NULL,NULL,NULL,NULL,NULL,NULL,NULL,NULL,'2020-02-20 20:47:36','visit showroom soon for audi a6 , ore intrested in xf budget 15 lac max',NULL,18,NULL,NULL,'Y','2020-02-20 14:20:17'),(1313,1313,4,1,NULL,'2020-02-20 20:57:03',NULL,NULL,NULL,NULL,NULL,NULL,NULL,NULL,'2020-02-20 20:57:03',NULL,NULL,12,NULL,NULL,'7','2020-02-20 14:20:17'),(1314,1314,4,1,NULL,'2020-02-20 20:57:03',NULL,NULL,NULL,NULL,NULL,NULL,NULL,NULL,'2020-02-20 20:57:03',NULL,NULL,13,NULL,NULL,'7','2020-02-20 14:20:17'),(1315,1315,2,NULL,NULL,NULL,NULL,NULL,NULL,NULL,NULL,NULL,NULL,NULL,'2020-02-20 20:47:36','not pick first call',NULL,18,NULL,NULL,'Y','2020-02-20 14:20:17'),(1316,1316,2,NULL,NULL,NULL,NULL,NULL,NULL,NULL,NULL,NULL,NULL,NULL,'2020-02-20 20:47:36','AGAIN CALL AGTER 15 DAYS',NULL,15,NULL,NULL,'Y','2020-02-20 14:20:17'),(1317,1317,2,NULL,NULL,NULL,NULL,NULL,NULL,NULL,NULL,NULL,NULL,NULL,'2020-02-20 20:47:36','not pick first call',NULL,18,NULL,NULL,'Y','2020-02-20 14:20:17'),(1318,1318,2,NULL,NULL,NULL,NULL,NULL,NULL,NULL,NULL,NULL,NULL,NULL,'2020-02-20 20:47:36','he looking for bmw 5 series 2015 - 16 model budget for 20 lakh.',NULL,14,NULL,NULL,'Y','2020-02-20 14:20:17'),(1319,1319,4,1,NULL,'2020-02-20 20:57:03',NULL,NULL,NULL,NULL,NULL,NULL,NULL,NULL,'2020-02-20 20:57:03','WANT TO BUY XE OR GLA',NULL,17,NULL,NULL,'7','2020-02-20 14:20:17'),(1320,1320,4,1,NULL,'2020-02-20 20:57:03',NULL,NULL,NULL,NULL,NULL,NULL,NULL,NULL,'2020-02-20 20:57:03','ITS SUMIT,S LEAD',NULL,12,NULL,NULL,'7','2020-02-20 14:20:17'),(1321,1321,2,NULL,NULL,NULL,NULL,NULL,NULL,NULL,NULL,NULL,NULL,NULL,'2020-02-20 20:47:36','PLANNING CAR  FOR BMW 5 SERIES',NULL,19,NULL,NULL,'Y','2020-02-20 14:20:17'),(1322,1322,2,NULL,NULL,NULL,NULL,NULL,NULL,NULL,NULL,NULL,NULL,NULL,'2020-02-20 20:47:36','PLANNING FOR S CLASS',NULL,19,NULL,NULL,'Y','2020-02-20 14:20:17'),(1323,1323,2,NULL,NULL,NULL,NULL,NULL,NULL,NULL,NULL,NULL,NULL,NULL,'2020-02-20 20:47:36','EXPLORE E CLASS',NULL,18,NULL,NULL,'Y','2020-02-20 14:20:17'),(1324,1324,2,NULL,NULL,NULL,NULL,NULL,NULL,NULL,NULL,NULL,NULL,NULL,'2020-02-20 20:47:36','PLANNING FOR AUDI Q5',NULL,19,NULL,NULL,'Y','2020-02-20 14:20:17'),(1325,1325,4,1,NULL,'2020-02-20 20:57:03',NULL,NULL,NULL,NULL,NULL,NULL,NULL,NULL,'2020-02-20 20:57:03','NO PLAN',NULL,17,NULL,NULL,'7','2020-02-20 14:20:17'),(1326,1326,2,NULL,NULL,NULL,NULL,NULL,NULL,NULL,NULL,NULL,NULL,NULL,'2020-02-20 20:47:36','EXPLORE E CLASS',NULL,18,NULL,NULL,'Y','2020-02-20 14:20:17'),(1327,1327,2,NULL,NULL,NULL,NULL,NULL,NULL,NULL,NULL,NULL,NULL,NULL,'2020-02-20 20:47:36','PLANNING FOR S CLASS',NULL,19,NULL,NULL,'Y','2020-02-20 14:20:17'),(1328,1328,2,NULL,NULL,NULL,NULL,NULL,NULL,NULL,NULL,NULL,NULL,NULL,'2020-02-20 20:47:36','PLANNING FOR C CLASS',NULL,19,NULL,NULL,'Y','2020-02-20 14:20:17'),(1329,1329,2,NULL,NULL,NULL,NULL,NULL,NULL,NULL,NULL,NULL,NULL,NULL,'2020-02-20 20:47:36','he visit the showroom and he interested AUDI A6 , BMW 5 SERIES . HE WILL WE VISIT TWOMARROW TEST DRIVE.',NULL,14,NULL,NULL,'Y','2020-02-20 14:20:17'),(1330,1330,2,NULL,NULL,NULL,NULL,NULL,NULL,NULL,NULL,NULL,NULL,NULL,'2020-02-20 20:47:36','SERVICE CUSTOMER',NULL,0,NULL,NULL,'Y','2020-02-20 14:20:17'),(1331,1331,2,NULL,NULL,NULL,NULL,NULL,NULL,NULL,NULL,NULL,NULL,NULL,'2020-02-20 20:47:36','LOOKING FOR Q3',NULL,17,NULL,NULL,'Y','2020-02-20 14:20:17'),(1332,1332,2,NULL,NULL,NULL,NULL,NULL,NULL,NULL,NULL,NULL,NULL,NULL,'2020-02-20 20:47:36','LOOKING A CAR WITHIN 25 LAC',NULL,17,NULL,NULL,'Y','2020-02-20 14:20:17'),(1333,1333,2,NULL,NULL,NULL,NULL,NULL,NULL,NULL,NULL,NULL,NULL,NULL,'2020-02-20 20:47:36','Interested in Mercedes Sclass call me after 3 days.',NULL,19,NULL,NULL,'Y','2020-02-20 14:20:18'),(1334,1334,2,NULL,NULL,NULL,NULL,NULL,NULL,NULL,NULL,NULL,NULL,NULL,'2020-02-20 20:47:36','He  want a Petrol car because his running is low .',NULL,19,NULL,NULL,'Y','2020-02-20 14:20:18'),(1335,1335,2,NULL,NULL,NULL,NULL,NULL,NULL,NULL,NULL,NULL,NULL,NULL,'2020-02-20 20:47:36','Take some time  because he was also searching other new vehicle call me on next weak.',NULL,19,NULL,NULL,'Y','2020-02-20 14:20:18'),(1336,1336,2,NULL,NULL,NULL,NULL,NULL,NULL,NULL,NULL,NULL,NULL,NULL,'2020-02-20 20:47:36','Plan for March Month because he was busy some official work.',NULL,19,NULL,NULL,'Y','2020-02-20 14:20:18'),(1337,1337,2,NULL,NULL,NULL,NULL,NULL,NULL,NULL,NULL,NULL,NULL,NULL,'2020-02-20 20:47:36','NO NOT AVAIALBLE',NULL,17,NULL,NULL,'Y','2020-02-20 14:20:18'),(1338,1338,4,1,NULL,'2020-02-20 20:57:03',NULL,NULL,NULL,NULL,NULL,NULL,NULL,NULL,'2020-02-20 20:57:03',NULL,NULL,17,NULL,NULL,'7','2020-02-20 14:20:18'),(1339,1339,2,NULL,NULL,NULL,NULL,NULL,NULL,NULL,NULL,NULL,NULL,NULL,'2020-02-20 20:47:36',NULL,NULL,12,NULL,NULL,'Y','2020-02-20 14:20:18'),(1340,1340,2,NULL,NULL,NULL,NULL,NULL,NULL,NULL,NULL,NULL,NULL,NULL,'2020-02-20 20:47:36',NULL,NULL,12,NULL,NULL,'Y','2020-02-20 14:20:18'),(1341,1341,2,NULL,NULL,NULL,NULL,NULL,NULL,NULL,NULL,NULL,NULL,NULL,'2020-02-20 20:47:36',NULL,NULL,13,NULL,NULL,'Y','2020-02-20 14:20:18'),(1342,1342,2,NULL,NULL,NULL,NULL,NULL,NULL,NULL,NULL,NULL,NULL,NULL,'2020-02-20 20:47:36','HE LOOKING FOR AUDI SUV CAR . 2016 BUDGET FOR 17 LAKH.  not answering .',NULL,14,NULL,NULL,'Y','2020-02-20 14:20:18'),(1343,1343,4,1,NULL,'2020-02-20 20:57:03',NULL,NULL,NULL,NULL,NULL,NULL,NULL,NULL,'2020-02-20 20:57:03','NO PLAN',NULL,15,NULL,NULL,'7','2020-02-20 14:20:18'),(1344,1344,4,1,NULL,'2020-02-20 20:57:03',NULL,NULL,NULL,NULL,NULL,NULL,NULL,NULL,'2020-02-20 20:57:03','WANT TO SELL HIS OLD CAR SKODA',NULL,19,NULL,NULL,'7','2020-02-20 14:20:18'),(1345,1345,2,NULL,NULL,NULL,NULL,NULL,NULL,NULL,NULL,NULL,NULL,NULL,'2020-02-20 20:47:36','SHARE HIM THE DETAIL OF MERCEDES GLA 2017 MODEL',NULL,17,NULL,NULL,'Y','2020-02-20 14:20:18'),(1346,1346,4,1,NULL,'2020-02-20 20:57:03',NULL,NULL,NULL,NULL,NULL,NULL,NULL,NULL,'2020-02-20 20:57:03','NO PLAN',NULL,17,NULL,NULL,'7','2020-02-20 14:20:18'),(1347,1347,2,NULL,NULL,NULL,NULL,NULL,NULL,NULL,NULL,NULL,NULL,NULL,'2020-02-20 20:47:36','NEED BMW X1 OR AUDI Q3 PB NO',NULL,17,NULL,NULL,'Y','2020-02-20 14:20:18'),(1348,1348,4,1,NULL,'2020-02-20 20:57:03',NULL,NULL,NULL,NULL,NULL,NULL,NULL,NULL,'2020-02-20 20:57:03','details given , says he is on the way to showroom .. he says that he is getting 2019 model in 42 lakh',NULL,12,NULL,NULL,'7','2020-02-20 14:20:18'),(1349,1349,2,NULL,NULL,NULL,NULL,NULL,NULL,NULL,NULL,NULL,NULL,NULL,'2020-02-20 20:47:36',NULL,NULL,12,NULL,NULL,'Y','2020-02-20 14:20:18'),(1350,1350,4,1,NULL,'2020-02-20 20:57:03',NULL,NULL,NULL,NULL,NULL,NULL,NULL,NULL,'2020-02-20 20:57:03','looking for 7 seater suv in exchange of En devour',NULL,18,NULL,NULL,'7','2020-02-20 14:20:18'),(1351,1351,2,NULL,NULL,NULL,NULL,NULL,NULL,NULL,NULL,NULL,NULL,NULL,'2020-02-20 20:47:36',NULL,NULL,12,NULL,NULL,'Y','2020-02-20 14:20:18'),(1352,1352,4,1,NULL,'2020-02-20 20:57:03',NULL,NULL,NULL,NULL,NULL,NULL,NULL,NULL,'2020-02-20 20:57:03','pics sent , calling from gurgaon',NULL,12,NULL,NULL,'7','2020-02-20 14:20:18'),(1353,1353,2,NULL,NULL,NULL,NULL,NULL,NULL,NULL,NULL,NULL,NULL,NULL,'2020-02-20 20:47:36',NULL,NULL,13,NULL,NULL,'Y','2020-02-20 14:20:18'),(1354,1354,2,NULL,NULL,NULL,NULL,NULL,NULL,NULL,NULL,NULL,NULL,NULL,'2020-02-20 20:47:36','LOOKING FOR AUDI A4  BWW  320D',NULL,15,NULL,NULL,'Y','2020-02-20 14:20:19'),(1355,1355,2,NULL,NULL,NULL,NULL,NULL,NULL,NULL,NULL,NULL,NULL,NULL,'2020-02-20 20:47:36','PLANNING FOR AUDI Q5',NULL,19,NULL,NULL,'Y','2020-02-20 14:20:19'),(1356,1356,2,NULL,NULL,NULL,NULL,NULL,NULL,NULL,NULL,NULL,NULL,NULL,'2020-02-20 20:47:36','PLANNING FOR BMW 5 SERIES',NULL,19,NULL,NULL,'Y','2020-02-20 14:20:19'),(1357,1357,2,NULL,NULL,NULL,NULL,NULL,NULL,NULL,NULL,NULL,NULL,NULL,'2020-02-20 20:47:36','PLANNING FOR BMW 5 SERIES',NULL,19,NULL,NULL,'Y','2020-02-20 14:20:19'),(1358,1358,2,NULL,NULL,NULL,NULL,NULL,NULL,NULL,NULL,NULL,NULL,NULL,'2020-02-20 20:47:36','PLANNING FOR AUDI Q5',NULL,19,NULL,NULL,'Y','2020-02-20 14:20:19'),(1359,1359,2,NULL,NULL,NULL,NULL,NULL,NULL,NULL,NULL,NULL,NULL,NULL,'2020-02-20 20:47:36','LOOKING FOR LUXURY CAR',NULL,11,NULL,NULL,'Y','2020-02-20 14:20:19'),(1360,1360,2,NULL,NULL,NULL,NULL,NULL,NULL,NULL,NULL,NULL,NULL,NULL,'2020-02-20 20:47:36','LOOKING FOR X3',NULL,15,NULL,NULL,'Y','2020-02-20 14:20:19');
/*!40000 ALTER TABLE `customer_status_update_tbl` ENABLE KEYS */;
UNLOCK TABLES;

--
-- Table structure for table `documents_tbl`
--

DROP TABLE IF EXISTS `documents_tbl`;
/*!40101 SET @saved_cs_client     = @@character_set_client */;
/*!40101 SET character_set_client = utf8 */;
CREATE TABLE `documents_tbl` (
  `document_id` int(12) NOT NULL AUTO_INCREMENT,
  `document_name` varchar(100) NOT NULL,
  `is_active` char(1) NOT NULL DEFAULT 'Y',
  `created_on` timestamp NOT NULL DEFAULT CURRENT_TIMESTAMP,
  `last_updated_on` timestamp NOT NULL DEFAULT CURRENT_TIMESTAMP ON UPDATE CURRENT_TIMESTAMP,
  PRIMARY KEY (`document_id`)
) ENGINE=InnoDB AUTO_INCREMENT=5 DEFAULT CHARSET=latin1;
/*!40101 SET character_set_client = @saved_cs_client */;

--
-- Dumping data for table `documents_tbl`
--

LOCK TABLES `documents_tbl` WRITE;
/*!40000 ALTER TABLE `documents_tbl` DISABLE KEYS */;
INSERT INTO `documents_tbl` VALUES (1,'Aadhar Card','Y','2018-11-29 09:27:06','2018-11-29 09:27:06'),(2,'Driving Licence','Y','2018-11-29 09:27:06','2018-11-29 09:27:06'),(3,'Pan Card','Y','2018-11-29 09:27:06','2018-11-29 09:27:06'),(4,'Bank Passbook','Y','2018-11-29 09:27:06','2018-11-29 09:27:06');
/*!40000 ALTER TABLE `documents_tbl` ENABLE KEYS */;
UNLOCK TABLES;

--
-- Table structure for table `dummy_puchase_lead_tbl`
--

DROP TABLE IF EXISTS `dummy_puchase_lead_tbl`;
/*!40101 SET @saved_cs_client     = @@character_set_client */;
/*!40101 SET character_set_client = utf8 */;
CREATE TABLE `dummy_puchase_lead_tbl` (
  `lead_id` int(20) NOT NULL AUTO_INCREMENT,
  `lead_name` varchar(50) DEFAULT NULL,
  `phone_no` varchar(11) DEFAULT NULL,
  `address` varchar(500) DEFAULT NULL,
  `location` varchar(50) DEFAULT NULL,
  `expected_price` varchar(10) DEFAULT NULL,
  `make` varchar(50) DEFAULT NULL,
  `model` varchar(50) DEFAULT NULL,
  `year` varchar(50) DEFAULT NULL,
  `colour` varchar(50) DEFAULT NULL,
  `km_drivern` int(50) DEFAULT NULL,
  `registration` varchar(20) DEFAULT NULL,
  `no_of_ownwers` varchar(20) DEFAULT NULL,
  `source` varchar(50) DEFAULT NULL,
  `remarks` text,
  `is_active` char(1) DEFAULT 'Y',
  `created_on` timestamp NOT NULL DEFAULT CURRENT_TIMESTAMP,
  PRIMARY KEY (`lead_id`)
) ENGINE=InnoDB DEFAULT CHARSET=latin1;
/*!40101 SET character_set_client = @saved_cs_client */;

--
-- Dumping data for table `dummy_puchase_lead_tbl`
--

LOCK TABLES `dummy_puchase_lead_tbl` WRITE;
/*!40000 ALTER TABLE `dummy_puchase_lead_tbl` DISABLE KEYS */;
/*!40000 ALTER TABLE `dummy_puchase_lead_tbl` ENABLE KEYS */;
UNLOCK TABLES;

--
-- Table structure for table `employee_assignment_tbl`
--

DROP TABLE IF EXISTS `employee_assignment_tbl`;
/*!40101 SET @saved_cs_client     = @@character_set_client */;
/*!40101 SET character_set_client = utf8 */;
CREATE TABLE `employee_assignment_tbl` (
  `id` int(11) NOT NULL AUTO_INCREMENT,
  `employee_id` int(12) NOT NULL,
  `assigned_to` int(12) NOT NULL,
  `assigned_by` varchar(50) DEFAULT NULL,
  `assign_from` varchar(100) DEFAULT NULL,
  `is_active` char(1) NOT NULL DEFAULT 'Y',
  `assigned_on` timestamp NOT NULL DEFAULT CURRENT_TIMESTAMP,
  PRIMARY KEY (`id`),
  KEY `employee_id` (`employee_id`),
  CONSTRAINT `employee_assignment_tbl_ibfk_1` FOREIGN KEY (`employee_id`) REFERENCES `employee_master_tbl` (`employee_id`)
) ENGINE=InnoDB AUTO_INCREMENT=22 DEFAULT CHARSET=latin1;
/*!40101 SET character_set_client = @saved_cs_client */;

--
-- Dumping data for table `employee_assignment_tbl`
--

LOCK TABLES `employee_assignment_tbl` WRITE;
/*!40000 ALTER TABLE `employee_assignment_tbl` DISABLE KEYS */;
INSERT INTO `employee_assignment_tbl` VALUES (1,1,8,'9','Web','Y','2020-01-15 07:31:36'),(2,2,8,'9','Web','Y','2020-01-15 07:31:37'),(3,4,8,'9','Web','Y','2020-01-15 07:31:38'),(4,5,8,'9','Web','Y','2020-01-15 07:31:39'),(5,6,8,'9','Web','Y','2020-01-15 07:31:39'),(6,10,9,'9','Web','Y','2020-02-20 12:06:14'),(10,3,8,'9','Web','Y','2020-02-20 13:30:54'),(11,7,8,'9','Web','Y','2020-02-20 13:30:54'),(12,8,8,'9','Web','Y','2020-02-20 13:30:54'),(13,12,11,'9','Web','Y','2020-02-20 13:44:44'),(14,13,11,'9','Web','Y','2020-02-20 13:44:44'),(15,14,11,'9','Web','Y','2020-02-20 13:44:44'),(16,15,11,'9','Web','Y','2020-02-20 13:44:44'),(17,16,11,'9','Web','Y','2020-02-20 13:44:44'),(18,17,11,'9','Web','Y','2020-02-20 13:44:44'),(19,18,11,'9','Web','Y','2020-02-20 13:44:44'),(20,19,11,'9','Web','Y','2020-02-20 13:44:44'),(21,20,11,'9','Web','Y','2020-02-20 13:44:44');
/*!40000 ALTER TABLE `employee_assignment_tbl` ENABLE KEYS */;
UNLOCK TABLES;

--
-- Table structure for table `employee_details_tbl`
--

DROP TABLE IF EXISTS `employee_details_tbl`;
/*!40101 SET @saved_cs_client     = @@character_set_client */;
/*!40101 SET character_set_client = utf8 */;
CREATE TABLE `employee_details_tbl` (
  `emp_details_id` int(12) NOT NULL AUTO_INCREMENT,
  `employee_id` int(12) DEFAULT NULL,
  `date_of_join` varchar(25) DEFAULT NULL,
  `date_of_birth` varchar(25) DEFAULT NULL,
  `gender` varchar(25) DEFAULT NULL,
  `Permanent_Address` varchar(200) DEFAULT NULL,
  `Permanent_Address_1` varchar(200) DEFAULT NULL,
  `Permanent_Address_2` varchar(200) DEFAULT NULL,
  `Permanent_location` varchar(50) DEFAULT NULL,
  `Permanent_city` varchar(50) DEFAULT NULL,
  `Permanent_state` varchar(50) DEFAULT NULL,
  `Permanent_pincode` varchar(20) DEFAULT NULL,
  `document_id` text,
  `document_proof` text,
  `is_active` char(1) DEFAULT 'Y',
  `created_on` timestamp NOT NULL DEFAULT CURRENT_TIMESTAMP,
  `last_updated_on` timestamp NOT NULL DEFAULT CURRENT_TIMESTAMP,
  PRIMARY KEY (`emp_details_id`),
  KEY `employee_id` (`employee_id`),
  CONSTRAINT `employee_details_tbl_ibfk_1` FOREIGN KEY (`employee_id`) REFERENCES `employee_master_tbl` (`employee_id`)
) ENGINE=InnoDB AUTO_INCREMENT=21 DEFAULT CHARSET=latin1;
/*!40101 SET character_set_client = @saved_cs_client */;

--
-- Dumping data for table `employee_details_tbl`
--

LOCK TABLES `employee_details_tbl` WRITE;
/*!40000 ALTER TABLE `employee_details_tbl` DISABLE KEYS */;
INSERT INTO `employee_details_tbl` VALUES (1,1,NULL,NULL,'Male',NULL,NULL,NULL,NULL,NULL,'10',NULL,'3',NULL,'Y','2020-01-15 06:24:38','2020-01-15 06:24:38'),(2,2,NULL,NULL,'Male',NULL,NULL,NULL,NULL,NULL,'10',NULL,'3',NULL,'Y','2020-01-15 06:24:39','2020-01-15 06:24:39'),(3,3,NULL,NULL,'Female',NULL,NULL,NULL,NULL,NULL,'10',NULL,'3',NULL,'Y','2020-01-15 06:24:39','2020-01-15 06:24:39'),(4,4,NULL,NULL,'Male',NULL,NULL,NULL,NULL,NULL,'10',NULL,'3',NULL,'Y','2020-01-15 06:24:41','2020-01-15 06:24:41'),(5,5,NULL,NULL,'Male',NULL,NULL,NULL,NULL,NULL,'10',NULL,'3',NULL,'Y','2020-01-15 06:24:42','2020-01-15 06:24:42'),(6,6,NULL,NULL,'Male',NULL,NULL,NULL,NULL,NULL,'10',NULL,'3',NULL,'Y','2020-01-15 06:24:43','2020-01-15 06:24:43'),(7,7,NULL,NULL,'Male',NULL,NULL,NULL,NULL,NULL,'10',NULL,'3',NULL,'Y','2020-01-15 06:24:44','2020-01-15 06:24:44'),(8,8,NULL,NULL,'Female',NULL,NULL,NULL,NULL,NULL,'10',NULL,'3',NULL,'Y','2020-01-15 06:24:56','2020-01-15 06:24:56'),(9,9,'2020-02-19','2002-02-07','Male','local',NULL,NULL,NULL,'33','2','555555','1','https://s3.us-east-2.amazonaws.com/luxury-ride-test/Employee-Details/25d36993-39c4-b5b4-12ce-7b185860d51a.png','Y','2020-02-20 11:54:42','2020-02-20 11:54:42'),(10,10,'2020-02-21','2002-02-14','Male','local',NULL,NULL,NULL,'29','1','656565','1','https://s3.us-east-2.amazonaws.com/luxury-ride-test/Employee-Details/4b3046fb-ce31-e9f1-fea6-40cee193877c.png','Y','2020-02-20 12:06:14','2020-02-20 12:06:14'),(11,11,NULL,NULL,'Male',NULL,NULL,NULL,NULL,NULL,NULL,NULL,NULL,NULL,'Y','2020-02-20 13:43:30','2020-02-20 13:43:30'),(12,12,NULL,NULL,'Male',NULL,NULL,NULL,NULL,NULL,NULL,NULL,NULL,NULL,'Y','2020-02-20 13:43:30','2020-02-20 13:43:30'),(13,13,NULL,NULL,'Male',NULL,NULL,NULL,NULL,NULL,NULL,NULL,NULL,NULL,'Y','2020-02-20 13:43:30','2020-02-20 13:43:30'),(14,14,NULL,NULL,'Male',NULL,NULL,NULL,NULL,NULL,NULL,NULL,NULL,NULL,'Y','2020-02-20 13:43:30','2020-02-20 13:43:30'),(15,15,NULL,NULL,'Male',NULL,NULL,NULL,NULL,NULL,NULL,NULL,NULL,NULL,'Y','2020-02-20 13:43:31','2020-02-20 13:43:31'),(16,16,NULL,NULL,'Male',NULL,NULL,NULL,NULL,NULL,NULL,NULL,NULL,NULL,'Y','2020-02-20 13:43:31','2020-02-20 13:43:31'),(17,17,NULL,NULL,'Male',NULL,NULL,NULL,NULL,NULL,NULL,NULL,NULL,NULL,'Y','2020-02-20 13:43:31','2020-02-20 13:43:31'),(18,18,NULL,NULL,'Male',NULL,NULL,NULL,NULL,NULL,NULL,NULL,NULL,NULL,'Y','2020-02-20 13:43:31','2020-02-20 13:43:31'),(19,19,NULL,NULL,'Female',NULL,NULL,NULL,NULL,NULL,NULL,NULL,NULL,NULL,'Y','2020-02-20 13:43:31','2020-02-20 13:43:31'),(20,20,NULL,NULL,'Male',NULL,NULL,NULL,NULL,NULL,NULL,NULL,NULL,NULL,'Y','2020-02-20 13:43:31','2020-02-20 13:43:31');
/*!40000 ALTER TABLE `employee_details_tbl` ENABLE KEYS */;
UNLOCK TABLES;

--
-- Table structure for table `employee_device_details_tbl`
--

DROP TABLE IF EXISTS `employee_device_details_tbl`;
/*!40101 SET @saved_cs_client     = @@character_set_client */;
/*!40101 SET character_set_client = utf8 */;
CREATE TABLE `employee_device_details_tbl` (
  `id` int(11) NOT NULL AUTO_INCREMENT,
  `employee_id` int(11) NOT NULL,
  `device_imei` varchar(200) NOT NULL,
  `device_model` varchar(200) DEFAULT NULL,
  `device_version` varchar(100) DEFAULT NULL,
  `notification_token` varchar(500) DEFAULT NULL,
  `notification_source` varchar(500) DEFAULT NULL,
  `device_type` varchar(100) DEFAULT NULL,
  `app_version` varchar(100) DEFAULT NULL,
  `ip_address` varchar(100) DEFAULT NULL,
  `is_active` char(1) DEFAULT 'Y',
  `lattitude` varchar(20) DEFAULT NULL,
  `longitude` varchar(20) DEFAULT NULL,
  `added_on` timestamp NOT NULL DEFAULT CURRENT_TIMESTAMP,
  PRIMARY KEY (`id`)
) ENGINE=InnoDB AUTO_INCREMENT=58 DEFAULT CHARSET=latin1;
/*!40101 SET character_set_client = @saved_cs_client */;

--
-- Dumping data for table `employee_device_details_tbl`
--

LOCK TABLES `employee_device_details_tbl` WRITE;
/*!40000 ALTER TABLE `employee_device_details_tbl` DISABLE KEYS */;
INSERT INTO `employee_device_details_tbl` VALUES (1,2,'8af12fa27e4150d4','vivo 1951','28','cnCZE8zZdG8:APA91bHTEGxWeQY_LXBrT3Oa9YSR-FUeekvDYW4XIU7TFswK5TBHYCfJ7bdwM-4Up8saBeG61-Q813-sP6nUdU4V31-XMVoZ45nCKwS7I65uWCElBH-rLoMDK-uidYC60SgXTjnnpbbc',NULL,'android','1.0',NULL,'N',NULL,NULL,'2019-11-28 07:07:48'),(2,1,'DF18C7BB-9A9A-4787-825A-2E2EB258F584','Not Available','12.4.3','fpmAKade5jk:APA91bFcEdB0nJBgorbqQm0Fe-saFgCvnKez_XuZ0l2pfUX8m_VgGeYpcexWzMuPiMhHyAjJOAwWgtxeeOGq5urmi34Tknl39cKs2usRCzv-W4aW8aeM-5U-XxMMII8B-1mY0G8QyZKb','FCM','IOS','1.0','192.168.1.30','N',NULL,NULL,'2019-12-02 10:14:54'),(3,1,'8af12fa27e4150d4','vivo 1951','28','d4SSS-VXIsI:APA91bHOLSvmLOaJvrNxV9maQdPO9YgMdpbOyVFAu3RVAzArP_NBBoDaTi490rUe5iJmjslHGpKOKnE08eU2mduYCWd8XFJbRO-Sh18_NAKLmZ4mqDo_TLyMB1mCdtWjr0KTB5jraG0t',NULL,'android','1.0',NULL,'N',NULL,NULL,'2019-12-02 11:23:02'),(4,2,'976f6af29c1884cd','GM1911','29','f0l62zAaVNU:APA91bF5_BoWkxHkcR3Nr54lL1junOJIAmyM7iKKJPdV2uYPjQKYJQj_mTlioQYyrGLfV9uPwtpLLsWqoqo2Hex70CMEkv6bM6UI6iOLdhyQ8wLIcuIe6kJ3nqlGV_u8l1G3QrSo2KbO',NULL,'android','1.0',NULL,'N',NULL,NULL,'2019-12-02 13:01:42'),(5,1,'DF18C7BB-9A9A-4787-825A-2E2EB258F584','Not Available','12.4.3','dcH58TV-kZs:APA91bGCmTXFTECHFFMcoF0UuZoUwyzsAulgAw44yuZedotj12d_1_buOJgS5Zo0QwgiQkIVX8rFI8XE8kfJrNxGFJah2p46MyOLttwy2kmk8K7LcmbT0DZAytiRYviiEN1bf8vvjuMW','FCM','IOS','1.0','192.168.1.30','N',NULL,NULL,'2019-12-10 04:59:51'),(6,2,'DF18C7BB-9A9A-4787-825A-2E2EB258F584','Not Available','12.4.3','fqMtRnlKVUA:APA91bHz8uZGOKixhdUzUqdWhHosAW5zY6P4-rAaoMdN7EYs9a39PzIO_GmwkB9-rG6akprCp1WDYbEB4VXy4UvxcfDfhekgYuUwuc6xJCiTIV6z2oAUy_I_q14GnCT2-0zMoaugHT_R','FCM','IOS','1.0','192.168.1.30','N',NULL,NULL,'2019-12-10 05:06:57'),(7,1,'b2a49ea2dcca339f','LLD-AL10','28','dcmGo05LZPo:APA91bGl2r8Yu3AIzHFETMfYBpZ2mQoy8-OBGPItu7gOKOl4uPOnkVzupxjelRvvPW4lm_MAvSEtqAuqunoZXAevxzEW84V5diy3Yiyob-leBhp6Gmxj_-3A48MC7RCl-bPHN8a8AZZR',NULL,'android','1.0',NULL,'N',NULL,NULL,'2019-12-10 05:40:58'),(8,1,'8af12fa27e4150d4','vivo 1951','28','cM0i_tL13rs:APA91bHE7hBPIFC5CWNQfu6GzlqKz0ayAbuXZ-4xc8Bjth9AgWE2uH6WI7ig9zsX4J4yAHqsZmAUq8X_90Fu3NTSoO4xVhxEIj8Q4bzUE-tZMTPWJjTs8fX0o3e-e6BtyA0zxwgtbLyu',NULL,'android','1.0',NULL,'N',NULL,NULL,'2019-12-10 05:44:13'),(9,1,'b2a49ea2dcca339f','LLD-AL10','28','dcmGo05LZPo:APA91bGl2r8Yu3AIzHFETMfYBpZ2mQoy8-OBGPItu7gOKOl4uPOnkVzupxjelRvvPW4lm_MAvSEtqAuqunoZXAevxzEW84V5diy3Yiyob-leBhp6Gmxj_-3A48MC7RCl-bPHN8a8AZZR',NULL,'android','1.0',NULL,'N',NULL,NULL,'2019-12-10 05:54:03'),(10,1,'8af12fa27e4150d4','vivo 1951','28','cBDRENWJEeg:APA91bFIWIeJFaFA8XqsgARoP03uR8pj3c1gszISpMWx37J1-cuvfYrrHdq9sL2PQzNEeUISrTSUa4Vt96GBS1KsJ11BDJ6WWbLsor9bm2t4f3umrDxG-BEkV9mI0jdcaJ7OzctxW9sP',NULL,'android','1.0',NULL,'N',NULL,NULL,'2019-12-10 06:41:14'),(11,1,'b2a49ea2dcca339f','LLD-AL10','28','d67PeyJzKT0:APA91bEN_A4h5ddfdrL0XLtNEUJ3eFEgp8jTdGggkCUIRxzwvN_SJP9gYIPZKYCqLVnBeMbdQRo4BiyO3FpS3VnM5y-7Qa5gFIizJ4GmmRLv-VQ71l5dkZearnhAjmiHdo6rgUzhHftW',NULL,'android','1.0',NULL,'N',NULL,NULL,'2019-12-10 06:43:27'),(12,1,'5afd8fe120781612','ONEPLUS A6000','28','cPO8mS7ZY9E:APA91bFgyJmBSjBhZj8B8KrjWVhz9uZQo7LAbYvP5QXOpf4K_gFwgvgSc-Aa7CoyhnXqK06Ut-I0UIf6j9zGzucvvhPskJwLE32VHSKrmwYHRJzVTLrHD7x_io5qmI7DUUlYR4ZMUMWV',NULL,'android','1.0',NULL,'N',NULL,NULL,'2019-12-10 07:14:18'),(13,1,'1cbe4d09645f1a0f','JSN-L42','28','dx01PKKJcI4:APA91bFKqZTbGPHGbon3LNlUHRXJ6PAqucT-fQqxlNkYu2BtaZxdnMEzLK0f9HgPU4MM8ycQAr99E0ftNgWzq3Hq9itKL_g2CVv95vo77eorrQDWGu4wU8hd3aQ0opv7FUAwSUiV4EGI',NULL,'android','1.0',NULL,'N',NULL,NULL,'2019-12-10 07:17:49'),(14,1,'c9c3f0c70ff80a64','ONEPLUS A6000','28','eIt01UsIXxk:APA91bHcLOR2J5b5q_dkhSMnMDpgcWIYe3xBRRAaIBY2H1kC7rRoqPnOvwIRyqPJLO0TJk-6PMBG0-hhKXJOCf_76doxoUQsAromPxqtPT70yM4WlPUc8wgzxmBTT2uy19Z9wMEwVC21',NULL,'android','1.0',NULL,'N',NULL,NULL,'2019-12-10 07:25:44'),(15,1,'b2a49ea2dcca339f','LLD-AL10','28','d67PeyJzKT0:APA91bEN_A4h5ddfdrL0XLtNEUJ3eFEgp8jTdGggkCUIRxzwvN_SJP9gYIPZKYCqLVnBeMbdQRo4BiyO3FpS3VnM5y-7Qa5gFIizJ4GmmRLv-VQ71l5dkZearnhAjmiHdo6rgUzhHftW',NULL,'android','1.0',NULL,'N',NULL,NULL,'2019-12-10 07:38:06'),(16,1,'DF18C7BB-9A9A-4787-825A-2E2EB258F584','Not Available','12.4.3','dibJx9xVuCE:APA91bHTdw9PB3OLwPVkXUDDnppeNQdHvYTGEug5UqCboYiLmxQjM7H-NpFojXEtABtLpv4-v1pjjoy22cznk7A1IB6J8bfmzOL7iV8AxGPFVAKBlCaDfL6DySN7en4GJqjnrjfTT9ys','FCM','IOS','1.0','192.168.1.30','N',NULL,NULL,'2019-12-10 09:13:46'),(17,1,'BF43DDEC-E0A8-4BDA-8DB0-4C9606F5DC42','Not Available','13.2.3','edRjKk4W2_Q:APA91bFVyi69b3NV08I5gF4LEoMgqneN-2QLmsKQWUtTbmvtTRgm0K3X_fsoOAtuT9KPajEcGdttSjInEN6PPqR-rBXOsVYMv_VeSr_oWjaNaPz_lZrfJFjrHZP8b3Ti9JcYkPufkmg_','FCM','IOS','1.0',NULL,'N',NULL,NULL,'2019-12-10 13:24:40'),(18,6,'f51469e792a91929','vivo 1951','28','eZY6ZiZ8VuI:APA91bHRBhv8lStLLAetM2TEmq1Rlf2TQ_Ylxqtmr9KUQ_PzhHOYIA9c0FlLL67VJMqIW8ncGmJ3hjYeBI8ZxfpPfHETPMjQp8UR2cEOMkKLwP1Qjx3ACz1cpORTofbOwwj78Aetwq31',NULL,'android','1.0',NULL,'Y',NULL,NULL,'2019-12-17 11:24:37'),(19,5,'32a3b6c321d08b14','ONEPLUS A6010','28','fXsrDyo8AwE:APA91bFwBYB1xlvJcuTQ1VC9TuogHR4bUFvUCN8B3c5essSUezjnYttuxrRVXjYLfObyMUEl08630OIgUQwRJxSYJ_nt4l8setoGS_tWitu9xwQSNEWmLZGRf8L3NI-gyeWdE1e8EVHk',NULL,'android','1.0',NULL,'Y',NULL,NULL,'2019-12-18 13:57:41'),(20,1,'0127F5F8-97F8-4BDA-9AE4-00F392759ABA','Not Available','12.4','c3mUte8myVM:APA91bETtDzcnGyKhBemup4ir3t-vJfYBqlDvkPob9fol6knrg16zkrz1BQteLns5mo2-UHi0_-jwFxo87aW2pPEQ4gfR9uPXCb8atFfqPBxc5oF869aWInSUbCPE3s0sjHwOtJRyImo','FCM','IOS','1.0','192.168.1.8','N',NULL,NULL,'2019-12-18 14:25:07'),(21,1,'8af12fa27e4150d4','vivo 1951','28','cCY1WrThpB8:APA91bHUrDbIRxYz14FPFc9SOz-Sll0EUJbQ9-wOBhq2FXUGEkPrwrEF3doDRmElkW05WKRyUgc6isuvKp2RsGpgvQ0zMvOqgkSHl10LAL1sW7m8IFa_uCKkBvS23ieeOYBY_ZQEYEpH',NULL,'android','1.0',NULL,'N',NULL,NULL,'2019-12-20 13:50:31'),(22,2,'8af12fa27e4150d4','vivo 1951','28','cCY1WrThpB8:APA91bHUrDbIRxYz14FPFc9SOz-Sll0EUJbQ9-wOBhq2FXUGEkPrwrEF3doDRmElkW05WKRyUgc6isuvKp2RsGpgvQ0zMvOqgkSHl10LAL1sW7m8IFa_uCKkBvS23ieeOYBY_ZQEYEpH',NULL,'android','1.0',NULL,'N',NULL,NULL,'2019-12-20 13:59:54'),(23,2,'976f6af29c1884cd','GM1911','29','d6Xp6leCqWM:APA91bG6-Z-Q83r7OFBAXHxjMsZpLm9Ildx6p6p7Oq_AZYbN5GgTfTq1lcahLb_f6Nuej3iX2PfMnNPUKd4kyz0fHqPlWCi2gmt5k752otCbatVOopwIy76EYhY5IkoUiLmTMtHe07cY',NULL,'android','1.0',NULL,'N',NULL,NULL,'2019-12-21 07:07:44'),(24,2,'8af12fa27e4150d4','vivo 1951','28','eNTbacLDfDw:APA91bG4Pq98lC9wASy6bki3sEQSKcVzzQ6cQm5rJltOOl29liAMrDdW1crY9qV_esomzG_OhVklliCotlTsr4kVw_-v9jK3nAJVjjUz1WufJVYoL0a8RzaUSmCNWMYyxmdyH1rdZJzr',NULL,'android','1.0',NULL,'Y',NULL,NULL,'2019-12-23 13:13:37'),(25,1,'0127F5F8-97F8-4BDA-9AE4-00F392759ABA','Simulator','12.4','fc-cdTq6C3s:APA91bESa3ORJvU0WLtUGXpOZaK-6HReLR54riD73o5nyVbcr8rhmbbrxYc-dpUQPem63OrNANzobT69bAlq_YUWjGVIzyGei-tEWI57DS0SnjH_JGb_RT--q8UotIm9LyZVSZOnWEyt','FCM','IOS','1.0','192.168.1.13','Y',NULL,NULL,'2019-12-27 06:50:04'),(26,7,'DF18C7BB-9A9A-4787-825A-2E2EB258F584','Not Available','12.4.4','fcUIwjcDmd0:APA91bFxwRiaaHYTZZe_TiBZadDIDbxNsfSba-w_6FeK2DneNHmXrHt4CTT2dEdCEU3Uafea2u0XORZwrhs_fWqLluIbH2zSavSTE9zCPpjao-FdaIGvX9RZcaoA62ZEsEWLiLGKWHAu','Phone','IOS','1.0','192.168.1.102','N',NULL,NULL,'2020-01-09 12:53:09'),(27,7,'0127F5F8-97F8-4BDA-9AE4-00F392759ABA','Not Available','12.4','clAza6MhTy0:APA91bEkGVaCZjFlyZ6HRbjC0_calYlR-YYU6kreUQOCgK4thggXGn1LFm18HcHasA3uwlD7oHurhFFgbho4XR0EO9eA7SG4Hly0U0AcfTEH1h9y5MTQV4X62cKRFC4uzC6XFreV6tBl','Phone','IOS','1.0','192.168.1.101','N',NULL,NULL,'2020-01-09 13:06:21'),(28,7,'8DC2F3B8-E1FC-466C-8250-D92DC4C53EFE','Not Available','13.2.2','dkESTJF02yA:APA91bFN1iKWNTnv2EqH-TElDctHfBQ4hlY7mPXwKxc177KenAB9Qk6Yu7wn6NyVe2k7USdMfpzT6_-l88-oiwF-HgXwyhoTsHFF7KYBDwrW3D1qM-5MBMsB_Wfncf_3vBvgqn72iEE1','Phone','IOS','1.0','192.168.10.209','N',NULL,NULL,'2020-01-09 13:50:33'),(29,8,'8af12fa27e4150d4','vivo 1951','28','dnQfLDtGyXA:APA91bFMLHaLrXCTZDKEhHYTBQWEJeoiXH-ejM8Gexo8L2FJ6NAFLcxJhrqINHWr6aetZNG-b0uGPeivCjqMrXHJncBO8tzcwTkE-Jb9hVinklrTjFOBtdmQZmE4P1KhslQBdp2O4Gnh',NULL,'android','1.0',NULL,'N',NULL,NULL,'2020-01-09 13:54:04'),(30,7,'8af12fa27e4150d4','vivo 1951','28','cm_ABhIK-NM:APA91bFPStEjm3e3Tsv8vq7GNKLCCdLhntEXrdZJlj6QdrAAHniCIceSJA02LetjgA8gcM313hK88GJtq9V36eEHkPAd8XdbA84bD3UwNnXLVzpvSNWjTnXrhqJD59jtpHJQX55o4-I3',NULL,'android','1.0',NULL,'N',NULL,NULL,'2020-01-09 14:01:37'),(31,7,'8DC2F3B8-E1FC-466C-8250-D92DC4C53EFE','Not Available','13.2.2','d5xT-lXRgh0:APA91bH99Y3xNWGNuHa1s_xtmUHGjnoOEkuJAOFS4_PodYZWsCsE4SGn6gWBW8JmyllBMBuBkaWluBOawIql0ZWLUdlAka0VAV2xcaUdZ9ki7eeGaipj4W1UQSxh4cC7OUxZOg6GXpMl','Phone','IOS','1.0','192.168.10.209','N',NULL,NULL,'2020-01-09 14:04:13'),(32,7,'0127F5F8-97F8-4BDA-9AE4-00F392759ABA','Not Available','12.4','dPNubaCUHM0:APA91bH6Ku5Zu0eHkN_ZzTvy7-xgiQfhWnthYzbwN8OWVsfhipaq5wY53S8H161smdmbnh317Iyinx7LJwwLk4dHV7UzEwc6KVnjFvQHqVVLhyt_DnzNeb6JyAwPzY-7GEtIa_9n_GSr','Phone','IOS','1.0','192.168.1.101','N',NULL,NULL,'2020-01-09 14:09:40'),(33,7,'40f360285bb58fb6','SM-J260G','27','cKdhy74GrDk:APA91bH0eizHNp6qiIv-hFFn-XgAHRhydatXjcFLPpehSs3F11-QOX3AtUZIBbSmR5R3YHBkqIWz-TezRQv0RvhAyFbcyC6oUMqAvyV7mGu5RpSNTfNX-ZJ2lbUU4s4dTzCKpqtdb8rr',NULL,'android','1.0',NULL,'N',NULL,NULL,'2020-01-09 17:33:36'),(34,7,'DF18C7BB-9A9A-4787-825A-2E2EB258F584','Not Available','12.4.4','fOaQcQ1dwIU:APA91bHGSEHFahI6WJ5FRg4FL1Lo4DB983Vot0dFtxocxeoKektd2UQL4Hw9pAI9rZiDlerbeoCTzXesEIdMJAqOWmBQZm_HG8uCjHENjhw1bEdg6Q3ty19w_-Ty1Y6ETtYbe3KVbJSN','Phone','IOS','1.0',NULL,'N',NULL,NULL,'2020-01-09 17:34:49'),(35,7,'40f360285bb58fb6','SM-J260G','27','cKdhy74GrDk:APA91bH0eizHNp6qiIv-hFFn-XgAHRhydatXjcFLPpehSs3F11-QOX3AtUZIBbSmR5R3YHBkqIWz-TezRQv0RvhAyFbcyC6oUMqAvyV7mGu5RpSNTfNX-ZJ2lbUU4s4dTzCKpqtdb8rr',NULL,'android','1.0',NULL,'N',NULL,NULL,'2020-01-09 17:42:36'),(36,7,'DF18C7BB-9A9A-4787-825A-2E2EB258F584','Not Available','12.4.4','dhEmgjFoHVw:APA91bFCE1m7_YhKzR_FfqZj9CIkNqaiRT31L3c2a05EnBvnRJ_ZxYCKe98bGnDnqwyuIp9A0jsxNZJ8NgM9sa84tiNMzPNaZp8wNvBZB2IXZv6PP0hW7jPktMNjUPPgxUi4EfL2zQwa','Phone','IOS','1.0',NULL,'N',NULL,NULL,'2020-01-09 17:43:06'),(37,7,'40f360285bb58fb6','SM-J260G','27','cKdhy74GrDk:APA91bH0eizHNp6qiIv-hFFn-XgAHRhydatXjcFLPpehSs3F11-QOX3AtUZIBbSmR5R3YHBkqIWz-TezRQv0RvhAyFbcyC6oUMqAvyV7mGu5RpSNTfNX-ZJ2lbUU4s4dTzCKpqtdb8rr',NULL,'android','1.0',NULL,'N',NULL,NULL,'2020-01-09 17:48:45'),(38,7,'be044c996fc5786d','COR-AL00','28','c8Cs4YlCJTw:APA91bEOjNsxC_iJbH97bmjKYgUtzY9pDXUCVLyXU5cRyrtXf5U4a2aJTPq-0wxx6YvGb9oSEOZ8gEu9CF0KVLTQA25G5OjuNPRHcLBcQKiZb9jlKRlB-0wGaI_B_8otwSknnWoVL8W9',NULL,'android','1.0',NULL,'N',NULL,NULL,'2020-01-09 18:45:03'),(39,7,'DF18C7BB-9A9A-4787-825A-2E2EB258F584','Not Available','12.4.4','e28X9tgMYc0:APA91bFlxogCWpPnh2LAYlRFGMEeSIiUGmrkaydVr6HjvEfvqNLshq7H0fbIJ3_9mYo32QSRpcT6iITlEEDmBAgAqgCzSH0o5FXX0khHk9c3BjIqY5pUnRHCsKIbJhh6TGueTHt7Pazg','Phone','IOS','1.0','192.168.1.101','N',NULL,NULL,'2020-01-10 05:16:06'),(40,7,'40f360285bb58fb6','SM-J260G','27','cKdhy74GrDk:APA91bH0eizHNp6qiIv-hFFn-XgAHRhydatXjcFLPpehSs3F11-QOX3AtUZIBbSmR5R3YHBkqIWz-TezRQv0RvhAyFbcyC6oUMqAvyV7mGu5RpSNTfNX-ZJ2lbUU4s4dTzCKpqtdb8rr',NULL,'android','1.0',NULL,'N',NULL,NULL,'2020-01-10 05:21:41'),(41,7,'DF18C7BB-9A9A-4787-825A-2E2EB258F584','Not Available','12.4.4','fzxNAscD9J4:APA91bGvmy8b3kziiapDGXNEfj_9gpTkGqMNdb1HqMLtaTm4vNhmjq32nHVuVw34gjJ2ZL1xCsOx1y_Myh7EaG9_9CrayLmfLE0D5R5aNhNzKOlzuRD0uDLi6CykuGrLZaDwD-2uLHyG','Phone','IOS','1.0','192.168.1.101','N',NULL,NULL,'2020-01-10 05:26:14'),(42,7,'be044c996fc5786d','COR-AL00','28','dgot8LPXMy0:APA91bHSXEvziqs87P0a1wnppNtOeEla8fkQ0TsWXwtvaboPw63bzpzS0RfEQbbF65EJXw0udk4hv3W0ISxaV46vFhBacXgD0DVZrVrljR2BEGmO17AThaXrjblGOi6CwlBg04dNB-N7',NULL,'android','1.0',NULL,'N',NULL,NULL,'2020-01-10 06:08:19'),(43,7,'f109e81284c47483','1825','28','dEjf093nc8E:APA91bEdP0fpNNfJTKnHFDVZPDdEWUUJGtePhw9zSznDRC6dfWpf4TgMcjApaBojlMcYmfnI-cqhNsIj0C86MayOPhccqTzStdIo3mdsMi3r0Qe_im1ynLw89yKxY6kQxX0FWbg7swt3',NULL,'android','1.0',NULL,'N',NULL,NULL,'2020-01-10 06:19:58'),(44,7,'8af12fa27e4150d4','vivo 1951','28','dvN3rIbK0z4:APA91bGkv2Lb5T05RcLa3oIrq87zgRp9UIhmJbARBK94o4CWmvB-OHGWmsGQTM-Z98Vtk-zBp6MhhBg0ULJ5Riy0HGqwdb1Y2W14ydnJO2Wb0YReNoVYybfTI8cuTBdf52X_TDJYlUeJ',NULL,'android','1.0',NULL,'N',NULL,NULL,'2020-01-10 06:28:38'),(45,7,'be044c996fc5786d','COR-AL00','28','dgot8LPXMy0:APA91bHSXEvziqs87P0a1wnppNtOeEla8fkQ0TsWXwtvaboPw63bzpzS0RfEQbbF65EJXw0udk4hv3W0ISxaV46vFhBacXgD0DVZrVrljR2BEGmO17AThaXrjblGOi6CwlBg04dNB-N7',NULL,'android','1.0',NULL,'N',NULL,NULL,'2020-01-10 08:43:25'),(46,7,'DF18C7BB-9A9A-4787-825A-2E2EB258F584','Not Available','12.4.4','ciiiGCRcSlQ:APA91bEqlKqYrqYxgTu48hIyUymH23O3Q1k7B8Ozg2QQ_R_pyR7vp5khAILnHeVomSGjkt4rNEDY2qkb2NzjkEdZpNTWQLmNDvBxW_9qPNjx9V7um6lxIP0UWKC1Cm75lMdoZQKNRCOs','Phone','IOS','1.0','192.168.1.101','N',NULL,NULL,'2020-01-10 08:47:13'),(47,8,'DF18C7BB-9A9A-4787-825A-2E2EB258F584','Not Available','12.4.4','ftJzq-YZx6Q:APA91bEZSpEmZIp2FUvH52JAn7pS8CVwDQYlYdf0_AEEdBl67gJc5Zyn_S-HPdnTBrcS029HkEuZ5tHI-pHgaHyLfRPGdtycmN_ezo-EfXjPUJqnHPQB32LIyrU1eGc1yLwR-9-TKa-7','Phone','IOS','1.0','192.168.1.101','N',NULL,NULL,'2020-01-10 09:41:41'),(48,7,'0127F5F8-97F8-4BDA-9AE4-00F392759ABA','Not Available','12.4','d6RlGuGSeuk:APA91bGjkwjQOaoRI1NdtUDJ_GkPNWZXn1tR37uAdO2ho8w2LmTK8IsaaWANLfikG8enOa09loqX6vouwUFAqyoZt3_hUfIMg8wQ8u8y6y_dTrGIbQaUUDockpkgZzTwE73WYEwNs09s','Phone','IOS','1.0','192.168.1.130','N',NULL,NULL,'2020-01-10 10:35:27'),(49,7,'DF18C7BB-9A9A-4787-825A-2E2EB258F584','Not Available','12.4.4','e0gZRGUSkyo:APA91bHV9OEwh5xjck-zotGqfBd9bm2fERFobxhivaRwiXjAYip_3JXwIh9RrFyneDlwLaGMKNYdoiLgg3cl9Cd1u4mg86h2ysbEKs0qKtrKJPVBN4bm-uAtIX8CDYpS4kRCAgwPfkVJ','Phone','IOS','1.0',NULL,'N',NULL,NULL,'2020-01-10 10:39:11'),(50,8,'9D392186-CD2D-43D1-B68B-EFC9E8CCC581','Not Available','13.3','fElh2k84NZM:APA91bFvQyGIdxjM_Ps3LFTYIkYpbLe-OMUanSaqebOuUSa_p-SYeUqClOoLz3-mj_rs169oAtIzLGHWdaXeSssloD41AOb_b9tnLhSO35UNcXfNqBVZ9Hy7-q_7N3EYfKwZBKVsw7hK','Phone','IOS','1.0',NULL,'N',NULL,NULL,'2020-01-14 08:27:10'),(51,8,'8af12fa27e4150d4','vivo 1951','28','doun77D6n7I:APA91bHat0FOGS5HZ4BBE-7s1OaxrnH442TjAPysDKcoJrdzj_Xb4y67bcTPgOlZYuZKRB2Qle9XiEFCKF4il42SFMhjXmA7ws3mFwsnAtkmUR5DQNypKS2mTsbwMEOda8TksMLWFaqV',NULL,'android','1.0',NULL,'Y',NULL,NULL,'2020-01-21 12:43:24'),(52,7,'77CE12F9-29F0-404B-BA29-C168572235AE','Not Available','12.4','cqCpVfQZmw0:APA91bHSy0AbTN-TzQVT-XxwYQ71wf97OqYQG0i9YXmk3JC9j6CF3SfGrfpHwB1STfe13neDuM0GG0oyfMpoHSrEyY51G4TSc8yB8akj0u4nfLvNktneN2Bk1ZpCEA3-zDNTyeEtNn8E','Phone','IOS','1.0','192.168.0.109','Y',NULL,NULL,'2020-01-23 05:17:45'),(53,11,'77CE12F9-29F0-404B-BA29-C168572235AE','Not Available','12.4','d57NHrtzAlw:APA91bH9sWb2BBDBNrW-aynYZ9_cgf64-kZNYxh7oZN8X3SKoLJ8OTa-vlkcu8QP05Z7H2orqxhbmuAvizF7cj_UmBHuv2qhSMoeuZQyvk5pLnhPawhjnVorIjfBj29OY9f8FazQksSp','Phone','IOS','1.0','192.168.1.120','Y',NULL,NULL,'2020-02-21 00:24:30'),(54,15,'EF51DE44-4958-4DA4-AE3F-4255CEB9D0C2','Not Available','12.4','dTVaMBhAWq4:APA91bEMh4HwgA4qu_4r29ZlcazVFxUflkgx1QFJkSfH4p3vaha2Za2T6klWpjnUWZ9LIpcA_9jBG6LJj8TlRJFOvUqpcFs6CQUlL59xeBaAoBpZbRZm8C4CCtUYZ8CHFn1ijYMlsB12','Phone','IOS','1.0','192.168.1.120','N',NULL,NULL,'2020-02-21 00:46:08'),(55,16,'0751597A-A0DF-4CB8-80B2-9C4B07EDE84C','Not Available','12.4','fZBtm6LleOs:APA91bGYupOXNX7oXGKl7KCe6VEgQv1CkPULzuGX55PjNDlhnFVD1sy7wDj_wEhWXzD75IQsBNP9pKORutHjMfv2hYa0y7t6iEKs9rWr6jdt2fhiVjCwuHU3w9kxbYz-H4Jy9SQt0fLt','Phone','IOS','1.0','192.168.1.120','Y',NULL,NULL,'2020-02-21 00:48:00'),(56,15,'08BA31BC-3D11-4D89-AEB1-4633DD2F6652','Not Available','13.3.1','eyEm1a0WAFU:APA91bGuzJFyEjzy7YOYoSbbyGoiN-Sb_WTL9hdcAmRV8le_jH5BTtLWZXH_24FO0Q8l6NEijKF44PRYTItmkIBbkPIf3-jcUGB69t2G8AbstKt73t0wyISKEdSMprwaGbzIRQqcgVd3','Phone','IOS','1.0','192.168.1.119','Y',NULL,NULL,'2020-02-21 03:44:14'),(57,19,'95A55002-EB33-4305-85EA-035E49C0E63E','Not Available','12.4','cnxO9Jp4zWQ:APA91bG5GBRH_UKFiBm0vrNHal5ikODGlG8-SLa-ZudyMCqFHhllYTAUgIw6PXxI7TA23y7H80FyuYQgIaKfwtjyhwslZRGL4W5Qnfpe2twTSH2umbZZTrt6q-Os64A_6CNnG9OvCGOC','Phone','IOS','1.0','192.168.1.141','Y',NULL,NULL,'2020-02-22 05:10:14');
/*!40000 ALTER TABLE `employee_device_details_tbl` ENABLE KEYS */;
UNLOCK TABLES;

--
-- Table structure for table `employee_master_tbl`
--

DROP TABLE IF EXISTS `employee_master_tbl`;
/*!40101 SET @saved_cs_client     = @@character_set_client */;
/*!40101 SET character_set_client = utf8 */;
CREATE TABLE `employee_master_tbl` (
  `employee_id` int(12) NOT NULL AUTO_INCREMENT,
  `first_name` varchar(100) DEFAULT NULL,
  `last_name` varchar(100) DEFAULT NULL,
  `email_id` varchar(50) DEFAULT NULL,
  `phone_number` varchar(20) NOT NULL,
  `emp_password` varchar(50) DEFAULT 'lr@123',
  `is_default_password` char(1) DEFAULT 'N',
  `employee_code` varchar(100) DEFAULT NULL,
  `employee_location` int(11) DEFAULT NULL,
  `role_id` int(11) DEFAULT NULL,
  `created_on` timestamp NOT NULL DEFAULT CURRENT_TIMESTAMP,
  `last_updated_on` timestamp NOT NULL DEFAULT CURRENT_TIMESTAMP ON UPDATE CURRENT_TIMESTAMP,
  `is_active` char(1) NOT NULL DEFAULT 'Y',
  `profile_image` text,
  `auth_key` varchar(200) DEFAULT NULL,
  `reauth_key` varchar(200) DEFAULT NULL,
  `auth_expiry_on` timestamp NULL DEFAULT NULL,
  `session_started_on` timestamp NULL DEFAULT NULL,
  `notification_token` varchar(1000) DEFAULT NULL,
  `notification_source` varchar(200) DEFAULT NULL,
  PRIMARY KEY (`employee_id`),
  UNIQUE KEY `Phone_Number_UNIQUE` (`phone_number`),
  UNIQUE KEY `Email_Id_UNIQUE` (`email_id`),
  KEY `FKrole_idx` (`role_id`),
  CONSTRAINT `FKrole` FOREIGN KEY (`role_id`) REFERENCES `employee_roles_tbl` (`role_id`) ON DELETE NO ACTION ON UPDATE NO ACTION
) ENGINE=InnoDB AUTO_INCREMENT=21 DEFAULT CHARSET=latin1;
/*!40101 SET character_set_client = @saved_cs_client */;

--
-- Dumping data for table `employee_master_tbl`
--

LOCK TABLES `employee_master_tbl` WRITE;
/*!40000 ALTER TABLE `employee_master_tbl` DISABLE KEYS */;
INSERT INTO `employee_master_tbl` VALUES (1,'test evaluator',NULL,'test@gmail.com','9030755940','123456789','N','900315',1,3,'2019-11-25 10:57:43','2020-01-10 10:38:54','N',NULL,NULL,NULL,NULL,NULL,NULL,NULL),(2,'vishal',NULL,'vishal@luxuryride.in','9215015501','luxuryride@123','N',NULL,2,3,'2019-11-26 11:50:08','2019-11-27 11:02:04','Y',NULL,NULL,NULL,NULL,NULL,NULL,NULL),(3,'Poonam','Sharma','poonam@luxuryride.in','9599931171','lr@123','N','100001',1,7,'2019-11-27 11:01:47','2019-11-27 13:24:46','Y',NULL,NULL,NULL,NULL,NULL,NULL,NULL),(4,'Sumit Garg',NULL,'Sumithgarg@luxuryride.in','9053074502','luxuryride@123','N',NULL,2,3,'2019-12-16 05:11:12','2020-02-21 06:43:05','Y',NULL,NULL,NULL,NULL,NULL,NULL,NULL),(5,'Vikram pannu',NULL,'Vikrampannu@luxuryride.in','9992074501','luxuryride@123','N',NULL,2,3,'2019-12-16 05:11:13','2019-12-16 06:33:06','Y',NULL,NULL,NULL,NULL,NULL,NULL,NULL),(6,'Gurdeep',NULL,'Gurdeep@luxuryride.in','8929824501','luxuryride@123','N',NULL,2,3,'2019-12-16 09:47:44','2019-12-16 09:47:44','Y',NULL,NULL,NULL,NULL,NULL,NULL,NULL),(7,'Test purchase manager',NULL,'Test purchase manager@luxuryride.in','9030755946','123456789','N',NULL,23,4,'2020-01-09 12:52:24','2020-02-20 13:33:19','N',NULL,'7b78b98b-f241-425d-94e4-4f9b63e4b089','cf4c2d27-cb52-4ba3-aebb-a824686aa070','2020-02-07 06:45:19','2020-01-23 05:17:50',NULL,NULL),(8,'Poonam','Sharma','poonamsharma@luxuryride.in','9599931172','lr@123','N',NULL,1,4,'2020-01-10 09:40:02','2020-01-15 05:21:07','Y',NULL,'5703666f-8e35-4687-8e7c-a7b36e52b2b0','c0fa6df2-d037-41d2-a62c-94670b0c1df7','2020-01-22 12:43:24','2020-01-21 12:43:24',NULL,NULL),(9,'Naveen',NULL,'naveeen@gmaik.com','9030858579','lr@123','N',NULL,33,9,'2020-02-20 11:54:41','2020-02-20 13:33:01','N',NULL,NULL,NULL,NULL,NULL,NULL,NULL),(10,'madhu',NULL,'madhu@gmail.com','8886444619','lr@123','N',NULL,29,5,'2020-02-20 12:06:14','2020-02-20 13:33:02','N',NULL,NULL,NULL,NULL,NULL,NULL,NULL),(11,'Amrit',NULL,'coo@luxuryride.in','8054724365','lr@123','N',NULL,23,9,'2020-02-20 13:41:49','2020-02-21 06:43:05','Y',NULL,'d8520729-2009-4d93-86b0-8caa91f0091d','eea21da0-fdb3-4e59-9787-101c86290e05','2020-02-22 00:24:30','2020-02-21 00:24:30',NULL,NULL),(12,'Amit',NULL,'salesmanager@luxuryridedelhi.in','7303481501','lr@123','N',NULL,8,5,'2020-02-20 13:41:49','2020-02-20 13:41:49','Y',NULL,NULL,NULL,NULL,NULL,NULL,NULL),(13,'Sumit khuranna',NULL,'gmsales@luxuryride.in','8800439200','lr@123','N',NULL,8,5,'2020-02-20 13:41:49','2020-02-20 13:41:49','Y',NULL,NULL,NULL,NULL,NULL,NULL,NULL),(14,'Sunil',NULL,'salesmanager@luxuryridechandigarh.in','9781070199','lr@123','N',NULL,17,5,'2020-02-20 13:41:50','2020-02-20 13:41:50','Y',NULL,NULL,NULL,NULL,NULL,NULL,NULL),(15,'Rahul',NULL,'salesmanager@luxuryride.in','7027774516','lr@123','N',NULL,23,5,'2020-02-20 13:41:50','2020-02-20 13:41:50','Y',NULL,'d3dfdbf2-973e-40a5-941a-504787539d72','611974be-3731-4aa0-802a-cd59a4b8a7e2','2020-02-23 04:49:50','2020-02-21 03:44:14',NULL,NULL),(16,'Rahul Goswami',NULL,'salesmanager@luxuryridejaipur.in','7357179888','lr@123','N',NULL,3,5,'2020-02-20 13:41:50','2020-02-20 13:41:50','Y',NULL,'c0876999-f95b-4cb4-b67d-8df0e7b2a7a6','95df1b62-2f7d-42b4-a9df-8d7f9d67a980','2020-02-22 00:48:00','2020-02-21 00:48:00',NULL,NULL),(17,'Rajvinder',NULL,'Salesluxuryride@gmail.com','7307303303','lr@123','N',NULL,5,5,'2020-02-20 13:41:50','2020-02-20 13:41:50','Y',NULL,NULL,NULL,NULL,NULL,NULL,NULL),(18,'Baljinder',NULL,'Managersales@luxuryride.in','9053074505','lr@123','N',NULL,23,5,'2020-02-20 13:41:50','2020-02-20 13:41:50','Y',NULL,NULL,NULL,NULL,NULL,NULL,NULL),(19,'Anjali',NULL,'salesmanager@luxuryridedehradun.in','7900999505','lr@123','N',NULL,18,5,'2020-02-20 13:41:50','2020-02-20 13:41:50','Y',NULL,'5402ed03-53bb-41a7-8acc-345395f23bbe','0eb6323a-67a4-4b72-95c3-0a24c82b3451','2020-02-23 05:10:14','2020-02-22 05:10:14',NULL,NULL),(20,'Akshay arora',NULL,'Lrdelhi@luxuryride.in','9811854501','lr@123','N',NULL,8,5,'2020-02-20 13:41:50','2020-02-20 13:41:50','Y',NULL,NULL,NULL,NULL,NULL,NULL,NULL);
/*!40000 ALTER TABLE `employee_master_tbl` ENABLE KEYS */;
UNLOCK TABLES;

--
-- Table structure for table `employee_otp_request_tbl`
--

DROP TABLE IF EXISTS `employee_otp_request_tbl`;
/*!40101 SET @saved_cs_client     = @@character_set_client */;
/*!40101 SET character_set_client = utf8 */;
CREATE TABLE `employee_otp_request_tbl` (
  `id` int(10) NOT NULL AUTO_INCREMENT,
  `phone_no` varchar(20) DEFAULT NULL,
  `otp_code` varchar(10) DEFAULT NULL,
  `otp_type` varchar(10) DEFAULT NULL,
  `is_active` char(1) DEFAULT 'Y',
  `requested_on` timestamp NOT NULL DEFAULT CURRENT_TIMESTAMP,
  `is_verified` char(1) DEFAULT 'N',
  `verified_on` varchar(50) DEFAULT NULL,
  PRIMARY KEY (`id`)
) ENGINE=InnoDB DEFAULT CHARSET=latin1;
/*!40101 SET character_set_client = @saved_cs_client */;

--
-- Dumping data for table `employee_otp_request_tbl`
--

LOCK TABLES `employee_otp_request_tbl` WRITE;
/*!40000 ALTER TABLE `employee_otp_request_tbl` DISABLE KEYS */;
/*!40000 ALTER TABLE `employee_otp_request_tbl` ENABLE KEYS */;
UNLOCK TABLES;

--
-- Table structure for table `employee_role_assignment_tbl`
--

DROP TABLE IF EXISTS `employee_role_assignment_tbl`;
/*!40101 SET @saved_cs_client     = @@character_set_client */;
/*!40101 SET character_set_client = utf8 */;
CREATE TABLE `employee_role_assignment_tbl` (
  `id` int(15) NOT NULL AUTO_INCREMENT,
  `employee_id` int(25) DEFAULT NULL,
  `role_id` int(25) DEFAULT NULL,
  `is_active` char(1) DEFAULT 'Y',
  `assigned_on` timestamp NOT NULL DEFAULT CURRENT_TIMESTAMP,
  PRIMARY KEY (`id`),
  KEY `employee_id` (`employee_id`),
  CONSTRAINT `employee_role_assignment_tbl_ibfk_1` FOREIGN KEY (`employee_id`) REFERENCES `employee_master_tbl` (`employee_id`)
) ENGINE=InnoDB AUTO_INCREMENT=21 DEFAULT CHARSET=latin1;
/*!40101 SET character_set_client = @saved_cs_client */;

--
-- Dumping data for table `employee_role_assignment_tbl`
--

LOCK TABLES `employee_role_assignment_tbl` WRITE;
/*!40000 ALTER TABLE `employee_role_assignment_tbl` DISABLE KEYS */;
INSERT INTO `employee_role_assignment_tbl` VALUES (1,1,3,'Y','2019-12-26 08:30:26'),(2,2,3,'Y','2019-12-26 08:30:26'),(3,3,7,'Y','2019-12-26 08:30:26'),(4,4,3,'Y','2019-12-26 08:30:26'),(5,5,3,'Y','2019-12-26 08:30:26'),(6,6,3,'Y','2019-12-26 08:30:26'),(7,7,4,'Y','2020-01-09 12:52:34'),(8,8,4,'Y','2020-01-10 09:40:20'),(9,9,9,'Y','2020-02-20 11:54:42'),(10,10,5,'Y','2020-02-20 12:06:14'),(11,11,9,'Y','2020-02-20 13:42:34'),(12,12,5,'Y','2020-02-20 13:42:35'),(13,13,5,'Y','2020-02-20 13:42:35'),(14,14,5,'Y','2020-02-20 13:42:35'),(15,15,5,'Y','2020-02-20 13:42:35'),(16,16,5,'Y','2020-02-20 13:42:35'),(17,17,5,'Y','2020-02-20 13:42:35'),(18,18,5,'Y','2020-02-20 13:42:35'),(19,19,5,'Y','2020-02-20 13:42:35'),(20,20,5,'Y','2020-02-20 13:42:35');
/*!40000 ALTER TABLE `employee_role_assignment_tbl` ENABLE KEYS */;
UNLOCK TABLES;

--
-- Table structure for table `employee_roles_tbl`
--

DROP TABLE IF EXISTS `employee_roles_tbl`;
/*!40101 SET @saved_cs_client     = @@character_set_client */;
/*!40101 SET character_set_client = utf8 */;
CREATE TABLE `employee_roles_tbl` (
  `role_id` int(12) NOT NULL AUTO_INCREMENT,
  `role` varchar(50) NOT NULL,
  `is_active` char(1) DEFAULT 'Y',
  `created_on` timestamp NOT NULL DEFAULT CURRENT_TIMESTAMP,
  `last_updated_on` timestamp NOT NULL DEFAULT CURRENT_TIMESTAMP ON UPDATE CURRENT_TIMESTAMP,
  `role_detail` varchar(300) DEFAULT NULL,
  PRIMARY KEY (`role_id`),
  UNIQUE KEY `role` (`role`)
) ENGINE=InnoDB AUTO_INCREMENT=10 DEFAULT CHARSET=latin1;
/*!40101 SET character_set_client = @saved_cs_client */;

--
-- Dumping data for table `employee_roles_tbl`
--

LOCK TABLES `employee_roles_tbl` WRITE;
/*!40000 ALTER TABLE `employee_roles_tbl` DISABLE KEYS */;
INSERT INTO `employee_roles_tbl` VALUES (1,'Customer Support','N','2018-11-28 13:43:28','2020-02-13 09:30:42',NULL),(2,'Lead Generator','N','2018-11-28 13:43:28','2020-02-13 09:30:43',NULL),(3,'Evaluator','Y','2018-11-28 13:43:28','2018-11-28 13:43:28',NULL),(4,'Purchase Manager','Y','2018-11-28 13:43:28','2019-12-16 05:35:29',NULL),(5,'Sales Manager','Y','2018-11-28 13:43:28','2020-02-13 09:22:31',NULL),(6,'Showroom Manager','N','2018-11-28 13:43:28','2020-02-13 09:30:43',NULL),(7,'Admin','Y','2018-11-28 13:43:28','2018-11-28 13:43:28',NULL),(8,'Super Admin','Y','2018-11-28 13:43:28','2018-11-28 13:43:28',NULL),(9,'Sales Head','Y','2020-02-07 09:58:28','2020-02-13 09:22:31',NULL);
/*!40000 ALTER TABLE `employee_roles_tbl` ENABLE KEYS */;
UNLOCK TABLES;

--
-- Table structure for table `employee_shift_attendance_tbl`
--

DROP TABLE IF EXISTS `employee_shift_attendance_tbl`;
/*!40101 SET @saved_cs_client     = @@character_set_client */;
/*!40101 SET character_set_client = utf8 */;
CREATE TABLE `employee_shift_attendance_tbl` (
  `attendance_id` int(11) NOT NULL AUTO_INCREMENT,
  `employee_id` int(11) NOT NULL,
  `today` timestamp NOT NULL DEFAULT CURRENT_TIMESTAMP,
  `attendance_date` date NOT NULL,
  `morning_login_time` time DEFAULT NULL,
  `morning_logout_time` time DEFAULT NULL,
  `morning_confirmation` char(1) DEFAULT NULL,
  `morning_confirmed_on` timestamp NULL DEFAULT NULL,
  `morning_confirmed_by` int(11) DEFAULT NULL,
  `is_morning_absent` char(1) DEFAULT NULL,
  `evening_login_time` time DEFAULT NULL,
  `evening_logout_time` time DEFAULT NULL,
  `evening_confirmation` char(1) DEFAULT NULL,
  `evening_confirmed_on` timestamp NULL DEFAULT NULL,
  `evening_confirmed_by` int(11) DEFAULT NULL,
  `is_evening_absent` char(1) DEFAULT NULL,
  `on_leave` char(1) DEFAULT NULL,
  `is_active` char(1) NOT NULL DEFAULT 'Y',
  `added_on` timestamp NOT NULL DEFAULT CURRENT_TIMESTAMP,
  `morning_login_lat` double(10,8) DEFAULT NULL,
  `morning_login_lon` double(10,8) DEFAULT NULL,
  `morning_logout_lat` double(10,8) DEFAULT NULL,
  `morning_logout_lon` double(10,8) DEFAULT NULL,
  `evening_login_lat` double(10,8) DEFAULT NULL,
  `evening_login_lon` double(10,8) DEFAULT NULL,
  `evening_logout_lat` double(10,8) DEFAULT NULL,
  `evening_logout_lon` double(10,8) DEFAULT NULL,
  PRIMARY KEY (`attendance_id`)
) ENGINE=InnoDB DEFAULT CHARSET=latin1;
/*!40101 SET character_set_client = @saved_cs_client */;

--
-- Dumping data for table `employee_shift_attendance_tbl`
--

LOCK TABLES `employee_shift_attendance_tbl` WRITE;
/*!40000 ALTER TABLE `employee_shift_attendance_tbl` DISABLE KEYS */;
/*!40000 ALTER TABLE `employee_shift_attendance_tbl` ENABLE KEYS */;
UNLOCK TABLES;

--
-- Table structure for table `employee_showroom_assignment_tbl`
--

DROP TABLE IF EXISTS `employee_showroom_assignment_tbl`;
/*!40101 SET @saved_cs_client     = @@character_set_client */;
/*!40101 SET character_set_client = utf8 */;
CREATE TABLE `employee_showroom_assignment_tbl` (
  `id` int(11) NOT NULL AUTO_INCREMENT,
  `employee_id` int(11) NOT NULL,
  `showroom_id` int(11) NOT NULL,
  `is_active` char(1) NOT NULL DEFAULT 'Y',
  `added_on` timestamp NOT NULL DEFAULT CURRENT_TIMESTAMP,
  `last_updated_on` timestamp NOT NULL DEFAULT CURRENT_TIMESTAMP ON UPDATE CURRENT_TIMESTAMP,
  PRIMARY KEY (`id`),
  KEY `FKemployee_idx` (`employee_id`),
  KEY `FKshowroom_id_idx` (`showroom_id`),
  CONSTRAINT `FKemployee` FOREIGN KEY (`employee_id`) REFERENCES `employee_master_tbl` (`employee_id`) ON DELETE NO ACTION ON UPDATE NO ACTION,
  CONSTRAINT `FKshowroom_id` FOREIGN KEY (`showroom_id`) REFERENCES `showrooms_tbl` (`showroom_id`) ON DELETE NO ACTION ON UPDATE NO ACTION
) ENGINE=InnoDB AUTO_INCREMENT=21 DEFAULT CHARSET=latin1;
/*!40101 SET character_set_client = @saved_cs_client */;

--
-- Dumping data for table `employee_showroom_assignment_tbl`
--

LOCK TABLES `employee_showroom_assignment_tbl` WRITE;
/*!40000 ALTER TABLE `employee_showroom_assignment_tbl` DISABLE KEYS */;
INSERT INTO `employee_showroom_assignment_tbl` VALUES (1,9,1,'Y','2020-02-20 11:54:42','2020-02-20 11:54:42'),(2,10,1,'Y','2020-02-20 12:06:16','2020-02-20 12:06:16'),(3,1,1,'Y','2020-02-20 13:32:40','2020-02-20 13:32:40'),(4,2,1,'Y','2020-02-20 13:32:40','2020-02-20 13:32:40'),(5,3,1,'Y','2020-02-20 13:32:40','2020-02-20 13:32:40'),(6,4,1,'Y','2020-02-20 13:32:40','2020-02-20 13:32:40'),(7,5,1,'Y','2020-02-20 13:32:41','2020-02-20 13:32:41'),(8,6,1,'Y','2020-02-20 13:32:41','2020-02-20 13:32:41'),(9,7,1,'Y','2020-02-20 13:32:41','2020-02-20 13:32:41'),(10,8,1,'Y','2020-02-20 13:32:41','2020-02-20 13:32:41'),(11,11,1,'Y','2020-02-20 13:48:44','2020-02-20 13:48:44'),(12,12,2,'Y','2020-02-20 13:48:44','2020-02-20 13:48:44'),(13,13,2,'Y','2020-02-20 13:48:44','2020-02-20 13:48:44'),(14,14,3,'Y','2020-02-20 13:48:44','2020-02-20 13:48:44'),(15,15,1,'Y','2020-02-20 13:48:44','2020-02-20 13:48:44'),(16,16,6,'Y','2020-02-20 13:48:45','2020-02-20 13:48:45'),(17,17,4,'Y','2020-02-20 13:48:45','2020-02-20 13:48:45'),(18,18,1,'Y','2020-02-20 13:48:45','2020-02-20 13:48:45'),(19,19,5,'Y','2020-02-20 13:48:45','2020-02-20 13:48:45'),(20,20,2,'Y','2020-02-20 13:48:45','2020-02-20 13:48:45');
/*!40000 ALTER TABLE `employee_showroom_assignment_tbl` ENABLE KEYS */;
UNLOCK TABLES;

--
-- Table structure for table `enquired_cars_tbl`
--

DROP TABLE IF EXISTS `enquired_cars_tbl`;
/*!40101 SET @saved_cs_client     = @@character_set_client */;
/*!40101 SET character_set_client = utf8 */;
CREATE TABLE `enquired_cars_tbl` (
  `id` int(11) NOT NULL AUTO_INCREMENT,
  `vehicle_id` int(11) NOT NULL,
  `customer_id` int(11) NOT NULL,
  `budget` int(11) DEFAULT NULL,
  `planning_by` varchar(45) DEFAULT NULL,
  `comment` varchar(255) DEFAULT NULL,
  `is_active` char(1) NOT NULL DEFAULT 'Y',
  `added_on` timestamp NOT NULL DEFAULT CURRENT_TIMESTAMP,
  `last_updated_on` timestamp NOT NULL DEFAULT CURRENT_TIMESTAMP ON UPDATE CURRENT_TIMESTAMP,
  PRIMARY KEY (`id`)
) ENGINE=InnoDB DEFAULT CHARSET=latin1;
/*!40101 SET character_set_client = @saved_cs_client */;

--
-- Dumping data for table `enquired_cars_tbl`
--

LOCK TABLES `enquired_cars_tbl` WRITE;
/*!40000 ALTER TABLE `enquired_cars_tbl` DISABLE KEYS */;
/*!40000 ALTER TABLE `enquired_cars_tbl` ENABLE KEYS */;
UNLOCK TABLES;

--
-- Table structure for table `evaluated_vehicle_pricing_details_tbl`
--

DROP TABLE IF EXISTS `evaluated_vehicle_pricing_details_tbl`;
/*!40101 SET @saved_cs_client     = @@character_set_client */;
/*!40101 SET character_set_client = utf8 */;
CREATE TABLE `evaluated_vehicle_pricing_details_tbl` (
  `id` int(10) NOT NULL AUTO_INCREMENT,
  `vehicle_id` int(10) DEFAULT NULL,
  `cust_expt_price` int(15) DEFAULT NULL,
  `buying_price` int(15) DEFAULT NULL,
  `refurbish_amount` int(15) DEFAULT NULL,
  `comments` varchar(200) DEFAULT NULL,
  `is_active` char(1) DEFAULT 'Y',
  `created_on` timestamp NOT NULL DEFAULT CURRENT_TIMESTAMP,
  PRIMARY KEY (`id`),
  KEY `vehicle_id` (`vehicle_id`),
  CONSTRAINT `evaluated_vehicle_pricing_details_tbl_ibfk_1` FOREIGN KEY (`vehicle_id`) REFERENCES `vehicle_master_tbl` (`vehicle_id`)
) ENGINE=InnoDB AUTO_INCREMENT=6 DEFAULT CHARSET=latin1;
/*!40101 SET character_set_client = @saved_cs_client */;

--
-- Dumping data for table `evaluated_vehicle_pricing_details_tbl`
--

LOCK TABLES `evaluated_vehicle_pricing_details_tbl` WRITE;
/*!40000 ALTER TABLE `evaluated_vehicle_pricing_details_tbl` DISABLE KEYS */;
INSERT INTO `evaluated_vehicle_pricing_details_tbl` VALUES (1,10,2222,200000,50000,'Dhjihhh','Y','2019-12-11 08:30:59'),(2,117,3500000,2600000,0,'Customer last price is 34 lac. He is going USA in March that why he is selling car','Y','2019-12-17 18:22:57'),(3,118,3700000,3300000,0,'Customer asking is 40 lac , he has offer of 35 lac and he want 37 lac.','Y','2019-12-17 18:39:13'),(4,115,2200000,1600000,50000,'Good car. Only service and brake pad need to change','Y','2019-12-18 10:58:29'),(5,107,1500000,1400000,10000,'Good car','Y','2019-12-18 14:53:59');
/*!40000 ALTER TABLE `evaluated_vehicle_pricing_details_tbl` ENABLE KEYS */;
UNLOCK TABLES;

--
-- Table structure for table `evaluator_pincode_tabl`
--

DROP TABLE IF EXISTS `evaluator_pincode_tabl`;
/*!40101 SET @saved_cs_client     = @@character_set_client */;
/*!40101 SET character_set_client = utf8 */;
CREATE TABLE `evaluator_pincode_tabl` (
  `id` int(10) NOT NULL AUTO_INCREMENT,
  `evaluator_id` int(10) DEFAULT NULL,
  `pincode` int(20) DEFAULT NULL,
  `is_active` char(1) DEFAULT 'Y',
  `created_on` timestamp NOT NULL DEFAULT CURRENT_TIMESTAMP,
  PRIMARY KEY (`id`)
) ENGINE=InnoDB DEFAULT CHARSET=latin1;
/*!40101 SET character_set_client = @saved_cs_client */;

--
-- Dumping data for table `evaluator_pincode_tabl`
--

LOCK TABLES `evaluator_pincode_tabl` WRITE;
/*!40000 ALTER TABLE `evaluator_pincode_tabl` DISABLE KEYS */;
/*!40000 ALTER TABLE `evaluator_pincode_tabl` ENABLE KEYS */;
UNLOCK TABLES;

--
-- Table structure for table `evaluator_vehicle_assignment_tbl`
--

DROP TABLE IF EXISTS `evaluator_vehicle_assignment_tbl`;
/*!40101 SET @saved_cs_client     = @@character_set_client */;
/*!40101 SET character_set_client = utf8 */;
CREATE TABLE `evaluator_vehicle_assignment_tbl` (
  `assigned_id` int(12) NOT NULL AUTO_INCREMENT,
  `vehicle_id` int(10) DEFAULT NULL,
  `evaluator_id` int(12) NOT NULL,
  `location` varchar(25) DEFAULT NULL,
  `is_active` char(1) NOT NULL DEFAULT 'Y',
  `is_confirmed` char(1) DEFAULT 'N',
  `confirmed_on` varchar(50) DEFAULT NULL,
  `is_rejected` char(1) DEFAULT 'N',
  `rejected_on` varchar(50) DEFAULT NULL,
  `assigned_on` timestamp NOT NULL DEFAULT CURRENT_TIMESTAMP,
  `assigned_by` varchar(10) DEFAULT NULL,
  `is_rescheduled` char(1) DEFAULT 'N',
  `reschedule_time_date` varchar(50) DEFAULT NULL,
  `res_comments` varchar(200) DEFAULT NULL,
  `rej_comments` varchar(500) DEFAULT NULL,
  `is_reassigned` char(1) DEFAULT 'N',
  `reassigned_to` int(12) DEFAULT NULL,
  `re_assigned_on` varchar(50) DEFAULT NULL,
  `re_assign_comment` varchar(200) DEFAULT NULL,
  `is_submitted` char(1) DEFAULT 'N',
  `submitted_on` varchar(50) DEFAULT NULL,
  PRIMARY KEY (`assigned_id`)
) ENGINE=InnoDB AUTO_INCREMENT=190 DEFAULT CHARSET=latin1;
/*!40101 SET character_set_client = @saved_cs_client */;

--
-- Dumping data for table `evaluator_vehicle_assignment_tbl`
--

LOCK TABLES `evaluator_vehicle_assignment_tbl` WRITE;
/*!40000 ALTER TABLE `evaluator_vehicle_assignment_tbl` DISABLE KEYS */;
INSERT INTO `evaluator_vehicle_assignment_tbl` VALUES (1,1,2,'GURGAON','Y','Y','2019-11-30 12:30:46','Y','2019-12-10 18:49:17','2019-11-28 06:05:02',NULL,'N',NULL,NULL,'2015-16 AUDI A3 CAB 11000KMS @ 27 LAC\n\nOUR PRICE IS 22 LAC ','N',NULL,NULL,NULL,'N',NULL),(2,2,2,'jaipur','Y','Y','2019-11-28 12:30:23','N',NULL,'2019-11-28 06:48:20',NULL,'N',NULL,NULL,NULL,'N',NULL,NULL,NULL,'N',NULL),(3,3,2,'JAIPUR','Y','Y','2019-11-28 13:26:11','N',NULL,'2019-11-28 06:56:33',NULL,'N',NULL,NULL,NULL,'N',NULL,NULL,NULL,'N',NULL),(4,4,2,'jaipur','Y','Y','2019-11-28 12:32:39','N',NULL,'2019-11-28 07:11:08',NULL,'N',NULL,NULL,NULL,'N',NULL,NULL,NULL,'N',NULL),(5,5,1,'new delhi','N','N','2019-11-30 13:13:44','N',NULL,'2019-11-28 07:44:00',NULL,'N',NULL,NULL,NULL,'N',NULL,NULL,NULL,'N',NULL),(6,6,1,'DELHI','N','N','2019-11-30 15:48:22','N',NULL,'2019-11-28 10:19:16',NULL,'N',NULL,NULL,NULL,'N',NULL,NULL,NULL,'N',NULL),(7,7,2,'LUDHIANA','Y','Y','2019-12-05 11:30:16','N',NULL,'2019-11-28 10:24:39',NULL,'N',NULL,NULL,NULL,'N',NULL,NULL,NULL,'N',NULL),(8,8,2,'ludhiana','Y','Y','2019-12-04 01:00:00','N',NULL,'2019-11-28 10:28:23',NULL,'Y','2019-12-11 22:16:00','He is dealer of Ludhiana \n\nCall him again for cayenne 2017 20000kms \n2016 320d luxury line 27000kms @ 22 lac',NULL,'N',NULL,NULL,NULL,'N',NULL),(9,9,2,'rewari','Y','Y','2019-11-29 12:03:37','Y','2019-12-10 18:31:43','2019-11-28 10:33:57',NULL,'N',NULL,NULL,'Inspected car in rohtak. This is accident vehicle.','N',NULL,NULL,NULL,'N',NULL),(10,10,2,'GURGAON','Y','Y','2019-11-29 03:30:11','N',NULL,'2019-11-28 10:58:39',NULL,'Y','2019-12-11 23:00:00','2014 A4 2ND OWNER 52000KMS BLUE@ 13.50 LAC',NULL,'N',NULL,NULL,NULL,'Y','2019-12-11 14:01:38'),(11,11,1,'GURGAON','N','N','2019-11-29 16:47:51','N',NULL,'2019-11-28 11:18:09',NULL,'N',NULL,NULL,NULL,'N',NULL,NULL,NULL,'N',NULL),(12,12,2,'GURGAON','Y','Y','2019-11-30 12:03:21','N',NULL,'2019-11-29 09:01:42',NULL,'Y','2019-12-11 23:30:00','2015-16 Q5 TECHNOLOGY WHITE 40000KMS @ 25 LAC\n\nCALL HIM FOR MEETING',NULL,'N',NULL,NULL,NULL,'N',NULL),(13,13,2,NULL,'Y','Y','2019-11-30 14:34:42','Y','2019-12-10 19:29:28','2019-11-29 09:04:47',NULL,'Y','2019-12-11 22:00:00','Didn\'t pick call. Call again','2018-19 EVOQUE SE white hr 12000kms @ 45ac\n\nOur buying price is 33 lac, customer last price is 45ac.','N',NULL,NULL,NULL,'N',NULL),(14,15,2,'GURGAON','Y','Y','2019-11-30 03:15:28','Y','2019-12-10 18:40:11','2019-11-29 11:45:45',NULL,'N',NULL,NULL,'2017-18 A4 TECHNOLOGY BLUE 15000KMS \nCUSTOMER ASKING IS 32 LAC AND HE HAS A OFFER OF 27.50 LAC. \n\nOUR BUYER PRICE IS 22-23 LAC MAX','N',NULL,NULL,NULL,'N',NULL),(15,5,2,NULL,'N','N','2019-11-29 17:21:50','N',NULL,'2019-11-29 11:51:51',NULL,'N',NULL,NULL,NULL,'N',NULL,NULL,NULL,'N',NULL),(16,16,2,'DELHI','Y','Y','2019-12-28 12:01:04','N',NULL,'2019-11-30 11:49:12',NULL,'Y','2019-12-11 22:04:00','Call not pick call him again for meeting',NULL,'N',NULL,NULL,NULL,'N',NULL),(17,17,2,'GURGAON','Y','Y','2019-12-02 01:21:22','N',NULL,'2019-11-30 11:51:35',NULL,'Y','2019-12-11 22:01:00','2016 320d prestige white 32000kms @ 19 lac\nLocation is cyber city gurugram\n\nCall him for meeting',NULL,'N',NULL,NULL,NULL,'N',NULL),(18,18,2,'REWARI','Y','Y','2019-12-02 03:23:48','N',NULL,'2019-11-30 11:54:58',NULL,'Y','2019-12-10 20:00:00','Bzy ..call him again or he will call in one hour',NULL,'N',NULL,NULL,NULL,'N',NULL),(19,19,2,'NOIDA','Y','Y','2019-12-02 17:27:11','Y','2019-12-10 18:56:44','2019-11-30 11:57:22',NULL,'N',NULL,NULL,'He is dealer has detail of 2018 EVOQUE . But now his customer is not responding.','N',NULL,NULL,NULL,'N',NULL),(20,20,2,'LUDHIANA','Y','Y','2019-12-04 17:32:44','N',NULL,'2019-11-30 12:02:54',NULL,'N',NULL,NULL,NULL,'N',NULL,NULL,NULL,'N',NULL),(21,24,2,'DELHI','Y','Y','2019-12-04 12:00:40','N',NULL,'2019-12-03 10:30:54',NULL,'Y','2019-12-11 22:34:00','2018-19 VOLVO XC90 MOMENTUM white 4000kms UK reg. @ 70 lac customer asking\n\nCall him again for price discussion.',NULL,'N',NULL,NULL,NULL,'N',NULL),(22,25,2,'GURGAON','Y','Y','2019-12-04 02:13:36','Y','2019-12-10 19:30:47','2019-12-03 10:43:51',NULL,'N',NULL,NULL,'Already assigned ','N',NULL,NULL,NULL,'N',NULL),(23,26,2,'GURGAON','N','Y','2019-12-20 02:24:56','N',NULL,'2019-12-03 11:38:00',NULL,'Y','2019-12-11 22:32:00','Call not pick..call him again for meeting',NULL,'N',NULL,NULL,NULL,'N',NULL),(24,33,2,'SONIPAT','Y','Y','2019-12-07 11:00:11','N',NULL,'2019-12-04 11:21:31',NULL,'Y','2019-12-11 22:57:00','2018 520D BLUE 27000KMS @ 41 LAC\n\nCALL HIM AGAIN FOR LAST PRICE',NULL,'N',NULL,NULL,NULL,'N',NULL),(25,34,2,'PUNJAB','Y','Y','2019-12-07 03:55:01','N',NULL,'2019-12-04 11:25:36',NULL,'N',NULL,NULL,NULL,'N',NULL,NULL,NULL,'N',NULL),(26,37,2,'KOTA','Y','Y','2019-12-05 01:08:09','N',NULL,'2019-12-04 11:38:20',NULL,'N',NULL,NULL,NULL,'N',NULL,NULL,NULL,'N',NULL),(27,39,2,'delhi','Y','Y','2019-12-06 12:38:06','N',NULL,'2019-12-04 12:08:19',NULL,'Y','2019-12-11 22:49:00','Call for meeting',NULL,'N',NULL,NULL,NULL,'N',NULL),(28,40,2,'GURGAON','Y','Y','2019-12-05 12:52:00','Y','2019-12-10 19:42:39','2019-12-05 07:34:31',NULL,'N',NULL,NULL,'Sold car in bid','N',NULL,NULL,NULL,'N',NULL),(29,46,2,'DELHI','N','Y','2019-12-20 11:19:13','N',NULL,'2019-12-05 09:10:22',NULL,'Y','2019-12-11 22:46:00','2016 C200 SILVER 12000KMS DL REG. @ 24 LAC CUSTOMER HAS OFFER OF 23.60 LAC\n\nCALL HIM FOR MEETING',NULL,'N',NULL,NULL,NULL,'N',NULL),(30,47,2,'DELHI','N','Y','2019-12-20 02:16:03','N',NULL,'2019-12-05 12:18:05',NULL,'Y','2019-12-11 22:43:00','Call not pick . Call him again',NULL,'N',NULL,NULL,NULL,'N',NULL),(31,48,2,'DELHI','Y','Y','2019-12-06 12:01:15','Y','2019-12-09 22:11:08','2019-12-06 06:33:52',NULL,'N',NULL,NULL,'Our buying price is 22.50 lac and customer wants 25 lac','N',NULL,NULL,NULL,'N',NULL),(32,50,2,'DELHI','N','Y','2019-12-07 12:11:58','N',NULL,'2019-12-06 08:42:05',NULL,'N',NULL,NULL,NULL,'N',NULL,NULL,NULL,'N',NULL),(33,51,2,'GORAKHPUR','N','Y','2019-12-09 12:33:45','N',NULL,'2019-12-06 09:03:57',NULL,'N',NULL,NULL,NULL,'N',NULL,NULL,NULL,'N',NULL),(34,52,2,'MEERUT','N','Y','2019-12-21 01:11:00','N',NULL,'2019-12-06 09:06:52',NULL,'N',NULL,NULL,NULL,'N',NULL,NULL,NULL,'N',NULL),(35,59,2,'DELHI','Y','Y','2019-12-09 11:20:16','N',NULL,'2019-12-07 09:50:20',NULL,'Y','2019-12-11 22:18:00','Call him for price discussion of 2014 S350 WHITE 50000KMS @ 45 LAC AND 2 XJL ...HE IS DEALER',NULL,'N',NULL,NULL,NULL,'N',NULL),(36,58,2,'DELHI','Y','Y','2019-12-09 12:20:36','Y','2019-12-10 20:19:44','2019-12-07 09:50:43',NULL,'N',NULL,NULL,'He is dealer and I m in touch with him for s-class and xjl','N',NULL,NULL,NULL,'N',NULL),(37,60,2,'DELHI','Y','Y','2019-12-09 15:38:09','N',NULL,'2019-12-07 10:08:26',NULL,'Y','2019-12-12 23:11:00','2014 AUDI A6 40000KMS WHITE @ 19 LAC\n\nHE IS INTERESTED IN DIRECT END BUYER SELLING. CALL HIM FOR PARK AND SELL',NULL,'N',NULL,NULL,NULL,'N',NULL),(38,65,2,'GURGAON','Y','Y','2019-12-09 13:55:22','N',NULL,'2019-12-09 08:31:24',NULL,'N',NULL,NULL,NULL,'N',NULL,NULL,NULL,'N',NULL),(39,68,2,'CHANDIGARH','Y','Y','2019-12-10 12:07:19','N',NULL,'2019-12-09 12:37:39',NULL,'N',NULL,NULL,NULL,'N',NULL,NULL,NULL,'N',NULL),(40,69,2,'CHANDIGARH','Y','Y','2019-12-10 02:09:00','N',NULL,'2019-12-09 12:40:02',NULL,'N',NULL,NULL,NULL,'N',NULL,NULL,NULL,'N',NULL),(41,70,2,'CHANDIGARH','Y','Y','2019-12-10 03:12:02','N',NULL,'2019-12-09 12:42:16',NULL,'N',NULL,NULL,NULL,'N',NULL,NULL,NULL,'N',NULL),(42,71,2,'Chandigarh','Y','Y','2019-12-10 04:14:00','N',NULL,'2019-12-09 12:44:29',NULL,'N',NULL,NULL,NULL,'N',NULL,NULL,NULL,'N',NULL),(43,75,2,'DELHI','Y','Y','2019-12-11 12:23:31','Y','2019-12-10 18:02:00','2019-12-10 10:53:58',NULL,'N',NULL,NULL,'Car sold out','N',NULL,NULL,NULL,'N',NULL),(44,81,2,'faridabad','Y','Y','2019-12-12 01:54:15','N',NULL,'2019-12-11 12:24:23',NULL,'N',NULL,NULL,NULL,'N',NULL,NULL,NULL,'N',NULL),(45,91,2,'NOIDA','Y','Y','2019-12-13 12:14:09','N',NULL,'2019-12-12 11:44:28',NULL,'N',NULL,NULL,NULL,'N',NULL,NULL,NULL,'N',NULL),(46,92,2,'GURGAON','Y','Y','2019-12-13 04:16:49','N',NULL,'2019-12-12 11:47:15',NULL,'N',NULL,NULL,NULL,'N',NULL,NULL,NULL,'N',NULL),(47,98,2,'GURGAON','Y','Y','2019-12-14 01:16:00','N',NULL,'2019-12-13 12:47:01',NULL,'N',NULL,NULL,NULL,'N',NULL,NULL,NULL,'N',NULL),(48,101,2,'DELHI','N','Y','2019-12-16 12:28:02','N',NULL,'2019-12-13 12:58:18',NULL,'N',NULL,NULL,NULL,'N',NULL,NULL,NULL,'N',NULL),(49,102,2,'LUDHIANA','Y','Y','2019-12-23 01:32:50','N',NULL,'2019-12-13 13:03:03',NULL,'N',NULL,NULL,NULL,'N',NULL,NULL,NULL,'N',NULL),(50,103,2,'LUDHIANA','Y','Y','2019-12-23 02:35:20','N',NULL,'2019-12-13 13:05:32',NULL,'N',NULL,NULL,NULL,'N',NULL,NULL,NULL,'N',NULL),(51,105,2,'LUDHIANA','Y','Y','2019-12-23 04:42:06','N',NULL,'2019-12-13 13:12:31',NULL,'N',NULL,NULL,NULL,'N',NULL,NULL,NULL,'N',NULL),(52,107,2,'DELHI','Y','Y','2019-12-16 01:26:40','N',NULL,'2019-12-14 09:56:51',NULL,'N',NULL,NULL,NULL,'N',NULL,NULL,NULL,'Y','2019-12-18 20:23:59'),(53,111,2,'LUDHIANA','Y','Y','2019-12-23 02:00:52','N',NULL,'2019-12-14 10:31:06',NULL,'N',NULL,NULL,NULL,'N',NULL,NULL,NULL,'N',NULL),(54,113,2,'DELHI','Y','Y','2019-12-16 03:28:00','Y','2019-12-17 12:26:06','2019-12-14 11:58:11',NULL,'N',NULL,NULL,'Visited car at rajouri garden. Almost complete car repainted. When I ask for test drive customer denied. And got angry at repainted thing.','N',NULL,NULL,NULL,'N',NULL),(55,115,2,'GURGAON','Y','Y','2019-12-16 15:32:26','N',NULL,'2019-12-16 10:04:45',NULL,'N',NULL,NULL,NULL,'N',NULL,NULL,NULL,'Y','2019-12-18 18:31:10'),(56,116,2,'ALIGARH','Y','Y','2019-12-18 12:09:00','N',NULL,'2019-12-16 10:40:07',NULL,'N',NULL,NULL,NULL,'N',NULL,NULL,NULL,'N',NULL),(57,117,2,'NOIDA','Y','Y','2019-12-17 12:00:06','N',NULL,'2019-12-16 11:29:33',NULL,'N',NULL,NULL,NULL,'N',NULL,NULL,NULL,'Y','2019-12-17 23:52:58'),(58,118,2,'DELHI','Y','Y','2019-12-17 03:01:45','N',NULL,'2019-12-16 11:32:39',NULL,'N',NULL,NULL,NULL,'N',NULL,NULL,NULL,'Y','2019-12-19 12:02:38'),(59,123,2,'GURGAON','Y','Y','2019-12-18 01:41:47','N',NULL,'2019-12-16 13:11:59',NULL,'N',NULL,NULL,NULL,'N',NULL,NULL,NULL,'N',NULL),(60,127,6,'DELHI','N','N','2019-12-18 12:01:17','N',NULL,'2019-12-17 11:32:17',NULL,'N',NULL,NULL,NULL,'N',NULL,NULL,NULL,'N',NULL),(61,129,6,'DELHI','Y','Y','2019-12-20 12:08:00','N',NULL,'2019-12-17 12:39:06',NULL,'N',NULL,NULL,NULL,'N',NULL,NULL,NULL,'N',NULL),(62,131,6,'DELHI','N','Y','2019-12-18 01:12:53','N',NULL,'2019-12-17 12:43:18',NULL,'N',NULL,NULL,NULL,'N',NULL,NULL,NULL,'N',NULL),(63,132,6,'DELHI','N','Y','2019-12-18 03:15:00','N',NULL,'2019-12-17 12:45:36',NULL,'N',NULL,NULL,NULL,'N',NULL,NULL,NULL,'N',NULL),(64,133,4,'gf7ytre','N','Y','2019-12-20 22:34:00','N',NULL,'2019-12-17 17:05:00',NULL,'N',NULL,NULL,NULL,'N',NULL,NULL,NULL,'N',NULL),(65,133,5,'gf7ytre','N','Y','2019-12-20 22:34:00','N',NULL,'2019-12-17 19:08:47',NULL,'N',NULL,NULL,NULL,'N',NULL,NULL,NULL,'N',NULL),(66,133,1,'gf7ytre','N','Y','2019-12-20 22:34:00','N',NULL,'2019-12-17 19:09:08',NULL,'N',NULL,NULL,NULL,'N',NULL,NULL,NULL,'N',NULL),(67,127,2,'DELHI','Y','Y','2019-12-18 12:01:00','N',NULL,'2019-12-18 04:51:41',NULL,'N',NULL,NULL,NULL,'N',NULL,NULL,NULL,'N',NULL),(68,132,2,'DELHI','N','Y','2019-12-23 11:00:19','N',NULL,'2019-12-18 04:51:59',NULL,'N',NULL,NULL,NULL,'N',NULL,NULL,NULL,'N',NULL),(69,131,2,'DELHI','Y','Y','2019-12-18 01:12:00','N',NULL,'2019-12-18 04:52:11',NULL,'N',NULL,NULL,NULL,'N',NULL,NULL,NULL,'N',NULL),(70,134,6,'GURGAON','N','Y','2019-12-19 11:03:12','N',NULL,'2019-12-18 09:33:40',NULL,'N',NULL,NULL,NULL,'N',NULL,NULL,NULL,'N',NULL),(71,135,6,'gurgaon','N','Y','2019-12-19 01:05:48','N',NULL,'2019-12-18 09:36:18',NULL,'N',NULL,NULL,NULL,'N',NULL,NULL,NULL,'N',NULL),(72,136,6,'gurgaon','N','Y','2019-12-19 15:08:38','N',NULL,'2019-12-18 09:39:01',NULL,'N',NULL,NULL,NULL,'N',NULL,NULL,NULL,'N',NULL),(73,138,6,'delhi','Y','Y','2019-12-23 10:00:38','N',NULL,'2019-12-18 09:43:32',NULL,'N',NULL,NULL,NULL,'N',NULL,NULL,NULL,'N',NULL),(74,139,6,'GURGAON','N','Y','2019-12-19 04:54:15','N',NULL,'2019-12-18 12:24:30',NULL,'N',NULL,NULL,NULL,'N',NULL,NULL,NULL,'N',NULL),(75,140,6,'GURGAON','Y','Y','2019-12-23 12:23:06','N',NULL,'2019-12-18 12:53:32',NULL,'N',NULL,NULL,NULL,'N',NULL,NULL,NULL,'N',NULL),(76,136,2,'gurgaon','Y','Y','2019-12-20 03:08:00','N',NULL,'2019-12-18 13:01:11',NULL,'N',NULL,NULL,NULL,'N',NULL,NULL,NULL,'N',NULL),(77,135,2,'gurgaon','Y','Y','2019-12-19 01:05:00','N',NULL,'2019-12-18 13:01:42',NULL,'N',NULL,NULL,NULL,'N',NULL,NULL,NULL,'N',NULL),(78,134,2,'GURGAON','Y','Y','2019-12-19 11:03:00','N',NULL,'2019-12-18 13:02:01',NULL,'N',NULL,NULL,NULL,'N',NULL,NULL,NULL,'N',NULL),(79,139,2,'GURGAON','Y','Y','2019-12-19 04:54:00','N',NULL,'2019-12-18 13:02:17',NULL,'N',NULL,NULL,NULL,'N',NULL,NULL,NULL,'N',NULL),(80,141,2,'LUCKNOW','Y','Y','2019-12-25 11:41:36','N',NULL,'2019-12-18 13:11:53',NULL,'N',NULL,NULL,NULL,'N',NULL,NULL,NULL,'N',NULL),(81,143,6,'SONIPAT','Y','Y','2019-12-19 11:30:17','Y','2019-12-19 18:08:32','2019-12-19 06:03:00',NULL,'N',NULL,NULL,'All ready contacted by Sumit sir ','N',NULL,NULL,NULL,'N',NULL),(82,144,6,'KARNAL','N','Y','2019-12-19 11:33:04','N',NULL,'2019-12-19 06:05:27',NULL,'N',NULL,NULL,NULL,'N',NULL,NULL,NULL,'N',NULL),(83,132,6,'DELHI','Y','Y','2019-12-23 11:00:33','N',NULL,'2019-12-19 07:46:35',NULL,'N',NULL,NULL,NULL,'N',NULL,NULL,NULL,'N',NULL),(84,145,6,'LUCKNOW','Y','Y','2019-12-25 11:28:42','N',NULL,'2019-12-19 11:59:10',NULL,'N',NULL,NULL,NULL,'N',NULL,NULL,NULL,'N',NULL),(85,146,6,'KANPUR','Y','Y','2019-12-25 01:31:13','N',NULL,'2019-12-19 12:01:26',NULL,'N',NULL,NULL,NULL,'N',NULL,NULL,NULL,'N',NULL),(86,147,6,'KANPUR','Y','Y','2019-12-25 04:37:49','N',NULL,'2019-12-19 12:08:19',NULL,'N',NULL,NULL,NULL,'N',NULL,NULL,NULL,'N',NULL),(87,148,2,'GURGAON','Y','Y','2019-12-21 01:00:51','N',NULL,'2019-12-19 12:10:15',NULL,'N',NULL,NULL,NULL,'N',NULL,NULL,NULL,'N',NULL),(88,149,2,'GURGAON','N','Y','2019-12-20 12:41:52','N',NULL,'2019-12-19 12:12:14',NULL,'N',NULL,NULL,NULL,'N',NULL,NULL,NULL,'N',NULL),(89,26,6,'GURGAON','Y','Y','2019-12-20 02:24:00','N',NULL,'2019-12-19 13:00:36',NULL,'N',NULL,NULL,NULL,'N',NULL,NULL,NULL,'N',NULL),(90,47,6,'DELHI','Y','Y','2019-12-20 02:16:00','N',NULL,'2019-12-19 13:00:52',NULL,'N',NULL,NULL,NULL,'N',NULL,NULL,NULL,'N',NULL),(91,46,6,'DELHI','Y','Y','2019-12-20 11:19:00','N',NULL,'2019-12-19 13:01:09',NULL,'N',NULL,NULL,NULL,'N',NULL,NULL,NULL,'N',NULL),(92,149,6,'GURGAON','Y','Y','2019-12-20 12:41:00','N',NULL,'2019-12-19 13:01:25',NULL,'N',NULL,NULL,NULL,'N',NULL,NULL,NULL,'N',NULL),(93,144,2,'KARNAL','Y','Y','2019-12-19 11:33:00','N',NULL,'2019-12-20 08:41:21',NULL,'N',NULL,NULL,NULL,'N',NULL,NULL,NULL,'N',NULL),(94,153,2,'delhi','Y','Y','2019-12-21 11:36:02','N',NULL,'2019-12-20 11:06:16',NULL,'N',NULL,NULL,NULL,'N',NULL,NULL,NULL,'N',NULL),(95,154,2,'gurgaon','Y','Y','2019-12-21 02:38:40','N',NULL,'2019-12-20 11:08:53',NULL,'N',NULL,NULL,NULL,'N',NULL,NULL,NULL,'N',NULL),(96,50,6,'DEHRADUN','Y','Y','2019-12-21 11:10:00','N',NULL,'2019-12-20 11:40:40',NULL,'N',NULL,NULL,NULL,'N',NULL,NULL,NULL,'N',NULL),(97,101,6,'DEHRADHUN','Y','Y','2019-12-21 17:14:59','N',NULL,'2019-12-20 11:45:32',NULL,'N',NULL,NULL,NULL,'N',NULL,NULL,NULL,'N',NULL),(98,52,6,'MEERUT','Y','Y','2019-12-21 01:11:00','N',NULL,'2019-12-20 11:45:55',NULL,'N',NULL,NULL,NULL,'N',NULL,NULL,NULL,'N',NULL),(99,155,6,'LUDHIANA','Y','Y','2019-12-24 11:19:46','N',NULL,'2019-12-20 11:50:22',NULL,'N',NULL,NULL,NULL,'N',NULL,NULL,NULL,'N',NULL),(100,162,2,'ghaziabad','Y','Y','2019-12-23 12:43:33','N',NULL,'2019-12-20 12:13:45',NULL,'N',NULL,NULL,NULL,'N',NULL,NULL,NULL,'N',NULL),(101,150,2,'delhi','Y','Y','2019-12-21 01:46:06','N',NULL,'2019-12-20 12:16:13',NULL,'N',NULL,NULL,NULL,'N',NULL,NULL,NULL,'N',NULL),(102,51,6,'GORAKHPUR','Y','Y','2019-12-09 12:33:00','N',NULL,'2019-12-20 12:20:03',NULL,'N',NULL,NULL,NULL,'N',NULL,NULL,NULL,'N',NULL),(103,168,2,'Panchkula','Y','Y','2019-12-23 14:10:58','N',NULL,'2019-12-23 08:41:45',NULL,'N',NULL,NULL,NULL,'N',NULL,NULL,NULL,'N',NULL),(104,169,2,'GURGAON','Y','Y','2019-12-23 14:18:01','N',NULL,'2019-12-23 08:50:23',NULL,'N',NULL,NULL,NULL,'N',NULL,NULL,NULL,'N',NULL),(105,176,2,'LUDHIANA','Y','Y','2019-12-24 02:02:21','N',NULL,'2019-12-23 12:32:33',NULL,'N',NULL,NULL,NULL,'N',NULL,NULL,NULL,'N',NULL),(106,177,2,'GURGAON','Y','Y','2019-12-24 10:54:00','N',NULL,'2019-12-24 05:28:01',NULL,'N',NULL,NULL,NULL,'N',NULL,NULL,NULL,'N',NULL),(107,180,2,'NOIDA','Y','Y','2019-12-25 12:11:56','N',NULL,'2019-12-24 11:42:11',NULL,'N',NULL,NULL,NULL,'N',NULL,NULL,NULL,'N',NULL),(108,182,2,'NOIDA','Y','Y','2019-12-25 02:34:45','N',NULL,'2019-12-24 12:05:02',NULL,'N',NULL,NULL,NULL,'N',NULL,NULL,NULL,'N',NULL),(109,189,2,'CHANDIGARH','Y','Y','2019-12-28 11:29:39','N',NULL,'2019-12-25 11:59:48',NULL,'N',NULL,NULL,NULL,'N',NULL,NULL,NULL,'N',NULL),(110,192,2,'DEHRADUN','Y','Y','2019-12-28 12:14:39','N',NULL,'2019-12-26 10:45:15',NULL,'N',NULL,NULL,NULL,'N',NULL,NULL,NULL,'N',NULL),(111,196,2,'gurgaon','Y','Y','2019-12-27 12:01:21','N',NULL,'2019-12-27 06:39:57',NULL,'N',NULL,NULL,NULL,'N',NULL,NULL,NULL,'N',NULL),(112,197,2,'MEERUT','Y','Y','2019-12-28 12:14:01','N',NULL,'2019-12-27 06:44:17',NULL,'N',NULL,NULL,NULL,'N',NULL,NULL,NULL,'N',NULL),(113,200,2,'DELHI','Y','Y','2019-12-27 12:21:49','N',NULL,'2019-12-27 06:52:57',NULL,'N',NULL,NULL,NULL,'N',NULL,NULL,NULL,'N',NULL),(114,201,2,'GHAZIABAD','Y','Y','2019-12-28 02:04:45','N',NULL,'2019-12-27 10:35:10',NULL,'N',NULL,NULL,NULL,'N',NULL,NULL,NULL,'N',NULL),(115,173,2,'CHANDIGARH','Y','Y','2019-12-30 11:20:10','N',NULL,'2019-12-28 09:50:14',NULL,'N',NULL,NULL,NULL,'N',NULL,NULL,NULL,'N',NULL),(116,174,2,'LUDHIANA','Y','Y','2019-12-30 01:20:43','N',NULL,'2019-12-28 09:50:47',NULL,'N',NULL,NULL,NULL,'N',NULL,NULL,NULL,'N',NULL),(117,207,2,'PATIALA','Y','Y','2019-12-30 15:27:47','N',NULL,'2019-12-28 09:58:19',NULL,'N',NULL,NULL,NULL,'N',NULL,NULL,NULL,'N',NULL),(118,209,2,'LUDHIANA','Y','Y','2019-12-30 05:31:31','N',NULL,'2019-12-28 10:01:43',NULL,'N',NULL,NULL,NULL,'N',NULL,NULL,NULL,'N',NULL),(119,211,2,'GURGAON','Y','Y','2020-01-02 01:13:00','N',NULL,'2019-12-31 12:43:38',NULL,'N',NULL,NULL,NULL,'N',NULL,NULL,NULL,'N',NULL),(120,217,2,'paniapt','Y','Y','2020-01-03 12:00:25','N',NULL,'2020-01-02 10:10:48',NULL,'N',NULL,NULL,NULL,'N',NULL,NULL,NULL,'N',NULL),(121,219,2,'INDORE','Y','Y','2020-01-04 12:02:13','N',NULL,'2020-01-03 12:32:26',NULL,'N',NULL,NULL,NULL,'N',NULL,NULL,NULL,'N',NULL),(122,220,2,'INDORE','Y','Y','2020-01-04 12:07:46','N',NULL,'2020-01-04 06:38:02',NULL,'N',NULL,NULL,NULL,'N',NULL,NULL,NULL,'N',NULL),(123,221,2,'GURGAON','Y','Y','2020-01-07 10:10:30','N',NULL,'2020-01-06 12:40:46',NULL,'N',NULL,NULL,NULL,'N',NULL,NULL,NULL,'N',NULL),(124,226,2,'DELHI','Y','Y','2020-01-15 10:30:54','N',NULL,'2020-01-15 05:01:04',NULL,'N',NULL,NULL,NULL,'N',NULL,NULL,NULL,'N',NULL),(125,227,2,'FARIDABAD','Y','Y','2020-01-16 12:12:26','N',NULL,'2020-01-15 09:42:43',NULL,'N',NULL,NULL,NULL,'N',NULL,NULL,NULL,'N',NULL),(126,228,2,'GURGAON','Y','Y','2020-01-16 15:23:23','N',NULL,'2020-01-15 09:53:32',NULL,'N',NULL,NULL,NULL,'N',NULL,NULL,NULL,'N',NULL),(127,238,2,'JAIPUR','Y','Y','2020-01-21 12:09:17','N',NULL,'2020-01-18 07:39:34',NULL,'N',NULL,NULL,NULL,'N',NULL,NULL,NULL,'N',NULL),(128,239,2,'JAIPUR','Y','Y','2020-01-21 13:11:36','N',NULL,'2020-01-18 07:41:59',NULL,'N',NULL,NULL,NULL,'N',NULL,NULL,NULL,'N',NULL),(129,240,2,'GURGAON','Y','Y','2020-01-22 12:12:49','N',NULL,'2020-01-21 11:43:09',NULL,'N',NULL,NULL,NULL,'N',NULL,NULL,NULL,'N',NULL),(130,241,2,'DELHI','Y','Y','2020-01-22 02:15:45','N',NULL,'2020-01-21 11:46:02',NULL,'N',NULL,NULL,NULL,'N',NULL,NULL,NULL,'N',NULL),(131,245,2,'gurgaon','Y','Y','2020-02-06 10:13:18','N',NULL,'2020-02-06 04:43:36',NULL,'N',NULL,NULL,NULL,'N',NULL,NULL,NULL,'N',NULL),(132,246,4,'delhi','Y','Y','2020-02-06 10:27:12','N',NULL,'2020-02-06 04:57:18',NULL,'N',NULL,NULL,NULL,'N',NULL,NULL,NULL,'N',NULL),(133,255,2,'DELHI','Y','Y','2020-02-06 11:10:54','N',NULL,'2020-02-06 05:40:58',NULL,'N',NULL,NULL,NULL,'N',NULL,NULL,NULL,'N',NULL),(134,257,2,'GURGAON','Y','Y','2020-02-06 11:16:36','N',NULL,'2020-02-06 05:46:37',NULL,'N',NULL,NULL,NULL,'N',NULL,NULL,NULL,'N',NULL),(135,258,2,'GURGAON','Y','Y','2020-02-06 11:18:57','N',NULL,'2020-02-06 05:49:05',NULL,'N',NULL,NULL,NULL,'N',NULL,NULL,NULL,'N',NULL),(136,264,2,'DELHI','Y','Y','2020-02-06 11:33:41','N',NULL,'2020-02-06 06:04:36',NULL,'N',NULL,NULL,NULL,'N',NULL,NULL,NULL,'N',NULL),(137,265,2,'DELHI','Y','Y','2020-02-06 11:38:01','N',NULL,'2020-02-06 06:08:07',NULL,'N',NULL,NULL,NULL,'N',NULL,NULL,NULL,'N',NULL),(138,266,2,'DELHI','Y','Y','2020-02-06 11:55:32','N',NULL,'2020-02-06 06:25:40',NULL,'N',NULL,NULL,NULL,'N',NULL,NULL,NULL,'N',NULL),(139,267,2,'DELHI','Y','Y','2020-02-06 11:59:04','N',NULL,'2020-02-06 06:29:07',NULL,'N',NULL,NULL,NULL,'N',NULL,NULL,NULL,'N',NULL),(140,268,2,'GURGAON','Y','Y','2020-02-06 12:01:23','N',NULL,'2020-02-06 06:31:32',NULL,'N',NULL,NULL,NULL,'N',NULL,NULL,NULL,'N',NULL),(141,269,2,'GURGAON','Y','Y','2020-02-07 14:47:17','N',NULL,'2020-02-07 09:17:25',NULL,'N',NULL,NULL,NULL,'N',NULL,NULL,NULL,'N',NULL),(142,270,2,'GURGAON','Y','Y','2020-02-07 14:50:22','N',NULL,'2020-02-07 09:20:32',NULL,'N',NULL,NULL,NULL,'N',NULL,NULL,NULL,'N',NULL),(143,282,2,'GURGAON','Y','Y','2020-02-07 15:21:54','N',NULL,'2020-02-07 09:51:59',NULL,'N',NULL,NULL,NULL,'N',NULL,NULL,NULL,'N',NULL),(144,283,2,'GURGAON','Y','Y','2020-02-07 15:25:51','N',NULL,'2020-02-07 09:55:59',NULL,'N',NULL,NULL,NULL,'N',NULL,NULL,NULL,'N',NULL),(145,284,2,'GURGAON','Y','Y','2020-02-07 15:27:57','N',NULL,'2020-02-07 09:58:06',NULL,'N',NULL,NULL,NULL,'N',NULL,NULL,NULL,'N',NULL),(146,285,2,'DELHI','Y','Y','2020-02-07 15:29:51','N',NULL,'2020-02-07 10:00:01',NULL,'N',NULL,NULL,NULL,'N',NULL,NULL,NULL,'N',NULL),(147,286,2,'GURGAON','Y','Y','2020-02-07 15:32:41','N',NULL,'2020-02-07 10:02:49',NULL,'N',NULL,NULL,NULL,'N',NULL,NULL,NULL,'N',NULL),(148,287,2,'DELHI','Y','Y','2020-02-07 15:34:59','N',NULL,'2020-02-07 10:05:10',NULL,'N',NULL,NULL,NULL,'N',NULL,NULL,NULL,'N',NULL),(149,288,2,'GURGAON','Y','Y','2020-02-07 15:37:34','N',NULL,'2020-02-07 10:07:39',NULL,'N',NULL,NULL,NULL,'N',NULL,NULL,NULL,'N',NULL),(150,289,2,'GURGAON','Y','Y','2020-02-07 15:39:06','N',NULL,'2020-02-07 10:09:29',NULL,'N',NULL,NULL,NULL,'N',NULL,NULL,NULL,'N',NULL),(151,295,2,'DELHI','Y','Y','2020-02-12 11:41:29','N',NULL,'2020-02-12 06:12:23',NULL,'N',NULL,NULL,NULL,'N',NULL,NULL,NULL,'N',NULL),(152,261,2,'LUDHIANA','Y','Y','2020-02-13 10:56:23','N',NULL,'2020-02-13 05:26:25',NULL,'N',NULL,NULL,NULL,'N',NULL,NULL,NULL,'N',NULL),(153,298,2,'DELHI','Y','Y','2020-02-13 11:21:52','N',NULL,'2020-02-13 05:51:58',NULL,'N',NULL,NULL,NULL,'N',NULL,NULL,NULL,'N',NULL),(154,299,2,'GURGAON','Y','Y','2020-02-13 11:23:56','N',NULL,'2020-02-13 05:54:02',NULL,'N',NULL,NULL,NULL,'N',NULL,NULL,NULL,'N',NULL),(155,300,2,'GURGAON','Y','Y','2020-02-13 11:26:09','N',NULL,'2020-02-13 05:56:14',NULL,'N',NULL,NULL,NULL,'N',NULL,NULL,NULL,'N',NULL),(156,301,2,'GURGAON','Y','Y','2020-02-13 11:27:57','N',NULL,'2020-02-13 05:58:03',NULL,'N',NULL,NULL,NULL,'N',NULL,NULL,NULL,'N',NULL),(157,302,2,'GURGAON','Y','Y','2020-02-13 11:29:38','N',NULL,'2020-02-13 05:59:45',NULL,'N',NULL,NULL,NULL,'N',NULL,NULL,NULL,'N',NULL),(158,304,2,'GURGAON','Y','Y','2020-02-13 11:43:09','N',NULL,'2020-02-13 06:13:16',NULL,'N',NULL,NULL,NULL,'N',NULL,NULL,NULL,'N',NULL),(159,307,2,'GURGAON','Y','Y','2020-02-13 11:50:34','N',NULL,'2020-02-13 06:21:01',NULL,'N',NULL,NULL,NULL,'N',NULL,NULL,NULL,'N',NULL),(160,308,2,'GURGAON','Y','Y','2020-02-13 11:53:06','N',NULL,'2020-02-13 06:23:13',NULL,'N',NULL,NULL,NULL,'N',NULL,NULL,NULL,'N',NULL),(161,309,2,'GURGAON','Y','Y','2020-02-13 11:55:30','N',NULL,'2020-02-13 06:25:36',NULL,'N',NULL,NULL,NULL,'N',NULL,NULL,NULL,'N',NULL),(162,310,2,'GURGAON','Y','Y','2020-02-13 12:00:56','N',NULL,'2020-02-13 06:33:32',NULL,'N',NULL,NULL,NULL,'N',NULL,NULL,NULL,'N',NULL),(163,311,2,'LUDHIANA','Y','Y','2020-02-13 12:23:58','N',NULL,'2020-02-13 06:54:04',NULL,'N',NULL,NULL,NULL,'N',NULL,NULL,NULL,'N',NULL),(164,313,2,'GURGAON','Y','Y','2020-02-13 12:27:55','N',NULL,'2020-02-13 06:58:01',NULL,'N',NULL,NULL,NULL,'N',NULL,NULL,NULL,'N',NULL),(165,317,2,'GURGAON','Y','Y','2020-02-13 13:12:01','N',NULL,'2020-02-13 07:42:08',NULL,'N',NULL,NULL,NULL,'N',NULL,NULL,NULL,'N',NULL),(166,318,2,'GURGAON','Y','Y','2020-02-13 13:14:53','N',NULL,'2020-02-13 07:44:59',NULL,'N',NULL,NULL,NULL,'N',NULL,NULL,NULL,'N',NULL),(167,319,2,'GURGAON','Y','Y','2020-02-13 13:16:22','N',NULL,'2020-02-13 07:46:49',NULL,'N',NULL,NULL,NULL,'N',NULL,NULL,NULL,'N',NULL),(168,322,2,'LUDHIANA','Y','Y','2020-02-13 15:32:11','N',NULL,'2020-02-13 10:02:37',NULL,'N',NULL,NULL,NULL,'N',NULL,NULL,NULL,'N',NULL),(169,324,5,'DEHRADUN','Y','Y','2020-02-13 15:39:54','N',NULL,'2020-02-13 10:10:02',NULL,'N',NULL,NULL,NULL,'N',NULL,NULL,NULL,'N',NULL),(170,325,2,'LUDHIANA','Y','Y','2020-02-13 15:43:35','N',NULL,'2020-02-13 10:13:43',NULL,'N',NULL,NULL,NULL,'N',NULL,NULL,NULL,'N',NULL),(171,389,2,'GURGAON','Y','Y','2020-02-21 16:57:06','N',NULL,'2020-02-21 11:27:17',NULL,'N',NULL,NULL,NULL,'N',NULL,NULL,NULL,'N',NULL),(172,391,2,'gurgaon','Y','Y','2020-02-22 13:16:14','N',NULL,'2020-02-22 07:46:20',NULL,'N',NULL,NULL,NULL,'N',NULL,NULL,NULL,'N',NULL),(173,392,2,'GURGAON','Y','Y','2020-02-22 13:20:30','N',NULL,'2020-02-22 07:50:44',NULL,'N',NULL,NULL,NULL,'N',NULL,NULL,NULL,'N',NULL),(174,393,2,'GURGAON','Y','Y','2020-02-22 13:22:50','N',NULL,'2020-02-22 07:52:56',NULL,'N',NULL,NULL,NULL,'N',NULL,NULL,NULL,'N',NULL),(175,394,2,'GURGAON','Y','Y','2020-02-22 13:25:07','N',NULL,'2020-02-22 07:55:13',NULL,'N',NULL,NULL,NULL,'N',NULL,NULL,NULL,'N',NULL),(176,395,2,'GURGAON','Y','Y','2020-02-22 13:29:54','N',NULL,'2020-02-22 08:00:00',NULL,'N',NULL,NULL,NULL,'N',NULL,NULL,NULL,'N',NULL),(177,396,2,'GURGAON','Y','Y','2020-02-22 14:42:19','N',NULL,'2020-02-22 09:12:33',NULL,'N',NULL,NULL,NULL,'N',NULL,NULL,NULL,'N',NULL),(178,401,2,'GURGAON','Y','Y','2020-02-22 15:05:31','N',NULL,'2020-02-22 09:35:39',NULL,'N',NULL,NULL,NULL,'N',NULL,NULL,NULL,'N',NULL),(179,402,2,'GURGAON','Y','Y','2020-02-22 15:10:08','N',NULL,'2020-02-22 09:40:23',NULL,'N',NULL,NULL,NULL,'N',NULL,NULL,NULL,'N',NULL),(180,403,2,'DELHI','Y','Y','2020-02-22 15:10:54','N',NULL,'2020-02-22 09:44:59',NULL,'N',NULL,NULL,NULL,'N',NULL,NULL,NULL,'N',NULL),(181,404,2,'GURGAON','Y','Y','2020-02-22 15:19:26','N',NULL,'2020-02-22 09:49:35',NULL,'N',NULL,NULL,NULL,'N',NULL,NULL,NULL,'N',NULL),(182,405,2,'GURGAON','Y','Y','2020-02-22 15:23:06','N',NULL,'2020-02-22 09:53:19',NULL,'N',NULL,NULL,NULL,'N',NULL,NULL,NULL,'N',NULL),(183,406,2,'GURGAON','Y','Y','2020-02-22 15:27:57','N',NULL,'2020-02-22 09:59:00',NULL,'N',NULL,NULL,NULL,'N',NULL,NULL,NULL,'N',NULL),(184,407,2,'gurgaon','Y','Y','2020-02-22 15:31:58','N',NULL,'2020-02-22 10:02:07',NULL,'N',NULL,NULL,NULL,'N',NULL,NULL,NULL,'N',NULL),(185,408,2,'gurgaon','Y','Y','2020-02-22 15:34:35','N',NULL,'2020-02-22 10:05:30',NULL,'N',NULL,NULL,NULL,'N',NULL,NULL,NULL,'N',NULL),(186,409,2,'delhi','Y','Y','2020-02-22 15:37:59','N',NULL,'2020-02-22 10:08:04',NULL,'N',NULL,NULL,NULL,'N',NULL,NULL,NULL,'N',NULL),(187,411,2,'GURGAON','Y','Y','2020-02-22 16:58:06','N',NULL,'2020-02-22 11:28:11',NULL,'N',NULL,NULL,NULL,'N',NULL,NULL,NULL,'N',NULL),(188,415,2,'GURGAON','Y','Y','2020-02-22 17:48:38','N',NULL,'2020-02-22 12:21:00',NULL,'N',NULL,NULL,NULL,'N',NULL,NULL,NULL,'N',NULL),(189,416,2,'gurgaon','Y','Y','2020-02-22 18:05:19','N',NULL,'2020-02-22 12:35:28',NULL,'N',NULL,NULL,NULL,'N',NULL,NULL,NULL,'N',NULL);
/*!40000 ALTER TABLE `evaluator_vehicle_assignment_tbl` ENABLE KEYS */;
UNLOCK TABLES;

--
-- Table structure for table `expecting_cars_tbl`
--

DROP TABLE IF EXISTS `expecting_cars_tbl`;
/*!40101 SET @saved_cs_client     = @@character_set_client */;
/*!40101 SET character_set_client = utf8 */;
CREATE TABLE `expecting_cars_tbl` (
  `id` int(11) NOT NULL AUTO_INCREMENT,
  `customer_id` int(11) NOT NULL,
  `make` int(10) DEFAULT NULL,
  `model_id` int(11) NOT NULL,
  `car_type` varchar(10) DEFAULT NULL,
  `fuel_type` varchar(20) DEFAULT NULL,
  `manf_year` varchar(20) DEFAULT NULL,
  `budget` int(11) DEFAULT NULL,
  `is_active` char(1) NOT NULL DEFAULT 'Y',
  `added_on` timestamp NOT NULL DEFAULT CURRENT_TIMESTAMP,
  `last_updated_on` timestamp NOT NULL DEFAULT CURRENT_TIMESTAMP ON UPDATE CURRENT_TIMESTAMP,
  PRIMARY KEY (`id`)
) ENGINE=InnoDB AUTO_INCREMENT=1361 DEFAULT CHARSET=latin1;
/*!40101 SET character_set_client = @saved_cs_client */;

--
-- Dumping data for table `expecting_cars_tbl`
--

LOCK TABLES `expecting_cars_tbl` WRITE;
/*!40000 ALTER TABLE `expecting_cars_tbl` DISABLE KEYS */;
INSERT INTO `expecting_cars_tbl` VALUES (1,1,3,17,NULL,NULL,NULL,NULL,'Y','2020-02-20 14:15:58','2020-02-20 14:15:58'),(2,2,12,53,NULL,NULL,NULL,1,'Y','2020-02-20 14:15:58','2020-02-21 06:06:28'),(3,3,9,34,NULL,NULL,NULL,NULL,'Y','2020-02-20 14:15:59','2020-02-20 14:15:59'),(4,4,3,12,NULL,NULL,NULL,2,'Y','2020-02-20 14:15:59','2020-02-21 06:06:28'),(5,5,12,46,NULL,NULL,NULL,NULL,'N','2020-02-20 14:15:59','2020-02-21 06:03:47'),(6,6,12,43,NULL,NULL,NULL,1,'Y','2020-02-20 14:15:59','2020-02-21 06:06:28'),(7,7,1,1,NULL,NULL,NULL,1,'Y','2020-02-20 14:15:59','2020-02-21 06:06:28'),(8,8,1,5,NULL,NULL,NULL,NULL,'N','2020-02-20 14:15:59','2020-02-21 06:03:47'),(9,9,3,12,NULL,NULL,NULL,NULL,'N','2020-02-20 14:15:59','2020-02-21 06:03:47'),(10,10,8,30,NULL,NULL,NULL,4,'N','2020-02-20 14:15:59','2020-02-21 06:06:28'),(11,11,12,46,NULL,NULL,NULL,5,'Y','2020-02-20 14:15:59','2020-02-21 06:06:28'),(12,12,3,12,NULL,NULL,NULL,1,'N','2020-02-20 14:15:59','2020-02-21 06:06:28'),(13,13,1,2,NULL,NULL,NULL,3,'Y','2020-02-20 14:15:59','2020-02-21 06:06:28'),(14,14,1,6,NULL,NULL,NULL,NULL,'Y','2020-02-20 14:15:59','2020-02-20 14:15:59'),(15,15,9,34,NULL,NULL,NULL,4,'Y','2020-02-20 14:15:59','2020-02-21 06:06:28'),(16,16,1,2,NULL,NULL,NULL,2,'Y','2020-02-20 14:15:59','2020-02-21 06:06:28'),(17,17,3,12,NULL,NULL,NULL,3,'Y','2020-02-20 14:15:59','2020-02-21 06:06:28'),(18,18,9,37,NULL,NULL,NULL,1,'Y','2020-02-20 14:15:59','2020-02-21 06:06:28'),(19,19,3,12,NULL,NULL,NULL,NULL,'N','2020-02-20 14:15:59','2020-02-21 06:03:47'),(20,20,9,34,NULL,NULL,NULL,NULL,'N','2020-02-20 14:15:59','2020-02-21 06:03:47'),(21,21,3,20,NULL,NULL,NULL,2,'N','2020-02-20 14:15:59','2020-02-21 06:06:28'),(22,22,12,89,NULL,NULL,NULL,5,'N','2020-02-20 14:15:59','2020-02-21 06:06:28'),(23,23,12,42,NULL,NULL,NULL,4,'Y','2020-02-20 14:15:59','2020-02-21 06:06:28'),(24,24,12,50,NULL,NULL,NULL,7,'Y','2020-02-20 14:15:59','2020-02-21 06:06:28'),(25,25,9,34,NULL,NULL,NULL,NULL,'Y','2020-02-20 14:15:59','2020-02-20 14:15:59'),(26,26,1,3,NULL,NULL,NULL,2,'Y','2020-02-20 14:16:00','2020-02-21 06:06:28'),(27,27,9,34,NULL,NULL,NULL,NULL,'Y','2020-02-20 14:16:00','2020-02-20 14:16:00'),(28,28,9,34,NULL,NULL,NULL,4,'N','2020-02-20 14:16:00','2020-02-21 06:06:28'),(29,29,9,36,NULL,NULL,NULL,3,'Y','2020-02-20 14:16:00','2020-02-21 06:06:28'),(30,30,1,7,NULL,NULL,NULL,3,'Y','2020-02-20 14:16:00','2020-02-21 06:06:28'),(31,31,1,1,NULL,NULL,NULL,4,'Y','2020-02-20 14:16:00','2020-02-21 06:06:28'),(32,32,12,45,NULL,NULL,NULL,NULL,'N','2020-02-20 14:16:00','2020-02-21 06:03:47'),(33,33,8,30,NULL,NULL,NULL,5,'N','2020-02-20 14:16:00','2020-02-21 06:06:28'),(34,34,12,43,NULL,NULL,NULL,2,'Y','2020-02-20 14:16:00','2020-02-21 06:06:28'),(35,35,1,6,NULL,NULL,NULL,NULL,'N','2020-02-20 14:16:00','2020-02-21 06:03:47'),(36,36,12,43,NULL,NULL,NULL,3,'Y','2020-02-20 14:16:00','2020-02-21 06:06:28'),(37,37,1,6,NULL,NULL,NULL,4,'N','2020-02-20 14:16:00','2020-02-21 06:06:28'),(38,38,12,44,NULL,NULL,NULL,1,'Y','2020-02-20 14:16:00','2020-02-21 06:06:28'),(39,39,9,34,NULL,NULL,NULL,3,'Y','2020-02-20 14:16:00','2020-02-21 06:06:28'),(40,40,1,2,NULL,NULL,NULL,2,'Y','2020-02-20 14:16:00','2020-02-21 06:06:28'),(41,41,3,12,NULL,NULL,NULL,3,'Y','2020-02-20 14:16:00','2020-02-21 06:06:28'),(42,42,1,3,NULL,NULL,NULL,3,'Y','2020-02-20 14:16:00','2020-02-21 06:06:28'),(43,43,3,12,NULL,NULL,NULL,NULL,'N','2020-02-20 14:16:00','2020-02-21 06:03:47'),(44,44,12,46,NULL,NULL,NULL,5,'Y','2020-02-20 14:16:00','2020-02-21 06:06:28'),(45,45,1,6,NULL,NULL,NULL,4,'Y','2020-02-20 14:16:00','2020-02-21 06:06:28'),(46,46,12,47,NULL,NULL,NULL,NULL,'Y','2020-02-20 14:16:00','2020-02-20 14:16:00'),(47,47,12,47,NULL,NULL,NULL,NULL,'Y','2020-02-20 14:16:01','2020-02-20 14:16:01'),(48,48,9,37,NULL,NULL,NULL,NULL,'N','2020-02-20 14:16:01','2020-02-21 06:03:47'),(49,49,3,11,NULL,NULL,NULL,NULL,'Y','2020-02-20 14:16:01','2020-02-20 14:16:01'),(50,50,12,42,NULL,NULL,NULL,3,'Y','2020-02-20 14:16:01','2020-02-21 06:06:28'),(51,51,3,11,NULL,NULL,NULL,3,'N','2020-02-20 14:16:01','2020-02-21 06:06:28'),(52,52,9,36,NULL,NULL,NULL,4,'N','2020-02-20 14:16:01','2020-02-21 06:06:28'),(53,53,3,20,NULL,NULL,NULL,2,'N','2020-02-20 14:16:01','2020-02-21 06:06:28'),(54,54,3,20,NULL,NULL,NULL,NULL,'Y','2020-02-20 14:16:01','2020-02-20 14:16:01'),(55,55,1,2,NULL,NULL,NULL,1,'Y','2020-02-20 14:16:01','2020-02-21 06:06:28'),(56,56,1,6,NULL,NULL,NULL,3,'Y','2020-02-20 14:16:01','2020-02-21 06:06:28'),(57,57,3,12,NULL,NULL,NULL,NULL,'Y','2020-02-20 14:16:01','2020-02-20 14:16:01'),(58,58,3,12,NULL,NULL,NULL,NULL,'Y','2020-02-20 14:16:01','2020-02-20 14:16:01'),(59,59,3,12,NULL,NULL,NULL,NULL,'N','2020-02-20 14:16:01','2020-02-21 06:03:47'),(60,60,1,1,NULL,NULL,NULL,1,'Y','2020-02-20 14:16:01','2020-02-21 06:06:28'),(61,61,1,2,NULL,NULL,NULL,2,'Y','2020-02-20 14:16:01','2020-02-21 06:06:28'),(62,62,9,37,NULL,NULL,NULL,NULL,'N','2020-02-20 14:16:01','2020-02-21 06:03:47'),(63,63,3,11,NULL,NULL,NULL,1,'Y','2020-02-20 14:16:01','2020-02-21 06:06:28'),(64,64,12,54,NULL,NULL,NULL,4,'Y','2020-02-20 14:16:01','2020-02-21 06:06:28'),(65,65,3,12,NULL,NULL,NULL,2,'Y','2020-02-20 14:16:01','2020-02-21 06:06:28'),(66,66,3,12,NULL,NULL,NULL,2,'Y','2020-02-20 14:16:01','2020-02-21 06:06:28'),(67,67,9,36,NULL,NULL,NULL,NULL,'Y','2020-02-20 14:16:02','2020-02-20 14:16:02'),(68,68,9,34,NULL,NULL,NULL,4,'N','2020-02-20 14:16:02','2020-02-21 06:06:28'),(69,69,1,6,NULL,NULL,NULL,1,'N','2020-02-20 14:16:02','2020-02-21 06:06:28'),(70,70,1,6,NULL,NULL,NULL,NULL,'Y','2020-02-20 14:16:02','2020-02-20 14:16:02'),(71,71,1,6,NULL,NULL,NULL,NULL,'Y','2020-02-20 14:16:02','2020-02-20 14:16:02'),(72,72,3,12,NULL,NULL,NULL,NULL,'N','2020-02-20 14:16:02','2020-02-21 06:03:47'),(73,73,12,42,NULL,NULL,NULL,NULL,'Y','2020-02-20 14:16:02','2020-02-20 14:16:02'),(74,74,12,46,NULL,NULL,NULL,NULL,'Y','2020-02-20 14:16:02','2020-02-20 14:16:02'),(75,75,12,42,NULL,NULL,NULL,3,'Y','2020-02-20 14:16:02','2020-02-21 06:06:28'),(76,76,9,34,NULL,NULL,NULL,2,'Y','2020-02-20 14:16:02','2020-02-21 06:06:28'),(77,77,3,12,NULL,NULL,NULL,1,'N','2020-02-20 14:16:02','2020-02-21 06:06:28'),(78,78,3,12,NULL,NULL,NULL,1,'Y','2020-02-20 14:16:02','2020-02-21 06:06:28'),(79,79,9,36,NULL,NULL,NULL,NULL,'Y','2020-02-20 14:16:02','2020-02-20 14:16:02'),(80,80,12,45,NULL,NULL,NULL,NULL,'Y','2020-02-20 14:16:02','2020-02-20 14:16:02'),(81,81,3,11,NULL,NULL,NULL,NULL,'Y','2020-02-20 14:16:02','2020-02-20 14:16:02'),(82,82,3,11,NULL,NULL,NULL,1,'Y','2020-02-20 14:16:02','2020-02-21 06:06:28'),(83,83,9,34,NULL,NULL,NULL,NULL,'N','2020-02-20 14:16:02','2020-02-21 06:03:47'),(84,84,9,36,NULL,NULL,NULL,NULL,'Y','2020-02-20 14:16:02','2020-02-20 14:16:02'),(85,85,12,42,NULL,NULL,NULL,NULL,'Y','2020-02-20 14:16:02','2020-02-20 14:16:02'),(86,86,9,34,NULL,NULL,NULL,NULL,'N','2020-02-20 14:16:02','2020-02-21 06:03:47'),(87,87,9,34,NULL,NULL,NULL,NULL,'N','2020-02-20 14:16:02','2020-02-21 06:03:47'),(88,88,1,2,NULL,NULL,NULL,NULL,'N','2020-02-20 14:16:03','2020-02-21 06:03:47'),(89,89,9,37,NULL,NULL,NULL,3,'Y','2020-02-20 14:16:03','2020-02-21 06:06:28'),(90,90,9,34,NULL,NULL,NULL,NULL,'Y','2020-02-20 14:16:03','2020-02-20 14:16:03'),(91,91,3,11,NULL,NULL,NULL,1,'Y','2020-02-20 14:16:03','2020-02-21 06:06:28'),(92,92,1,2,NULL,NULL,NULL,3,'Y','2020-02-20 14:16:03','2020-02-21 06:06:28'),(93,93,12,42,NULL,NULL,NULL,NULL,'Y','2020-02-20 14:16:03','2020-02-20 14:16:03'),(94,94,12,52,NULL,NULL,NULL,4,'Y','2020-02-20 14:16:03','2020-02-21 06:06:28'),(95,95,12,43,NULL,NULL,NULL,3,'Y','2020-02-20 14:16:03','2020-02-21 06:06:28'),(96,96,12,43,NULL,NULL,NULL,3,'Y','2020-02-20 14:16:03','2020-02-21 06:06:28'),(97,97,12,53,NULL,NULL,NULL,1,'N','2020-02-20 14:16:03','2020-02-21 06:06:28'),(98,98,9,34,NULL,NULL,NULL,4,'N','2020-02-20 14:16:03','2020-02-21 06:06:28'),(99,99,12,42,NULL,NULL,NULL,3,'Y','2020-02-20 14:16:03','2020-02-21 06:06:28'),(100,100,20,77,NULL,NULL,NULL,4,'N','2020-02-20 14:16:03','2020-02-21 06:06:28'),(101,101,12,46,NULL,NULL,NULL,5,'Y','2020-02-20 14:16:03','2020-02-21 06:06:28'),(102,102,9,37,NULL,NULL,NULL,NULL,'N','2020-02-20 14:16:03','2020-02-21 06:03:47'),(103,103,1,2,NULL,NULL,NULL,NULL,'Y','2020-02-20 14:16:03','2020-02-20 14:16:03'),(104,104,1,1,NULL,NULL,NULL,1,'Y','2020-02-20 14:16:03','2020-02-21 06:06:28'),(105,105,20,72,NULL,NULL,NULL,4,'Y','2020-02-20 14:16:03','2020-02-21 06:06:28'),(106,106,12,42,NULL,NULL,NULL,NULL,'Y','2020-02-20 14:16:03','2020-02-20 14:16:03'),(107,107,3,12,NULL,NULL,NULL,1,'N','2020-02-20 14:16:03','2020-02-21 06:06:28'),(108,108,12,44,NULL,NULL,NULL,NULL,'N','2020-02-20 14:16:03','2020-02-21 06:03:47'),(109,109,12,44,NULL,NULL,NULL,NULL,'Y','2020-02-20 14:16:03','2020-02-20 14:16:03'),(110,110,9,34,NULL,NULL,NULL,NULL,'Y','2020-02-20 14:16:04','2020-02-20 14:16:04'),(111,111,12,53,NULL,NULL,NULL,NULL,'N','2020-02-20 14:16:04','2020-02-21 06:03:47'),(112,112,9,37,NULL,NULL,NULL,1,'Y','2020-02-20 14:16:04','2020-02-21 06:06:28'),(113,113,12,42,NULL,NULL,NULL,3,'Y','2020-02-20 14:16:04','2020-02-21 06:06:28'),(114,114,3,11,NULL,NULL,NULL,NULL,'Y','2020-02-20 14:16:04','2020-02-20 14:16:04'),(115,115,12,42,NULL,NULL,NULL,NULL,'Y','2020-02-20 14:16:04','2020-02-20 14:16:04'),(116,116,1,2,NULL,NULL,NULL,NULL,'Y','2020-02-20 14:16:04','2020-02-20 14:16:04'),(117,117,12,44,NULL,NULL,NULL,NULL,'Y','2020-02-20 14:16:04','2020-02-20 14:16:04'),(118,118,1,1,NULL,NULL,NULL,1,'Y','2020-02-20 14:16:04','2020-02-21 06:06:28'),(119,119,1,5,NULL,NULL,NULL,NULL,'Y','2020-02-20 14:16:04','2020-02-20 14:16:04'),(120,120,9,34,NULL,NULL,NULL,NULL,'N','2020-02-20 14:16:04','2020-02-21 06:03:47'),(121,121,1,5,NULL,NULL,NULL,NULL,'Y','2020-02-20 14:16:04','2020-02-20 14:16:04'),(122,122,8,30,NULL,NULL,NULL,NULL,'Y','2020-02-20 14:16:04','2020-02-20 14:16:04'),(123,123,1,5,NULL,NULL,NULL,NULL,'Y','2020-02-20 14:16:04','2020-02-20 14:16:04'),(124,124,1,6,NULL,NULL,NULL,NULL,'N','2020-02-20 14:16:04','2020-02-21 06:03:47'),(125,125,12,42,NULL,NULL,NULL,NULL,'N','2020-02-20 14:16:04','2020-02-21 06:03:47'),(126,126,9,36,NULL,NULL,NULL,NULL,'N','2020-02-20 14:16:04','2020-02-21 06:03:47'),(127,127,9,37,NULL,NULL,NULL,NULL,'N','2020-02-20 14:16:04','2020-02-21 06:03:47'),(128,128,3,17,NULL,NULL,NULL,NULL,'N','2020-02-20 14:16:04','2020-02-21 06:03:47'),(129,129,12,52,NULL,NULL,NULL,NULL,'N','2020-02-20 14:16:04','2020-02-21 06:03:47'),(130,130,12,43,NULL,NULL,NULL,NULL,'N','2020-02-20 14:16:04','2020-02-21 06:03:47'),(131,131,9,36,NULL,NULL,NULL,NULL,'N','2020-02-20 14:16:04','2020-02-21 06:03:47'),(132,132,9,35,NULL,NULL,NULL,NULL,'Y','2020-02-20 14:16:04','2020-02-20 14:16:04'),(133,133,3,12,NULL,NULL,NULL,1,'Y','2020-02-20 14:16:05','2020-02-21 06:06:28'),(134,134,12,46,NULL,NULL,NULL,NULL,'Y','2020-02-20 14:16:05','2020-02-20 14:16:05'),(135,135,1,1,NULL,NULL,NULL,1,'Y','2020-02-20 14:16:05','2020-02-21 06:06:28'),(136,136,1,6,NULL,NULL,NULL,NULL,'Y','2020-02-20 14:16:05','2020-02-20 14:16:05'),(137,137,1,6,NULL,NULL,NULL,NULL,'Y','2020-02-20 14:16:05','2020-02-20 14:16:05'),(138,138,12,42,NULL,NULL,NULL,3,'N','2020-02-20 14:16:05','2020-02-21 06:06:28'),(139,139,12,42,NULL,NULL,NULL,NULL,'Y','2020-02-20 14:16:05','2020-02-20 14:16:05'),(140,140,8,28,NULL,NULL,NULL,2,'Y','2020-02-20 14:16:05','2020-02-21 06:06:28'),(141,141,1,5,NULL,NULL,NULL,1,'Y','2020-02-20 14:16:05','2020-02-21 06:06:28'),(142,142,9,34,NULL,NULL,NULL,NULL,'N','2020-02-20 14:16:05','2020-02-21 06:03:47'),(143,143,12,42,NULL,NULL,NULL,NULL,'N','2020-02-20 14:16:05','2020-02-21 06:03:47'),(144,144,20,73,NULL,NULL,NULL,NULL,'Y','2020-02-20 14:16:05','2020-02-20 14:16:05'),(145,145,9,37,NULL,NULL,NULL,NULL,'Y','2020-02-20 14:16:05','2020-02-20 14:16:05'),(146,146,1,1,NULL,NULL,NULL,NULL,'Y','2020-02-20 14:16:05','2020-02-20 14:16:05'),(147,147,12,49,NULL,NULL,NULL,NULL,'N','2020-02-20 14:16:05','2020-02-21 06:03:47'),(148,148,12,43,NULL,NULL,NULL,NULL,'Y','2020-02-20 14:16:05','2020-02-20 14:16:05'),(149,149,1,1,NULL,NULL,NULL,1,'Y','2020-02-20 14:16:05','2020-02-21 06:06:28'),(150,150,3,11,NULL,NULL,NULL,NULL,'Y','2020-02-20 14:16:05','2020-02-20 14:16:05'),(151,151,12,43,NULL,NULL,NULL,NULL,'Y','2020-02-20 14:16:05','2020-02-20 14:16:05'),(152,152,3,12,NULL,NULL,NULL,1,'Y','2020-02-20 14:16:05','2020-02-21 06:06:28'),(153,153,1,6,NULL,NULL,NULL,NULL,'Y','2020-02-20 14:16:05','2020-02-20 14:16:05'),(154,154,1,1,NULL,NULL,NULL,1,'Y','2020-02-20 14:16:05','2020-02-21 06:06:28'),(155,155,12,49,NULL,NULL,NULL,4,'N','2020-02-20 14:16:05','2020-02-21 06:06:28'),(156,156,12,53,NULL,NULL,NULL,1,'Y','2020-02-20 14:16:06','2020-02-21 06:06:28'),(157,157,12,47,NULL,NULL,NULL,2,'Y','2020-02-20 14:16:06','2020-02-21 06:06:28'),(158,158,3,12,NULL,NULL,NULL,NULL,'Y','2020-02-20 14:16:06','2020-02-20 14:16:06'),(159,159,3,11,NULL,NULL,NULL,NULL,'Y','2020-02-20 14:16:06','2020-02-20 14:16:06'),(160,160,3,12,NULL,NULL,NULL,4,'Y','2020-02-20 14:16:06','2020-02-21 06:06:28'),(161,161,9,34,NULL,NULL,NULL,NULL,'Y','2020-02-20 14:16:06','2020-02-20 14:16:06'),(162,162,12,52,NULL,NULL,NULL,NULL,'Y','2020-02-20 14:16:06','2020-02-20 14:16:06'),(163,163,1,1,NULL,NULL,NULL,NULL,'Y','2020-02-20 14:16:06','2020-02-20 14:16:06'),(164,164,12,46,NULL,NULL,NULL,NULL,'Y','2020-02-20 14:16:06','2020-02-20 14:16:06'),(165,165,20,73,NULL,NULL,NULL,NULL,'Y','2020-02-20 14:16:06','2020-02-20 14:16:06'),(166,166,9,34,NULL,NULL,NULL,NULL,'Y','2020-02-20 14:16:06','2020-02-20 14:16:06'),(167,167,9,34,NULL,NULL,NULL,NULL,'Y','2020-02-20 14:16:06','2020-02-20 14:16:06'),(168,168,12,43,NULL,NULL,NULL,NULL,'N','2020-02-20 14:16:06','2020-02-21 06:03:47'),(169,169,9,37,NULL,NULL,NULL,NULL,'N','2020-02-20 14:16:06','2020-02-21 06:03:47'),(170,170,3,17,NULL,NULL,NULL,4,'N','2020-02-20 14:16:06','2020-02-21 06:06:28'),(171,171,1,6,NULL,NULL,NULL,NULL,'Y','2020-02-20 14:16:06','2020-02-20 14:16:06'),(172,172,9,34,NULL,NULL,NULL,NULL,'N','2020-02-20 14:16:06','2020-02-21 06:03:47'),(173,173,9,34,NULL,NULL,NULL,NULL,'Y','2020-02-20 14:16:06','2020-02-20 14:16:06'),(174,174,3,20,NULL,NULL,NULL,2,'Y','2020-02-20 14:16:06','2020-02-21 06:06:28'),(175,175,12,53,NULL,NULL,NULL,1,'Y','2020-02-20 14:16:06','2020-02-21 06:06:28'),(176,176,3,20,NULL,NULL,NULL,NULL,'N','2020-02-20 14:16:06','2020-02-21 06:03:47'),(177,177,12,43,NULL,NULL,NULL,3,'Y','2020-02-20 14:16:06','2020-02-21 06:06:28'),(178,178,3,20,NULL,NULL,NULL,2,'N','2020-02-20 14:16:06','2020-02-21 06:06:28'),(179,179,1,6,NULL,NULL,NULL,3,'Y','2020-02-20 14:16:07','2020-02-21 06:06:28'),(180,180,12,53,NULL,NULL,NULL,1,'N','2020-02-20 14:16:07','2020-02-21 06:06:28'),(181,181,12,46,NULL,NULL,NULL,3,'Y','2020-02-20 14:16:07','2020-02-21 06:06:28'),(182,182,12,42,NULL,NULL,NULL,3,'Y','2020-02-20 14:16:07','2020-02-21 06:06:28'),(183,183,12,42,NULL,NULL,NULL,2,'Y','2020-02-20 14:16:07','2020-02-21 06:06:28'),(184,184,12,43,NULL,NULL,NULL,3,'Y','2020-02-20 14:16:07','2020-02-21 06:06:28'),(185,185,1,6,NULL,NULL,NULL,NULL,'N','2020-02-20 14:16:07','2020-02-21 06:03:47'),(186,186,3,11,NULL,NULL,NULL,3,'Y','2020-02-20 14:16:07','2020-02-21 06:06:28'),(187,187,9,36,NULL,NULL,NULL,4,'Y','2020-02-20 14:16:07','2020-02-21 06:06:28'),(188,188,9,37,NULL,NULL,NULL,NULL,'Y','2020-02-20 14:16:07','2020-02-20 14:16:07'),(189,189,9,34,NULL,NULL,NULL,4,'Y','2020-02-20 14:16:07','2020-02-21 06:06:28'),(190,190,3,11,NULL,NULL,NULL,NULL,'Y','2020-02-20 14:16:07','2020-02-20 14:16:07'),(191,191,20,73,NULL,NULL,NULL,NULL,'Y','2020-02-20 14:16:07','2020-02-20 14:16:07'),(192,192,3,19,NULL,NULL,NULL,2,'Y','2020-02-20 14:16:07','2020-02-21 06:06:28'),(193,193,9,34,NULL,NULL,NULL,4,'Y','2020-02-20 14:16:07','2020-02-21 06:06:28'),(194,194,9,35,NULL,NULL,NULL,NULL,'Y','2020-02-20 14:16:07','2020-02-20 14:16:07'),(195,195,12,42,NULL,NULL,NULL,7,'N','2020-02-20 14:16:07','2020-02-21 06:06:28'),(196,196,1,1,NULL,NULL,NULL,1,'Y','2020-02-20 14:16:07','2020-02-21 06:06:28'),(197,197,3,17,NULL,NULL,NULL,3,'Y','2020-02-20 14:16:07','2020-02-21 06:06:28'),(198,198,1,3,NULL,NULL,NULL,2,'N','2020-02-20 14:16:07','2020-02-21 06:06:28'),(199,199,9,34,NULL,NULL,NULL,3,'Y','2020-02-20 14:16:07','2020-02-21 06:06:28'),(200,200,19,67,NULL,NULL,NULL,1,'Y','2020-02-20 14:16:08','2020-02-21 06:06:28'),(201,201,1,3,NULL,NULL,NULL,3,'Y','2020-02-20 14:16:08','2020-02-21 06:06:28'),(202,202,9,34,NULL,NULL,NULL,3,'Y','2020-02-20 14:16:08','2020-02-21 06:06:28'),(203,203,3,17,NULL,NULL,NULL,4,'Y','2020-02-20 14:16:08','2020-02-21 06:06:28'),(204,204,9,34,NULL,NULL,NULL,3,'Y','2020-02-20 14:16:08','2020-02-21 06:06:28'),(205,205,9,37,NULL,NULL,NULL,NULL,'Y','2020-02-20 14:16:08','2020-02-20 14:16:08'),(206,206,3,20,NULL,NULL,NULL,NULL,'Y','2020-02-20 14:16:08','2020-02-20 14:16:08'),(207,207,3,12,NULL,NULL,NULL,NULL,'N','2020-02-20 14:16:08','2020-02-21 06:03:47'),(208,208,1,1,NULL,NULL,NULL,1,'Y','2020-02-20 14:16:08','2020-02-21 06:06:28'),(209,209,12,53,NULL,NULL,NULL,1,'Y','2020-02-20 14:16:08','2020-02-21 06:06:28'),(210,210,12,53,NULL,NULL,NULL,1,'Y','2020-02-20 14:16:08','2020-02-21 06:06:28'),(211,211,12,53,NULL,NULL,NULL,NULL,'Y','2020-02-20 14:16:08','2020-02-20 14:16:08'),(212,212,9,34,NULL,NULL,NULL,NULL,'N','2020-02-20 14:16:08','2020-02-21 06:03:47'),(213,213,12,43,NULL,NULL,NULL,3,'N','2020-02-20 14:16:08','2020-02-21 06:06:28'),(214,214,9,34,NULL,NULL,NULL,4,'N','2020-02-20 14:16:08','2020-02-21 06:06:28'),(215,215,3,20,NULL,NULL,NULL,1,'Y','2020-02-20 14:16:08','2020-02-21 06:06:28'),(216,216,9,34,NULL,NULL,NULL,3,'Y','2020-02-20 14:16:08','2020-02-21 06:06:28'),(217,217,9,36,NULL,NULL,NULL,4,'Y','2020-02-20 14:16:08','2020-02-21 06:06:28'),(218,218,20,77,NULL,NULL,NULL,4,'Y','2020-02-20 14:16:08','2020-02-21 06:06:28'),(219,219,12,43,NULL,NULL,NULL,3,'N','2020-02-20 14:16:08','2020-02-21 06:06:28'),(220,220,1,2,NULL,NULL,NULL,NULL,'N','2020-02-20 14:16:08','2020-02-21 06:03:47'),(221,221,3,12,NULL,NULL,NULL,4,'N','2020-02-20 14:16:08','2020-02-21 06:06:28'),(222,222,9,34,NULL,NULL,NULL,1,'Y','2020-02-20 14:16:09','2020-02-21 06:06:28'),(223,223,3,11,NULL,NULL,NULL,3,'Y','2020-02-20 14:16:09','2020-02-21 06:06:28'),(224,224,1,3,NULL,NULL,NULL,NULL,'Y','2020-02-20 14:16:09','2020-02-20 14:16:09'),(225,225,9,35,NULL,NULL,NULL,1,'Y','2020-02-20 14:16:09','2020-02-21 06:06:28'),(226,226,12,44,NULL,NULL,NULL,3,'N','2020-02-20 14:16:09','2020-02-21 06:06:28'),(227,227,12,53,NULL,NULL,NULL,NULL,'Y','2020-02-20 14:16:09','2020-02-20 14:16:09'),(228,228,12,43,NULL,NULL,NULL,NULL,'N','2020-02-20 14:16:09','2020-02-21 06:03:47'),(229,229,1,2,NULL,NULL,NULL,NULL,'Y','2020-02-20 14:16:09','2020-02-20 14:16:09'),(230,230,1,1,NULL,NULL,NULL,3,'N','2020-02-20 14:16:09','2020-02-21 06:06:28'),(231,231,1,6,NULL,NULL,NULL,NULL,'Y','2020-02-20 14:16:09','2020-02-20 14:16:09'),(232,232,3,12,NULL,NULL,NULL,NULL,'Y','2020-02-20 14:16:09','2020-02-20 14:16:09'),(233,233,3,17,NULL,NULL,NULL,4,'Y','2020-02-20 14:16:09','2020-02-21 06:06:28'),(234,234,12,53,NULL,NULL,NULL,1,'N','2020-02-20 14:16:09','2020-02-21 06:06:28'),(235,235,3,17,NULL,NULL,NULL,NULL,'N','2020-02-20 14:16:09','2020-02-21 06:03:47'),(236,236,1,6,NULL,NULL,NULL,5,'Y','2020-02-20 14:16:09','2020-02-21 06:06:28'),(237,237,12,53,NULL,NULL,NULL,1,'Y','2020-02-20 14:16:09','2020-02-21 06:06:28'),(238,238,1,1,NULL,NULL,NULL,1,'Y','2020-02-20 14:16:09','2020-02-21 06:06:28'),(239,239,12,53,NULL,NULL,NULL,1,'Y','2020-02-20 14:16:09','2020-02-21 06:06:28'),(240,240,1,6,NULL,NULL,NULL,NULL,'Y','2020-02-20 14:16:09','2020-02-20 14:16:09'),(241,241,1,2,NULL,NULL,NULL,3,'Y','2020-02-20 14:16:09','2020-02-21 06:06:28'),(242,242,1,2,NULL,NULL,NULL,NULL,'Y','2020-02-20 14:16:09','2020-02-20 14:16:09'),(243,243,3,11,NULL,NULL,NULL,NULL,'N','2020-02-20 14:16:09','2020-02-21 06:03:47'),(244,244,3,12,NULL,NULL,NULL,1,'Y','2020-02-20 14:16:09','2020-02-21 06:06:28'),(245,245,12,43,NULL,NULL,NULL,3,'Y','2020-02-20 14:16:10','2020-02-21 06:06:28'),(246,246,1,6,NULL,NULL,NULL,5,'Y','2020-02-20 14:16:10','2020-02-21 06:06:28'),(247,247,9,37,NULL,NULL,NULL,1,'N','2020-02-20 14:16:10','2020-02-21 06:06:28'),(248,248,3,20,NULL,NULL,NULL,2,'Y','2020-02-20 14:16:10','2020-02-21 06:06:28'),(249,249,1,6,NULL,NULL,NULL,4,'N','2020-02-20 14:16:10','2020-02-21 06:06:28'),(250,250,12,46,NULL,NULL,NULL,5,'Y','2020-02-20 14:16:10','2020-02-21 06:06:28'),(251,251,3,20,NULL,NULL,NULL,NULL,'Y','2020-02-20 14:16:10','2020-02-20 14:16:10'),(252,252,3,20,NULL,NULL,NULL,NULL,'Y','2020-02-20 14:16:10','2020-02-20 14:16:10'),(253,253,12,47,NULL,NULL,NULL,NULL,'Y','2020-02-20 14:16:10','2020-02-20 14:16:10'),(254,254,20,73,NULL,NULL,NULL,5,'N','2020-02-20 14:16:10','2020-02-21 06:06:28'),(255,255,12,46,NULL,NULL,NULL,1,'N','2020-02-20 14:16:10','2020-02-21 06:06:28'),(256,256,3,12,NULL,NULL,NULL,NULL,'N','2020-02-20 14:16:10','2020-02-21 06:03:47'),(257,257,12,43,NULL,NULL,NULL,3,'N','2020-02-20 14:16:10','2020-02-21 06:06:28'),(258,258,3,20,NULL,NULL,NULL,1,'Y','2020-02-20 14:16:10','2020-02-21 06:06:28'),(259,259,3,17,NULL,NULL,NULL,NULL,'Y','2020-02-20 14:16:10','2020-02-20 14:16:10'),(260,260,3,20,NULL,NULL,NULL,2,'N','2020-02-20 14:16:10','2020-02-21 06:06:28'),(261,261,3,20,NULL,NULL,NULL,NULL,'N','2020-02-20 14:16:10','2020-02-21 06:03:47'),(262,262,12,42,NULL,NULL,NULL,NULL,'Y','2020-02-20 14:16:10','2020-02-20 14:16:10'),(263,263,20,73,NULL,NULL,NULL,NULL,'N','2020-02-20 14:16:10','2020-02-21 06:03:47'),(264,264,3,20,NULL,NULL,NULL,2,'N','2020-02-20 14:16:10','2020-02-21 06:06:28'),(265,265,3,11,NULL,NULL,NULL,2,'Y','2020-02-20 14:16:10','2020-02-21 06:06:28'),(266,266,12,43,NULL,NULL,NULL,2,'N','2020-02-20 14:16:10','2020-02-21 06:06:28'),(267,267,3,11,NULL,NULL,NULL,3,'N','2020-02-20 14:16:11','2020-02-21 06:06:28'),(268,268,12,42,NULL,NULL,NULL,NULL,'Y','2020-02-20 14:16:11','2020-02-20 14:16:11'),(269,269,12,42,NULL,NULL,NULL,NULL,'Y','2020-02-20 14:16:11','2020-02-20 14:16:11'),(270,270,1,2,NULL,NULL,NULL,NULL,'N','2020-02-20 14:16:11','2020-02-21 06:03:47'),(271,271,3,11,NULL,NULL,NULL,NULL,'N','2020-02-20 14:16:11','2020-02-21 06:03:47'),(272,272,3,11,NULL,NULL,NULL,NULL,'N','2020-02-20 14:16:11','2020-02-21 06:03:47'),(273,273,3,11,NULL,NULL,NULL,NULL,'N','2020-02-20 14:16:11','2020-02-21 06:03:47'),(274,274,3,11,NULL,NULL,NULL,NULL,'N','2020-02-20 14:16:11','2020-02-21 06:03:47'),(275,275,12,42,NULL,NULL,NULL,NULL,'Y','2020-02-20 14:16:11','2020-02-20 14:16:11'),(276,276,12,44,NULL,NULL,NULL,4,'Y','2020-02-20 14:16:11','2020-02-21 06:06:28'),(277,277,12,46,NULL,NULL,NULL,NULL,'Y','2020-02-20 14:16:11','2020-02-20 14:16:11'),(278,278,20,77,NULL,NULL,NULL,NULL,'Y','2020-02-20 14:16:11','2020-02-20 14:16:11'),(279,279,3,12,NULL,NULL,NULL,NULL,'Y','2020-02-20 14:16:11','2020-02-20 14:16:11'),(280,280,1,1,NULL,NULL,NULL,1,'N','2020-02-20 14:16:11','2020-02-21 06:06:28'),(281,281,9,37,NULL,NULL,NULL,1,'N','2020-02-20 14:16:11','2020-02-21 06:06:28'),(282,282,1,2,NULL,NULL,NULL,NULL,'Y','2020-02-20 14:16:11','2020-02-20 14:16:11'),(283,283,12,42,NULL,NULL,NULL,NULL,'N','2020-02-20 14:16:11','2020-02-21 06:03:47'),(284,284,12,53,NULL,NULL,NULL,1,'N','2020-02-20 14:16:11','2020-02-21 06:06:28'),(285,285,12,53,NULL,NULL,NULL,1,'Y','2020-02-20 14:16:11','2020-02-21 06:06:28'),(286,286,12,53,NULL,NULL,NULL,NULL,'Y','2020-02-20 14:16:11','2020-02-20 14:16:11'),(287,287,12,53,NULL,NULL,NULL,NULL,'Y','2020-02-20 14:16:11','2020-02-20 14:16:11'),(288,288,3,20,NULL,NULL,NULL,NULL,'Y','2020-02-20 14:16:11','2020-02-20 14:16:11'),(289,289,1,2,NULL,NULL,NULL,NULL,'N','2020-02-20 14:16:11','2020-02-21 06:03:47'),(290,290,12,53,NULL,NULL,NULL,NULL,'Y','2020-02-20 14:16:12','2020-02-20 14:16:12'),(291,291,20,77,NULL,NULL,NULL,4,'Y','2020-02-20 14:16:12','2020-02-21 06:06:28'),(292,292,1,6,NULL,NULL,NULL,NULL,'N','2020-02-20 14:16:12','2020-02-21 06:03:47'),(293,293,12,46,NULL,NULL,NULL,4,'N','2020-02-20 14:16:12','2020-02-21 06:06:28'),(294,294,1,6,NULL,NULL,NULL,4,'Y','2020-02-20 14:16:12','2020-02-21 06:06:28'),(295,295,12,42,NULL,NULL,NULL,2,'Y','2020-02-20 14:16:12','2020-02-21 06:06:28'),(296,296,12,42,NULL,NULL,NULL,2,'Y','2020-02-20 14:16:12','2020-02-21 06:06:28'),(297,297,12,47,NULL,NULL,NULL,3,'N','2020-02-20 14:16:12','2020-02-21 06:06:28'),(298,298,3,20,NULL,NULL,NULL,2,'N','2020-02-20 14:16:12','2020-02-21 06:06:28'),(299,299,9,34,NULL,NULL,NULL,4,'Y','2020-02-20 14:16:12','2020-02-21 06:06:28'),(300,300,8,30,NULL,NULL,NULL,4,'Y','2020-02-20 14:16:12','2020-02-21 06:06:28'),(301,301,3,20,NULL,NULL,NULL,2,'N','2020-02-20 14:16:12','2020-02-21 06:06:28'),(302,302,9,34,NULL,NULL,NULL,4,'Y','2020-02-20 14:16:12','2020-02-21 06:06:28'),(303,303,1,5,NULL,NULL,NULL,NULL,'Y','2020-02-20 14:16:12','2020-02-20 14:16:12'),(304,304,9,36,NULL,NULL,NULL,NULL,'Y','2020-02-20 14:16:12','2020-02-20 14:16:12'),(305,305,3,11,NULL,NULL,NULL,2,'Y','2020-02-20 14:16:12','2020-02-21 06:06:28'),(306,306,12,52,NULL,NULL,NULL,NULL,'Y','2020-02-20 14:16:12','2020-02-20 14:16:12'),(307,307,3,12,NULL,NULL,NULL,NULL,'Y','2020-02-20 14:16:12','2020-02-20 14:16:12'),(308,308,12,46,NULL,NULL,NULL,5,'Y','2020-02-20 14:16:12','2020-02-21 06:06:28'),(309,309,9,34,NULL,NULL,NULL,4,'Y','2020-02-20 14:16:12','2020-02-21 06:06:28'),(310,310,19,67,NULL,NULL,NULL,3,'Y','2020-02-20 14:16:12','2020-02-21 06:06:28'),(311,311,1,1,NULL,NULL,NULL,NULL,'Y','2020-02-20 14:16:12','2020-02-20 14:16:12'),(312,312,12,53,NULL,NULL,NULL,NULL,'Y','2020-02-20 14:16:12','2020-02-20 14:16:12'),(313,313,1,6,NULL,NULL,NULL,NULL,'Y','2020-02-20 14:16:12','2020-02-20 14:16:12'),(314,314,12,43,NULL,NULL,NULL,3,'Y','2020-02-20 14:16:13','2020-02-21 06:06:28'),(315,315,9,34,NULL,NULL,NULL,2,'Y','2020-02-20 14:16:13','2020-02-21 06:06:28'),(316,316,12,53,NULL,NULL,NULL,NULL,'N','2020-02-20 14:16:13','2020-02-21 06:03:47'),(317,317,3,12,NULL,NULL,NULL,1,'Y','2020-02-20 14:16:13','2020-02-21 06:06:28'),(318,318,12,43,NULL,NULL,NULL,NULL,'N','2020-02-20 14:16:13','2020-02-21 06:03:47'),(319,319,1,6,NULL,NULL,NULL,NULL,'Y','2020-02-20 14:16:13','2020-02-20 14:16:13'),(320,320,9,34,NULL,NULL,NULL,3,'Y','2020-02-20 14:16:13','2020-02-21 06:06:28'),(321,321,20,73,NULL,NULL,NULL,5,'N','2020-02-20 14:16:13','2020-02-21 06:06:28'),(322,322,1,6,NULL,NULL,NULL,4,'Y','2020-02-20 14:16:13','2020-02-21 06:06:28'),(323,323,12,46,NULL,NULL,NULL,5,'Y','2020-02-20 14:16:13','2020-02-21 06:06:28'),(324,324,12,42,NULL,NULL,NULL,5,'N','2020-02-20 14:16:13','2020-02-21 06:06:28'),(325,325,1,6,NULL,NULL,NULL,4,'N','2020-02-20 14:16:13','2020-02-21 06:06:28'),(326,326,1,6,NULL,NULL,NULL,4,'Y','2020-02-20 14:16:13','2020-02-21 06:06:28'),(327,327,9,37,NULL,NULL,NULL,1,'Y','2020-02-20 14:16:14','2020-02-21 06:06:28'),(328,328,1,7,NULL,NULL,NULL,1,'Y','2020-02-20 14:16:14','2020-02-21 06:06:28'),(329,329,1,1,NULL,NULL,NULL,NULL,'N','2020-02-20 14:16:14','2020-02-21 06:03:47'),(330,330,1,5,NULL,NULL,NULL,NULL,'Y','2020-02-20 14:16:14','2020-02-20 14:16:14'),(331,331,1,5,NULL,NULL,NULL,1,'Y','2020-02-20 14:16:14','2020-02-21 06:06:28'),(332,332,1,7,NULL,NULL,NULL,NULL,'Y','2020-02-20 14:16:14','2020-02-20 14:16:14'),(333,333,12,46,NULL,NULL,NULL,1,'Y','2020-02-20 14:16:14','2020-02-21 06:06:28'),(334,334,1,2,NULL,NULL,NULL,NULL,'N','2020-02-20 14:16:14','2020-02-21 06:03:47'),(335,335,12,42,NULL,NULL,NULL,2,'Y','2020-02-20 14:16:14','2020-02-21 06:06:28'),(336,336,12,46,NULL,NULL,NULL,NULL,'N','2020-02-20 14:16:14','2020-02-21 06:03:47'),(337,337,1,6,NULL,NULL,NULL,NULL,'Y','2020-02-20 14:16:14','2020-02-20 14:16:14'),(338,338,9,37,NULL,NULL,NULL,1,'Y','2020-02-20 14:16:14','2020-02-21 06:06:28'),(339,339,3,20,NULL,NULL,NULL,2,'Y','2020-02-20 14:16:14','2020-02-21 06:06:28'),(340,340,9,38,NULL,NULL,NULL,4,'N','2020-02-20 14:16:14','2020-02-21 06:06:28'),(341,341,3,20,NULL,NULL,NULL,2,'N','2020-02-20 14:16:14','2020-02-21 06:06:28'),(342,342,12,42,NULL,NULL,NULL,4,'N','2020-02-20 14:16:14','2020-02-21 06:06:28'),(343,343,12,43,NULL,NULL,NULL,3,'Y','2020-02-20 14:16:14','2020-02-21 06:06:28'),(344,344,12,42,NULL,NULL,NULL,3,'Y','2020-02-20 14:16:14','2020-02-21 06:06:28'),(345,345,20,73,NULL,NULL,NULL,5,'Y','2020-02-20 14:16:14','2020-02-21 06:06:28'),(346,346,9,37,NULL,NULL,NULL,NULL,'Y','2020-02-20 14:16:14','2020-02-20 14:16:14'),(347,347,9,34,NULL,NULL,NULL,4,'N','2020-02-20 14:16:14','2020-02-21 06:06:28'),(348,348,3,12,NULL,NULL,NULL,1,'N','2020-02-20 14:16:14','2020-02-21 06:06:28'),(349,349,9,34,NULL,NULL,NULL,4,'N','2020-02-20 14:16:14','2020-02-21 06:06:28'),(350,350,9,36,NULL,NULL,NULL,4,'Y','2020-02-20 14:16:15','2020-02-21 06:06:28'),(351,351,3,12,NULL,NULL,NULL,NULL,'Y','2020-02-20 14:16:15','2020-02-20 14:16:15'),(352,352,12,42,NULL,NULL,NULL,2,'N','2020-02-20 14:16:15','2020-02-21 06:06:28'),(353,353,1,6,NULL,NULL,NULL,4,'Y','2020-02-20 14:16:15','2020-02-21 06:06:28'),(354,354,9,34,NULL,NULL,NULL,3,'Y','2020-02-20 14:16:15','2020-02-21 06:06:28'),(355,355,3,20,NULL,NULL,NULL,1,'Y','2020-02-20 14:16:15','2020-02-21 06:06:28'),(356,356,8,29,NULL,NULL,NULL,2,'Y','2020-02-20 14:16:15','2020-02-21 06:06:28'),(357,357,12,54,NULL,NULL,NULL,4,'Y','2020-02-20 14:16:15','2020-02-21 06:06:28'),(358,358,9,34,NULL,NULL,NULL,NULL,'Y','2020-02-20 14:16:15','2020-02-20 14:16:15'),(359,359,9,34,NULL,NULL,NULL,NULL,'N','2020-02-20 14:16:15','2020-02-21 06:03:47'),(360,360,3,11,NULL,NULL,NULL,3,'N','2020-02-20 14:16:15','2020-02-21 06:06:28'),(361,361,12,42,NULL,NULL,NULL,2,'Y','2020-02-20 14:16:15','2020-02-21 06:06:28'),(362,362,12,43,NULL,NULL,NULL,NULL,'N','2020-02-20 14:16:15','2020-02-21 06:03:47'),(363,363,12,43,NULL,NULL,NULL,NULL,'Y','2020-02-20 14:16:15','2020-02-20 14:16:15'),(364,364,9,37,NULL,NULL,NULL,NULL,'N','2020-02-20 14:16:15','2020-02-21 06:03:47'),(365,365,3,20,NULL,NULL,NULL,NULL,'Y','2020-02-20 14:16:15','2020-02-20 14:16:15'),(366,366,9,34,NULL,NULL,NULL,NULL,'Y','2020-02-20 14:16:15','2020-02-20 14:16:15'),(367,367,9,37,NULL,NULL,NULL,NULL,'Y','2020-02-20 14:16:15','2020-02-20 14:16:15'),(368,368,9,34,NULL,NULL,NULL,NULL,'N','2020-02-20 14:16:15','2020-02-21 06:03:47'),(369,369,9,36,NULL,NULL,NULL,NULL,'Y','2020-02-20 14:16:15','2020-02-20 14:16:15'),(370,370,1,6,NULL,NULL,NULL,NULL,'Y','2020-02-20 14:16:15','2020-02-20 14:16:15'),(371,371,3,19,NULL,NULL,NULL,2,'Y','2020-02-20 14:16:15','2020-02-21 06:06:28'),(372,372,20,73,NULL,NULL,NULL,NULL,'N','2020-02-20 14:16:15','2020-02-21 06:03:47'),(373,373,20,77,NULL,NULL,NULL,3,'Y','2020-02-20 14:16:16','2020-02-21 06:06:28'),(374,374,3,20,NULL,NULL,NULL,NULL,'N','2020-02-20 14:16:16','2020-02-21 06:03:47'),(375,375,1,5,NULL,NULL,NULL,NULL,'Y','2020-02-20 14:16:16','2020-02-20 14:16:16'),(376,376,1,2,NULL,NULL,NULL,NULL,'N','2020-02-20 14:16:16','2020-02-21 06:03:47'),(377,377,1,5,NULL,NULL,NULL,1,'Y','2020-02-20 14:16:16','2020-02-21 06:06:28'),(378,378,1,6,NULL,NULL,NULL,4,'N','2020-02-20 14:16:16','2020-02-21 06:06:28'),(379,379,9,34,NULL,NULL,NULL,3,'N','2020-02-20 14:16:16','2020-02-21 06:06:28'),(380,380,9,37,NULL,NULL,NULL,1,'Y','2020-02-20 14:16:16','2020-02-21 06:06:28'),(381,381,3,20,NULL,NULL,NULL,2,'N','2020-02-20 14:16:16','2020-02-21 06:06:28'),(382,382,3,20,NULL,NULL,NULL,2,'N','2020-02-20 14:16:16','2020-02-21 06:06:28'),(383,383,9,34,NULL,NULL,NULL,3,'N','2020-02-20 14:16:16','2020-02-21 06:06:28'),(384,384,9,36,NULL,NULL,NULL,NULL,'N','2020-02-20 14:16:16','2020-02-21 06:03:47'),(385,385,3,12,NULL,NULL,NULL,2,'N','2020-02-20 14:16:16','2020-02-21 06:06:28'),(386,386,1,6,NULL,NULL,NULL,4,'N','2020-02-20 14:16:16','2020-02-21 06:06:28'),(387,387,12,54,NULL,NULL,NULL,4,'Y','2020-02-20 14:16:16','2020-02-21 06:06:28'),(388,388,9,34,NULL,NULL,NULL,NULL,'N','2020-02-20 14:16:16','2020-02-21 06:03:47'),(389,389,1,6,NULL,NULL,NULL,NULL,'N','2020-02-20 14:16:16','2020-02-21 06:03:47'),(390,390,3,11,NULL,NULL,NULL,1,'Y','2020-02-20 14:16:16','2020-02-21 06:06:28'),(391,391,1,6,NULL,NULL,NULL,5,'N','2020-02-20 14:16:16','2020-02-21 06:06:28'),(392,392,12,52,NULL,NULL,NULL,1,'Y','2020-02-20 14:16:16','2020-02-21 06:06:28'),(393,393,9,34,NULL,NULL,NULL,NULL,'N','2020-02-20 14:16:16','2020-02-21 06:03:47'),(394,394,12,44,NULL,NULL,NULL,4,'Y','2020-02-20 14:16:16','2020-02-21 06:06:28'),(395,395,12,42,NULL,NULL,NULL,3,'Y','2020-02-20 14:16:16','2020-02-21 06:06:28'),(396,396,9,38,NULL,NULL,NULL,4,'Y','2020-02-20 14:16:17','2020-02-21 06:06:28'),(397,397,1,1,NULL,NULL,NULL,1,'Y','2020-02-20 14:16:17','2020-02-22 10:50:40'),(398,398,12,52,NULL,NULL,NULL,4,'Y','2020-02-20 14:16:17','2020-02-21 06:06:28'),(399,399,12,42,NULL,NULL,NULL,1,'N','2020-02-20 14:16:17','2020-02-21 06:06:28'),(400,400,1,3,NULL,NULL,NULL,4,'N','2020-02-20 14:16:17','2020-02-21 06:06:28'),(401,401,9,34,NULL,NULL,NULL,3,'Y','2020-02-20 14:16:17','2020-02-21 06:06:28'),(402,402,9,37,NULL,NULL,NULL,1,'Y','2020-02-20 14:16:17','2020-02-21 06:06:28'),(403,403,12,44,NULL,NULL,NULL,NULL,'Y','2020-02-20 14:16:17','2020-02-20 14:16:17'),(404,404,12,42,NULL,NULL,NULL,NULL,'Y','2020-02-20 14:16:17','2020-02-20 14:16:17'),(405,405,1,5,NULL,NULL,NULL,NULL,'Y','2020-02-20 14:16:17','2020-02-20 14:16:17'),(406,406,9,37,NULL,NULL,NULL,1,'N','2020-02-20 14:16:17','2020-02-21 06:06:28'),(407,407,3,12,NULL,NULL,NULL,2,'Y','2020-02-20 14:16:17','2020-02-21 06:06:28'),(408,408,1,5,NULL,NULL,NULL,NULL,'N','2020-02-20 14:16:17','2020-02-21 06:03:47'),(409,409,1,2,NULL,NULL,NULL,3,'N','2020-02-20 14:16:17','2020-02-21 06:06:28'),(410,410,9,37,NULL,NULL,NULL,NULL,'Y','2020-02-20 14:16:17','2020-02-20 14:16:17'),(411,411,12,43,NULL,NULL,NULL,2,'Y','2020-02-20 14:16:17','2020-02-21 06:06:28'),(412,412,9,37,NULL,NULL,NULL,1,'Y','2020-02-20 14:16:17','2020-02-21 06:06:28'),(413,413,12,42,NULL,NULL,NULL,2,'Y','2020-02-20 14:16:17','2020-02-21 06:06:28'),(414,414,12,42,NULL,NULL,NULL,2,'N','2020-02-20 14:16:17','2020-02-21 06:06:28'),(415,415,3,12,NULL,NULL,NULL,1,'Y','2020-02-20 14:16:17','2020-02-21 06:06:28'),(416,416,3,12,NULL,NULL,NULL,1,'N','2020-02-20 14:16:17','2020-02-21 06:06:28'),(417,417,3,20,NULL,NULL,NULL,1,'Y','2020-02-20 14:16:18','2020-02-21 06:06:28'),(418,418,12,42,NULL,NULL,NULL,NULL,'Y','2020-02-20 14:16:18','2020-02-20 14:16:18'),(419,419,1,5,NULL,NULL,NULL,1,'Y','2020-02-20 14:16:18','2020-02-21 06:06:28'),(420,420,3,20,NULL,NULL,NULL,2,'N','2020-02-20 14:16:18','2020-02-21 06:06:28'),(421,421,12,52,NULL,NULL,NULL,4,'N','2020-02-20 14:16:18','2020-02-21 06:06:28'),(422,422,3,20,NULL,NULL,NULL,2,'Y','2020-02-20 14:16:18','2020-02-21 06:06:28'),(423,423,1,1,NULL,NULL,NULL,1,'N','2020-02-20 14:16:18','2020-02-21 06:06:28'),(424,424,3,12,NULL,NULL,NULL,1,'N','2020-02-20 14:16:18','2020-02-21 06:06:28'),(425,425,12,54,NULL,NULL,NULL,4,'N','2020-02-20 14:16:18','2020-02-21 06:06:28'),(426,426,3,15,NULL,NULL,NULL,NULL,'Y','2020-02-20 14:16:18','2020-02-20 14:16:18'),(427,427,9,36,NULL,NULL,NULL,NULL,'Y','2020-02-20 14:16:18','2020-02-20 14:16:18'),(428,428,12,49,NULL,NULL,NULL,NULL,'Y','2020-02-20 14:16:18','2020-02-20 14:16:18'),(429,429,12,50,NULL,NULL,NULL,NULL,'N','2020-02-20 14:16:18','2020-02-21 06:03:47'),(430,430,12,42,NULL,NULL,NULL,NULL,'Y','2020-02-20 14:16:18','2020-02-20 14:16:18'),(431,431,12,54,NULL,NULL,NULL,4,'Y','2020-02-20 14:16:18','2020-02-21 06:06:28'),(432,432,9,36,NULL,NULL,NULL,NULL,'Y','2020-02-20 14:16:18','2020-02-20 14:16:18'),(433,433,3,12,NULL,NULL,NULL,NULL,'N','2020-02-20 14:16:18','2020-02-21 06:03:47'),(434,434,3,12,NULL,NULL,NULL,NULL,'N','2020-02-20 14:16:18','2020-02-21 06:03:47'),(435,435,9,37,NULL,NULL,NULL,1,'Y','2020-02-20 14:16:18','2020-02-21 06:06:28'),(436,436,9,36,NULL,NULL,NULL,3,'Y','2020-02-20 14:16:18','2020-02-21 06:06:28'),(437,437,3,12,NULL,NULL,NULL,2,'Y','2020-02-20 14:16:18','2020-02-21 06:06:28'),(438,438,12,52,NULL,NULL,NULL,NULL,'Y','2020-02-20 14:16:18','2020-02-20 14:16:18'),(439,439,9,37,NULL,NULL,NULL,NULL,'Y','2020-02-20 14:16:18','2020-02-20 14:16:18'),(440,440,12,89,NULL,NULL,NULL,NULL,'Y','2020-02-20 14:16:19','2020-02-20 14:16:19'),(441,441,12,42,NULL,NULL,NULL,NULL,'Y','2020-02-20 14:16:19','2020-02-20 14:16:19'),(442,442,12,42,NULL,NULL,NULL,2,'Y','2020-02-20 14:16:19','2020-02-21 06:06:28'),(443,443,1,2,NULL,NULL,NULL,NULL,'N','2020-02-20 14:16:19','2020-02-21 06:03:47'),(444,444,1,6,NULL,NULL,NULL,5,'Y','2020-02-20 14:16:19','2020-02-21 06:06:28'),(445,445,3,12,NULL,NULL,NULL,1,'Y','2020-02-20 14:16:19','2020-02-21 06:06:28'),(446,446,12,52,NULL,NULL,NULL,4,'Y','2020-02-20 14:16:19','2020-02-21 06:06:28'),(447,447,1,5,NULL,NULL,NULL,1,'Y','2020-02-20 14:16:19','2020-02-21 06:06:28'),(448,448,1,2,NULL,NULL,NULL,3,'Y','2020-02-20 14:16:19','2020-02-21 06:06:28'),(449,449,12,52,NULL,NULL,NULL,3,'Y','2020-02-20 14:16:19','2020-02-21 06:06:28'),(450,450,12,42,NULL,NULL,NULL,2,'Y','2020-02-20 14:16:19','2020-02-21 06:06:28'),(451,451,12,42,NULL,NULL,NULL,2,'N','2020-02-20 14:16:19','2020-02-21 06:06:28'),(452,452,12,46,NULL,NULL,NULL,NULL,'Y','2020-02-20 14:16:19','2020-02-20 14:16:19'),(453,453,20,73,NULL,NULL,NULL,5,'Y','2020-02-20 14:16:19','2020-02-21 06:06:28'),(454,454,12,52,NULL,NULL,NULL,3,'N','2020-02-20 14:16:19','2020-02-21 06:06:28'),(455,455,9,37,NULL,NULL,NULL,1,'Y','2020-02-20 14:16:19','2020-02-21 06:06:28'),(456,456,3,12,NULL,NULL,NULL,NULL,'Y','2020-02-20 14:16:19','2020-02-20 14:16:19'),(457,457,12,46,NULL,NULL,NULL,5,'Y','2020-02-20 14:16:19','2020-02-21 06:06:28'),(458,458,9,37,NULL,NULL,NULL,NULL,'N','2020-02-20 14:16:19','2020-02-21 06:03:47'),(459,459,1,2,NULL,NULL,NULL,NULL,'Y','2020-02-20 14:16:19','2020-02-20 14:16:19'),(460,460,3,14,NULL,NULL,NULL,3,'N','2020-02-20 14:16:19','2020-02-21 06:06:28'),(461,461,9,37,NULL,NULL,NULL,1,'Y','2020-02-20 14:16:19','2020-02-21 06:06:28'),(462,462,9,37,NULL,NULL,NULL,1,'Y','2020-02-20 14:16:20','2020-02-21 06:06:28'),(463,463,12,46,NULL,NULL,NULL,4,'Y','2020-02-20 14:16:20','2020-02-21 06:06:28'),(464,464,20,73,NULL,NULL,NULL,5,'Y','2020-02-20 14:16:20','2020-02-21 06:06:28'),(465,465,8,30,NULL,NULL,NULL,4,'Y','2020-02-20 14:16:20','2020-02-21 06:06:28'),(466,466,3,11,NULL,NULL,NULL,2,'Y','2020-02-20 14:16:20','2020-02-21 06:06:28'),(467,467,9,36,NULL,NULL,NULL,NULL,'N','2020-02-20 14:16:20','2020-02-21 06:03:47'),(468,468,3,19,NULL,NULL,NULL,3,'Y','2020-02-20 14:16:20','2020-02-21 06:06:28'),(469,469,1,1,NULL,NULL,NULL,2,'Y','2020-02-20 14:16:20','2020-02-21 06:06:28'),(470,470,12,52,NULL,NULL,NULL,4,'N','2020-02-20 14:16:20','2020-02-21 06:06:28'),(471,471,12,44,NULL,NULL,NULL,NULL,'Y','2020-02-20 14:16:20','2020-02-20 14:16:20'),(472,472,9,36,NULL,NULL,NULL,NULL,'Y','2020-02-20 14:16:20','2020-02-20 14:16:20'),(473,473,12,48,NULL,NULL,NULL,NULL,'N','2020-02-20 14:16:20','2020-02-21 06:03:47'),(474,474,12,44,NULL,NULL,NULL,3,'Y','2020-02-20 14:16:20','2020-02-21 06:06:28'),(475,475,3,12,NULL,NULL,NULL,NULL,'N','2020-02-20 14:16:20','2020-02-21 06:03:47'),(476,476,12,42,NULL,NULL,NULL,2,'Y','2020-02-20 14:16:20','2020-02-21 06:06:28'),(477,477,12,43,NULL,NULL,NULL,4,'N','2020-02-20 14:16:20','2020-02-21 06:06:28'),(478,478,9,36,NULL,NULL,NULL,4,'Y','2020-02-20 14:16:20','2020-02-21 06:06:28'),(479,479,1,1,NULL,NULL,NULL,1,'Y','2020-02-20 14:16:20','2020-02-21 06:06:28'),(480,480,3,15,NULL,NULL,NULL,NULL,'Y','2020-02-20 14:16:20','2020-02-20 14:16:20'),(481,481,9,34,NULL,NULL,NULL,3,'Y','2020-02-20 14:16:20','2020-02-21 06:06:28'),(482,482,3,11,NULL,NULL,NULL,NULL,'N','2020-02-20 14:16:20','2020-02-21 06:03:47'),(483,483,9,34,NULL,NULL,NULL,3,'N','2020-02-20 14:16:21','2020-02-21 06:06:28'),(484,484,1,5,NULL,NULL,NULL,3,'Y','2020-02-20 14:16:21','2020-02-21 06:06:28'),(485,485,3,18,NULL,NULL,NULL,4,'N','2020-02-20 14:16:21','2020-02-21 06:06:28'),(486,486,12,42,NULL,NULL,NULL,2,'Y','2020-02-20 14:16:21','2020-02-21 06:06:28'),(487,487,12,46,NULL,NULL,NULL,NULL,'Y','2020-02-20 14:16:21','2020-02-20 14:16:21'),(488,488,9,34,NULL,NULL,NULL,3,'Y','2020-02-20 14:16:21','2020-02-21 06:06:28'),(489,489,9,37,NULL,NULL,NULL,1,'Y','2020-02-20 14:16:21','2020-02-21 06:06:28'),(490,490,1,7,NULL,NULL,NULL,NULL,'N','2020-02-20 14:16:21','2020-02-21 06:03:47'),(491,491,3,11,NULL,NULL,NULL,3,'Y','2020-02-20 14:16:21','2020-02-21 06:06:28'),(492,492,8,30,NULL,NULL,NULL,4,'Y','2020-02-20 14:16:21','2020-02-21 06:06:28'),(493,493,9,37,NULL,NULL,NULL,1,'Y','2020-02-20 14:16:21','2020-02-21 06:06:28'),(494,494,8,30,NULL,NULL,NULL,4,'N','2020-02-20 14:16:21','2020-02-21 06:06:28'),(495,495,1,5,NULL,NULL,NULL,NULL,'N','2020-02-20 14:16:21','2020-02-21 06:03:47'),(496,496,20,73,NULL,NULL,NULL,4,'Y','2020-02-20 14:16:21','2020-02-21 06:06:28'),(497,497,1,7,NULL,NULL,NULL,NULL,'Y','2020-02-20 14:16:21','2020-02-20 14:16:21'),(498,498,9,34,NULL,NULL,NULL,3,'N','2020-02-20 14:16:21','2020-02-21 06:06:28'),(499,499,9,34,NULL,NULL,NULL,3,'N','2020-02-20 14:16:21','2020-02-21 06:06:28'),(500,500,3,20,NULL,NULL,NULL,2,'Y','2020-02-20 14:16:21','2020-02-21 06:06:28'),(501,501,9,34,NULL,NULL,NULL,3,'N','2020-02-20 14:16:21','2020-02-21 06:06:28'),(502,502,8,30,NULL,NULL,NULL,4,'Y','2020-02-20 14:16:21','2020-02-21 06:06:28'),(503,503,3,12,NULL,NULL,NULL,1,'N','2020-02-20 14:16:21','2020-02-21 06:06:28'),(504,504,20,73,NULL,NULL,NULL,5,'Y','2020-02-20 14:16:22','2020-02-21 06:06:28'),(505,505,3,20,NULL,NULL,NULL,2,'N','2020-02-20 14:16:22','2020-02-21 06:06:28'),(506,506,20,73,NULL,NULL,NULL,5,'Y','2020-02-20 14:16:22','2020-02-21 06:06:28'),(507,507,9,36,NULL,NULL,NULL,4,'Y','2020-02-20 14:16:22','2020-02-21 06:06:28'),(508,508,3,12,NULL,NULL,NULL,1,'Y','2020-02-20 14:16:22','2020-02-21 06:06:28'),(509,509,3,20,NULL,NULL,NULL,2,'Y','2020-02-20 14:16:22','2020-02-21 06:06:28'),(510,510,12,52,NULL,NULL,NULL,4,'N','2020-02-20 14:16:22','2020-02-21 06:06:28'),(511,511,9,34,NULL,NULL,NULL,NULL,'N','2020-02-20 14:16:22','2020-02-21 06:03:47'),(512,512,1,6,NULL,NULL,NULL,NULL,'Y','2020-02-20 14:16:22','2020-02-20 14:16:22'),(513,513,20,73,NULL,NULL,NULL,NULL,'N','2020-02-20 14:16:22','2020-02-21 06:03:47'),(514,514,9,34,NULL,NULL,NULL,NULL,'Y','2020-02-20 14:16:22','2020-02-20 14:16:22'),(515,515,3,20,NULL,NULL,NULL,1,'N','2020-02-20 14:16:22','2020-02-21 06:06:28'),(516,516,9,37,NULL,NULL,NULL,NULL,'N','2020-02-20 14:16:22','2020-02-21 06:03:47'),(517,517,8,30,NULL,NULL,NULL,4,'Y','2020-02-20 14:16:22','2020-02-21 06:06:28'),(518,518,3,11,NULL,NULL,NULL,1,'Y','2020-02-20 14:16:22','2020-02-21 06:06:28'),(519,519,3,18,NULL,NULL,NULL,4,'Y','2020-02-20 14:16:22','2020-02-21 06:06:28'),(520,520,3,12,NULL,NULL,NULL,3,'Y','2020-02-20 14:16:22','2020-02-21 06:06:28'),(521,521,9,34,NULL,NULL,NULL,3,'Y','2020-02-20 14:16:22','2020-02-21 06:06:28'),(522,522,3,11,NULL,NULL,NULL,3,'Y','2020-02-20 14:16:22','2020-02-21 06:06:28'),(523,523,1,5,NULL,NULL,NULL,1,'Y','2020-02-20 14:16:22','2020-02-21 06:06:28'),(524,524,9,34,NULL,NULL,NULL,NULL,'Y','2020-02-20 14:16:22','2020-02-20 14:16:22'),(525,525,9,37,NULL,NULL,NULL,1,'Y','2020-02-20 14:16:22','2020-02-21 06:06:28'),(526,526,9,37,NULL,NULL,NULL,NULL,'Y','2020-02-20 14:16:22','2020-02-20 14:16:22'),(527,527,9,34,NULL,NULL,NULL,NULL,'Y','2020-02-20 14:16:23','2020-02-20 14:16:23'),(528,528,20,73,NULL,NULL,NULL,NULL,'N','2020-02-20 14:16:23','2020-02-21 06:03:47'),(529,529,12,52,NULL,NULL,NULL,NULL,'N','2020-02-20 14:16:23','2020-02-21 06:03:47'),(530,530,12,42,NULL,NULL,NULL,NULL,'N','2020-02-20 14:16:23','2020-02-21 06:03:47'),(531,531,9,34,NULL,NULL,NULL,1,'Y','2020-02-20 14:16:23','2020-02-21 06:06:28'),(532,532,12,42,NULL,NULL,NULL,NULL,'Y','2020-02-20 14:16:23','2020-02-20 14:16:23'),(533,533,3,12,NULL,NULL,NULL,4,'Y','2020-02-20 14:16:23','2020-02-21 06:06:28'),(534,534,12,52,NULL,NULL,NULL,4,'Y','2020-02-20 14:16:23','2020-02-21 06:06:28'),(535,535,9,34,NULL,NULL,NULL,3,'Y','2020-02-20 14:16:23','2020-02-21 06:06:28'),(536,536,9,34,NULL,NULL,NULL,NULL,'Y','2020-02-20 14:16:23','2020-02-20 14:16:23'),(537,537,3,12,NULL,NULL,NULL,NULL,'N','2020-02-20 14:16:23','2020-02-21 06:03:47'),(538,538,20,73,NULL,NULL,NULL,NULL,'N','2020-02-20 14:16:23','2020-02-21 06:03:47'),(539,539,20,73,NULL,NULL,NULL,NULL,'N','2020-02-20 14:16:23','2020-02-21 06:03:47'),(540,540,20,73,NULL,NULL,NULL,5,'Y','2020-02-20 14:16:23','2020-02-21 06:06:28'),(541,541,9,37,NULL,NULL,NULL,1,'Y','2020-02-20 14:16:23','2020-02-21 06:06:28'),(542,542,3,20,NULL,NULL,NULL,2,'N','2020-02-20 14:16:23','2020-02-21 06:06:28'),(543,543,1,6,NULL,NULL,NULL,4,'N','2020-02-20 14:16:23','2020-02-21 06:06:28'),(544,544,12,42,NULL,NULL,NULL,2,'Y','2020-02-20 14:16:23','2020-02-21 06:06:28'),(545,545,9,37,NULL,NULL,NULL,1,'N','2020-02-20 14:16:23','2020-02-21 06:06:28'),(546,546,1,6,NULL,NULL,NULL,4,'N','2020-02-20 14:16:23','2020-02-21 06:06:28'),(547,547,9,36,NULL,NULL,NULL,4,'N','2020-02-20 14:16:23','2020-02-21 06:06:28'),(548,548,20,73,NULL,NULL,NULL,5,'Y','2020-02-20 14:16:24','2020-02-21 06:06:28'),(549,549,3,20,NULL,NULL,NULL,2,'Y','2020-02-20 14:16:24','2020-02-21 06:06:28'),(550,550,9,36,NULL,NULL,NULL,4,'Y','2020-02-20 14:16:24','2020-02-21 06:06:28'),(551,551,6,83,NULL,NULL,NULL,NULL,'Y','2020-02-20 14:16:24','2020-02-20 14:16:24'),(552,552,1,7,NULL,NULL,NULL,NULL,'Y','2020-02-20 14:16:24','2020-02-20 14:16:24'),(553,553,9,36,NULL,NULL,NULL,NULL,'Y','2020-02-20 14:16:24','2020-02-20 14:16:24'),(554,554,3,15,NULL,NULL,NULL,5,'Y','2020-02-20 14:16:24','2020-02-21 06:06:28'),(555,555,12,42,NULL,NULL,NULL,4,'Y','2020-02-20 14:16:24','2020-02-21 06:06:28'),(556,556,20,73,NULL,NULL,NULL,5,'N','2020-02-20 14:16:24','2020-02-21 06:06:28'),(557,557,9,34,NULL,NULL,NULL,4,'N','2020-02-20 14:16:24','2020-02-21 06:06:28'),(558,558,12,42,NULL,NULL,NULL,2,'N','2020-02-20 14:16:24','2020-02-21 06:06:28'),(559,559,3,17,NULL,NULL,NULL,4,'Y','2020-02-20 14:16:24','2020-02-21 06:06:28'),(560,560,12,42,NULL,NULL,NULL,NULL,'Y','2020-02-20 14:16:24','2020-02-20 14:16:24'),(561,561,12,42,NULL,NULL,NULL,NULL,'N','2020-02-20 14:16:24','2020-02-21 06:03:47'),(562,562,1,5,NULL,NULL,NULL,1,'Y','2020-02-20 14:16:24','2020-02-21 06:06:28'),(563,563,3,11,NULL,NULL,NULL,1,'Y','2020-02-20 14:16:24','2020-02-21 06:06:28'),(564,564,9,37,NULL,NULL,NULL,1,'Y','2020-02-20 14:16:24','2020-02-21 06:06:28'),(565,565,3,12,NULL,NULL,NULL,NULL,'Y','2020-02-20 14:16:24','2020-02-20 14:16:24'),(566,566,9,37,NULL,NULL,NULL,1,'Y','2020-02-20 14:16:24','2020-02-21 06:06:28'),(567,567,3,20,NULL,NULL,NULL,2,'Y','2020-02-20 14:16:24','2020-02-21 06:06:28'),(568,568,8,32,NULL,NULL,NULL,3,'Y','2020-02-20 14:16:24','2020-02-21 06:06:28'),(569,569,9,34,NULL,NULL,NULL,NULL,'N','2020-02-20 14:16:25','2020-02-21 06:03:47'),(570,570,3,12,NULL,NULL,NULL,3,'Y','2020-02-20 14:16:25','2020-02-21 06:06:28'),(571,571,3,12,NULL,NULL,NULL,NULL,'Y','2020-02-20 14:16:25','2020-02-20 14:16:25'),(572,572,9,34,NULL,NULL,NULL,NULL,'Y','2020-02-20 14:16:25','2020-02-20 14:16:25'),(573,573,20,73,NULL,NULL,NULL,5,'Y','2020-02-20 14:16:25','2020-02-21 06:06:28'),(574,574,9,34,NULL,NULL,NULL,NULL,'N','2020-02-20 14:16:25','2020-02-21 06:03:47'),(575,575,1,5,NULL,NULL,NULL,2,'Y','2020-02-20 14:16:25','2020-02-21 06:06:28'),(576,576,22,86,NULL,NULL,NULL,1,'Y','2020-02-20 14:16:25','2020-02-21 06:06:28'),(577,577,9,38,NULL,NULL,NULL,4,'Y','2020-02-20 14:16:25','2020-02-21 06:06:28'),(578,578,1,1,NULL,NULL,NULL,3,'Y','2020-02-20 14:16:25','2020-02-21 06:06:28'),(579,579,12,46,NULL,NULL,NULL,1,'Y','2020-02-20 14:16:25','2020-02-21 06:06:28'),(580,580,3,20,NULL,NULL,NULL,2,'Y','2020-02-20 14:16:25','2020-02-21 06:06:28'),(581,581,3,20,NULL,NULL,NULL,2,'N','2020-02-20 14:16:25','2020-02-21 06:06:28'),(582,582,9,34,NULL,NULL,NULL,4,'Y','2020-02-20 14:16:25','2020-02-21 06:06:28'),(583,583,3,20,NULL,NULL,NULL,2,'Y','2020-02-20 14:16:25','2020-02-21 06:06:28'),(584,584,1,1,NULL,NULL,NULL,2,'Y','2020-02-20 14:16:25','2020-02-21 06:06:28'),(585,585,12,43,NULL,NULL,NULL,2,'N','2020-02-20 14:16:25','2020-02-21 06:06:28'),(586,586,1,3,NULL,NULL,NULL,3,'Y','2020-02-20 14:16:25','2020-02-21 06:06:28'),(587,587,1,5,NULL,NULL,NULL,2,'Y','2020-02-20 14:16:25','2020-02-21 06:06:28'),(588,588,12,42,NULL,NULL,NULL,NULL,'Y','2020-02-20 14:16:25','2020-02-20 14:16:25'),(589,589,12,42,NULL,NULL,NULL,NULL,'N','2020-02-20 14:16:25','2020-02-21 06:03:47'),(590,590,9,34,NULL,NULL,NULL,4,'Y','2020-02-20 14:16:25','2020-02-21 06:06:28'),(591,591,1,7,NULL,NULL,NULL,1,'Y','2020-02-20 14:16:25','2020-02-21 06:06:28'),(592,592,3,20,NULL,NULL,NULL,NULL,'Y','2020-02-20 14:16:26','2020-02-20 14:16:26'),(593,593,1,5,NULL,NULL,NULL,NULL,'N','2020-02-20 14:16:26','2020-02-21 06:03:47'),(594,594,4,23,NULL,NULL,NULL,NULL,'Y','2020-02-20 14:16:26','2020-02-20 14:16:26'),(595,595,12,44,NULL,NULL,NULL,4,'Y','2020-02-20 14:16:26','2020-02-21 06:06:28'),(596,596,20,73,NULL,NULL,NULL,5,'Y','2020-02-20 14:16:26','2020-02-21 06:06:28'),(597,597,12,52,NULL,NULL,NULL,3,'Y','2020-02-20 14:16:26','2020-02-21 06:06:28'),(598,598,3,12,NULL,NULL,NULL,NULL,'Y','2020-02-20 14:16:26','2020-02-20 14:16:26'),(599,599,1,5,NULL,NULL,NULL,NULL,'N','2020-02-20 14:16:26','2020-02-21 06:03:47'),(600,600,1,1,NULL,NULL,NULL,NULL,'Y','2020-02-20 14:16:26','2020-02-20 14:16:26'),(601,601,20,77,NULL,NULL,NULL,4,'N','2020-02-20 14:16:26','2020-02-21 06:06:28'),(602,602,1,6,NULL,NULL,NULL,NULL,'N','2020-02-20 14:16:26','2020-02-21 06:03:47'),(603,603,3,20,NULL,NULL,NULL,NULL,'N','2020-02-20 14:16:26','2020-02-21 06:03:47'),(604,604,12,42,NULL,NULL,NULL,NULL,'Y','2020-02-20 14:16:26','2020-02-20 14:16:26'),(605,605,8,30,NULL,NULL,NULL,4,'Y','2020-02-20 14:16:26','2020-02-21 06:06:28'),(606,606,3,12,NULL,NULL,NULL,3,'N','2020-02-20 14:16:27','2020-02-21 06:06:28'),(607,607,12,46,NULL,NULL,NULL,NULL,'Y','2020-02-20 14:16:27','2020-02-20 14:16:27'),(608,608,3,12,NULL,NULL,NULL,NULL,'Y','2020-02-20 14:16:27','2020-02-20 14:16:27'),(609,609,12,42,NULL,NULL,NULL,2,'Y','2020-02-20 14:16:27','2020-02-21 06:06:28'),(610,610,12,52,NULL,NULL,NULL,NULL,'Y','2020-02-20 14:16:27','2020-02-20 14:16:27'),(611,611,12,42,NULL,NULL,NULL,2,'Y','2020-02-20 14:16:27','2020-02-21 06:06:28'),(612,612,3,11,NULL,NULL,NULL,3,'N','2020-02-20 14:16:27','2020-02-21 06:06:28'),(613,613,12,42,NULL,NULL,NULL,3,'N','2020-02-20 14:16:27','2020-02-21 06:06:28'),(614,614,3,11,NULL,NULL,NULL,NULL,'Y','2020-02-20 14:16:27','2020-02-20 14:16:27'),(615,615,12,52,NULL,NULL,NULL,4,'Y','2020-02-20 14:16:27','2020-02-21 06:06:28'),(616,616,3,12,NULL,NULL,NULL,2,'Y','2020-02-20 14:16:27','2020-02-21 06:06:28'),(617,617,1,1,NULL,NULL,NULL,2,'Y','2020-02-20 14:16:27','2020-02-21 06:06:28'),(618,618,1,5,NULL,NULL,NULL,NULL,'N','2020-02-20 14:16:27','2020-02-21 06:03:47'),(619,619,1,1,NULL,NULL,NULL,1,'Y','2020-02-20 14:16:27','2020-02-21 06:06:28'),(620,620,8,32,NULL,NULL,NULL,3,'Y','2020-02-20 14:16:27','2020-02-21 06:06:28'),(621,621,3,19,NULL,NULL,NULL,1,'Y','2020-02-20 14:16:27','2020-02-21 06:06:28'),(622,622,12,44,NULL,NULL,NULL,3,'Y','2020-02-20 14:16:27','2020-02-21 06:06:28'),(623,623,9,34,NULL,NULL,NULL,NULL,'Y','2020-02-20 14:16:27','2020-02-20 14:16:27'),(624,624,1,6,NULL,NULL,NULL,NULL,'N','2020-02-20 14:16:27','2020-02-21 06:03:47'),(625,625,1,5,NULL,NULL,NULL,NULL,'Y','2020-02-20 14:16:27','2020-02-20 14:16:27'),(626,626,3,12,NULL,NULL,NULL,NULL,'Y','2020-02-20 14:16:27','2020-02-20 14:16:27'),(627,627,20,73,NULL,NULL,NULL,NULL,'N','2020-02-20 14:16:27','2020-02-21 06:03:47'),(628,628,9,37,NULL,NULL,NULL,NULL,'Y','2020-02-20 14:16:28','2020-02-20 14:16:28'),(629,629,3,20,NULL,NULL,NULL,NULL,'Y','2020-02-20 14:16:28','2020-02-20 14:16:28'),(630,630,12,42,NULL,NULL,NULL,2,'Y','2020-02-20 14:16:28','2020-02-21 06:06:28'),(631,631,9,34,NULL,NULL,NULL,3,'Y','2020-02-20 14:16:28','2020-02-21 06:06:28'),(632,632,1,2,NULL,NULL,NULL,NULL,'N','2020-02-20 14:16:28','2020-02-21 06:03:47'),(633,633,12,43,NULL,NULL,NULL,3,'Y','2020-02-20 14:16:28','2020-02-21 06:06:28'),(634,634,9,34,NULL,NULL,NULL,NULL,'N','2020-02-20 14:16:28','2020-02-21 06:03:47'),(635,635,12,42,NULL,NULL,NULL,3,'Y','2020-02-20 14:16:28','2020-02-21 06:06:28'),(636,636,1,5,NULL,NULL,NULL,NULL,'Y','2020-02-20 14:16:28','2020-02-20 14:16:28'),(637,637,9,36,NULL,NULL,NULL,4,'N','2020-02-20 14:16:28','2020-02-21 06:06:28'),(638,638,3,11,NULL,NULL,NULL,NULL,'Y','2020-02-20 14:16:28','2020-02-20 14:16:28'),(639,639,3,11,NULL,NULL,NULL,3,'Y','2020-02-20 14:16:28','2020-02-21 06:06:28'),(640,640,3,20,NULL,NULL,NULL,2,'N','2020-02-20 14:16:28','2020-02-21 06:06:28'),(641,641,3,20,NULL,NULL,NULL,2,'N','2020-02-20 14:16:28','2020-02-21 06:06:28'),(642,642,3,11,NULL,NULL,NULL,3,'N','2020-02-20 14:16:28','2020-02-21 06:06:28'),(643,643,3,12,NULL,NULL,NULL,1,'N','2020-02-20 14:16:28','2020-02-21 06:06:28'),(644,644,3,20,NULL,NULL,NULL,2,'N','2020-02-20 14:16:28','2020-02-21 06:06:28'),(645,645,9,34,NULL,NULL,NULL,4,'Y','2020-02-20 14:16:28','2020-02-21 06:06:28'),(646,646,19,67,NULL,NULL,NULL,1,'Y','2020-02-20 14:16:28','2020-02-21 06:06:28'),(647,647,9,34,NULL,NULL,NULL,4,'Y','2020-02-20 14:16:28','2020-02-21 06:06:28'),(648,648,12,46,NULL,NULL,NULL,5,'N','2020-02-20 14:16:28','2020-02-21 06:06:28'),(649,649,9,34,NULL,NULL,NULL,NULL,'N','2020-02-20 14:16:29','2020-02-21 06:03:47'),(650,650,1,2,NULL,NULL,NULL,NULL,'Y','2020-02-20 14:16:29','2020-02-20 14:16:29'),(651,651,3,20,NULL,NULL,NULL,2,'N','2020-02-20 14:16:29','2020-02-21 06:06:28'),(652,652,1,5,NULL,NULL,NULL,1,'N','2020-02-20 14:16:29','2020-02-21 06:06:28'),(653,653,12,54,NULL,NULL,NULL,4,'Y','2020-02-20 14:16:29','2020-02-21 06:06:28'),(654,654,12,52,NULL,NULL,NULL,4,'Y','2020-02-20 14:16:29','2020-02-21 06:06:28'),(655,655,3,11,NULL,NULL,NULL,3,'N','2020-02-20 14:16:29','2020-02-21 06:06:28'),(656,656,20,73,NULL,NULL,NULL,5,'Y','2020-02-20 14:16:29','2020-02-21 06:06:28'),(657,657,3,14,NULL,NULL,NULL,2,'N','2020-02-20 14:16:29','2020-02-21 06:06:28'),(658,658,1,2,NULL,NULL,NULL,1,'Y','2020-02-20 14:16:29','2020-02-21 06:06:28'),(659,659,1,2,NULL,NULL,NULL,1,'Y','2020-02-20 14:16:29','2020-02-21 06:06:28'),(660,660,12,46,NULL,NULL,NULL,NULL,'Y','2020-02-20 14:16:29','2020-02-20 14:16:29'),(661,661,1,1,NULL,NULL,NULL,1,'Y','2020-02-20 14:16:29','2020-02-21 06:06:28'),(662,662,9,34,NULL,NULL,NULL,NULL,'N','2020-02-20 14:16:29','2020-02-21 06:03:47'),(663,663,9,34,NULL,NULL,NULL,NULL,'Y','2020-02-20 14:16:29','2020-02-20 14:16:29'),(664,664,9,34,NULL,NULL,NULL,NULL,'N','2020-02-20 14:16:29','2020-02-21 06:03:47'),(665,665,9,34,NULL,NULL,NULL,NULL,'N','2020-02-20 14:16:30','2020-02-21 06:03:47'),(666,666,9,34,NULL,NULL,NULL,NULL,'N','2020-02-20 14:16:30','2020-02-21 06:03:47'),(667,667,1,5,NULL,NULL,NULL,NULL,'N','2020-02-20 14:16:30','2020-02-21 06:03:47'),(668,668,12,43,NULL,NULL,NULL,2,'Y','2020-02-20 14:16:30','2020-02-21 06:06:28'),(669,669,3,11,NULL,NULL,NULL,NULL,'Y','2020-02-20 14:16:30','2020-02-20 14:16:30'),(670,670,8,30,NULL,NULL,NULL,NULL,'Y','2020-02-20 14:16:30','2020-02-20 14:16:30'),(671,671,12,46,NULL,NULL,NULL,4,'Y','2020-02-20 14:16:30','2020-02-21 06:06:28'),(672,672,12,88,NULL,NULL,NULL,4,'Y','2020-02-20 14:16:30','2020-02-21 06:06:28'),(673,673,1,6,NULL,NULL,NULL,2,'Y','2020-02-20 14:16:30','2020-02-21 06:06:28'),(674,674,1,5,NULL,NULL,NULL,2,'Y','2020-02-20 14:16:30','2020-02-21 06:06:28'),(675,675,12,42,NULL,NULL,NULL,NULL,'Y','2020-02-20 14:16:30','2020-02-20 14:16:30'),(676,676,3,12,NULL,NULL,NULL,NULL,'Y','2020-02-20 14:16:30','2020-02-20 14:16:30'),(677,677,9,37,NULL,NULL,NULL,NULL,'Y','2020-02-20 14:16:30','2020-02-20 14:16:30'),(678,678,9,37,NULL,NULL,NULL,NULL,'N','2020-02-20 14:16:30','2020-02-21 06:03:47'),(679,679,12,49,NULL,NULL,NULL,7,'Y','2020-02-20 14:16:30','2020-02-21 06:06:28'),(680,680,12,46,NULL,NULL,NULL,NULL,'N','2020-02-20 14:16:30','2020-02-21 06:03:47'),(681,681,8,30,NULL,NULL,NULL,NULL,'N','2020-02-20 14:16:30','2020-02-21 06:03:47'),(682,682,8,30,NULL,NULL,NULL,NULL,'N','2020-02-20 14:16:30','2020-02-21 06:03:47'),(683,683,3,12,NULL,NULL,NULL,NULL,'Y','2020-02-20 14:16:30','2020-02-20 14:16:30'),(684,684,8,30,NULL,NULL,NULL,NULL,'N','2020-02-20 14:16:30','2020-02-21 06:03:47'),(685,685,9,37,NULL,NULL,NULL,NULL,'N','2020-02-20 14:16:30','2020-02-21 06:03:47'),(686,686,3,12,NULL,NULL,NULL,NULL,'Y','2020-02-20 14:16:30','2020-02-20 14:16:30'),(687,687,12,46,NULL,NULL,NULL,NULL,'N','2020-02-20 14:16:30','2020-02-21 06:03:47'),(688,688,3,12,NULL,NULL,NULL,NULL,'Y','2020-02-20 14:16:31','2020-02-20 14:16:31'),(689,689,1,5,NULL,NULL,NULL,NULL,'Y','2020-02-20 14:16:31','2020-02-20 14:16:31'),(690,690,1,5,NULL,NULL,NULL,NULL,'Y','2020-02-20 14:16:31','2020-02-20 14:16:31'),(691,691,13,58,NULL,NULL,NULL,NULL,'N','2020-02-20 14:16:31','2020-02-21 06:03:47'),(692,692,8,30,NULL,NULL,NULL,4,'Y','2020-02-20 14:16:31','2020-02-21 06:06:28'),(693,693,12,46,NULL,NULL,NULL,NULL,'Y','2020-02-20 14:16:31','2020-02-20 14:16:31'),(694,694,19,67,NULL,NULL,NULL,1,'N','2020-02-20 14:16:31','2020-02-21 06:06:28'),(695,695,3,17,NULL,NULL,NULL,1,'Y','2020-02-20 14:16:31','2020-02-21 06:06:28'),(696,696,3,11,NULL,NULL,NULL,3,'Y','2020-02-20 14:16:31','2020-02-21 06:06:28'),(697,697,1,1,NULL,NULL,NULL,NULL,'N','2020-02-20 14:16:31','2020-02-21 06:03:47'),(698,698,20,73,NULL,NULL,NULL,5,'Y','2020-02-20 14:16:31','2020-02-21 06:06:28'),(699,699,12,89,NULL,NULL,NULL,NULL,'N','2020-02-20 14:16:31','2020-02-21 06:03:47'),(700,700,3,12,NULL,NULL,NULL,NULL,'N','2020-02-20 14:16:31','2020-02-21 06:03:47'),(701,701,12,42,NULL,NULL,NULL,4,'Y','2020-02-20 14:16:31','2020-02-21 06:06:28'),(702,702,12,42,NULL,NULL,NULL,NULL,'Y','2020-02-20 14:16:31','2020-02-20 14:16:31'),(703,703,1,5,NULL,NULL,NULL,NULL,'N','2020-02-20 14:16:31','2020-02-21 06:03:47'),(704,704,12,44,NULL,NULL,NULL,3,'Y','2020-02-20 14:16:31','2020-02-21 06:06:28'),(705,705,12,52,NULL,NULL,NULL,4,'Y','2020-02-20 14:16:31','2020-02-21 06:06:28'),(706,706,1,6,NULL,NULL,NULL,4,'Y','2020-02-20 14:16:31','2020-02-21 06:06:28'),(707,707,12,46,NULL,NULL,NULL,1,'N','2020-02-20 14:16:31','2020-02-21 06:06:28'),(708,708,1,6,NULL,NULL,NULL,5,'Y','2020-02-20 14:16:31','2020-02-21 06:06:28'),(709,709,12,52,NULL,NULL,NULL,4,'Y','2020-02-20 14:16:31','2020-02-21 06:06:28'),(710,710,1,5,NULL,NULL,NULL,NULL,'Y','2020-02-20 14:16:31','2020-02-20 14:16:31'),(711,711,9,37,NULL,NULL,NULL,NULL,'Y','2020-02-20 14:16:32','2020-02-20 14:16:32'),(712,712,3,12,NULL,NULL,NULL,1,'N','2020-02-20 14:16:32','2020-02-21 06:06:28'),(713,713,1,6,NULL,NULL,NULL,4,'Y','2020-02-20 14:16:32','2020-02-21 06:06:28'),(714,714,1,1,NULL,NULL,NULL,1,'N','2020-02-20 14:16:32','2020-02-21 06:06:28'),(715,715,1,3,NULL,NULL,NULL,3,'Y','2020-02-20 14:16:32','2020-02-21 06:06:28'),(716,716,12,50,NULL,NULL,NULL,4,'Y','2020-02-20 14:16:32','2020-02-21 06:06:28'),(717,717,12,42,NULL,NULL,NULL,NULL,'Y','2020-02-20 14:16:32','2020-02-20 14:16:32'),(718,718,1,6,NULL,NULL,NULL,4,'Y','2020-02-20 14:16:32','2020-02-21 06:06:28'),(719,719,19,67,NULL,NULL,NULL,1,'Y','2020-02-20 14:16:32','2020-02-21 06:06:28'),(720,720,9,33,NULL,NULL,NULL,4,'Y','2020-02-20 14:16:32','2020-02-21 06:06:28'),(721,721,12,52,NULL,NULL,NULL,4,'N','2020-02-20 14:16:32','2020-02-21 06:06:28'),(722,722,12,52,NULL,NULL,NULL,4,'Y','2020-02-20 14:16:32','2020-02-21 06:06:28'),(723,723,12,43,NULL,NULL,NULL,3,'Y','2020-02-20 14:16:32','2020-02-21 06:06:28'),(724,724,3,15,NULL,NULL,NULL,3,'Y','2020-02-20 14:16:32','2020-02-21 06:06:28'),(725,725,3,12,NULL,NULL,NULL,1,'Y','2020-02-20 14:16:32','2020-02-21 06:06:28'),(726,726,1,1,NULL,NULL,NULL,1,'N','2020-02-20 14:16:32','2020-02-21 06:06:28'),(727,727,12,52,NULL,NULL,NULL,4,'Y','2020-02-20 14:16:32','2020-02-21 06:06:28'),(728,728,3,12,NULL,NULL,NULL,NULL,'Y','2020-02-20 14:16:32','2020-02-20 14:16:32'),(729,729,1,5,NULL,NULL,NULL,1,'Y','2020-02-20 14:16:32','2020-02-21 06:06:28'),(730,730,12,52,NULL,NULL,NULL,1,'Y','2020-02-20 14:16:32','2020-02-21 06:06:28'),(731,731,9,34,NULL,NULL,NULL,3,'Y','2020-02-20 14:16:32','2020-02-21 06:06:28'),(732,732,3,20,NULL,NULL,NULL,NULL,'N','2020-02-20 14:16:33','2020-02-21 06:03:47'),(733,733,1,2,NULL,NULL,NULL,3,'N','2020-02-20 14:16:33','2020-02-21 06:06:28'),(734,734,1,5,NULL,NULL,NULL,1,'Y','2020-02-20 14:16:33','2020-02-21 06:06:28'),(735,735,12,42,NULL,NULL,NULL,3,'Y','2020-02-20 14:16:33','2020-02-21 06:06:28'),(736,736,3,12,NULL,NULL,NULL,1,'Y','2020-02-20 14:16:33','2020-02-21 06:06:28'),(737,737,12,42,NULL,NULL,NULL,3,'N','2020-02-20 14:16:33','2020-02-21 06:06:28'),(738,738,12,46,NULL,NULL,NULL,5,'Y','2020-02-20 14:16:33','2020-02-21 06:06:28'),(739,739,3,20,NULL,NULL,NULL,2,'N','2020-02-20 14:16:33','2020-02-21 06:06:28'),(740,740,12,42,NULL,NULL,NULL,3,'N','2020-02-20 14:16:33','2020-02-21 06:06:28'),(741,741,9,34,NULL,NULL,NULL,4,'Y','2020-02-20 14:16:33','2020-02-21 06:06:28'),(742,742,1,1,NULL,NULL,NULL,3,'Y','2020-02-20 14:16:33','2020-02-21 06:06:28'),(743,743,12,52,NULL,NULL,NULL,4,'N','2020-02-20 14:16:33','2020-02-21 06:06:28'),(744,744,1,6,NULL,NULL,NULL,NULL,'N','2020-02-20 14:16:33','2020-02-21 06:03:47'),(745,745,3,20,NULL,NULL,NULL,2,'Y','2020-02-20 14:16:33','2020-02-21 06:06:28'),(746,746,1,5,NULL,NULL,NULL,1,'Y','2020-02-20 14:16:33','2020-02-21 06:06:28'),(747,747,3,12,NULL,NULL,NULL,NULL,'N','2020-02-20 14:16:33','2020-02-21 06:03:47'),(748,748,3,11,NULL,NULL,NULL,1,'Y','2020-02-20 14:16:33','2020-02-21 06:06:28'),(749,749,12,48,NULL,NULL,NULL,NULL,'Y','2020-02-20 14:16:33','2020-02-20 14:16:33'),(750,750,8,30,NULL,NULL,NULL,4,'Y','2020-02-20 14:16:33','2020-02-21 06:06:28'),(751,751,12,42,NULL,NULL,NULL,3,'Y','2020-02-20 14:16:33','2020-02-21 06:06:28'),(752,752,12,42,NULL,NULL,NULL,3,'N','2020-02-20 14:16:33','2020-02-21 06:06:28'),(753,753,12,52,NULL,NULL,NULL,7,'Y','2020-02-20 14:16:33','2020-02-21 06:06:28'),(754,754,12,50,NULL,NULL,NULL,4,'Y','2020-02-20 14:16:33','2020-02-21 06:06:28'),(755,755,1,5,NULL,NULL,NULL,1,'Y','2020-02-20 14:16:33','2020-02-21 06:06:28'),(756,756,1,6,NULL,NULL,NULL,NULL,'N','2020-02-20 14:16:34','2020-02-21 06:03:47'),(757,757,3,11,NULL,NULL,NULL,3,'Y','2020-02-20 14:16:34','2020-02-21 06:06:28'),(758,758,3,12,NULL,NULL,NULL,NULL,'N','2020-02-20 14:16:34','2020-02-21 06:03:47'),(759,759,12,48,NULL,NULL,NULL,NULL,'N','2020-02-20 14:16:34','2020-02-21 06:03:47'),(760,760,1,6,NULL,NULL,NULL,5,'Y','2020-02-20 14:16:34','2020-02-21 06:06:28'),(761,761,1,7,NULL,NULL,NULL,1,'Y','2020-02-20 14:16:34','2020-02-21 06:06:28'),(762,762,9,34,NULL,NULL,NULL,NULL,'Y','2020-02-20 14:16:34','2020-02-20 14:16:34'),(763,763,9,34,NULL,NULL,NULL,3,'N','2020-02-20 14:16:34','2020-02-21 06:06:28'),(764,764,12,43,NULL,NULL,NULL,3,'Y','2020-02-20 14:16:34','2020-02-21 06:06:28'),(765,765,3,20,NULL,NULL,NULL,2,'Y','2020-02-20 14:16:34','2020-02-21 06:06:28'),(766,766,1,2,NULL,NULL,NULL,NULL,'Y','2020-02-20 14:16:34','2020-02-20 14:16:34'),(767,767,9,37,NULL,NULL,NULL,NULL,'Y','2020-02-20 14:16:34','2020-02-20 14:16:34'),(768,768,12,52,NULL,NULL,NULL,4,'Y','2020-02-20 14:16:34','2020-02-21 06:06:28'),(769,769,1,5,NULL,NULL,NULL,2,'N','2020-02-20 14:16:34','2020-02-21 06:06:28'),(770,770,1,3,NULL,NULL,NULL,NULL,'N','2020-02-20 14:16:34','2020-02-21 06:03:47'),(771,771,12,42,NULL,NULL,NULL,3,'Y','2020-02-20 14:16:34','2020-02-21 06:06:28'),(772,772,1,5,NULL,NULL,NULL,2,'Y','2020-02-20 14:16:34','2020-02-21 06:06:28'),(773,773,9,37,NULL,NULL,NULL,1,'Y','2020-02-20 14:16:34','2020-02-21 06:06:28'),(774,774,9,37,NULL,NULL,NULL,NULL,'N','2020-02-20 14:16:34','2020-02-21 06:03:47'),(775,775,1,5,NULL,NULL,NULL,NULL,'Y','2020-02-20 14:16:34','2020-02-20 14:16:34'),(776,776,12,52,NULL,NULL,NULL,4,'Y','2020-02-20 14:16:34','2020-02-21 06:06:28'),(777,777,1,2,NULL,NULL,NULL,3,'Y','2020-02-20 14:16:34','2020-02-21 06:06:28'),(778,778,9,34,NULL,NULL,NULL,3,'Y','2020-02-20 14:16:34','2020-02-21 06:06:28'),(779,779,12,49,NULL,NULL,NULL,3,'N','2020-02-20 14:16:35','2020-02-21 06:06:28'),(780,780,1,5,NULL,NULL,NULL,1,'N','2020-02-20 14:16:35','2020-02-21 06:06:28'),(781,781,1,5,NULL,NULL,NULL,1,'Y','2020-02-20 14:16:35','2020-02-21 06:06:28'),(782,782,9,34,NULL,NULL,NULL,4,'Y','2020-02-20 14:16:35','2020-02-21 06:06:28'),(783,783,12,42,NULL,NULL,NULL,3,'Y','2020-02-20 14:16:35','2020-02-21 06:06:28'),(784,784,3,14,NULL,NULL,NULL,3,'N','2020-02-20 14:16:35','2020-02-21 06:06:28'),(785,785,1,6,NULL,NULL,NULL,4,'Y','2020-02-20 14:16:35','2020-02-21 06:06:28'),(786,786,12,42,NULL,NULL,NULL,3,'Y','2020-02-20 14:16:35','2020-02-21 06:06:28'),(787,787,12,42,NULL,NULL,NULL,3,'Y','2020-02-20 14:16:35','2020-02-21 06:06:28'),(788,788,12,52,NULL,NULL,NULL,4,'N','2020-02-20 14:16:35','2020-02-21 06:06:28'),(789,789,12,42,NULL,NULL,NULL,3,'Y','2020-02-20 14:16:35','2020-02-21 06:06:28'),(790,790,8,30,NULL,NULL,NULL,4,'Y','2020-02-20 14:16:35','2020-02-21 06:06:28'),(791,791,1,6,NULL,NULL,NULL,4,'N','2020-02-20 14:16:35','2020-02-21 06:06:28'),(792,792,3,20,NULL,NULL,NULL,2,'Y','2020-02-20 14:16:35','2020-02-21 06:06:28'),(793,793,1,5,NULL,NULL,NULL,2,'N','2020-02-20 14:16:35','2020-02-21 06:06:28'),(794,794,3,20,NULL,NULL,NULL,2,'N','2020-02-20 14:16:35','2020-02-21 06:06:28'),(795,795,3,11,NULL,NULL,NULL,3,'N','2020-02-20 14:16:35','2020-02-21 06:06:28'),(796,796,3,11,NULL,NULL,NULL,3,'Y','2020-02-20 14:16:35','2020-02-21 06:06:28'),(797,797,1,1,NULL,NULL,NULL,3,'Y','2020-02-20 14:16:35','2020-02-21 06:06:28'),(798,798,1,3,NULL,NULL,NULL,3,'Y','2020-02-20 14:16:35','2020-02-21 06:06:28'),(799,799,1,1,NULL,NULL,NULL,1,'Y','2020-02-20 14:16:35','2020-02-21 06:06:28'),(800,800,12,54,NULL,NULL,NULL,NULL,'Y','2020-02-20 14:16:35','2020-02-20 14:16:35'),(801,801,12,46,NULL,NULL,NULL,1,'N','2020-02-20 14:16:35','2020-02-21 06:06:28'),(802,802,3,20,NULL,NULL,NULL,2,'Y','2020-02-20 14:16:36','2020-02-21 06:06:28'),(803,803,1,1,NULL,NULL,NULL,3,'N','2020-02-20 14:16:36','2020-02-21 06:06:28'),(804,804,1,5,NULL,NULL,NULL,2,'Y','2020-02-20 14:16:36','2020-02-21 06:06:28'),(805,805,12,44,NULL,NULL,NULL,NULL,'Y','2020-02-20 14:16:36','2020-02-20 14:16:36'),(806,806,1,5,NULL,NULL,NULL,2,'Y','2020-02-20 14:16:36','2020-02-21 06:06:28'),(807,807,3,11,NULL,NULL,NULL,2,'Y','2020-02-20 14:16:36','2020-02-21 06:06:28'),(808,808,3,11,NULL,NULL,NULL,3,'N','2020-02-20 14:16:36','2020-02-21 06:06:28'),(809,809,8,30,NULL,NULL,NULL,NULL,'Y','2020-02-20 14:16:36','2020-02-20 14:16:36'),(810,810,1,2,NULL,NULL,NULL,NULL,'N','2020-02-20 14:16:36','2020-02-21 06:03:47'),(811,811,1,5,NULL,NULL,NULL,4,'Y','2020-02-20 14:16:36','2020-02-21 06:06:28'),(812,812,1,5,NULL,NULL,NULL,1,'Y','2020-02-20 14:16:36','2020-02-21 06:06:28'),(813,813,1,3,NULL,NULL,NULL,3,'Y','2020-02-20 14:16:36','2020-02-21 06:06:28'),(814,814,3,14,NULL,NULL,NULL,3,'N','2020-02-20 14:16:36','2020-02-21 06:06:28'),(815,815,1,3,NULL,NULL,NULL,NULL,'Y','2020-02-20 14:16:36','2020-02-20 14:16:36'),(816,816,1,7,NULL,NULL,NULL,NULL,'Y','2020-02-20 14:16:36','2020-02-20 14:16:36'),(817,817,12,46,NULL,NULL,NULL,NULL,'Y','2020-02-20 14:16:36','2020-02-20 14:16:36'),(818,818,9,34,NULL,NULL,NULL,NULL,'Y','2020-02-20 14:16:36','2020-02-20 14:16:36'),(819,819,3,12,NULL,NULL,NULL,NULL,'Y','2020-02-20 14:16:36','2020-02-20 14:16:36'),(820,820,8,30,NULL,NULL,NULL,NULL,'N','2020-02-20 14:16:36','2020-02-21 06:03:47'),(821,821,9,34,NULL,NULL,NULL,NULL,'Y','2020-02-20 14:16:36','2020-02-20 14:16:36'),(822,822,3,12,NULL,NULL,NULL,NULL,'N','2020-02-20 14:16:37','2020-02-21 06:03:47'),(823,823,12,43,NULL,NULL,NULL,NULL,'Y','2020-02-20 14:16:37','2020-02-20 14:16:37'),(824,824,9,34,NULL,NULL,NULL,NULL,'N','2020-02-20 14:16:37','2020-02-21 06:03:47'),(825,825,12,44,NULL,NULL,NULL,NULL,'N','2020-02-20 14:16:37','2020-02-21 06:03:47'),(826,826,9,37,NULL,NULL,NULL,1,'N','2020-02-20 14:16:37','2020-02-21 06:06:28'),(827,827,3,15,NULL,NULL,NULL,5,'Y','2020-02-20 14:16:37','2020-02-21 06:06:28'),(828,828,8,30,NULL,NULL,NULL,4,'Y','2020-02-20 14:16:37','2020-02-21 06:06:28'),(829,829,1,7,NULL,NULL,NULL,1,'N','2020-02-20 14:16:37','2020-02-21 06:06:28'),(830,830,9,34,NULL,NULL,NULL,3,'Y','2020-02-20 14:16:37','2020-02-21 06:06:28'),(831,831,12,49,NULL,NULL,NULL,4,'Y','2020-02-20 14:16:37','2020-02-21 06:06:28'),(832,832,12,52,NULL,NULL,NULL,NULL,'N','2020-02-20 14:16:37','2020-02-21 06:03:47'),(833,833,1,1,NULL,NULL,NULL,3,'N','2020-02-20 14:16:37','2020-02-21 06:06:28'),(834,834,3,12,NULL,NULL,NULL,1,'N','2020-02-20 14:16:37','2020-02-21 06:06:28'),(835,835,1,1,NULL,NULL,NULL,1,'N','2020-02-20 14:16:37','2020-02-21 06:06:28'),(836,836,9,34,NULL,NULL,NULL,4,'N','2020-02-20 14:16:37','2020-02-21 06:06:28'),(837,837,1,6,NULL,NULL,NULL,4,'N','2020-02-20 14:16:37','2020-02-21 06:06:28'),(838,838,1,6,NULL,NULL,NULL,4,'N','2020-02-20 14:16:37','2020-02-21 06:06:28'),(839,839,1,1,NULL,NULL,NULL,1,'Y','2020-02-20 14:16:37','2020-02-21 06:06:28'),(840,840,3,20,NULL,NULL,NULL,NULL,'Y','2020-02-20 14:16:37','2020-02-20 14:16:37'),(841,841,1,5,NULL,NULL,NULL,NULL,'Y','2020-02-20 14:16:37','2020-02-20 14:16:37'),(842,842,1,5,NULL,NULL,NULL,1,'N','2020-02-20 14:16:38','2020-02-21 06:06:28'),(843,843,1,6,NULL,NULL,NULL,NULL,'N','2020-02-20 14:16:38','2020-02-21 06:03:47'),(844,844,1,6,NULL,NULL,NULL,NULL,'Y','2020-02-20 14:16:38','2020-02-20 14:16:38'),(845,845,8,30,NULL,NULL,NULL,3,'Y','2020-02-20 14:16:38','2020-02-21 06:06:28'),(846,846,1,5,NULL,NULL,NULL,1,'Y','2020-02-20 14:16:38','2020-02-21 06:06:28'),(847,847,3,12,NULL,NULL,NULL,1,'N','2020-02-20 14:16:38','2020-02-21 06:06:28'),(848,848,12,46,NULL,NULL,NULL,NULL,'Y','2020-02-20 14:16:38','2020-02-20 14:16:38'),(849,849,1,1,NULL,NULL,NULL,NULL,'N','2020-02-20 14:16:38','2020-02-21 06:03:47'),(850,850,9,37,NULL,NULL,NULL,NULL,'Y','2020-02-20 14:16:38','2020-02-20 14:16:38'),(851,851,1,5,NULL,NULL,NULL,1,'N','2020-02-20 14:16:38','2020-02-21 06:06:28'),(852,852,12,43,NULL,NULL,NULL,NULL,'N','2020-02-20 14:16:38','2020-02-21 06:03:47'),(853,853,8,30,NULL,NULL,NULL,NULL,'Y','2020-02-20 14:16:38','2020-02-20 14:16:38'),(854,854,9,37,NULL,NULL,NULL,NULL,'N','2020-02-20 14:16:38','2020-02-21 06:03:47'),(855,855,8,30,NULL,NULL,NULL,NULL,'N','2020-02-20 14:16:38','2020-02-21 06:03:47'),(856,856,9,37,NULL,NULL,NULL,1,'Y','2020-02-20 14:16:38','2020-02-21 06:06:28'),(857,857,9,34,NULL,NULL,NULL,3,'Y','2020-02-20 14:16:38','2020-02-21 06:06:28'),(858,858,3,12,NULL,NULL,NULL,NULL,'Y','2020-02-20 14:16:38','2020-02-20 14:16:38'),(859,859,1,5,NULL,NULL,NULL,NULL,'N','2020-02-20 14:16:38','2020-02-21 06:03:47'),(860,860,20,77,NULL,NULL,NULL,4,'Y','2020-02-20 14:16:38','2020-02-21 06:06:28'),(861,861,1,6,NULL,NULL,NULL,5,'N','2020-02-20 14:16:38','2020-02-21 06:06:28'),(862,862,12,49,NULL,NULL,NULL,4,'Y','2020-02-20 14:16:39','2020-02-21 06:06:28'),(863,863,12,42,NULL,NULL,NULL,3,'Y','2020-02-20 14:16:39','2020-02-21 06:06:28'),(864,864,9,34,NULL,NULL,NULL,3,'Y','2020-02-20 14:16:39','2020-02-21 06:06:28'),(865,865,3,15,NULL,NULL,NULL,3,'Y','2020-02-20 14:16:39','2020-02-21 06:06:28'),(866,866,12,42,NULL,NULL,NULL,1,'Y','2020-02-20 14:16:39','2020-02-21 06:06:28'),(867,867,12,42,NULL,NULL,NULL,NULL,'Y','2020-02-20 14:16:39','2020-02-20 14:16:39'),(868,868,9,34,NULL,NULL,NULL,3,'Y','2020-02-20 14:16:39','2020-02-21 06:06:28'),(869,869,1,5,NULL,NULL,NULL,NULL,'Y','2020-02-20 14:16:39','2020-02-20 14:16:39'),(870,870,3,12,NULL,NULL,NULL,NULL,'N','2020-02-20 14:16:39','2020-02-21 06:03:47'),(871,871,1,7,NULL,NULL,NULL,NULL,'N','2020-02-20 14:16:39','2020-02-21 06:03:47'),(872,872,12,43,NULL,NULL,NULL,2,'N','2020-02-20 14:16:39','2020-02-21 06:06:28'),(873,873,8,30,NULL,NULL,NULL,4,'Y','2020-02-20 14:16:39','2020-02-21 06:06:28'),(874,874,9,36,NULL,NULL,NULL,NULL,'Y','2020-02-20 14:16:39','2020-02-20 14:16:39'),(875,875,1,1,NULL,NULL,NULL,NULL,'N','2020-02-20 14:16:39','2020-02-21 06:03:47'),(876,876,3,11,NULL,NULL,NULL,1,'Y','2020-02-20 14:16:39','2020-02-21 06:06:28'),(877,877,1,5,NULL,NULL,NULL,1,'Y','2020-02-20 14:16:39','2020-02-21 06:06:28'),(878,878,12,46,NULL,NULL,NULL,NULL,'Y','2020-02-20 14:16:40','2020-02-20 14:16:40'),(879,879,12,43,NULL,NULL,NULL,NULL,'N','2020-02-20 14:16:40','2020-02-21 06:03:47'),(880,880,1,6,NULL,NULL,NULL,NULL,'N','2020-02-20 14:16:40','2020-02-21 06:03:47'),(881,881,1,5,NULL,NULL,NULL,2,'Y','2020-02-20 14:16:40','2020-02-21 06:06:28'),(882,882,1,6,NULL,NULL,NULL,NULL,'N','2020-02-20 14:16:40','2020-02-21 06:03:47'),(883,883,12,42,NULL,NULL,NULL,3,'Y','2020-02-20 14:16:40','2020-02-21 06:06:28'),(884,884,1,3,NULL,NULL,NULL,3,'Y','2020-02-20 14:16:40','2020-02-21 06:06:28'),(885,885,12,52,NULL,NULL,NULL,4,'Y','2020-02-20 14:16:40','2020-02-21 06:06:28'),(886,886,1,2,NULL,NULL,NULL,3,'Y','2020-02-20 14:16:40','2020-02-21 06:06:28'),(887,887,1,2,NULL,NULL,NULL,3,'Y','2020-02-20 14:16:40','2020-02-21 06:06:28'),(888,888,19,67,NULL,NULL,NULL,3,'Y','2020-02-20 14:16:40','2020-02-21 06:06:28'),(889,889,1,5,NULL,NULL,NULL,1,'Y','2020-02-20 14:16:40','2020-02-21 06:06:28'),(890,890,9,34,NULL,NULL,NULL,NULL,'Y','2020-02-20 14:16:40','2020-02-20 14:16:40'),(891,891,1,6,NULL,NULL,NULL,NULL,'N','2020-02-20 14:16:40','2020-02-21 06:03:47'),(892,892,9,34,NULL,NULL,NULL,NULL,'N','2020-02-20 14:16:40','2020-02-21 06:03:47'),(893,893,12,44,NULL,NULL,NULL,4,'Y','2020-02-20 14:16:40','2020-02-21 06:06:28'),(894,894,1,6,NULL,NULL,NULL,NULL,'Y','2020-02-20 14:16:40','2020-02-20 14:16:40'),(895,895,3,12,NULL,NULL,NULL,1,'Y','2020-02-20 14:16:40','2020-02-21 06:06:28'),(896,896,8,30,NULL,NULL,NULL,NULL,'N','2020-02-20 14:16:40','2020-02-21 06:03:47'),(897,897,3,14,NULL,NULL,NULL,NULL,'Y','2020-02-20 14:16:40','2020-02-20 14:16:40'),(898,898,1,5,NULL,NULL,NULL,NULL,'N','2020-02-20 14:16:40','2020-02-21 06:03:47'),(899,899,9,34,NULL,NULL,NULL,NULL,'Y','2020-02-20 14:16:40','2020-02-20 14:16:40'),(900,900,12,48,NULL,NULL,NULL,NULL,'Y','2020-02-20 14:16:40','2020-02-20 14:16:40'),(901,901,3,15,NULL,NULL,NULL,5,'Y','2020-02-20 14:16:41','2020-02-21 06:06:28'),(902,902,12,43,NULL,NULL,NULL,3,'Y','2020-02-20 14:16:41','2020-02-21 06:06:28'),(903,903,1,7,NULL,NULL,NULL,NULL,'Y','2020-02-20 14:16:41','2020-02-20 14:16:41'),(904,904,1,2,NULL,NULL,NULL,NULL,'Y','2020-02-20 14:16:41','2020-02-20 14:16:41'),(905,905,3,19,NULL,NULL,NULL,4,'Y','2020-02-20 14:16:41','2020-02-21 06:06:28'),(906,906,3,15,NULL,NULL,NULL,NULL,'N','2020-02-20 14:16:41','2020-02-21 06:03:47'),(907,907,12,44,NULL,NULL,NULL,2,'N','2020-02-20 14:16:41','2020-02-21 06:06:28'),(908,908,3,11,NULL,NULL,NULL,1,'Y','2020-02-20 14:16:41','2020-02-21 06:06:28'),(909,909,12,42,NULL,NULL,NULL,3,'Y','2020-02-20 14:16:41','2020-02-21 06:06:28'),(910,910,3,12,NULL,NULL,NULL,NULL,'Y','2020-02-20 14:16:41','2020-02-20 14:16:41'),(911,911,9,34,NULL,NULL,NULL,NULL,'N','2020-02-20 14:16:41','2020-02-21 06:03:47'),(912,912,1,1,NULL,NULL,NULL,NULL,'Y','2020-02-20 14:16:41','2020-02-20 14:16:41'),(913,913,9,34,NULL,NULL,NULL,NULL,'Y','2020-02-20 14:16:41','2020-02-20 14:16:41'),(914,914,9,37,NULL,NULL,NULL,NULL,'Y','2020-02-20 14:16:41','2020-02-20 14:16:41'),(915,915,1,6,NULL,NULL,NULL,NULL,'N','2020-02-20 14:16:41','2020-02-21 06:03:47'),(916,916,12,42,NULL,NULL,NULL,1,'Y','2020-02-20 14:16:41','2020-02-21 06:06:28'),(917,917,11,87,NULL,NULL,NULL,NULL,'Y','2020-02-20 14:16:41','2020-02-20 14:16:41'),(918,918,12,42,NULL,NULL,NULL,2,'Y','2020-02-20 14:16:41','2020-02-21 06:06:28'),(919,919,12,52,NULL,NULL,NULL,4,'Y','2020-02-20 14:16:41','2020-02-21 06:06:28'),(920,920,11,41,NULL,NULL,NULL,NULL,'N','2020-02-20 14:16:41','2020-02-21 06:03:47'),(921,921,20,73,NULL,NULL,NULL,NULL,'Y','2020-02-20 14:16:41','2020-02-20 14:16:41'),(922,922,12,75,NULL,NULL,NULL,NULL,'Y','2020-02-20 14:16:41','2020-02-20 14:16:41'),(923,923,8,28,NULL,NULL,NULL,NULL,'Y','2020-02-20 14:16:42','2020-02-20 14:16:42'),(924,924,6,12,NULL,NULL,NULL,NULL,'Y','2020-02-20 14:16:42','2020-02-20 14:16:42'),(925,925,1,2,NULL,NULL,NULL,1,'Y','2020-02-20 14:16:42','2020-02-21 06:06:28'),(926,926,11,108,NULL,NULL,NULL,NULL,'N','2020-02-20 14:16:42','2020-02-21 06:03:47'),(927,927,12,42,NULL,NULL,NULL,NULL,'Y','2020-02-20 14:16:42','2020-02-20 14:16:42'),(928,928,1,6,NULL,NULL,NULL,NULL,'Y','2020-02-20 14:16:42','2020-02-20 14:16:42'),(929,929,9,45,NULL,NULL,NULL,NULL,'Y','2020-02-20 14:16:42','2020-02-20 14:16:42'),(930,930,1,1,NULL,NULL,NULL,NULL,'N','2020-02-20 14:16:42','2020-02-21 06:03:47'),(931,931,1,2,NULL,NULL,NULL,NULL,'Y','2020-02-20 14:16:42','2020-02-20 14:16:42'),(932,932,1,2,NULL,NULL,NULL,1,'Y','2020-02-20 14:16:42','2020-02-21 06:06:28'),(933,933,12,46,NULL,NULL,NULL,NULL,'Y','2020-02-20 14:16:42','2020-02-20 14:16:42'),(934,934,12,43,NULL,NULL,NULL,2,'Y','2020-02-20 14:16:42','2020-02-21 06:06:28'),(935,935,1,5,NULL,NULL,NULL,3,'Y','2020-02-20 14:16:42','2020-02-21 06:06:28'),(936,936,3,12,NULL,NULL,NULL,NULL,'Y','2020-02-20 14:16:42','2020-02-20 14:16:42'),(937,937,12,47,NULL,NULL,NULL,NULL,'Y','2020-02-20 14:16:42','2020-02-20 14:16:42'),(938,938,3,12,NULL,NULL,NULL,NULL,'N','2020-02-20 14:16:42','2020-02-21 06:03:47'),(939,939,8,30,NULL,NULL,NULL,NULL,'Y','2020-02-20 14:16:42','2020-02-20 14:16:42'),(940,940,12,47,NULL,NULL,NULL,NULL,'Y','2020-02-20 14:16:42','2020-02-20 14:16:42'),(941,941,1,5,NULL,NULL,NULL,NULL,'Y','2020-02-20 14:16:42','2020-02-20 14:16:42'),(942,942,3,12,NULL,NULL,NULL,NULL,'N','2020-02-20 14:16:42','2020-02-21 06:03:47'),(943,943,12,53,NULL,NULL,NULL,NULL,'Y','2020-02-20 14:16:42','2020-02-20 14:16:42'),(944,944,12,46,NULL,NULL,NULL,NULL,'N','2020-02-20 14:16:43','2020-02-21 06:03:47'),(945,945,9,37,NULL,NULL,NULL,NULL,'Y','2020-02-20 14:16:43','2020-02-20 14:16:43'),(946,946,16,64,NULL,NULL,NULL,NULL,'Y','2020-02-20 14:16:43','2020-02-20 14:16:43'),(947,947,3,12,NULL,NULL,NULL,NULL,'Y','2020-02-20 14:16:43','2020-02-20 14:16:43'),(948,948,3,12,NULL,NULL,NULL,NULL,'Y','2020-02-20 14:16:43','2020-02-20 14:16:43'),(949,949,9,34,NULL,NULL,NULL,NULL,'Y','2020-02-20 14:16:43','2020-02-20 14:16:43'),(950,950,9,34,NULL,NULL,NULL,NULL,'Y','2020-02-20 14:16:43','2020-02-20 14:16:43'),(951,951,12,47,NULL,NULL,NULL,NULL,'Y','2020-02-20 14:16:43','2020-02-20 14:16:43'),(952,952,3,12,NULL,NULL,NULL,NULL,'Y','2020-02-20 14:16:43','2020-02-20 14:16:43'),(953,953,1,1,NULL,NULL,NULL,NULL,'Y','2020-02-20 14:16:43','2020-02-20 14:16:43'),(954,954,1,2,NULL,NULL,NULL,NULL,'Y','2020-02-20 14:16:43','2020-02-20 14:16:43'),(955,955,12,42,NULL,NULL,NULL,3,'Y','2020-02-20 14:16:43','2020-02-21 06:06:28'),(956,956,1,2,NULL,NULL,NULL,NULL,'Y','2020-02-20 14:16:43','2020-02-20 14:16:43'),(957,957,1,2,NULL,NULL,NULL,NULL,'N','2020-02-20 14:16:43','2020-02-21 06:03:47'),(958,958,19,67,NULL,NULL,NULL,3,'N','2020-02-20 14:16:43','2020-02-21 06:06:28'),(959,959,1,2,NULL,NULL,NULL,NULL,'Y','2020-02-20 14:16:43','2020-02-20 14:16:43'),(960,960,3,15,NULL,NULL,NULL,NULL,'Y','2020-02-20 14:16:43','2020-02-20 14:16:43'),(961,961,1,6,NULL,NULL,NULL,NULL,'Y','2020-02-20 14:16:43','2020-02-20 14:16:43'),(962,962,1,6,NULL,NULL,NULL,NULL,'N','2020-02-20 14:16:43','2020-02-21 06:03:47'),(963,963,3,12,NULL,NULL,NULL,1,'Y','2020-02-20 14:16:43','2020-02-21 06:06:28'),(964,964,12,42,NULL,NULL,NULL,NULL,'Y','2020-02-20 14:16:43','2020-02-20 14:16:43'),(965,965,1,2,NULL,NULL,NULL,2,'Y','2020-02-20 14:16:43','2020-02-21 06:06:28'),(966,966,1,5,NULL,NULL,NULL,1,'Y','2020-02-20 14:16:44','2020-02-21 06:06:28'),(967,967,3,12,NULL,NULL,NULL,1,'Y','2020-02-20 14:16:44','2020-02-21 06:06:28'),(968,968,9,34,NULL,NULL,NULL,NULL,'Y','2020-02-20 14:16:44','2020-02-20 14:16:44'),(969,969,3,12,NULL,NULL,NULL,1,'Y','2020-02-20 14:16:44','2020-02-21 06:06:28'),(970,970,1,5,NULL,NULL,NULL,3,'Y','2020-02-20 14:16:44','2020-02-21 06:06:28'),(971,971,12,46,NULL,NULL,NULL,NULL,'Y','2020-02-20 14:16:44','2020-02-20 14:16:44'),(972,972,3,12,NULL,NULL,NULL,NULL,'Y','2020-02-20 14:16:44','2020-02-20 14:16:44'),(973,973,3,11,NULL,NULL,NULL,NULL,'N','2020-02-20 14:16:44','2020-02-21 06:03:47'),(974,974,9,34,NULL,NULL,NULL,NULL,'Y','2020-02-20 14:16:44','2020-02-20 14:16:44'),(975,975,3,17,NULL,NULL,NULL,NULL,'Y','2020-02-20 14:16:44','2020-02-20 14:16:44'),(976,976,1,6,NULL,NULL,NULL,NULL,'N','2020-02-20 14:16:44','2020-02-21 06:03:47'),(977,977,12,52,NULL,NULL,NULL,4,'Y','2020-02-20 14:16:44','2020-02-21 06:06:28'),(978,978,12,49,NULL,NULL,NULL,4,'Y','2020-02-20 14:16:44','2020-02-21 06:06:28'),(979,979,8,28,NULL,NULL,NULL,NULL,'Y','2020-02-20 14:16:44','2020-02-20 14:16:44'),(980,980,12,43,NULL,NULL,NULL,NULL,'Y','2020-02-20 14:16:44','2020-02-20 14:16:44'),(981,981,1,2,NULL,NULL,NULL,NULL,'Y','2020-02-20 14:16:44','2020-02-20 14:16:44'),(982,982,8,28,NULL,NULL,NULL,NULL,'Y','2020-02-20 14:16:44','2020-02-20 14:16:44'),(983,983,9,34,NULL,NULL,NULL,NULL,'N','2020-02-20 14:16:44','2020-02-21 06:03:47'),(984,984,1,2,NULL,NULL,NULL,NULL,'N','2020-02-20 14:16:44','2020-02-21 06:03:47'),(985,985,8,30,NULL,NULL,NULL,NULL,'Y','2020-02-20 14:16:44','2020-02-20 14:16:44'),(986,986,1,2,NULL,NULL,NULL,NULL,'Y','2020-02-20 14:16:44','2020-02-20 14:16:44'),(987,987,12,49,NULL,NULL,NULL,4,'Y','2020-02-20 14:16:44','2020-02-21 06:06:28'),(988,988,12,45,NULL,NULL,NULL,4,'Y','2020-02-20 14:16:44','2020-02-21 06:06:28'),(989,989,12,47,NULL,NULL,NULL,1,'Y','2020-02-20 14:16:45','2020-02-21 06:06:28'),(990,990,12,42,NULL,NULL,NULL,4,'Y','2020-02-20 14:16:45','2020-02-21 06:06:28'),(991,991,9,34,NULL,NULL,NULL,3,'Y','2020-02-20 14:16:45','2020-02-21 06:06:28'),(992,992,1,1,NULL,NULL,NULL,NULL,'Y','2020-02-20 14:16:45','2020-02-20 14:16:45'),(993,993,3,19,NULL,NULL,NULL,2,'Y','2020-02-20 14:16:45','2020-02-21 06:06:28'),(994,994,9,34,NULL,NULL,NULL,4,'Y','2020-02-20 14:16:45','2020-02-21 06:06:28'),(995,995,3,12,NULL,NULL,NULL,3,'Y','2020-02-20 14:16:45','2020-02-21 06:06:28'),(996,996,12,44,NULL,NULL,NULL,3,'Y','2020-02-20 14:16:45','2020-02-21 06:06:28'),(997,997,1,2,NULL,NULL,NULL,3,'Y','2020-02-20 14:16:45','2020-02-21 06:06:28'),(998,998,1,2,NULL,NULL,NULL,1,'Y','2020-02-20 14:16:45','2020-02-21 06:06:28'),(999,999,3,17,NULL,NULL,NULL,2,'Y','2020-02-20 14:16:45','2020-02-21 06:06:28'),(1000,1000,20,73,NULL,NULL,NULL,4,'Y','2020-02-20 14:16:45','2020-02-21 06:06:28'),(1001,1001,12,46,NULL,NULL,NULL,NULL,'Y','2020-02-20 14:16:45','2020-02-20 14:16:45'),(1002,1002,8,28,NULL,NULL,NULL,NULL,'Y','2020-02-20 14:16:45','2020-02-20 14:16:45'),(1003,1003,3,12,NULL,NULL,NULL,NULL,'Y','2020-02-20 14:16:45','2020-02-20 14:16:45'),(1004,1004,20,73,NULL,NULL,NULL,NULL,'Y','2020-02-20 14:16:45','2020-02-20 14:16:45'),(1005,1005,1,6,NULL,NULL,NULL,NULL,'N','2020-02-20 14:16:45','2020-02-21 06:03:47'),(1006,1006,9,37,NULL,NULL,NULL,1,'Y','2020-02-20 14:16:45','2020-02-21 06:06:28'),(1007,1007,12,47,NULL,NULL,NULL,NULL,'N','2020-02-20 14:16:45','2020-02-21 06:03:47'),(1008,1008,12,43,NULL,NULL,NULL,NULL,'Y','2020-02-20 14:16:45','2020-02-20 14:16:45'),(1009,1009,12,47,NULL,NULL,NULL,NULL,'Y','2020-02-20 14:16:45','2020-02-20 14:16:45'),(1010,1010,20,73,NULL,NULL,NULL,NULL,'Y','2020-02-20 14:16:45','2020-02-20 14:16:45'),(1011,1011,12,47,NULL,NULL,NULL,NULL,'Y','2020-02-20 14:16:45','2020-02-20 14:16:45'),(1012,1012,1,1,NULL,NULL,NULL,NULL,'N','2020-02-20 14:16:46','2020-02-21 06:03:47'),(1013,1013,1,2,NULL,NULL,NULL,NULL,'N','2020-02-20 14:16:46','2020-02-21 06:03:47'),(1014,1014,9,36,NULL,NULL,NULL,NULL,'Y','2020-02-20 14:16:46','2020-02-20 14:16:46'),(1015,1015,12,46,NULL,NULL,NULL,NULL,'N','2020-02-20 14:16:46','2020-02-21 06:03:47'),(1016,1016,1,5,NULL,NULL,NULL,3,'Y','2020-02-20 14:16:46','2020-02-21 06:06:28'),(1017,1017,1,1,NULL,NULL,NULL,2,'N','2020-02-20 14:16:46','2020-02-21 06:06:28'),(1018,1018,12,47,NULL,NULL,NULL,NULL,'Y','2020-02-20 14:16:46','2020-02-20 14:16:46'),(1019,1019,12,44,NULL,NULL,NULL,NULL,'N','2020-02-20 14:16:46','2020-02-21 06:03:47'),(1020,1020,9,36,NULL,NULL,NULL,NULL,'Y','2020-02-20 14:16:46','2020-02-20 14:16:46'),(1021,1021,3,17,NULL,NULL,NULL,NULL,'Y','2020-02-20 14:16:46','2020-02-20 14:16:46'),(1022,1022,12,46,NULL,NULL,NULL,1,'Y','2020-02-20 14:16:46','2020-02-21 06:06:28'),(1023,1023,12,49,NULL,NULL,NULL,4,'Y','2020-02-20 14:16:46','2020-02-21 06:06:28'),(1024,1024,12,46,NULL,NULL,NULL,NULL,'N','2020-02-20 14:16:46','2020-02-21 06:03:47'),(1025,1025,3,12,NULL,NULL,NULL,1,'Y','2020-02-20 14:16:46','2020-02-21 06:06:28'),(1026,1026,12,46,NULL,NULL,NULL,NULL,'Y','2020-02-20 14:16:46','2020-02-20 14:16:46'),(1027,1027,1,2,NULL,NULL,NULL,3,'Y','2020-02-20 14:16:46','2020-02-21 06:06:28'),(1028,1028,3,17,NULL,NULL,NULL,NULL,'N','2020-02-20 14:16:46','2020-02-21 06:03:47'),(1029,1029,1,6,NULL,NULL,NULL,1,'Y','2020-02-20 14:16:46','2020-02-21 06:06:28'),(1030,1030,12,42,NULL,NULL,NULL,NULL,'Y','2020-02-20 14:16:46','2020-02-20 14:16:46'),(1031,1031,12,46,NULL,NULL,NULL,4,'Y','2020-02-20 14:16:46','2020-02-21 06:06:28'),(1032,1032,3,12,NULL,NULL,NULL,NULL,'Y','2020-02-20 14:16:46','2020-02-20 14:16:46'),(1033,1033,3,11,NULL,NULL,NULL,NULL,'Y','2020-02-20 14:16:46','2020-02-20 14:16:46'),(1034,1034,12,43,NULL,NULL,NULL,NULL,'Y','2020-02-20 14:16:46','2020-02-20 14:16:46'),(1035,1035,12,43,NULL,NULL,NULL,NULL,'N','2020-02-20 14:16:46','2020-02-21 06:03:47'),(1036,1036,1,5,NULL,NULL,NULL,NULL,'Y','2020-02-20 14:16:47','2020-02-20 14:16:47'),(1037,1037,8,30,NULL,NULL,NULL,NULL,'N','2020-02-20 14:16:47','2020-02-21 06:03:47'),(1038,1038,12,49,NULL,NULL,NULL,NULL,'Y','2020-02-20 14:16:47','2020-02-20 14:16:47'),(1039,1039,12,43,NULL,NULL,NULL,NULL,'Y','2020-02-20 14:16:47','2020-02-20 14:16:47'),(1040,1040,1,7,NULL,NULL,NULL,1,'Y','2020-02-20 14:16:47','2020-02-21 06:06:28'),(1041,1041,1,2,NULL,NULL,NULL,NULL,'Y','2020-02-20 14:16:47','2020-02-20 14:16:47'),(1042,1042,3,12,NULL,NULL,NULL,NULL,'Y','2020-02-20 14:16:47','2020-02-20 14:16:47'),(1043,1043,12,46,NULL,NULL,NULL,NULL,'N','2020-02-20 14:16:47','2020-02-21 06:03:47'),(1044,1044,12,42,NULL,NULL,NULL,NULL,'Y','2020-02-20 14:16:47','2020-02-20 14:16:47'),(1045,1045,1,2,NULL,NULL,NULL,NULL,'Y','2020-02-20 14:16:47','2020-02-20 14:16:47'),(1046,1046,12,46,NULL,NULL,NULL,1,'N','2020-02-20 14:16:47','2020-02-21 06:06:28'),(1047,1047,12,42,NULL,NULL,NULL,NULL,'Y','2020-02-20 14:16:47','2020-02-20 14:16:47'),(1048,1048,12,42,NULL,NULL,NULL,4,'Y','2020-02-20 14:16:47','2020-02-21 06:06:28'),(1049,1049,3,17,NULL,NULL,NULL,NULL,'N','2020-02-20 14:16:47','2020-02-21 06:03:47'),(1050,1050,3,17,NULL,NULL,NULL,NULL,'N','2020-02-20 14:16:47','2020-02-21 06:03:47'),(1051,1051,3,17,NULL,NULL,NULL,NULL,'Y','2020-02-20 14:16:47','2020-02-20 14:16:47'),(1052,1052,9,36,NULL,NULL,NULL,NULL,'Y','2020-02-20 14:16:47','2020-02-20 14:16:47'),(1053,1053,12,47,NULL,NULL,NULL,NULL,'Y','2020-02-20 14:16:47','2020-02-20 14:16:47'),(1054,1054,12,44,NULL,NULL,NULL,3,'Y','2020-02-20 14:16:47','2020-02-21 06:06:28'),(1055,1055,9,37,NULL,NULL,NULL,1,'Y','2020-02-20 14:16:47','2020-02-21 06:06:28'),(1056,1056,1,6,NULL,NULL,NULL,NULL,'Y','2020-02-20 14:16:47','2020-02-20 14:16:47'),(1057,1057,12,42,NULL,NULL,NULL,1,'Y','2020-02-20 14:16:47','2020-02-21 06:06:28'),(1058,1058,12,46,NULL,NULL,NULL,1,'Y','2020-02-20 14:16:47','2020-02-21 06:06:28'),(1059,1059,3,11,NULL,NULL,NULL,NULL,'N','2020-02-20 14:16:48','2020-02-21 06:03:47'),(1060,1060,9,34,NULL,NULL,NULL,3,'Y','2020-02-20 14:16:48','2020-02-21 06:06:28'),(1061,1061,1,5,NULL,NULL,NULL,NULL,'Y','2020-02-20 14:16:48','2020-02-20 14:16:48'),(1062,1062,1,5,NULL,NULL,NULL,1,'Y','2020-02-20 14:16:48','2020-02-21 06:06:28'),(1063,1063,12,47,NULL,NULL,NULL,NULL,'N','2020-02-20 14:16:48','2020-02-21 06:03:47'),(1064,1064,20,73,NULL,NULL,NULL,NULL,'Y','2020-02-20 14:16:48','2020-02-20 14:16:48'),(1065,1065,1,6,NULL,NULL,NULL,NULL,'Y','2020-02-20 14:16:48','2020-02-20 14:16:48'),(1066,1066,1,2,NULL,NULL,NULL,NULL,'Y','2020-02-20 14:16:48','2020-02-20 14:16:48'),(1067,1067,12,47,NULL,NULL,NULL,NULL,'N','2020-02-20 14:16:48','2020-02-21 06:03:47'),(1068,1068,20,73,NULL,NULL,NULL,NULL,'Y','2020-02-20 14:16:48','2020-02-20 14:16:48'),(1069,1069,9,37,NULL,NULL,NULL,NULL,'Y','2020-02-20 14:16:48','2020-02-20 14:16:48'),(1070,1070,1,6,NULL,NULL,NULL,NULL,'Y','2020-02-20 14:16:48','2020-02-20 14:16:48'),(1071,1071,12,43,NULL,NULL,NULL,NULL,'Y','2020-02-20 14:16:48','2020-02-20 14:16:48'),(1072,1072,12,53,NULL,NULL,NULL,NULL,'Y','2020-02-20 14:16:48','2020-02-20 14:16:48'),(1073,1073,9,34,NULL,NULL,NULL,NULL,'Y','2020-02-20 14:16:48','2020-02-20 14:16:48'),(1074,1074,3,12,NULL,NULL,NULL,NULL,'N','2020-02-20 14:16:48','2020-02-21 06:03:47'),(1075,1075,1,5,NULL,NULL,NULL,NULL,'Y','2020-02-20 14:16:48','2020-02-20 14:16:48'),(1076,1076,1,6,NULL,NULL,NULL,NULL,'Y','2020-02-20 14:16:48','2020-02-20 14:16:48'),(1077,1077,20,70,NULL,NULL,NULL,NULL,'N','2020-02-20 14:16:48','2020-02-21 06:03:47'),(1078,1078,20,76,NULL,NULL,NULL,1,'Y','2020-02-20 14:16:48','2020-02-21 06:06:28'),(1079,1079,8,28,NULL,NULL,NULL,NULL,'Y','2020-02-20 14:16:48','2020-02-20 14:16:48'),(1080,1080,1,5,NULL,NULL,NULL,NULL,'N','2020-02-20 14:16:48','2020-02-21 06:03:47'),(1081,1081,9,36,NULL,NULL,NULL,NULL,'Y','2020-02-20 14:16:48','2020-02-20 14:16:48'),(1082,1082,9,34,NULL,NULL,NULL,3,'Y','2020-02-20 14:16:49','2020-02-21 06:06:28'),(1083,1083,12,42,NULL,NULL,NULL,3,'Y','2020-02-20 14:16:49','2020-02-21 06:06:28'),(1084,1084,12,49,NULL,NULL,NULL,NULL,'Y','2020-02-20 14:16:49','2020-02-20 14:16:49'),(1085,1085,1,1,NULL,NULL,NULL,1,'Y','2020-02-20 14:16:49','2020-02-21 06:06:28'),(1086,1086,9,34,NULL,NULL,NULL,NULL,'N','2020-02-20 14:16:49','2020-02-21 06:03:47'),(1087,1087,9,34,NULL,NULL,NULL,NULL,'Y','2020-02-20 14:16:49','2020-02-20 14:16:49'),(1088,1088,12,46,NULL,NULL,NULL,NULL,'N','2020-02-20 14:16:49','2020-02-21 06:03:47'),(1089,1089,1,5,NULL,NULL,NULL,NULL,'Y','2020-02-20 14:16:49','2020-02-20 14:16:49'),(1090,1090,8,30,NULL,NULL,NULL,NULL,'Y','2020-02-20 14:16:49','2020-02-20 14:16:49'),(1091,1091,3,11,NULL,NULL,NULL,NULL,'Y','2020-02-20 14:16:49','2020-02-20 14:16:49'),(1092,1092,20,77,NULL,NULL,NULL,NULL,'Y','2020-02-20 14:16:49','2020-02-20 14:16:49'),(1093,1093,8,29,NULL,NULL,NULL,1,'Y','2020-02-20 14:16:49','2020-02-21 06:06:28'),(1094,1094,12,52,NULL,NULL,NULL,NULL,'Y','2020-02-20 14:16:49','2020-02-20 14:16:49'),(1095,1095,13,56,NULL,NULL,NULL,NULL,'Y','2020-02-20 14:16:49','2020-02-20 14:16:49'),(1096,1096,19,67,NULL,NULL,NULL,2,'Y','2020-02-20 14:16:49','2020-02-21 06:06:28'),(1097,1097,12,46,NULL,NULL,NULL,NULL,'Y','2020-02-20 14:16:49','2020-02-20 14:16:49'),(1098,1098,9,36,NULL,NULL,NULL,4,'Y','2020-02-20 14:16:49','2020-02-21 06:06:28'),(1099,1099,20,73,NULL,NULL,NULL,NULL,'Y','2020-02-20 14:16:49','2020-02-20 14:16:49'),(1100,1100,12,44,NULL,NULL,NULL,1,'Y','2020-02-20 14:16:49','2020-02-21 06:06:28'),(1101,1101,3,11,NULL,NULL,NULL,1,'Y','2020-02-20 14:16:49','2020-02-21 06:06:28'),(1102,1102,9,37,NULL,NULL,NULL,NULL,'Y','2020-02-20 14:16:49','2020-02-20 14:16:49'),(1103,1103,12,42,NULL,NULL,NULL,NULL,'Y','2020-02-20 14:16:49','2020-02-20 14:16:49'),(1104,1104,3,17,NULL,NULL,NULL,3,'Y','2020-02-20 14:16:49','2020-02-21 06:06:28'),(1105,1105,3,12,NULL,NULL,NULL,NULL,'Y','2020-02-20 14:16:50','2020-02-20 14:16:50'),(1106,1106,9,36,NULL,NULL,NULL,NULL,'Y','2020-02-20 14:16:50','2020-02-20 14:16:50'),(1107,1107,3,11,NULL,NULL,NULL,NULL,'Y','2020-02-20 14:16:50','2020-02-20 14:16:50'),(1108,1108,12,47,NULL,NULL,NULL,1,'N','2020-02-20 14:16:50','2020-02-21 06:06:28'),(1109,1109,3,20,NULL,NULL,NULL,NULL,'Y','2020-02-20 14:16:50','2020-02-20 14:16:50'),(1110,1110,9,37,NULL,NULL,NULL,NULL,'Y','2020-02-20 14:16:50','2020-02-20 14:16:50'),(1111,1111,12,52,NULL,NULL,NULL,NULL,'Y','2020-02-20 14:16:50','2020-02-20 14:16:50'),(1112,1112,12,52,NULL,NULL,NULL,4,'Y','2020-02-20 14:16:50','2020-02-21 06:06:28'),(1113,1113,9,37,NULL,NULL,NULL,NULL,'Y','2020-02-20 14:16:50','2020-02-20 14:16:50'),(1114,1114,12,43,NULL,NULL,NULL,2,'Y','2020-02-20 14:16:50','2020-02-21 06:06:28'),(1115,1115,9,34,NULL,NULL,NULL,NULL,'Y','2020-02-20 14:16:50','2020-02-20 14:16:50'),(1116,1116,12,43,NULL,NULL,NULL,2,'Y','2020-02-20 14:16:50','2020-02-21 06:06:28'),(1117,1117,20,73,NULL,NULL,NULL,NULL,'Y','2020-02-20 14:16:50','2020-02-20 14:16:50'),(1118,1118,12,43,NULL,NULL,NULL,NULL,'Y','2020-02-20 14:16:50','2020-02-20 14:16:50'),(1119,1119,1,6,NULL,NULL,NULL,NULL,'N','2020-02-20 14:16:50','2020-02-21 06:03:47'),(1120,1120,9,34,NULL,NULL,NULL,3,'Y','2020-02-20 14:16:50','2020-02-21 06:06:28'),(1121,1121,1,6,NULL,NULL,NULL,3,'Y','2020-02-20 14:16:50','2020-02-21 06:06:28'),(1122,1122,12,47,NULL,NULL,NULL,1,'Y','2020-02-20 14:16:50','2020-02-21 06:06:28'),(1123,1123,3,12,NULL,NULL,NULL,2,'Y','2020-02-20 14:16:50','2020-02-21 06:06:28'),(1124,1124,9,37,NULL,NULL,NULL,NULL,'Y','2020-02-20 14:16:50','2020-02-20 14:16:50'),(1125,1125,3,12,NULL,NULL,NULL,NULL,'Y','2020-02-20 14:16:50','2020-02-20 14:16:50'),(1126,1126,12,46,NULL,NULL,NULL,NULL,'N','2020-02-20 14:16:50','2020-02-21 06:03:47'),(1127,1127,3,12,NULL,NULL,NULL,NULL,'Y','2020-02-20 14:16:50','2020-02-20 14:16:50'),(1128,1128,3,17,NULL,NULL,NULL,NULL,'Y','2020-02-20 14:16:51','2020-02-20 14:16:51'),(1129,1129,3,12,NULL,NULL,NULL,NULL,'Y','2020-02-20 14:16:51','2020-02-20 14:16:51'),(1130,1130,3,12,NULL,NULL,NULL,NULL,'N','2020-02-20 14:16:51','2020-02-21 06:03:47'),(1131,1131,3,17,NULL,NULL,NULL,NULL,'Y','2020-02-20 14:16:51','2020-02-20 14:16:51'),(1132,1132,12,49,NULL,NULL,NULL,NULL,'Y','2020-02-20 14:16:51','2020-02-20 14:16:51'),(1133,1133,12,47,NULL,NULL,NULL,NULL,'Y','2020-02-20 14:16:51','2020-02-20 14:16:51'),(1134,1134,12,53,NULL,NULL,NULL,NULL,'Y','2020-02-20 14:16:51','2020-02-20 14:16:51'),(1135,1135,12,43,NULL,NULL,NULL,NULL,'N','2020-02-20 14:16:51','2020-02-21 06:03:47'),(1136,1136,9,34,NULL,NULL,NULL,NULL,'Y','2020-02-20 14:16:51','2020-02-20 14:16:51'),(1137,1137,12,46,NULL,NULL,NULL,NULL,'Y','2020-02-20 14:16:51','2020-02-20 14:16:51'),(1138,1138,12,53,NULL,NULL,NULL,NULL,'Y','2020-02-20 14:16:51','2020-02-20 14:16:51'),(1139,1139,12,44,NULL,NULL,NULL,2,'Y','2020-02-20 14:16:51','2020-02-21 06:06:28'),(1140,1140,12,53,NULL,NULL,NULL,NULL,'N','2020-02-20 14:16:51','2020-02-21 06:03:47'),(1141,1141,3,20,NULL,NULL,NULL,NULL,'N','2020-02-20 14:16:51','2020-02-21 06:03:47'),(1142,1142,9,34,NULL,NULL,NULL,NULL,'N','2020-02-20 14:16:51','2020-02-21 06:03:47'),(1143,1143,1,6,NULL,NULL,NULL,NULL,'Y','2020-02-20 14:16:51','2020-02-20 14:16:51'),(1144,1144,9,34,NULL,NULL,NULL,NULL,'N','2020-02-20 14:16:51','2020-02-21 06:03:47'),(1145,1145,9,34,NULL,NULL,NULL,NULL,'Y','2020-02-20 14:16:51','2020-02-20 14:16:51'),(1146,1146,1,5,NULL,NULL,NULL,NULL,'Y','2020-02-20 14:16:51','2020-02-20 14:16:51'),(1147,1147,9,34,NULL,NULL,NULL,NULL,'Y','2020-02-20 14:16:51','2020-02-20 14:16:51'),(1148,1148,1,2,NULL,NULL,NULL,NULL,'Y','2020-02-20 14:16:51','2020-02-20 14:16:51'),(1149,1149,12,46,NULL,NULL,NULL,4,'Y','2020-02-20 14:16:51','2020-02-21 06:06:28'),(1150,1150,1,1,NULL,NULL,NULL,1,'Y','2020-02-20 14:16:52','2020-02-21 06:06:28'),(1151,1151,9,34,NULL,NULL,NULL,NULL,'Y','2020-02-20 14:16:52','2020-02-20 14:16:52'),(1152,1152,1,7,NULL,NULL,NULL,1,'N','2020-02-20 14:16:52','2020-02-21 06:06:28'),(1153,1153,1,6,NULL,NULL,NULL,NULL,'Y','2020-02-20 14:16:52','2020-02-20 14:16:52'),(1154,1154,1,2,NULL,NULL,NULL,1,'Y','2020-02-20 14:16:52','2020-02-21 06:06:28'),(1155,1155,12,47,NULL,NULL,NULL,2,'Y','2020-02-20 14:16:52','2020-02-21 06:06:28'),(1156,1156,1,2,NULL,NULL,NULL,1,'Y','2020-02-20 14:16:52','2020-02-21 06:06:28'),(1157,1157,12,47,NULL,NULL,NULL,3,'Y','2020-02-20 14:16:52','2020-02-21 06:06:28'),(1158,1158,12,46,NULL,NULL,NULL,1,'N','2020-02-20 14:16:52','2020-02-22 10:42:36'),(1159,1159,1,2,NULL,NULL,NULL,2,'Y','2020-02-20 14:16:52','2020-02-21 06:06:28'),(1160,1160,1,5,NULL,NULL,NULL,NULL,'Y','2020-02-20 14:16:52','2020-02-20 14:16:52'),(1161,1161,12,44,NULL,NULL,NULL,3,'Y','2020-02-20 14:16:52','2020-02-21 06:06:28'),(1162,1162,9,37,NULL,NULL,NULL,1,'N','2020-02-20 14:16:52','2020-02-21 06:06:28'),(1163,1163,1,5,NULL,NULL,NULL,NULL,'Y','2020-02-20 14:16:52','2020-02-20 14:16:52'),(1164,1164,9,34,NULL,NULL,NULL,NULL,'Y','2020-02-20 14:16:52','2020-02-20 14:16:52'),(1165,1165,12,42,NULL,NULL,NULL,NULL,'N','2020-02-20 14:16:52','2020-02-21 06:03:47'),(1166,1166,12,53,NULL,NULL,NULL,NULL,'Y','2020-02-20 14:16:52','2020-02-20 14:16:52'),(1167,1167,1,6,NULL,NULL,NULL,NULL,'Y','2020-02-20 14:16:52','2020-02-20 14:16:52'),(1168,1168,1,6,NULL,NULL,NULL,NULL,'Y','2020-02-20 14:16:52','2020-02-20 14:16:52'),(1169,1169,1,6,NULL,NULL,NULL,4,'Y','2020-02-20 14:16:52','2020-02-21 06:06:28'),(1170,1170,9,37,NULL,NULL,NULL,NULL,'N','2020-02-20 14:16:52','2020-02-21 06:03:47'),(1171,1171,1,2,NULL,NULL,NULL,NULL,'N','2020-02-20 14:16:52','2020-02-21 06:03:47'),(1172,1172,12,53,NULL,NULL,NULL,NULL,'Y','2020-02-20 14:16:53','2020-02-20 14:16:53'),(1173,1173,1,1,NULL,NULL,NULL,1,'Y','2020-02-20 14:16:53','2020-02-21 06:06:28'),(1174,1174,1,1,NULL,NULL,NULL,NULL,'Y','2020-02-20 14:16:53','2020-02-20 14:16:53'),(1175,1175,12,53,NULL,NULL,NULL,1,'Y','2020-02-20 14:16:53','2020-02-21 06:06:28'),(1176,1176,1,2,NULL,NULL,NULL,2,'Y','2020-02-20 14:16:53','2020-02-21 06:06:28'),(1177,1177,3,11,NULL,NULL,NULL,NULL,'Y','2020-02-20 14:16:53','2020-02-20 14:16:53'),(1178,1178,6,24,NULL,NULL,NULL,NULL,'Y','2020-02-20 14:16:53','2020-02-20 14:16:53'),(1179,1179,1,5,NULL,NULL,NULL,NULL,'Y','2020-02-20 14:16:53','2020-02-20 14:16:53'),(1180,1180,12,44,NULL,NULL,NULL,3,'N','2020-02-20 14:16:53','2020-02-21 06:06:28'),(1181,1181,3,11,NULL,NULL,NULL,3,'N','2020-02-20 14:16:53','2020-02-21 06:06:28'),(1182,1182,9,37,NULL,NULL,NULL,NULL,'Y','2020-02-20 14:16:53','2020-02-20 14:16:53'),(1183,1183,9,36,NULL,NULL,NULL,NULL,'Y','2020-02-20 14:16:53','2020-02-20 14:16:53'),(1184,1184,1,5,NULL,NULL,NULL,NULL,'Y','2020-02-20 14:16:53','2020-02-20 14:16:53'),(1185,1185,1,1,NULL,NULL,NULL,1,'Y','2020-02-20 14:16:53','2020-02-21 06:06:28'),(1186,1186,12,46,NULL,NULL,NULL,NULL,'N','2020-02-20 14:16:53','2020-02-21 06:03:47'),(1187,1187,12,42,NULL,NULL,NULL,NULL,'Y','2020-02-20 14:16:53','2020-02-20 14:16:53'),(1188,1188,1,2,NULL,NULL,NULL,1,'Y','2020-02-20 14:16:53','2020-02-21 06:06:28'),(1189,1189,3,17,NULL,NULL,NULL,NULL,'N','2020-02-20 14:16:53','2020-02-21 06:03:47'),(1190,1190,12,52,NULL,NULL,NULL,NULL,'Y','2020-02-20 14:16:53','2020-02-20 14:16:53'),(1191,1191,3,11,NULL,NULL,NULL,NULL,'Y','2020-02-20 14:16:53','2020-02-20 14:16:53'),(1192,1192,3,11,NULL,NULL,NULL,NULL,'Y','2020-02-20 14:16:53','2020-02-20 14:16:53'),(1193,1193,3,11,NULL,NULL,NULL,NULL,'Y','2020-02-20 14:16:53','2020-02-20 14:16:53'),(1194,1194,3,11,NULL,NULL,NULL,NULL,'Y','2020-02-20 14:16:53','2020-02-20 14:16:53'),(1195,1195,3,11,NULL,NULL,NULL,NULL,'Y','2020-02-20 14:16:54','2020-02-20 14:16:54'),(1196,1196,3,11,NULL,NULL,NULL,NULL,'Y','2020-02-20 14:16:54','2020-02-20 14:16:54'),(1197,1197,3,11,NULL,NULL,NULL,2,'Y','2020-02-20 14:16:54','2020-02-21 06:06:28'),(1198,1198,3,11,NULL,NULL,NULL,NULL,'N','2020-02-20 14:16:54','2020-02-21 06:03:47'),(1199,1199,1,6,NULL,NULL,NULL,NULL,'Y','2020-02-20 14:16:54','2020-02-20 14:16:54'),(1200,1200,3,12,NULL,NULL,NULL,NULL,'Y','2020-02-20 14:16:54','2020-02-20 14:16:54'),(1201,1201,9,34,NULL,NULL,NULL,NULL,'Y','2020-02-20 14:16:54','2020-02-20 14:16:54'),(1202,1202,1,2,NULL,NULL,NULL,1,'Y','2020-02-20 14:16:54','2020-02-21 06:06:28'),(1203,1203,3,17,NULL,NULL,NULL,2,'Y','2020-02-20 14:16:54','2020-02-21 06:06:28'),(1204,1204,3,17,NULL,NULL,NULL,2,'Y','2020-02-20 14:16:54','2020-02-21 06:06:28'),(1205,1205,19,67,NULL,NULL,NULL,NULL,'Y','2020-02-20 14:16:54','2020-02-20 14:16:54'),(1206,1206,12,46,NULL,NULL,NULL,1,'Y','2020-02-20 14:16:54','2020-02-21 06:06:28'),(1207,1207,12,47,NULL,NULL,NULL,NULL,'Y','2020-02-20 14:16:54','2020-02-20 14:16:54'),(1208,1208,12,46,NULL,NULL,NULL,NULL,'Y','2020-02-20 14:16:54','2020-02-20 14:16:54'),(1209,1209,9,37,NULL,NULL,NULL,NULL,'Y','2020-02-20 14:16:54','2020-02-20 14:16:54'),(1210,1210,12,47,NULL,NULL,NULL,NULL,'Y','2020-02-20 14:16:54','2020-02-20 14:16:54'),(1211,1211,12,42,NULL,NULL,NULL,NULL,'Y','2020-02-20 14:16:54','2020-02-20 14:16:54'),(1212,1212,12,42,NULL,NULL,NULL,NULL,'Y','2020-02-20 14:16:54','2020-02-20 14:16:54'),(1213,1213,12,47,NULL,NULL,NULL,NULL,'N','2020-02-20 14:16:54','2020-02-21 06:03:47'),(1214,1214,1,2,NULL,NULL,NULL,NULL,'Y','2020-02-20 14:16:54','2020-02-20 14:16:54'),(1215,1215,9,34,NULL,NULL,NULL,2,'Y','2020-02-20 14:16:54','2020-02-21 06:06:28'),(1216,1216,11,107,NULL,NULL,NULL,NULL,'N','2020-02-20 14:16:54','2020-02-21 06:03:47'),(1217,1217,1,6,NULL,NULL,NULL,NULL,'Y','2020-02-20 14:16:55','2020-02-20 14:16:55'),(1218,1218,9,37,NULL,NULL,NULL,NULL,'Y','2020-02-20 14:16:55','2020-02-20 14:16:55'),(1219,1219,12,42,NULL,NULL,NULL,NULL,'Y','2020-02-20 14:16:55','2020-02-20 14:16:55'),(1220,1220,20,73,NULL,NULL,NULL,NULL,'Y','2020-02-20 14:16:55','2020-02-20 14:16:55'),(1221,1221,12,43,NULL,NULL,NULL,NULL,'Y','2020-02-20 14:16:55','2020-02-20 14:16:55'),(1222,1222,1,6,NULL,NULL,NULL,NULL,'Y','2020-02-20 14:16:55','2020-02-20 14:16:55'),(1223,1223,1,5,NULL,NULL,NULL,2,'Y','2020-02-20 14:16:55','2020-02-21 06:06:28'),(1224,1224,12,42,NULL,NULL,NULL,NULL,'Y','2020-02-20 14:16:55','2020-02-20 14:16:55'),(1225,1225,12,42,NULL,NULL,NULL,4,'N','2020-02-20 14:16:55','2020-02-21 06:06:28'),(1226,1226,9,37,NULL,NULL,NULL,1,'Y','2020-02-20 14:16:55','2020-02-21 06:06:28'),(1227,1227,12,46,NULL,NULL,NULL,NULL,'Y','2020-02-20 14:16:55','2020-02-20 14:16:55'),(1228,1228,12,42,NULL,NULL,NULL,NULL,'Y','2020-02-20 14:16:55','2020-02-20 14:16:55'),(1229,1229,9,34,NULL,NULL,NULL,NULL,'Y','2020-02-20 14:16:55','2020-02-20 14:16:55'),(1230,1230,9,37,NULL,NULL,NULL,NULL,'Y','2020-02-20 14:16:55','2020-02-20 14:16:55'),(1231,1231,3,12,NULL,NULL,NULL,1,'Y','2020-02-20 14:16:55','2020-02-21 06:06:28'),(1232,1232,12,53,NULL,NULL,NULL,2,'Y','2020-02-20 14:16:55','2020-02-21 06:06:28'),(1233,1233,12,43,NULL,NULL,NULL,NULL,'Y','2020-02-20 14:16:55','2020-02-20 14:16:55'),(1234,1234,12,42,NULL,NULL,NULL,2,'Y','2020-02-20 14:16:55','2020-02-21 06:06:28'),(1235,1235,8,30,NULL,NULL,NULL,NULL,'Y','2020-02-20 14:16:56','2020-02-20 14:16:56'),(1236,1236,3,11,NULL,NULL,NULL,NULL,'Y','2020-02-20 14:16:56','2020-02-20 14:16:56'),(1237,1237,12,53,NULL,NULL,NULL,1,'Y','2020-02-20 14:16:56','2020-02-21 06:06:28'),(1238,1238,3,12,NULL,NULL,NULL,NULL,'Y','2020-02-20 14:16:56','2020-02-20 14:16:56'),(1239,1239,12,46,NULL,NULL,NULL,NULL,'Y','2020-02-20 14:16:56','2020-02-20 14:16:56'),(1240,1240,9,34,NULL,NULL,NULL,NULL,'Y','2020-02-20 14:16:56','2020-02-20 14:16:56'),(1241,1241,12,46,NULL,NULL,NULL,3,'Y','2020-02-20 14:16:56','2020-02-21 06:06:28'),(1242,1242,3,20,NULL,NULL,NULL,5,'Y','2020-02-20 14:16:56','2020-02-21 06:06:28'),(1243,1243,1,1,NULL,NULL,NULL,2,'Y','2020-02-20 14:16:56','2020-02-21 06:06:28'),(1244,1244,1,2,NULL,NULL,NULL,NULL,'Y','2020-02-20 14:16:56','2020-02-20 14:16:56'),(1245,1245,12,42,NULL,NULL,NULL,NULL,'N','2020-02-20 14:16:56','2020-02-21 06:03:47'),(1246,1246,1,7,NULL,NULL,NULL,1,'N','2020-02-20 14:16:56','2020-02-21 06:06:28'),(1247,1247,9,37,NULL,NULL,NULL,NULL,'Y','2020-02-20 14:16:56','2020-02-20 14:16:56'),(1248,1248,1,5,NULL,NULL,NULL,NULL,'Y','2020-02-20 14:16:56','2020-02-20 14:16:56'),(1249,1249,12,42,NULL,NULL,NULL,NULL,'Y','2020-02-20 14:16:56','2020-02-20 14:16:56'),(1250,1250,1,1,NULL,NULL,NULL,1,'Y','2020-02-20 14:16:56','2020-02-21 06:06:28'),(1251,1251,8,30,NULL,NULL,NULL,NULL,'Y','2020-02-20 14:16:56','2020-02-20 14:16:56'),(1252,1252,12,44,NULL,NULL,NULL,1,'Y','2020-02-20 14:16:56','2020-02-21 06:06:28'),(1253,1253,12,53,NULL,NULL,NULL,NULL,'N','2020-02-20 14:16:56','2020-02-21 06:03:47'),(1254,1254,12,44,NULL,NULL,NULL,1,'Y','2020-02-20 14:16:56','2020-02-21 06:06:28'),(1255,1255,1,5,NULL,NULL,NULL,NULL,'Y','2020-02-20 14:16:56','2020-02-20 14:16:56'),(1256,1256,3,11,NULL,NULL,NULL,NULL,'Y','2020-02-20 14:16:57','2020-02-20 14:16:57'),(1257,1257,12,44,NULL,NULL,NULL,3,'Y','2020-02-20 14:16:57','2020-02-21 06:06:28'),(1258,1258,1,1,NULL,NULL,NULL,1,'Y','2020-02-20 14:16:57','2020-02-21 06:06:28'),(1259,1259,19,67,NULL,NULL,NULL,3,'Y','2020-02-20 14:16:57','2020-02-21 06:06:28'),(1260,1260,12,43,NULL,NULL,NULL,4,'N','2020-02-20 14:16:57','2020-02-21 06:06:28'),(1261,1261,3,11,NULL,NULL,NULL,NULL,'Y','2020-02-20 14:16:57','2020-02-20 14:16:57'),(1262,1262,1,6,NULL,NULL,NULL,NULL,'Y','2020-02-20 14:16:57','2020-02-20 14:16:57'),(1263,1263,12,47,NULL,NULL,NULL,NULL,'Y','2020-02-20 14:16:57','2020-02-20 14:16:57'),(1264,1264,1,5,NULL,NULL,NULL,NULL,'Y','2020-02-20 14:16:57','2020-02-20 14:16:57'),(1265,1265,9,36,NULL,NULL,NULL,NULL,'Y','2020-02-20 14:16:57','2020-02-20 14:16:57'),(1266,1266,12,43,NULL,NULL,NULL,NULL,'Y','2020-02-20 14:16:57','2020-02-20 14:16:57'),(1267,1267,12,47,NULL,NULL,NULL,NULL,'N','2020-02-20 14:16:57','2020-02-21 06:03:47'),(1268,1268,3,12,NULL,NULL,NULL,NULL,'Y','2020-02-20 14:16:57','2020-02-20 14:16:57'),(1269,1269,12,46,NULL,NULL,NULL,4,'Y','2020-02-20 14:16:57','2020-02-21 06:06:28'),(1270,1270,20,70,NULL,NULL,NULL,NULL,'Y','2020-02-20 14:16:57','2020-02-20 14:16:57'),(1271,1271,12,53,NULL,NULL,NULL,NULL,'Y','2020-02-20 14:16:57','2020-02-20 14:16:57'),(1272,1272,3,11,NULL,NULL,NULL,NULL,'Y','2020-02-20 14:16:57','2020-02-20 14:16:57'),(1273,1273,1,6,NULL,NULL,NULL,NULL,'Y','2020-02-20 14:16:57','2020-02-20 14:16:57'),(1274,1274,12,43,NULL,NULL,NULL,NULL,'Y','2020-02-20 14:16:57','2020-02-20 14:16:57'),(1275,1275,1,1,NULL,NULL,NULL,2,'Y','2020-02-20 14:16:57','2020-02-21 06:06:28'),(1276,1276,1,5,NULL,NULL,NULL,NULL,'Y','2020-02-20 14:16:57','2020-02-20 14:16:57'),(1277,1277,1,6,NULL,NULL,NULL,4,'Y','2020-02-20 14:16:58','2020-02-21 06:06:28'),(1278,1278,1,6,NULL,NULL,NULL,NULL,'Y','2020-02-20 14:16:58','2020-02-20 14:16:58'),(1279,1279,1,1,NULL,NULL,NULL,3,'Y','2020-02-20 14:16:58','2020-02-21 06:06:28'),(1280,1280,20,75,NULL,NULL,NULL,NULL,'Y','2020-02-20 14:16:58','2020-02-20 14:16:58'),(1281,1281,3,12,NULL,NULL,NULL,NULL,'Y','2020-02-20 14:16:58','2020-02-20 14:16:58'),(1282,1282,12,42,NULL,NULL,NULL,NULL,'Y','2020-02-20 14:16:58','2020-02-20 14:16:58'),(1283,1283,3,12,NULL,NULL,NULL,NULL,'Y','2020-02-20 14:16:58','2020-02-20 14:16:58'),(1284,1284,9,37,NULL,NULL,NULL,NULL,'Y','2020-02-20 14:16:58','2020-02-20 14:16:58'),(1285,1285,20,73,NULL,NULL,NULL,NULL,'Y','2020-02-20 14:16:58','2020-02-20 14:16:58'),(1286,1286,12,46,NULL,NULL,NULL,NULL,'Y','2020-02-20 14:16:58','2020-02-20 14:16:58'),(1287,1287,12,42,NULL,NULL,NULL,3,'Y','2020-02-20 14:16:58','2020-02-21 06:06:28'),(1288,1288,12,42,NULL,NULL,NULL,NULL,'Y','2020-02-20 14:16:58','2020-02-20 14:16:58'),(1289,1289,3,11,NULL,NULL,NULL,NULL,'Y','2020-02-20 14:16:58','2020-02-20 14:16:58'),(1290,1290,3,15,NULL,NULL,NULL,NULL,'Y','2020-02-20 14:16:58','2020-02-20 14:16:58'),(1291,1291,12,46,NULL,NULL,NULL,NULL,'Y','2020-02-20 14:16:58','2020-02-20 14:16:58'),(1292,1292,9,34,NULL,NULL,NULL,NULL,'N','2020-02-20 14:16:59','2020-02-21 06:03:47'),(1293,1293,8,30,NULL,NULL,NULL,4,'Y','2020-02-20 14:16:59','2020-02-21 06:06:28'),(1294,1294,1,2,NULL,NULL,NULL,3,'Y','2020-02-20 14:16:59','2020-02-21 06:06:28'),(1295,1295,12,52,NULL,NULL,NULL,NULL,'Y','2020-02-20 14:16:59','2020-02-20 14:16:59'),(1296,1296,12,43,NULL,NULL,NULL,NULL,'Y','2020-02-20 14:16:59','2020-02-20 14:16:59'),(1297,1297,3,12,NULL,NULL,NULL,1,'Y','2020-02-20 14:16:59','2020-02-21 06:06:28'),(1298,1298,9,34,NULL,NULL,NULL,4,'Y','2020-02-20 14:16:59','2020-02-21 06:06:28'),(1299,1299,8,30,NULL,NULL,NULL,4,'N','2020-02-20 14:16:59','2020-02-21 06:06:28'),(1300,1300,3,12,NULL,NULL,NULL,NULL,'Y','2020-02-20 14:16:59','2020-02-20 14:16:59'),(1301,1301,12,43,NULL,NULL,NULL,3,'Y','2020-02-20 14:16:59','2020-02-21 06:06:28'),(1302,1302,12,43,NULL,NULL,NULL,3,'N','2020-02-20 14:16:59','2020-02-21 06:06:28'),(1303,1303,12,43,NULL,NULL,NULL,3,'Y','2020-02-20 14:16:59','2020-02-21 06:06:28'),(1304,1304,9,34,NULL,NULL,NULL,3,'Y','2020-02-20 14:16:59','2020-02-21 06:06:28'),(1305,1305,12,44,NULL,NULL,NULL,3,'Y','2020-02-20 14:16:59','2020-02-21 06:06:28'),(1306,1306,12,46,NULL,NULL,NULL,5,'N','2020-02-20 14:16:59','2020-02-21 06:06:28'),(1307,1307,9,34,NULL,NULL,NULL,3,'N','2020-02-20 14:16:59','2020-02-21 06:06:28'),(1308,1308,1,2,NULL,NULL,NULL,NULL,'Y','2020-02-20 14:16:59','2020-02-20 14:16:59'),(1309,1309,12,53,NULL,NULL,NULL,1,'N','2020-02-20 14:17:00','2020-02-21 06:06:28'),(1310,1310,3,11,NULL,NULL,NULL,NULL,'N','2020-02-20 14:17:00','2020-02-21 06:03:47'),(1311,1311,12,44,NULL,NULL,NULL,1,'Y','2020-02-20 14:17:00','2020-02-21 06:06:28'),(1312,1312,8,28,NULL,NULL,NULL,1,'Y','2020-02-20 14:17:00','2020-02-21 06:06:28'),(1313,1313,12,54,NULL,NULL,NULL,NULL,'N','2020-02-20 14:17:00','2020-02-21 06:03:47'),(1314,1314,12,42,NULL,NULL,NULL,3,'N','2020-02-20 14:17:00','2020-02-21 06:06:28'),(1315,1315,3,12,NULL,NULL,NULL,NULL,'Y','2020-02-20 14:17:00','2020-02-20 14:17:00'),(1316,1316,12,54,NULL,NULL,NULL,NULL,'Y','2020-02-20 14:17:00','2020-02-20 14:17:00'),(1317,1317,12,54,NULL,NULL,NULL,NULL,'Y','2020-02-20 14:17:00','2020-02-20 14:17:00'),(1318,1318,3,12,NULL,NULL,NULL,2,'Y','2020-02-20 14:17:00','2020-02-21 06:06:28'),(1319,1319,8,32,NULL,NULL,NULL,2,'N','2020-02-20 14:17:00','2020-02-21 06:06:28'),(1320,1320,3,17,NULL,NULL,NULL,4,'N','2020-02-20 14:17:00','2020-02-21 06:06:28'),(1321,1321,3,12,NULL,NULL,NULL,1,'Y','2020-02-20 14:17:00','2020-02-21 06:06:28'),(1322,1322,12,46,NULL,NULL,NULL,1,'Y','2020-02-20 14:17:00','2020-02-21 06:06:28'),(1323,1323,12,42,NULL,NULL,NULL,NULL,'Y','2020-02-20 14:17:00','2020-02-20 14:17:00'),(1324,1324,1,5,NULL,NULL,NULL,3,'Y','2020-02-20 14:17:00','2020-02-21 06:06:28'),(1325,1325,20,73,NULL,NULL,NULL,5,'N','2020-02-20 14:17:00','2020-02-21 06:06:28'),(1326,1326,12,42,NULL,NULL,NULL,3,'Y','2020-02-20 14:17:00','2020-02-21 06:06:28'),(1327,1327,12,46,NULL,NULL,NULL,NULL,'Y','2020-02-20 14:17:01','2020-02-20 14:17:01'),(1328,1328,12,44,NULL,NULL,NULL,NULL,'Y','2020-02-20 14:17:01','2020-02-20 14:17:01'),(1329,1329,1,2,NULL,NULL,NULL,NULL,'Y','2020-02-20 14:17:01','2020-02-20 14:17:01'),(1330,1330,3,12,NULL,NULL,NULL,NULL,'Y','2020-02-20 14:17:01','2020-02-20 14:17:01'),(1331,1331,1,5,NULL,NULL,NULL,NULL,'Y','2020-02-20 14:17:01','2020-02-20 14:17:01'),(1332,1332,12,43,NULL,NULL,NULL,3,'Y','2020-02-20 14:17:01','2020-02-21 06:06:28'),(1333,1333,12,46,NULL,NULL,NULL,1,'Y','2020-02-20 14:17:01','2020-02-21 06:06:28'),(1334,1334,12,44,NULL,NULL,NULL,1,'Y','2020-02-20 14:17:01','2020-02-21 06:06:28'),(1335,1335,12,46,NULL,NULL,NULL,1,'Y','2020-02-20 14:17:01','2020-02-21 06:06:28'),(1336,1336,12,43,NULL,NULL,NULL,2,'Y','2020-02-20 14:17:01','2020-02-21 06:06:28'),(1337,1337,9,34,NULL,NULL,NULL,NULL,'Y','2020-02-20 14:17:01','2020-02-20 14:17:01'),(1338,1338,9,34,NULL,NULL,NULL,4,'N','2020-02-20 14:17:01','2020-02-21 06:06:28'),(1339,1339,3,17,NULL,NULL,NULL,NULL,'Y','2020-02-20 14:17:01','2020-02-20 14:17:01'),(1340,1340,9,36,NULL,NULL,NULL,NULL,'Y','2020-02-20 14:17:01','2020-02-20 14:17:01'),(1341,1341,12,43,NULL,NULL,NULL,3,'Y','2020-02-20 14:17:01','2020-02-21 06:06:28'),(1342,1342,1,5,NULL,NULL,NULL,NULL,'Y','2020-02-20 14:17:01','2020-02-20 14:17:01'),(1343,1343,3,12,NULL,NULL,NULL,NULL,'N','2020-02-20 14:17:01','2020-02-21 06:03:47'),(1344,1344,20,77,NULL,NULL,NULL,NULL,'N','2020-02-20 14:17:01','2020-02-21 06:03:47'),(1345,1345,12,43,NULL,NULL,NULL,3,'Y','2020-02-20 14:17:01','2020-02-21 06:06:28'),(1346,1346,3,20,NULL,NULL,NULL,2,'N','2020-02-20 14:17:01','2020-02-21 06:06:28'),(1347,1347,1,5,NULL,NULL,NULL,1,'Y','2020-02-20 14:17:01','2020-02-21 06:06:28'),(1348,1348,9,34,NULL,NULL,NULL,NULL,'N','2020-02-20 14:17:02','2020-02-21 06:03:47'),(1349,1349,3,17,NULL,NULL,NULL,NULL,'Y','2020-02-20 14:17:02','2020-02-20 14:17:02'),(1350,1350,1,6,NULL,NULL,NULL,4,'N','2020-02-20 14:17:02','2020-02-21 06:06:28'),(1351,1351,9,36,NULL,NULL,NULL,4,'Y','2020-02-20 14:17:02','2020-02-21 06:06:28'),(1352,1352,9,36,NULL,NULL,NULL,NULL,'N','2020-02-20 14:17:02','2020-02-21 06:03:47'),(1353,1353,9,37,NULL,NULL,NULL,NULL,'Y','2020-02-20 14:17:02','2020-02-20 14:17:02'),(1354,1354,1,1,NULL,NULL,NULL,2,'Y','2020-02-20 14:17:02','2020-02-21 06:06:28'),(1355,1355,1,5,NULL,NULL,NULL,NULL,'Y','2020-02-20 14:17:02','2020-02-20 14:17:02'),(1356,1356,3,12,NULL,NULL,NULL,3,'Y','2020-02-20 14:17:02','2020-02-21 06:06:28'),(1357,1357,3,12,NULL,NULL,NULL,3,'Y','2020-02-20 14:17:02','2020-02-21 06:06:28'),(1358,1358,1,5,NULL,NULL,NULL,NULL,'Y','2020-02-20 14:17:02','2020-02-20 14:17:02'),(1359,1359,1,7,NULL,NULL,NULL,2,'Y','2020-02-20 14:17:02','2020-02-21 06:06:28'),(1360,1360,3,17,NULL,NULL,NULL,3,'Y','2020-02-20 14:17:02','2020-02-21 06:06:28');
/*!40000 ALTER TABLE `expecting_cars_tbl` ENABLE KEYS */;
UNLOCK TABLES;

--
-- Table structure for table `invester_budget_change_tbl`
--

DROP TABLE IF EXISTS `invester_budget_change_tbl`;
/*!40101 SET @saved_cs_client     = @@character_set_client */;
/*!40101 SET character_set_client = utf8 */;
CREATE TABLE `invester_budget_change_tbl` (
  `change_id` int(25) NOT NULL AUTO_INCREMENT,
  `invester_id` int(25) DEFAULT NULL,
  `budget_id` int(25) DEFAULT NULL,
  `is_active` char(1) DEFAULT 'Y',
  `created_on` timestamp NOT NULL DEFAULT CURRENT_TIMESTAMP,
  PRIMARY KEY (`change_id`)
) ENGINE=InnoDB DEFAULT CHARSET=latin1;
/*!40101 SET character_set_client = @saved_cs_client */;

--
-- Dumping data for table `invester_budget_change_tbl`
--

LOCK TABLES `invester_budget_change_tbl` WRITE;
/*!40000 ALTER TABLE `invester_budget_change_tbl` DISABLE KEYS */;
/*!40000 ALTER TABLE `invester_budget_change_tbl` ENABLE KEYS */;
UNLOCK TABLES;

--
-- Table structure for table `invester_budget_master_tbl`
--

DROP TABLE IF EXISTS `invester_budget_master_tbl`;
/*!40101 SET @saved_cs_client     = @@character_set_client */;
/*!40101 SET character_set_client = utf8 */;
CREATE TABLE `invester_budget_master_tbl` (
  `budget_id` int(12) NOT NULL AUTO_INCREMENT,
  `budget` varchar(50) DEFAULT NULL,
  `amount` varchar(25) DEFAULT NULL,
  `car_visible_count` varchar(15) DEFAULT NULL,
  `is_active` char(1) DEFAULT 'Y',
  `added_on` timestamp NOT NULL DEFAULT CURRENT_TIMESTAMP,
  PRIMARY KEY (`budget_id`)
) ENGINE=InnoDB AUTO_INCREMENT=6 DEFAULT CHARSET=latin1;
/*!40101 SET character_set_client = @saved_cs_client */;

--
-- Dumping data for table `invester_budget_master_tbl`
--

LOCK TABLES `invester_budget_master_tbl` WRITE;
/*!40000 ALTER TABLE `invester_budget_master_tbl` DISABLE KEYS */;
INSERT INTO `invester_budget_master_tbl` VALUES (1,'2500000','2500000','3','Y','2019-11-22 06:14:05'),(2,'5000000','5000000','5','Y','2019-11-22 06:14:05'),(3,'1 Crore','10000000','10','Y','2019-11-22 06:14:05'),(4,'2 Crore & Above','20000000000','15','Y','2019-11-22 06:14:06'),(5,'Above','2000000000','50','N','2019-11-22 06:14:06');
/*!40000 ALTER TABLE `invester_budget_master_tbl` ENABLE KEYS */;
UNLOCK TABLES;

--
-- Table structure for table `invester_car_brand_tbl`
--

DROP TABLE IF EXISTS `invester_car_brand_tbl`;
/*!40101 SET @saved_cs_client     = @@character_set_client */;
/*!40101 SET character_set_client = utf8 */;
CREATE TABLE `invester_car_brand_tbl` (
  `id` int(10) NOT NULL AUTO_INCREMENT,
  `car_id` varchar(200) DEFAULT NULL,
  `invester_id` int(15) DEFAULT NULL,
  `is_active` char(1) DEFAULT 'Y',
  `created_on` timestamp NOT NULL DEFAULT CURRENT_TIMESTAMP,
  PRIMARY KEY (`id`)
) ENGINE=InnoDB AUTO_INCREMENT=2 DEFAULT CHARSET=latin1;
/*!40101 SET character_set_client = @saved_cs_client */;

--
-- Dumping data for table `invester_car_brand_tbl`
--

LOCK TABLES `invester_car_brand_tbl` WRITE;
/*!40000 ALTER TABLE `invester_car_brand_tbl` DISABLE KEYS */;
INSERT INTO `invester_car_brand_tbl` VALUES (1,'1,3,9,20',1,'Y','2020-02-21 11:40:59');
/*!40000 ALTER TABLE `invester_car_brand_tbl` ENABLE KEYS */;
UNLOCK TABLES;

--
-- Table structure for table `invester_debit_amount_tbl`
--

DROP TABLE IF EXISTS `invester_debit_amount_tbl`;
/*!40101 SET @saved_cs_client     = @@character_set_client */;
/*!40101 SET character_set_client = utf8 */;
CREATE TABLE `invester_debit_amount_tbl` (
  `id` int(25) NOT NULL AUTO_INCREMENT,
  `invester_id` int(10) DEFAULT NULL,
  `vehicle_id` int(10) DEFAULT NULL,
  `budget_amount` varchar(25) DEFAULT NULL,
  `invesed_amount` varchar(25) DEFAULT NULL,
  `remain_amount` varchar(25) DEFAULT NULL,
  `is_package_changed` char(1) DEFAULT 'N',
  `is_active` char(1) DEFAULT 'Y',
  `created_on` timestamp NOT NULL DEFAULT CURRENT_TIMESTAMP,
  PRIMARY KEY (`id`),
  KEY `invester_id` (`invester_id`),
  CONSTRAINT `invester_debit_amount_tbl_ibfk_1` FOREIGN KEY (`invester_id`) REFERENCES `invester_master_tbl` (`invester_id`)
) ENGINE=InnoDB DEFAULT CHARSET=latin1;
/*!40101 SET character_set_client = @saved_cs_client */;

--
-- Dumping data for table `invester_debit_amount_tbl`
--

LOCK TABLES `invester_debit_amount_tbl` WRITE;
/*!40000 ALTER TABLE `invester_debit_amount_tbl` DISABLE KEYS */;
/*!40000 ALTER TABLE `invester_debit_amount_tbl` ENABLE KEYS */;
UNLOCK TABLES;

--
-- Table structure for table `invester_device_details_tbl`
--

DROP TABLE IF EXISTS `invester_device_details_tbl`;
/*!40101 SET @saved_cs_client     = @@character_set_client */;
/*!40101 SET character_set_client = utf8 */;
CREATE TABLE `invester_device_details_tbl` (
  `id` int(11) NOT NULL AUTO_INCREMENT,
  `invester_id` int(11) NOT NULL,
  `device_imei` varchar(200) NOT NULL,
  `device_model` varchar(200) DEFAULT NULL,
  `device_version` varchar(100) DEFAULT NULL,
  `notification_token` varchar(500) DEFAULT NULL,
  `notification_source` varchar(500) DEFAULT NULL,
  `device_type` varchar(100) DEFAULT NULL,
  `app_version` varchar(100) DEFAULT NULL,
  `ip_address` varchar(100) DEFAULT NULL,
  `auth_key` varchar(100) DEFAULT NULL,
  `reauth_key` varchar(100) DEFAULT NULL,
  `auth_expires_on` timestamp NOT NULL DEFAULT CURRENT_TIMESTAMP ON UPDATE CURRENT_TIMESTAMP,
  `added_on` timestamp NOT NULL DEFAULT CURRENT_TIMESTAMP,
  `last_updated_on` timestamp NOT NULL DEFAULT CURRENT_TIMESTAMP ON UPDATE CURRENT_TIMESTAMP,
  `is_active` char(1) NOT NULL DEFAULT 'Y',
  PRIMARY KEY (`id`)
) ENGINE=InnoDB AUTO_INCREMENT=9 DEFAULT CHARSET=latin1;
/*!40101 SET character_set_client = @saved_cs_client */;

--
-- Dumping data for table `invester_device_details_tbl`
--

LOCK TABLES `invester_device_details_tbl` WRITE;
/*!40000 ALTER TABLE `invester_device_details_tbl` DISABLE KEYS */;
INSERT INTO `invester_device_details_tbl` VALUES (1,1,'DF18C7BB-9A9A-4787-825A-2E2EB258F584','Not Available','12.4.4','f7vE8oSAKkY:APA91bGX4Nwc36a_4OGyy4y2tP7bOQTHuyMnh7qKLn1Sk3XFo94vIBIfseylm2rWKSCjPhoyjwY-aGJsCRpdekdJ8tLarmezRYxUgoLE63F0vJkT2IHRvdybki9WpV3wm0RRznoB-C9T','FCM','IOS','1.0','192.168.1.110','f3262dec-ae75-49ed-8e0c-78ecbd6fa1cb','148bea0d-f2cd-4be1-8477-06db93f5046e','2020-02-21 12:08:42','2020-02-21 11:46:12','2020-02-21 12:08:42','N'),(2,2,'40f360285bb58fb6','SM-J260G','27',NULL,NULL,'android','1.0',NULL,'78a7fe01-6fe6-4ce4-bf81-44555917460b','98e1ed66-7a16-4e1e-98af-07aef3a69b8e','2020-02-22 11:52:58','2020-02-21 11:52:58','2020-02-21 11:52:58','Y'),(3,1,'5cd47628f6fff0ed','GM1911','29',NULL,NULL,'android','1.0',NULL,'61575462-8157-4f27-9e18-3b34b22e9add','baa2aad4-87e8-48dc-8383-80061256233a','2020-02-21 13:02:04','2020-02-21 12:08:43','2020-02-21 13:02:04','N'),(4,1,'4A9620BE-DA8D-49A8-81B1-00933D5BACCE','Not Available','13.3.1','eYHtbNxoxDs:APA91bG_ndNkW55gJw0B72zmybVuM1r0YzMKljq6MCwwCQlGvFS2gZ2ZhwwR26XT4D5bqHdMsAj7Ak5kcRfKREVrO0o0aL5N2eTIUiYHmX3VbotMqkrF4zz3CtQod1MyTMVzpKXWLVyz','FCM','IOS','1.0','192.168.1.115','b0f72bec-15a4-479b-880f-e96e27beedbe','f1e3917f-8f78-4eb1-aa4a-14643e423693','2020-02-21 13:05:48','2020-02-21 13:02:05','2020-02-21 13:05:48','N'),(5,1,'77CE12F9-29F0-404B-BA29-C168572235AE','Not Available','12.4','ftTUFPqRauM:APA91bFGLSi5drsIUai3YWn0ZQHi2FFfueKXxZOIMthzJNCTOZmyZCJE0CmVK3M6ihXoTvCOG-XbO-wKl23bv6kekUdR4gP2hKBDs70--GvoJQJo51GZrxCAHO2fgHqqYbULw6wsOnna','FCM','IOS','1.0','192.168.1.120','658ac985-cde2-495a-b747-9d231d84376e','bf412226-43b0-4e02-a87c-5cd894ff0328','2020-02-22 07:30:27','2020-02-21 13:05:48','2020-02-22 07:30:27','N'),(6,1,'DF18C7BB-9A9A-4787-825A-2E2EB258F584','Not Available','12.4.4','eFyZ311-0sQ:APA91bGlsxk11mB-_fVfINdzzUFXvQzCL_gy4alM3NOoN0DzStlShiJmjSQsHXeqS0EWJuEmIRr5_mW3IuCpzSyn8xXmSIvR8yFr0QZ6ZSlQt1nntoAr2ktF-XBccVdsQL9o_b9PqNSm','FCM','IOS','1.0','2409:4051:381:c7dc:8015:3fc0:79fb:c013','074f0294-8789-4bc5-9a61-d1c48912cfb3','6fd0930a-1970-493e-be75-56b40ddf03f7','2020-02-24 05:13:35','2020-02-22 07:30:28','2020-02-24 05:13:35','N'),(7,1,'0BF63913-35DE-412D-B57C-81F871F1A079','Not Available','12.4','eEZ4_cH9oAg:APA91bFogTpSETJCrwf0EDJQbXzXDojeQn_g7HrHcOrDsAoUsqSfAGOgablZHtkRwvJhIo0eRCXuMNGXVu0cokzUKSEvLC8WUw93rtkXL-IEMeMF0v6KGHkYWvdCIc9sHkIU1syNaAgB','FCM','IOS','1.0','192.168.1.121','05395bdf-ac26-474b-b3ec-44cbad49c4fd','3a54256e-0003-4ff4-b19f-b58f0e53cf5d','2020-02-24 05:22:17','2020-02-24 05:13:36','2020-02-24 05:22:17','N'),(8,1,'97C6B14E-74AC-40B0-B302-2C499FA09ECF','Not Available','12.4','do-aI6Z8AJU:APA91bHddl2un5jz24py7lIJ1EK1ryvOpjt475lCWWlFxkRMxg6-_H9QE2dZg6_LgKKyKk12PUT7SVHQoe-YotlQw_juVwLlS8z3q9zaJXvtNGUm5X2rY0Je81E710dabPxeJ_6x9J5E','FCM','IOS','1.0','192.168.1.121','c30cc339-8eab-4541-832f-74eab4fc7635','93477255-6b55-4963-8a5b-2cda6234326a','2020-02-25 05:22:17','2020-02-24 05:22:17','2020-02-24 05:22:17','Y');
/*!40000 ALTER TABLE `invester_device_details_tbl` ENABLE KEYS */;
UNLOCK TABLES;

--
-- Table structure for table `invester_master_tbl`
--

DROP TABLE IF EXISTS `invester_master_tbl`;
/*!40101 SET @saved_cs_client     = @@character_set_client */;
/*!40101 SET character_set_client = utf8 */;
CREATE TABLE `invester_master_tbl` (
  `invester_id` int(11) NOT NULL AUTO_INCREMENT,
  `invester_name` varchar(120) DEFAULT NULL,
  `phone_number` varchar(15) DEFAULT NULL,
  `email_id` varchar(100) DEFAULT NULL,
  `password` varchar(100) NOT NULL DEFAULT 'Investor@2019',
  `is_default_passowrd` char(1) DEFAULT 'N',
  `invester_share` double(10,2) DEFAULT '50.00',
  `is_active` char(1) DEFAULT 'Y',
  `registered_on` timestamp NULL DEFAULT CURRENT_TIMESTAMP,
  `address_line1` varchar(45) DEFAULT NULL,
  `location` varchar(45) DEFAULT NULL,
  `district` varchar(45) DEFAULT NULL,
  `state` int(11) DEFAULT NULL,
  `pincode` varchar(45) DEFAULT NULL,
  `budget_id` int(10) DEFAULT NULL,
  `alternate_phone_number` varchar(45) DEFAULT NULL,
  `document_type` varchar(255) DEFAULT NULL,
  `document_file_name` varchar(255) DEFAULT NULL,
  `agreement_file_name` varchar(255) DEFAULT NULL,
  PRIMARY KEY (`invester_id`),
  UNIQUE KEY `phone_number_UNIQUE` (`phone_number`),
  UNIQUE KEY `email_id_UNIQUE` (`email_id`),
  KEY `FKstate_idx` (`state`),
  CONSTRAINT `FKstate` FOREIGN KEY (`state`) REFERENCES `state_master_tbl` (`state_id`) ON DELETE NO ACTION ON UPDATE NO ACTION
) ENGINE=InnoDB AUTO_INCREMENT=3 DEFAULT CHARSET=latin1;
/*!40101 SET character_set_client = @saved_cs_client */;

--
-- Dumping data for table `invester_master_tbl`
--

LOCK TABLES `invester_master_tbl` WRITE;
/*!40000 ALTER TABLE `invester_master_tbl` DISABLE KEYS */;
INSERT INTO `invester_master_tbl` VALUES (1,'Shashank Garg','9996067002','shashankgarg123@gmail.com','Investor@2019','N',50.00,'Y','2020-02-21 11:35:11',NULL,'23','Benguluru',13,'560066',4,NULL,NULL,NULL,NULL),(2,'test investor','9030755590','test@gmail.com','1234567','N',50.00,'N','2020-02-21 11:49:50',NULL,'23','Benguluru',13,'560066',4,NULL,NULL,NULL,NULL);
/*!40000 ALTER TABLE `invester_master_tbl` ENABLE KEYS */;
UNLOCK TABLES;

--
-- Table structure for table `invester_payments_tbl`
--

DROP TABLE IF EXISTS `invester_payments_tbl`;
/*!40101 SET @saved_cs_client     = @@character_set_client */;
/*!40101 SET character_set_client = utf8 */;
CREATE TABLE `invester_payments_tbl` (
  `id` int(12) NOT NULL AUTO_INCREMENT,
  `payment_id` int(12) DEFAULT NULL,
  `transaction_status` varchar(50) DEFAULT NULL,
  `paid_amount` double(12,2) DEFAULT NULL,
  `tax_amount` double(10,2) DEFAULT NULL,
  `payment_requested_time` timestamp NOT NULL DEFAULT CURRENT_TIMESTAMP,
  `payment_completed_time` timestamp NOT NULL DEFAULT CURRENT_TIMESTAMP,
  `is_active` char(1) DEFAULT 'Y',
  `payment_status` varchar(50) DEFAULT NULL,
  `is_payment_done` char(1) DEFAULT 'N',
  `payment_response_obj` text,
  `razorpay_payment_id` varchar(150) DEFAULT NULL,
  `invester_id` int(12) DEFAULT NULL,
  `vehicle_id` int(12) NOT NULL,
  PRIMARY KEY (`id`),
  KEY `invester_id` (`invester_id`),
  CONSTRAINT `invester_payments_tbl_ibfk_1` FOREIGN KEY (`invester_id`) REFERENCES `invester_master_tbl` (`invester_id`)
) ENGINE=InnoDB DEFAULT CHARSET=latin1;
/*!40101 SET character_set_client = @saved_cs_client */;

--
-- Dumping data for table `invester_payments_tbl`
--

LOCK TABLES `invester_payments_tbl` WRITE;
/*!40000 ALTER TABLE `invester_payments_tbl` DISABLE KEYS */;
/*!40000 ALTER TABLE `invester_payments_tbl` ENABLE KEYS */;
UNLOCK TABLES;

--
-- Table structure for table `invester_reject_vehicle_tbl`
--

DROP TABLE IF EXISTS `invester_reject_vehicle_tbl`;
/*!40101 SET @saved_cs_client     = @@character_set_client */;
/*!40101 SET character_set_client = utf8 */;
CREATE TABLE `invester_reject_vehicle_tbl` (
  `reject_id` int(12) NOT NULL AUTO_INCREMENT,
  `invester_id` int(12) DEFAULT NULL,
  `vehicle_id` int(12) DEFAULT NULL,
  `is_active` char(1) DEFAULT 'Y',
  `rejected_on` timestamp NOT NULL DEFAULT CURRENT_TIMESTAMP,
  PRIMARY KEY (`reject_id`)
) ENGINE=InnoDB DEFAULT CHARSET=latin1;
/*!40101 SET character_set_client = @saved_cs_client */;

--
-- Dumping data for table `invester_reject_vehicle_tbl`
--

LOCK TABLES `invester_reject_vehicle_tbl` WRITE;
/*!40000 ALTER TABLE `invester_reject_vehicle_tbl` DISABLE KEYS */;
/*!40000 ALTER TABLE `invester_reject_vehicle_tbl` ENABLE KEYS */;
UNLOCK TABLES;

--
-- Table structure for table `invester_vehicle_interest_tbl`
--

DROP TABLE IF EXISTS `invester_vehicle_interest_tbl`;
/*!40101 SET @saved_cs_client     = @@character_set_client */;
/*!40101 SET character_set_client = utf8 */;
CREATE TABLE `invester_vehicle_interest_tbl` (
  `interest_id` int(11) NOT NULL AUTO_INCREMENT,
  `vehicle_id` int(11) NOT NULL,
  `invester_id` int(11) NOT NULL,
  `is_interest` char(1) DEFAULT 'Y',
  `is_active` char(1) NOT NULL DEFAULT 'Y',
  `interested_on` timestamp NOT NULL DEFAULT CURRENT_TIMESTAMP,
  `penalty_date` varchar(50) DEFAULT NULL,
  `is_refunded` char(1) DEFAULT 'N',
  `penalty_paid` char(1) DEFAULT 'N',
  `penalty_amount` varchar(100) DEFAULT NULL,
  PRIMARY KEY (`interest_id`)
) ENGINE=InnoDB AUTO_INCREMENT=2 DEFAULT CHARSET=latin1;
/*!40101 SET character_set_client = @saved_cs_client */;

--
-- Dumping data for table `invester_vehicle_interest_tbl`
--

LOCK TABLES `invester_vehicle_interest_tbl` WRITE;
/*!40000 ALTER TABLE `invester_vehicle_interest_tbl` DISABLE KEYS */;
INSERT INTO `invester_vehicle_interest_tbl` VALUES (1,20,2,'Y','Y','2019-12-16 15:16:46','2019-12-18 20:46:46','N','N',NULL);
/*!40000 ALTER TABLE `invester_vehicle_interest_tbl` ENABLE KEYS */;
UNLOCK TABLES;
/*!50003 SET @saved_cs_client      = @@character_set_client */ ;
/*!50003 SET @saved_cs_results     = @@character_set_results */ ;
/*!50003 SET @saved_col_connection = @@collation_connection */ ;
/*!50003 SET character_set_client  = utf8mb4 */ ;
/*!50003 SET character_set_results = utf8mb4 */ ;
/*!50003 SET collation_connection  = utf8mb4_general_ci */ ;
/*!50003 SET @saved_sql_mode       = @@sql_mode */ ;
/*!50003 SET sql_mode              = 'STRICT_TRANS_TABLES,ERROR_FOR_DIVISION_BY_ZERO,NO_AUTO_CREATE_USER,NO_ENGINE_SUBSTITUTION' */ ;
DELIMITER ;;
/*!50003 CREATE*/ /*!50017 DEFINER=`root`@`%`*/ /*!50003 TRIGGER after_investor_interst_insert
 before insert
 ON invester_vehicle_interest_tbl FOR EACH ROW
 BEGIN
	SET NEW.penalty_date = DATE_ADD(now(), INTERVAL 2 DAY) ;
   
 END */;;
DELIMITER ;
/*!50003 SET sql_mode              = @saved_sql_mode */ ;
/*!50003 SET character_set_client  = @saved_cs_client */ ;
/*!50003 SET character_set_results = @saved_cs_results */ ;
/*!50003 SET collation_connection  = @saved_col_connection */ ;

--
-- Table structure for table `notification_to_user_tbl`
--

DROP TABLE IF EXISTS `notification_to_user_tbl`;
/*!40101 SET @saved_cs_client     = @@character_set_client */;
/*!40101 SET character_set_client = utf8 */;
CREATE TABLE `notification_to_user_tbl` (
  `notification_id` int(10) NOT NULL AUTO_INCREMENT,
  `to_user` int(10) DEFAULT NULL,
  `notification_title` varchar(100) DEFAULT NULL,
  `notification_content` text,
  `is_sent` char(1) DEFAULT 'N',
  `is_active` char(1) DEFAULT 'Y',
  `created_on` timestamp NOT NULL DEFAULT CURRENT_TIMESTAMP,
  `sent_on` timestamp NOT NULL DEFAULT CURRENT_TIMESTAMP,
  `notification_type` varchar(100) DEFAULT NULL,
  `is_view` char(1) DEFAULT 'N',
  `notification_category` varchar(100) DEFAULT NULL,
  PRIMARY KEY (`notification_id`)
) ENGINE=InnoDB AUTO_INCREMENT=117 DEFAULT CHARSET=latin1;
/*!40101 SET character_set_client = @saved_cs_client */;

--
-- Dumping data for table `notification_to_user_tbl`
--

LOCK TABLES `notification_to_user_tbl` WRITE;
/*!40000 ALTER TABLE `notification_to_user_tbl` DISABLE KEYS */;
INSERT INTO `notification_to_user_tbl` VALUES (1,2,'Reminder','Today You have 5 Leads to Evaluate.\nPlease Complete Evaluation by End Of The Day.','Y','Y','2019-12-03 20:30:01','2019-12-03 20:30:01','Leads',NULL,'Assigned Leads'),(2,2,'Reminder','Today You have 2 Leads to Evaluate.\nPlease Complete Evaluation by End Of The Day.','Y','Y','2019-12-04 20:30:01','2019-12-04 20:30:01','Leads',NULL,'Assigned Leads'),(3,2,'Reminder','Today You have 3 Leads to Evaluate.\nPlease Complete Evaluation by End Of The Day.','Y','Y','2019-12-05 20:30:01','2019-12-05 20:30:01','Leads',NULL,'Assigned Leads'),(4,2,'Reminder','Today You have 3 Leads to Evaluate.\nPlease Complete Evaluation by End Of The Day.','Y','Y','2019-12-06 20:30:01','2019-12-06 20:30:01','Leads',NULL,'Assigned Leads'),(5,2,'Reminder','Today You have 5 Leads to Evaluate.\nPlease Complete Evaluation by End Of The Day.','Y','Y','2019-12-08 20:30:01','2019-12-08 20:30:01','Leads',NULL,'Assigned Leads'),(6,2,'Reminder','Today You have 4 Leads to Evaluate.\nPlease Complete Evaluation by End Of The Day.','Y','Y','2019-12-09 20:30:01','2019-12-09 20:30:01','Leads',NULL,'Assigned Leads'),(7,2,'Reminder','Today You have 12 Leads to Evaluate.\nPlease Complete Evaluation by End Of The Day.','Y','Y','2019-12-10 20:30:01','2019-12-10 20:30:01','Leads',NULL,'Assigned Leads'),(8,2,'Reminder','Today You have 2 Leads to Evaluate.\nPlease Complete Evaluation by End Of The Day.','Y','Y','2019-12-11 20:30:01','2019-12-11 20:30:01','Leads',NULL,'Assigned Leads'),(9,2,'Reminder','Today You have 2 Leads to Evaluate.\nPlease Complete Evaluation by End Of The Day.','Y','Y','2019-12-12 20:30:01','2019-12-12 20:30:01','Leads',NULL,'Assigned Leads'),(10,2,'Reminder','Today You have 1 Leads to Evaluate.\nPlease Complete Evaluation by End Of The Day.','Y','Y','2019-12-13 20:30:01','2019-12-13 20:30:01','Leads',NULL,'Assigned Leads'),(11,2,'Reminder','Today You have 3 Leads to Evaluate.\nPlease Complete Evaluation by End Of The Day.','Y','Y','2019-12-15 20:30:01','2019-12-15 20:30:01','Leads',NULL,'Assigned Leads'),(12,2,'Reminder','Today You have 2 Leads to Evaluate.\nPlease Complete Evaluation by End Of The Day.','Y','Y','2019-12-16 20:30:00','2019-12-16 20:30:00','Leads',NULL,'Assigned Leads'),(13,6,'Customer Support','New lead hasbeen assigned to You, On 2019-12-18 12:01:17','Y','Y','2019-12-17 11:32:17','2019-12-17 11:32:17','Leads',NULL,'Purchase Lead Creation'),(14,2,'Reminder','Today You have 2 Leads to Evaluate.\nPlease Complete Evaluation by End Of The Day.','Y','Y','2019-12-17 20:30:00','2019-12-17 20:30:00','Leads',NULL,'Assigned Leads'),(15,6,'Reminder','Today You have 3 Leads to Evaluate.\nPlease Complete Evaluation by End Of The Day.','Y','Y','2019-12-17 20:30:01','2019-12-17 20:30:01','Leads',NULL,'Assigned Leads'),(16,2,'Reminder','Today You have 4 Leads to Evaluate.\nPlease Complete Evaluation by End Of The Day.','Y','Y','2019-12-18 20:30:00','2019-12-18 20:30:00','Leads',NULL,'Assigned Leads'),(17,6,'Customer Support','New lead hasbeen assigned to You, On 2019-12-19 11:30:17','Y','Y','2019-12-19 06:03:01','2019-12-19 06:03:01','Leads',NULL,'Purchase Lead Creation'),(18,2,'Reminder','Today You have 1 Leads to Evaluate.\nPlease Complete Evaluation by End Of The Day.','Y','Y','2019-12-19 20:30:01','2019-12-19 20:30:01','Leads',NULL,'Assigned Leads'),(19,6,'Reminder','Today You have 5 Leads to Evaluate.\nPlease Complete Evaluation by End Of The Day.','Y','Y','2019-12-19 20:30:01','2019-12-19 20:30:01','Leads',NULL,'Assigned Leads'),(20,2,'Customer Support','New lead hasbeen assigned to You, On 2019-12-23 12:43:33','Y','Y','2019-12-20 12:13:46','2019-12-20 12:13:46','Leads',NULL,'Purchase Lead Creation'),(21,2,'Customer Support','New lead hasbeen assigned to You, On 2019-12-21 01:46:06','Y','Y','2019-12-20 12:16:13','2019-12-20 12:16:13','Leads',NULL,'Purchase Lead Creation'),(22,6,'Customer Support','New lead hasbeen assigned to You, On 2019-12-09 12:33:00','Y','Y','2019-12-20 12:20:03','2019-12-20 12:20:03','Leads',NULL,'Purchase Lead Creation'),(23,2,'Customer Support','New lead hasbeen assigned to You, On 2019-12-23 14:10:58','Y','Y','2019-12-23 08:41:47','2019-12-23 08:41:47','Leads',NULL,'Purchase Lead Creation'),(24,2,'Customer Support','New lead hasbeen assigned to You, On 2019-12-23 14:18:01','Y','Y','2019-12-23 08:50:23','2019-12-23 08:50:23','Leads',NULL,'Purchase Lead Creation'),(25,2,'Customer Support','New lead hasbeen assigned to You, On 2019-12-24 02:02:21','Y','Y','2019-12-23 12:32:34','2019-12-23 12:32:34','Leads',NULL,'Purchase Lead Creation'),(26,2,'Customer Support','New lead hasbeen assigned to You, On 2019-12-24 10:54:00','Y','Y','2019-12-24 05:28:02','2019-12-24 05:28:02','Leads',NULL,'Purchase Lead Creation'),(27,2,'Customer Support','New lead hasbeen assigned to You, On 2019-12-25 12:11:56','Y','Y','2019-12-24 11:42:13','2019-12-24 11:42:13','Leads',NULL,'Purchase Lead Creation'),(28,2,'Customer Support','New lead hasbeen assigned to You, On 2019-12-25 02:34:45','Y','Y','2019-12-24 12:05:02','2019-12-24 12:05:02','Leads',NULL,'Purchase Lead Creation'),(29,2,'Customer Support','New lead hasbeen assigned to You, On 2019-12-28 11:29:39','Y','Y','2019-12-25 11:59:48','2019-12-25 11:59:48','Leads',NULL,'Purchase Lead Creation'),(30,2,'Customer Support','New lead hasbeen assigned to You, On 2019-12-28 12:14:39','Y','Y','2019-12-26 10:45:16','2019-12-26 10:45:16','Leads',NULL,'Purchase Lead Creation'),(31,2,'Customer Support','New lead hasbeen assigned to You, On 2019-12-27 12:01:21','Y','Y','2019-12-27 06:39:58','2019-12-27 06:39:58','Leads',NULL,'Purchase Lead Creation'),(32,2,'Customer Support','New lead hasbeen assigned to You, On 2019-12-28 12:14:01','Y','Y','2019-12-27 06:44:17','2019-12-27 06:44:17','Leads',NULL,'Purchase Lead Creation'),(33,2,'Customer Support','New lead hasbeen assigned to You, On 2019-12-27 12:21:49','Y','Y','2019-12-27 06:52:57','2019-12-27 06:52:57','Leads',NULL,'Purchase Lead Creation'),(34,2,'Customer Support','New lead hasbeen assigned to You, On 2019-12-28 02:04:45','Y','Y','2019-12-27 10:35:10','2019-12-27 10:35:10','Leads',NULL,'Purchase Lead Creation'),(35,2,'Customer Support','New lead hasbeen assigned to You, On 2019-12-30 11:20:10','Y','Y','2019-12-28 09:50:15','2019-12-28 09:50:15','Leads',NULL,'Purchase Lead Creation'),(36,2,'Customer Support','New lead hasbeen assigned to You, On 2019-12-30 01:20:43','Y','Y','2019-12-28 09:50:47','2019-12-28 09:50:47','Leads',NULL,'Purchase Lead Creation'),(37,2,'Customer Support','New lead hasbeen assigned to You, On 2019-12-30 15:27:47','Y','Y','2019-12-28 09:58:19','2019-12-28 09:58:19','Leads',NULL,'Purchase Lead Creation'),(38,2,'Customer Support','New lead hasbeen assigned to You, On 2019-12-30 05:31:31','Y','Y','2019-12-28 10:01:43','2019-12-28 10:01:43','Leads',NULL,'Purchase Lead Creation'),(39,2,'Customer Support','New lead hasbeen assigned to You, On 2020-01-02 01:13:26','Y','Y','2019-12-31 12:43:39','2019-12-31 12:43:39','Leads',NULL,'Purchase Lead Creation'),(40,2,'Customer Support','New lead hasbeen assigned to You, On 2020-01-03 12:00:25','Y','Y','2020-01-02 10:10:48','2020-01-02 10:10:48','Leads',NULL,'Purchase Lead Creation'),(41,2,'Customer Support','New lead hasbeen assigned to You, On 2020-01-04 12:02:13','Y','Y','2020-01-03 12:32:26','2020-01-03 12:32:26','Leads',NULL,'Purchase Lead Creation'),(42,2,'Customer Support','New lead hasbeen assigned to You, On 2020-01-04 12:07:46','Y','Y','2020-01-04 06:38:02','2020-01-04 06:38:02','Leads',NULL,'Purchase Lead Creation'),(43,2,'Customer Support','New lead hasbeen assigned to You, On 2020-01-07 10:10:30','Y','Y','2020-01-06 12:40:46','2020-01-06 12:40:46','Leads',NULL,'Purchase Lead Creation'),(44,7,'Reminder','AUDI-A4 HR26CG7041,\nplease followUp the vehicle','Y','Y','2020-01-10 05:30:27','2020-01-10 05:30:27','FollowUps',NULL,'FollowUps'),(45,7,'Reminder','AUDI-A4 HR26CG7041,\nplease followUp the vehicle','Y','Y','2020-01-10 05:32:05','2020-01-10 05:32:05','FollowUps',NULL,'FollowUps'),(46,7,'Reminder','AUDI-A4 HR26CG7041,\nplease followUp the vehicle','Y','Y','2020-01-10 05:58:37','2020-01-10 05:58:37','FollowUps',NULL,'FollowUps'),(47,7,'Reminder','AUDI-A4 HR26CG7041,\nplease followUp the vehicle','Y','Y','2020-01-10 06:01:23','2020-01-10 06:01:23','FollowUps',NULL,'FollowUps'),(48,7,'Reminder','AUDI-A4 HR26CG7041,\nplease followUp the vehicle','Y','Y','2020-01-10 06:05:27','2020-01-10 06:05:27','FollowUps',NULL,'FollowUps'),(49,7,'Reminder','AUDI-A4 HR26CG7041,\nplease followUp the vehicle','Y','Y','2020-01-10 06:36:44','2020-01-10 06:36:44','FollowUps',NULL,'FollowUps'),(50,7,'Reminder','AUDI-A4 HR26CG7041,\nplease followUp the vehicle','Y','Y','2020-01-10 06:40:12','2020-01-10 06:40:12','FollowUps',NULL,'FollowUps'),(51,7,'Reminder','AUDI-A4 HR26CG7041,\nplease followUp the vehicle','Y','Y','2020-01-10 09:37:51','2020-01-10 09:37:51','FollowUps',NULL,'FollowUps'),(52,2,'Customer Support','New lead hasbeen assigned to You, On 2020-01-15 10:30:54','Y','Y','2020-01-15 05:01:05','2020-01-15 05:01:05','Leads',NULL,'Purchase Lead Creation'),(53,2,'Customer Support','New lead hasbeen assigned to You, On 2020-01-16 12:12:26','Y','Y','2020-01-15 09:42:44','2020-01-15 09:42:44','Leads',NULL,'Purchase Lead Creation'),(54,2,'Customer Support','New lead hasbeen assigned to You, On 2020-01-16 15:23:23','Y','Y','2020-01-15 09:53:33','2020-01-15 09:53:33','Leads',NULL,'Purchase Lead Creation'),(55,2,'Customer Support','New lead hasbeen assigned to You, On 2020-01-21 12:09:17','Y','Y','2020-01-18 07:39:35','2020-01-18 07:39:35','Leads',NULL,'Purchase Lead Creation'),(56,2,'Customer Support','New lead hasbeen assigned to You, On 2020-01-21 13:11:36','Y','Y','2020-01-18 07:41:59','2020-01-18 07:41:59','Leads',NULL,'Purchase Lead Creation'),(57,2,'Customer Support','New lead hasbeen assigned to You, On 2020-01-22 12:12:49','Y','Y','2020-01-21 11:43:09','2020-01-21 11:43:09','Leads',NULL,'Purchase Lead Creation'),(58,2,'Customer Support','New lead hasbeen assigned to You, On 2020-01-22 02:15:45','Y','Y','2020-01-21 11:46:02','2020-01-21 11:46:02','Leads',NULL,'Purchase Lead Creation'),(59,2,'Customer Support','New lead hasbeen assigned to You, On 2020-02-06 10:13:18','Y','Y','2020-02-06 04:43:42','2020-02-06 04:43:42','Leads',NULL,'Purchase Lead Creation'),(60,2,'Customer Support','New lead hasbeen assigned to You, On 2020-02-06 11:10:54','Y','Y','2020-02-06 05:41:03','2020-02-06 05:41:03','Leads',NULL,'Purchase Lead Creation'),(61,2,'Customer Support','New lead hasbeen assigned to You, On 2020-02-06 11:16:36','Y','Y','2020-02-06 05:46:37','2020-02-06 05:46:37','Leads',NULL,'Purchase Lead Creation'),(62,2,'Customer Support','New lead hasbeen assigned to You, On 2020-02-06 11:18:57','Y','Y','2020-02-06 05:49:06','2020-02-06 05:49:06','Leads',NULL,'Purchase Lead Creation'),(63,2,'Customer Support','New lead hasbeen assigned to You, On 2020-02-06 11:33:41','Y','Y','2020-02-06 06:04:37','2020-02-06 06:04:37','Leads',NULL,'Purchase Lead Creation'),(64,2,'Customer Support','New lead hasbeen assigned to You, On 2020-02-06 11:38:01','Y','Y','2020-02-06 06:08:07','2020-02-06 06:08:07','Leads',NULL,'Purchase Lead Creation'),(65,2,'Customer Support','New lead hasbeen assigned to You, On 2020-02-06 11:55:32','Y','Y','2020-02-06 06:25:40','2020-02-06 06:25:40','Leads',NULL,'Purchase Lead Creation'),(66,2,'Customer Support','New lead hasbeen assigned to You, On 2020-02-06 11:59:04','Y','Y','2020-02-06 06:29:07','2020-02-06 06:29:07','Leads',NULL,'Purchase Lead Creation'),(67,2,'Customer Support','New lead hasbeen assigned to You, On 2020-02-06 12:01:23','Y','Y','2020-02-06 06:31:33','2020-02-06 06:31:33','Leads',NULL,'Purchase Lead Creation'),(68,2,'Customer Support','New lead hasbeen assigned to You, On 2020-02-07 14:47:17','Y','Y','2020-02-07 09:17:26','2020-02-07 09:17:26','Leads',NULL,'Purchase Lead Creation'),(69,2,'Customer Support','New lead hasbeen assigned to You, On 2020-02-07 14:50:22','Y','Y','2020-02-07 09:20:32','2020-02-07 09:20:32','Leads',NULL,'Purchase Lead Creation'),(70,2,'Customer Support','New lead hasbeen assigned to You, On 2020-02-07 15:21:54','Y','Y','2020-02-07 09:51:59','2020-02-07 09:51:59','Leads',NULL,'Purchase Lead Creation'),(71,2,'Customer Support','New lead hasbeen assigned to You, On 2020-02-07 15:25:51','Y','Y','2020-02-07 09:55:59','2020-02-07 09:55:59','Leads',NULL,'Purchase Lead Creation'),(72,2,'Customer Support','New lead hasbeen assigned to You, On 2020-02-07 15:27:57','Y','Y','2020-02-07 09:58:06','2020-02-07 09:58:06','Leads',NULL,'Purchase Lead Creation'),(73,2,'Customer Support','New lead hasbeen assigned to You, On 2020-02-07 15:29:51','Y','Y','2020-02-07 10:00:01','2020-02-07 10:00:01','Leads',NULL,'Purchase Lead Creation'),(74,2,'Customer Support','New lead hasbeen assigned to You, On 2020-02-07 15:32:41','Y','Y','2020-02-07 10:02:50','2020-02-07 10:02:50','Leads',NULL,'Purchase Lead Creation'),(75,2,'Customer Support','New lead hasbeen assigned to You, On 2020-02-07 15:34:59','Y','Y','2020-02-07 10:05:10','2020-02-07 10:05:10','Leads',NULL,'Purchase Lead Creation'),(76,2,'Customer Support','New lead hasbeen assigned to You, On 2020-02-07 15:37:34','Y','Y','2020-02-07 10:07:39','2020-02-07 10:07:39','Leads',NULL,'Purchase Lead Creation'),(77,2,'Customer Support','New lead hasbeen assigned to You, On 2020-02-07 15:39:06','Y','Y','2020-02-07 10:09:29','2020-02-07 10:09:29','Leads',NULL,'Purchase Lead Creation'),(78,2,'Customer Support','New lead hasbeen assigned to You, On 2020-02-12 11:41:29','Y','Y','2020-02-12 06:12:23','2020-02-12 06:12:23','Leads',NULL,'Purchase Lead Creation'),(79,2,'Customer Support','New lead hasbeen assigned to You, On 2020-02-13 10:56:23','Y','Y','2020-02-13 05:26:26','2020-02-13 05:26:26','Leads',NULL,'Purchase Lead Creation'),(80,2,'Customer Support','New lead hasbeen assigned to You, On 2020-02-13 11:21:52','Y','Y','2020-02-13 05:51:59','2020-02-13 05:51:59','Leads',NULL,'Purchase Lead Creation'),(81,2,'Customer Support','New lead hasbeen assigned to You, On 2020-02-13 11:23:56','Y','Y','2020-02-13 05:54:02','2020-02-13 05:54:02','Leads',NULL,'Purchase Lead Creation'),(82,2,'Customer Support','New lead hasbeen assigned to You, On 2020-02-13 11:26:09','Y','Y','2020-02-13 05:56:15','2020-02-13 05:56:15','Leads',NULL,'Purchase Lead Creation'),(83,2,'Customer Support','New lead hasbeen assigned to You, On 2020-02-13 11:27:57','Y','Y','2020-02-13 05:58:03','2020-02-13 05:58:03','Leads',NULL,'Purchase Lead Creation'),(84,2,'Customer Support','New lead hasbeen assigned to You, On 2020-02-13 11:29:38','Y','Y','2020-02-13 05:59:45','2020-02-13 05:59:45','Leads',NULL,'Purchase Lead Creation'),(85,2,'Customer Support','New lead hasbeen assigned to You, On 2020-02-13 11:43:09','Y','Y','2020-02-13 06:13:17','2020-02-13 06:13:17','Leads',NULL,'Purchase Lead Creation'),(86,2,'Customer Support','New lead hasbeen assigned to You, On 2020-02-13 11:50:34','Y','Y','2020-02-13 06:21:01','2020-02-13 06:21:01','Leads',NULL,'Purchase Lead Creation'),(87,2,'Customer Support','New lead hasbeen assigned to You, On 2020-02-13 11:53:06','Y','Y','2020-02-13 06:23:13','2020-02-13 06:23:13','Leads',NULL,'Purchase Lead Creation'),(88,2,'Customer Support','New lead hasbeen assigned to You, On 2020-02-13 11:55:30','Y','Y','2020-02-13 06:25:36','2020-02-13 06:25:36','Leads',NULL,'Purchase Lead Creation'),(89,2,'Customer Support','New lead hasbeen assigned to You, On 2020-02-13 12:00:56','Y','Y','2020-02-13 06:33:33','2020-02-13 06:33:33','Leads',NULL,'Purchase Lead Creation'),(90,2,'Customer Support','New lead hasbeen assigned to You, On 2020-02-13 12:23:58','Y','Y','2020-02-13 06:54:04','2020-02-13 06:54:04','Leads',NULL,'Purchase Lead Creation'),(91,2,'Customer Support','New lead hasbeen assigned to You, On 2020-02-13 12:27:55','Y','Y','2020-02-13 06:58:02','2020-02-13 06:58:02','Leads',NULL,'Purchase Lead Creation'),(92,2,'Customer Support','New lead hasbeen assigned to You, On 2020-02-13 13:12:01','Y','Y','2020-02-13 07:42:08','2020-02-13 07:42:08','Leads',NULL,'Purchase Lead Creation'),(93,2,'Customer Support','New lead hasbeen assigned to You, On 2020-02-13 13:14:53','Y','Y','2020-02-13 07:45:00','2020-02-13 07:45:00','Leads',NULL,'Purchase Lead Creation'),(94,2,'Customer Support','New lead hasbeen assigned to You, On 2020-02-13 13:16:22','Y','Y','2020-02-13 07:46:49','2020-02-13 07:46:49','Leads',NULL,'Purchase Lead Creation'),(95,2,'Customer Support','New lead hasbeen assigned to You, On 2020-02-13 15:32:11','Y','Y','2020-02-13 10:02:38','2020-02-13 10:02:38','Leads',NULL,'Purchase Lead Creation'),(96,5,'Customer Support','New lead hasbeen assigned to You, On 2020-02-13 15:39:54','Y','Y','2020-02-13 10:10:02','2020-02-13 10:10:02','Leads',NULL,'Purchase Lead Creation'),(97,2,'Customer Support','New lead hasbeen assigned to You, On 2020-02-13 15:43:35','Y','Y','2020-02-13 10:13:43','2020-02-13 10:13:43','Leads',NULL,'Purchase Lead Creation'),(98,2,'Customer Support','New lead hasbeen assigned to You, On 2020-02-21 16:57:06','Y','Y','2020-02-21 11:27:18','2020-02-21 11:27:18','Leads',NULL,'Purchase Lead Creation'),(99,2,'Customer Support','New lead hasbeen assigned to You, On 2020-02-22 13:16:14','Y','Y','2020-02-22 07:46:20','2020-02-22 07:46:20','Leads',NULL,'Purchase Lead Creation'),(100,2,'Customer Support','New lead hasbeen assigned to You, On 2020-02-22 13:20:30','Y','Y','2020-02-22 07:50:44','2020-02-22 07:50:44','Leads',NULL,'Purchase Lead Creation'),(101,2,'Customer Support','New lead hasbeen assigned to You, On 2020-02-22 13:22:50','Y','Y','2020-02-22 07:52:56','2020-02-22 07:52:56','Leads',NULL,'Purchase Lead Creation'),(102,2,'Customer Support','New lead hasbeen assigned to You, On 2020-02-22 13:25:07','Y','Y','2020-02-22 07:55:14','2020-02-22 07:55:14','Leads',NULL,'Purchase Lead Creation'),(103,2,'Customer Support','New lead hasbeen assigned to You, On 2020-02-22 13:29:54','Y','Y','2020-02-22 08:00:00','2020-02-22 08:00:00','Leads',NULL,'Purchase Lead Creation'),(104,2,'Customer Support','New lead hasbeen assigned to You, On 2020-02-22 14:42:19','Y','Y','2020-02-22 09:12:34','2020-02-22 09:12:34','Leads',NULL,'Purchase Lead Creation'),(105,2,'Customer Support','New lead hasbeen assigned to You, On 2020-02-22 15:05:31','Y','Y','2020-02-22 09:35:39','2020-02-22 09:35:39','Leads',NULL,'Purchase Lead Creation'),(106,2,'Customer Support','New lead hasbeen assigned to You, On 2020-02-22 15:10:08','Y','Y','2020-02-22 09:40:24','2020-02-22 09:40:24','Leads',NULL,'Purchase Lead Creation'),(107,2,'Customer Support','New lead hasbeen assigned to You, On 2020-02-22 15:10:54','Y','Y','2020-02-22 09:45:00','2020-02-22 09:45:00','Leads',NULL,'Purchase Lead Creation'),(108,2,'Customer Support','New lead hasbeen assigned to You, On 2020-02-22 15:19:26','Y','Y','2020-02-22 09:49:35','2020-02-22 09:49:35','Leads',NULL,'Purchase Lead Creation'),(109,2,'Customer Support','New lead hasbeen assigned to You, On 2020-02-22 15:23:06','Y','Y','2020-02-22 09:53:19','2020-02-22 09:53:19','Leads',NULL,'Purchase Lead Creation'),(110,2,'Customer Support','New lead hasbeen assigned to You, On 2020-02-22 15:27:57','Y','Y','2020-02-22 09:59:00','2020-02-22 09:59:00','Leads',NULL,'Purchase Lead Creation'),(111,2,'Customer Support','New lead hasbeen assigned to You, On 2020-02-22 15:31:58','Y','Y','2020-02-22 10:02:07','2020-02-22 10:02:07','Leads',NULL,'Purchase Lead Creation'),(112,2,'Customer Support','New lead hasbeen assigned to You, On 2020-02-22 15:34:35','Y','Y','2020-02-22 10:05:30','2020-02-22 10:05:30','Leads',NULL,'Purchase Lead Creation'),(113,2,'Customer Support','New lead hasbeen assigned to You, On 2020-02-22 15:37:59','Y','Y','2020-02-22 10:08:05','2020-02-22 10:08:05','Leads',NULL,'Purchase Lead Creation'),(114,2,'Customer Support','New lead hasbeen assigned to You, On 2020-02-22 16:58:06','Y','Y','2020-02-22 11:28:12','2020-02-22 11:28:12','Leads',NULL,'Purchase Lead Creation'),(115,2,'Customer Support','New lead hasbeen assigned to You, On 2020-02-22 17:48:38','Y','Y','2020-02-22 12:21:00','2020-02-22 12:21:00','Leads',NULL,'Purchase Lead Creation'),(116,2,'Customer Support','New lead hasbeen assigned to You, On 2020-02-22 18:05:19','Y','Y','2020-02-22 12:35:28','2020-02-22 12:35:28','Leads',NULL,'Purchase Lead Creation');
/*!40000 ALTER TABLE `notification_to_user_tbl` ENABLE KEYS */;
UNLOCK TABLES;

--
-- Table structure for table `payment_mode_master_tbl`
--

DROP TABLE IF EXISTS `payment_mode_master_tbl`;
/*!40101 SET @saved_cs_client     = @@character_set_client */;
/*!40101 SET character_set_client = utf8 */;
CREATE TABLE `payment_mode_master_tbl` (
  `mode_id` int(11) NOT NULL AUTO_INCREMENT,
  `mode` varchar(100) NOT NULL,
  `is_active` char(1) NOT NULL DEFAULT 'Y',
  `added_on` timestamp NOT NULL DEFAULT CURRENT_TIMESTAMP,
  `last_updated_on` timestamp NOT NULL DEFAULT CURRENT_TIMESTAMP ON UPDATE CURRENT_TIMESTAMP,
  PRIMARY KEY (`mode_id`)
) ENGINE=InnoDB AUTO_INCREMENT=5 DEFAULT CHARSET=latin1;
/*!40101 SET character_set_client = @saved_cs_client */;

--
-- Dumping data for table `payment_mode_master_tbl`
--

LOCK TABLES `payment_mode_master_tbl` WRITE;
/*!40000 ALTER TABLE `payment_mode_master_tbl` DISABLE KEYS */;
INSERT INTO `payment_mode_master_tbl` VALUES (1,'Cheque','Y','2020-01-03 05:42:07','2020-01-03 05:42:07'),(2,'Cash','Y','2020-01-03 05:42:07','2020-01-03 05:42:07'),(3,'Online Transfer','Y','2020-01-03 05:42:07','2020-01-03 05:42:07'),(4,'Demand Draft','Y','2020-01-03 05:42:07','2020-01-03 05:42:07');
/*!40000 ALTER TABLE `payment_mode_master_tbl` ENABLE KEYS */;
UNLOCK TABLES;

--
-- Table structure for table `purchase_lead_source_tbl`
--

DROP TABLE IF EXISTS `purchase_lead_source_tbl`;
/*!40101 SET @saved_cs_client     = @@character_set_client */;
/*!40101 SET character_set_client = utf8 */;
CREATE TABLE `purchase_lead_source_tbl` (
  `source_id` int(12) NOT NULL AUTO_INCREMENT,
  `source_name` varchar(100) DEFAULT NULL,
  `created_on` timestamp NOT NULL DEFAULT CURRENT_TIMESTAMP,
  `is_active` char(1) DEFAULT 'Y',
  `created_by` int(12) DEFAULT NULL,
  `last_updated_on` timestamp NOT NULL DEFAULT CURRENT_TIMESTAMP ON UPDATE CURRENT_TIMESTAMP,
  PRIMARY KEY (`source_id`)
) ENGINE=InnoDB AUTO_INCREMENT=20 DEFAULT CHARSET=latin1;
/*!40101 SET character_set_client = @saved_cs_client */;

--
-- Dumping data for table `purchase_lead_source_tbl`
--

LOCK TABLES `purchase_lead_source_tbl` WRITE;
/*!40000 ALTER TABLE `purchase_lead_source_tbl` DISABLE KEYS */;
INSERT INTO `purchase_lead_source_tbl` VALUES (1,'CarWale/CarTrade','2019-01-24 09:24:30','Y',NULL,'2019-10-07 12:29:23'),(2,'CarDekho','2019-01-24 09:24:31','Y',NULL,'2019-10-07 12:29:21'),(3,'Data','2019-01-24 09:24:31','Y',NULL,'2019-10-10 12:20:38'),(4,'IVR','2019-01-24 09:24:32','Y',NULL,'2019-10-10 12:20:38'),(5,'Cars24','2019-01-24 09:24:32','Y',NULL,'2020-02-04 06:02:54'),(6,'Social Media','2019-01-24 09:25:07','Y',NULL,'2019-10-07 12:29:25'),(7,'OLX','2019-10-10 12:20:38','Y',NULL,'2019-10-10 12:20:38'),(8,'Facebook','2019-10-10 12:20:38','Y',NULL,'2019-10-10 12:20:38'),(9,'Walkin','2019-10-10 12:20:38','Y',NULL,'2019-10-10 12:20:38'),(10,'Web','2019-10-10 12:20:38','Y',NULL,'2019-10-10 12:20:38'),(11,'Reference','2019-10-10 12:20:39','Y',NULL,'2019-10-10 12:20:39'),(12,'By Evaluator','2019-10-14 12:39:15','Y',NULL,'2020-02-04 06:02:54'),(13,'Go Machanic','2019-12-17 13:01:33','Y',NULL,'2019-12-17 13:01:33'),(14,'CarWale/CarTrade - Auction','2020-02-04 06:02:54','Y',NULL,'2020-02-04 06:02:54'),(15,'CarDekho - Auction','2020-02-04 06:02:54','Y',NULL,'2020-02-04 06:02:54'),(16,'Cars24 - Auction','2020-02-04 06:02:55','Y',NULL,'2020-02-04 06:02:55'),(17,'OLX - Auction','2020-02-04 06:02:55','Y',NULL,'2020-02-04 06:02:55'),(18,'By Purchase Manager','2020-02-07 09:59:13','Y',NULL,'2020-02-07 09:59:13'),(19,'By Sales Executive','2020-02-07 09:59:13','Y',NULL,'2020-02-07 09:59:13');
/*!40000 ALTER TABLE `purchase_lead_source_tbl` ENABLE KEYS */;
UNLOCK TABLES;

--
-- Table structure for table `purchase_lead_tbl`
--

DROP TABLE IF EXISTS `purchase_lead_tbl`;
/*!40101 SET @saved_cs_client     = @@character_set_client */;
/*!40101 SET character_set_client = utf8 */;
CREATE TABLE `purchase_lead_tbl` (
  `purchase_lead_id` int(12) NOT NULL AUTO_INCREMENT,
  `lead_name` varchar(50) NOT NULL,
  `phone_number` varchar(20) DEFAULT NULL,
  `email_id` varchar(50) DEFAULT NULL,
  `address_line_1` varchar(100) DEFAULT NULL,
  `address_line_2` varchar(100) DEFAULT NULL,
  `location_area_city` varchar(50) DEFAULT NULL,
  `state` varchar(10) DEFAULT NULL,
  `district` varchar(25) DEFAULT NULL,
  `pincode` varchar(10) DEFAULT NULL,
  `lead_source` int(20) DEFAULT NULL,
  `reffered_by` varchar(50) DEFAULT NULL,
  `added_by` int(10) DEFAULT NULL,
  `vehicle_variant` varchar(50) DEFAULT NULL,
  `vehicle_type` varchar(10) DEFAULT NULL,
  `lead_id` varchar(20) DEFAULT NULL,
  `car_make` varchar(25) DEFAULT NULL,
  `car_model` varchar(50) DEFAULT NULL,
  `registration_no` varchar(50) DEFAULT NULL,
  `manufactured_year` varchar(50) DEFAULT NULL,
  `production_year` varchar(50) DEFAULT NULL,
  `reg_date` varchar(20) DEFAULT NULL,
  `colour` varchar(50) DEFAULT NULL,
  `fuel_type` varchar(20) DEFAULT NULL,
  `transmission` varchar(50) DEFAULT NULL,
  `no_of_owners` varchar(30) DEFAULT NULL,
  `odometer` varchar(20) DEFAULT NULL,
  `expected_price` varchar(20) DEFAULT NULL,
  `sale_lead_id` int(25) DEFAULT NULL,
  `is_active` char(1) NOT NULL DEFAULT 'Y',
  `listed_date` varchar(50) DEFAULT NULL,
  `updated_date` varchar(50) DEFAULT NULL,
  `image` text,
  `migrated_from` varchar(25) DEFAULT NULL,
  `purchase_by` varchar(20) DEFAULT NULL,
  `created_on` timestamp NOT NULL DEFAULT CURRENT_TIMESTAMP,
  `last_updated_on` timestamp NOT NULL DEFAULT CURRENT_TIMESTAMP ON UPDATE CURRENT_TIMESTAMP,
  PRIMARY KEY (`purchase_lead_id`)
) ENGINE=InnoDB AUTO_INCREMENT=386 DEFAULT CHARSET=latin1;
/*!40101 SET character_set_client = @saved_cs_client */;

--
-- Dumping data for table `purchase_lead_tbl`
--

LOCK TABLES `purchase_lead_tbl` WRITE;
/*!40000 ALTER TABLE `purchase_lead_tbl` DISABLE KEYS */;
INSERT INTO `purchase_lead_tbl` VALUES (1,'DHEERAJ','9873623762','dheeraj12@gmail.com','sushant lok',NULL,'2','13','gurgaon','122001',7,NULL,3,'57','1',NULL,'1','7','DL1CKJLK22','03/2015',NULL,NULL,'Silver','Diesel',NULL,'First Owner','11000','2900000',NULL,'Y',NULL,NULL,NULL,NULL,'By Cash','2019-11-28 06:05:02','2019-12-09 14:05:17'),(2,'GAURAV','9166844700','a@gmail.com','Bapu Nagar, Bhilwara',NULL,'3','29','jaipur','122001',7,NULL,3,'67','2',NULL,'3','11','RJ140000','0/2014',NULL,NULL,'White','Diesel',NULL,'Second Owner','51000','1951000',NULL,'Y',NULL,NULL,NULL,NULL,'By Cash','2019-11-28 06:48:20','2019-12-09 14:05:18'),(3,'PARTH/GOVIND','9587500000','gaurav@gmail.com','JAIPUR',NULL,'3','29','JAIPUR','122001',7,NULL,3,NULL,'1',NULL,'20','76','RJ140000','03/2014',NULL,NULL,'Red','Diesel',NULL,'First Owner','91000','1500000',NULL,'Y',NULL,NULL,NULL,NULL,'By Cash','2019-11-28 06:56:33','2019-12-17 18:39:12'),(4,'LAKSHYA ','7877695693','lakshya12@gmail.com','TILAK NAGAR ',NULL,'3','29','jaipur','302001',7,NULL,3,'43','1',NULL,'1','5','rj140000','0/2015',NULL,NULL,'Gray','Diesel',NULL,'Second Owner','54000','2200000',NULL,'Y',NULL,NULL,NULL,NULL,'By Cash','2019-11-28 07:11:08','2019-12-09 14:05:18'),(5,'NAVEEN','9999959119','naveen12@gmail.com','N-10 N BLK JANGPURA',NULL,'1','10','delhi','110000',9,NULL,3,NULL,'1',NULL,'1','4','DL8CZ5272','0/2013',NULL,NULL,'Silver','Diesel',NULL,'Second Owner','70000','1600000',NULL,'Y',NULL,NULL,NULL,NULL,'By Cash','2019-11-28 07:44:00','2019-12-17 18:39:12'),(6,'RAJAT','9999798098','rajatn23@gmail.com','DELHI',NULL,'8','10','DELHI','110000',2,NULL,3,'92','3',NULL,'3','12','DL0000','01/2015',NULL,NULL,'White','Diesel',NULL,'First Owner','20000','2800000',NULL,'Y',NULL,NULL,NULL,NULL,'By Cash','2019-11-28 10:19:16','2019-12-09 14:05:16'),(7,'Jarnail Singh','9878304040','jarnail23@gmail.com','DUGRI DHANDRA ROAD',NULL,'5','28','LUDHIANA','141001',7,NULL,3,'115','2',NULL,'3','19','PB10HA5005','12/2018',NULL,NULL,'White','Diesel',NULL,'First Owner','7500','31500000',NULL,'Y',NULL,NULL,NULL,NULL,'By Cash','2019-11-28 10:24:39','2019-12-09 14:05:19'),(8,'DEVENDER SINGH','8837817230','devender23@gmail.com','88 E RISHI NAGAR ',NULL,'5','28','ludhiana','141002',7,NULL,3,NULL,'3',NULL,'16','62','pb10000','12/2017',NULL,NULL,'Black','Diesel',NULL,'First Owner','18000','8500000',NULL,'Y',NULL,NULL,NULL,NULL,'By Cash','2019-11-28 10:28:23','2019-12-17 18:39:12'),(9,'MAYANK GANDHI','9991281000','mayankd56@gmail.com','PUMA STORE OPP BAJRANG BHAWAN ',NULL,'15','13','rewari','123401',7,NULL,3,'9','2',NULL,'1','3','DL9CAA7931','03/2015',NULL,NULL,'White','Diesel',NULL,'First Owner','48000','2400000',NULL,'Y',NULL,NULL,NULL,NULL,'By Cash','2019-11-28 10:33:57','2019-12-09 14:05:20'),(10,'JOGINDER SINGH','9871767119','joginder2@gmail.com','H.NO-322P SEC-12',NULL,'2','13','GURGAON','122001',7,NULL,3,'7','2',NULL,'1','1','HR26CG7041','01/2014',NULL,NULL,'Blue','Diesel',NULL,'Second Owner','52300','13500000',NULL,'Y',NULL,NULL,NULL,NULL,'By Cash','2019-11-28 10:58:39','2019-12-09 14:05:17'),(11,'KARAN','9871114867','karan12@gmail.com','Malibu Town,',NULL,'2','13','GURGAON','122001',7,NULL,3,'115','2',NULL,'3','19','HR260000','07/2017',NULL,NULL,'Blue','Diesel',NULL,'First Owner','26000','2600000',NULL,'Y',NULL,NULL,NULL,NULL,'By Cash','2019-11-28 11:18:09','2019-12-09 14:05:17'),(12,'PUNEET VERMA','9810175038',NULL,'K-1-601 CENTRAL PARK 1 SEC-42 ',NULL,'2','13','GURGAON','122001',2,NULL,3,'34','3',NULL,'1','3','HR260000','03/2016',NULL,NULL,'White','Diesel',NULL,'First Owner','40000','2600000',NULL,'Y',NULL,NULL,NULL,NULL,'By Cash','2019-11-29 09:01:41','2019-12-09 14:05:17'),(13,'RAO DEEPESH/JDSA PVT.LTD','9818860026',NULL,'SEC-30 STAR TOWER SECOND FLOOR',NULL,'2','13','GURGAON','122001',7,NULL,3,NULL,'3',NULL,'9','34','HR26DY0055','06/2018',NULL,NULL,'White','Diesel',NULL,'First Owner','14000','45,00,000',NULL,'Y',NULL,NULL,NULL,NULL,'By Cash','2019-11-29 09:04:47','2019-12-17 18:39:12'),(14,'MOHIT/DEALER','9958084887',NULL,'NOIDA',NULL,'13','34','NOIDA','?20130',4,NULL,3,NULL,'3',NULL,'9','34','UP14000','02/2018',NULL,NULL,'White','Diesel',NULL,'First Owner','29000','4000000',NULL,'Y',NULL,NULL,NULL,NULL,'By Cash','2019-11-29 10:43:33','2019-12-17 18:39:12'),(15,'SUMIT LAL','9811484476',NULL,'H.NO-106 B HAMILTON CODE DLF P',NULL,'2','13','GURGAON','122001',7,NULL,3,'1','2',NULL,'1','1','HR26DL1667','11/2017',NULL,NULL,'Blue','Diesel',NULL,'First Owner','14500','3200000',NULL,'Y',NULL,NULL,NULL,NULL,'By Cash','2019-11-29 11:45:44','2019-12-09 14:05:17'),(16,'Shakti Yadav','9910405477','NA','B3-403 sunny valley apartments',NULL,'9','10','DELHI','110001',2,NULL,2,'34','3',NULL,'1','3','HR51','12/2012',NULL,NULL,'White','Diesel','null','Second Owner','50000','2100000',NULL,'Y',NULL,NULL,NULL,NULL,'By Cash','2019-11-30 11:49:12','2019-12-09 14:05:17'),(17,'Satendra Singh','9940122470',NULL,'SEC-30 STAR TOWER UNIWARD CITY',NULL,'2','13','GURGAON','122001',2,NULL,3,'63','2',NULL,'3','11','HR26000','07/2016',NULL,NULL,'Blue','Diesel',NULL,'First Owner','32000','2200000',NULL,'Y',NULL,NULL,NULL,NULL,'By Cash','2019-11-30 11:51:35','2019-12-09 14:05:17'),(18,'DHEERAJ','8600007020',NULL,'REWARI',NULL,'15','13','REWARI','123401',4,NULL,3,NULL,'2',NULL,'8','28','HP120000','04/2017',NULL,NULL,'White','Diesel',NULL,'First Owner','8300','4600000',NULL,'Y',NULL,NULL,NULL,NULL,'By Cash','2019-11-30 11:54:58','2019-12-17 18:39:12'),(19,'MOHIT/DEALER','9958084887',NULL,'NOIDA',NULL,'13','34','NOIDA','201301',4,NULL,3,NULL,'3',NULL,'9','34','UP1400000','06/2018',NULL,NULL,'White','Diesel',NULL,'First Owner','29000','40000000',NULL,'Y',NULL,NULL,NULL,NULL,'By Cash','2019-11-30 11:57:22','2019-12-17 18:39:13'),(20,'VISHAL BANSAL','9878600088',NULL,'AGAR NAGAR',NULL,'5','28','LUDHIANA',NULL,7,NULL,3,'100','3',NULL,'3','15','HR700000','08/2016',NULL,NULL,'White','Diesel',NULL,'Second Owner','75000','4000000',NULL,'Y',NULL,NULL,NULL,NULL,'By Cash','2019-11-30 12:02:54','2019-12-09 14:05:19'),(21,'DINESH','9899991567',NULL,'PATEL NAGAR',NULL,'8','10','DELHI','110001',4,NULL,3,NULL,'2',NULL,'12','46','DL00000','02/2015',NULL,NULL,'White','Petrol',NULL,'Second Owner','25000','4000000',NULL,'Y',NULL,NULL,NULL,NULL,'By Cash','2019-12-03 10:20:53','2019-12-17 18:39:13'),(22,'HARBINDER SINGH','8450962544',NULL,'C-301 ANDHARI KALA',NULL,'12','21','MUMBAI','400047',11,NULL,3,'79','2',NULL,'3','12','HR26DC6500','01/2016',NULL,NULL,'Blue','Diesel',NULL,'First Owner','45000','2800000',NULL,'Y',NULL,NULL,NULL,NULL,'By Cash','2019-12-03 10:25:12','2019-12-09 14:05:19'),(23,'Yashodhan Gupta ','9644664455',NULL,'INDORE',NULL,'10','20','INDORE','452001',4,NULL,3,'50','3',NULL,'1','6','MP030000','09/2017',NULL,NULL,'White','Petrol',NULL,'First Owner','13000','5300000',NULL,'Y',NULL,NULL,NULL,NULL,'By Cash','2019-12-03 10:28:15','2019-12-09 14:05:18'),(24,'PARVEEN GARG','9891520109',NULL,'H.NO-156 SHAKTI VIHAR  FIRST F',NULL,'8','10','DELHI','110001',7,NULL,3,'249','3',NULL,'20','73','UK073333','05/2018',NULL,NULL,'White','Diesel',NULL,'First Owner','3500','7000000',NULL,'Y',NULL,NULL,NULL,NULL,'By Cash','2019-12-03 10:30:54','2019-12-09 14:05:16'),(25,'PUNEET VERMA','9810175038',NULL,'K-1-601 CENTRAL PARK 1 SEC-42 ',NULL,'2','13','GURGAON','122001',2,NULL,3,'34','3',NULL,'1','3','HR26CT6473','03/2015',NULL,NULL,'White','Diesel',NULL,'First Owner','40000','2600000',NULL,'Y',NULL,NULL,NULL,NULL,'By Cash','2019-12-03 10:43:51','2019-12-09 14:05:17'),(26,'Siddharthsid22','9717538902','NA','Billding no-14 cyber city ',NULL,'2','13','GURGAON','120001',7,NULL,6,'4','2',NULL,'1','1','HR260000','03/2015',NULL,NULL,'White','Petrol','null','First Owner','52000','2500000',NULL,'Y',NULL,NULL,NULL,NULL,'By Cash','2019-12-03 11:38:00','2019-12-09 14:05:17'),(27,'VARUN BANSAL','9876804900',NULL,'Tagore Nagar',NULL,'5','28','LUDHIANA','140412',2,NULL,3,'217','3',NULL,'12','49','PB100000','0/2016',NULL,NULL,'Black','Diesel',NULL,'First Owner','50000','3600000',NULL,'Y',NULL,NULL,NULL,NULL,'By Cash','2019-12-03 11:46:51','2019-12-17 18:30:49'),(28,'ANUBHAV TALWAR','9910035440',NULL,'ASHOK VIHAR',NULL,'8','10','DELHI','110001',2,NULL,3,NULL,'2',NULL,'12','42','UP32KH8800','08/2018',NULL,NULL,'White','Diesel',NULL,'First Owner','30000','2750000',NULL,'Y',NULL,NULL,NULL,NULL,'By Cash','2019-12-03 12:16:50','2019-12-17 18:39:13'),(29,'MAYANK ARORA','9812633333',NULL,'KUNDALI',NULL,'7','13','KUNDALI','131028',2,NULL,3,'79','2',NULL,'3','12',NULL,'04/2018',NULL,NULL,'Blue','Diesel',NULL,'First Owner','27000','4100000',NULL,'Y',NULL,NULL,NULL,NULL,'By Cash','2019-12-03 12:29:06','2019-12-09 14:05:19'),(30,'DAVINDER','9810185403',NULL,'Pusa Road Area,',NULL,'8','10','DELHI','110001',7,NULL,3,'217','3',NULL,'12','49','MH43AT8284','0/0',NULL,NULL,'Black','Diesel',NULL,'First Owner','50000','3900000',NULL,'Y',NULL,NULL,NULL,NULL,'By Cash','2019-12-03 12:32:05','2019-12-09 14:05:16'),(31,'SAURABH BHADANA','9911129011',NULL,'YUMNA VIHAR ',NULL,'8','10','DELHI','110001',2,NULL,3,'160','2',NULL,'12','42','DL2CAQ7585','08/2015',NULL,NULL,'Red','Diesel',NULL,'First Owner','22000','2300000',NULL,'Y',NULL,NULL,NULL,NULL,'By Cash','2019-12-03 12:35:21','2019-12-09 14:05:16'),(32,'HARDEEP SINGH','9888021721',NULL,'JALINDER',NULL,'4','28','PUNJAB','364000',7,NULL,3,'33','3',NULL,'1','3','UK07BD5369','04/2014',NULL,NULL,'White','Diesel',NULL,'First Owner','67000','1800000',NULL,'Y',NULL,NULL,NULL,NULL,'By Cash','2019-12-04 11:18:27','2019-12-09 14:05:18'),(33,'RAJU','9050666685',NULL,'H.NO-124 SEC-15 SONIPAT',NULL,'16','13','SONIPAT','131001',7,NULL,3,'79','2',NULL,'3','12','HR100000','02/2018',NULL,NULL,'Blue','Diesel',NULL,'First Owner','27300','4100000',NULL,'Y',NULL,NULL,NULL,NULL,'By Cash','2019-12-04 11:21:31','2019-12-09 14:05:20'),(34,'ANMOL','8881890000',NULL,'Saraswati Vihar, Amritsar',NULL,'446','28','PUNJAB','131001',7,NULL,3,'18','2',NULL,'1','2','PB020000','03/2016',NULL,NULL,'Black','Diesel',NULL,'Second Owner','60000','2600000',NULL,'Y',NULL,NULL,NULL,NULL,'By Cash','2019-12-04 11:25:36','2020-01-03 10:08:30'),(35,'S B','7827806112',NULL,'Kirti Nagar',NULL,'8','10','DELHI','110001',7,NULL,3,'76','2',NULL,'3','12','DL00000','10/2016',NULL,NULL,'Blue','Diesel',NULL,'First Owner','43000','32400000',NULL,'Y',NULL,NULL,NULL,NULL,'By Cash','2019-12-04 11:27:48','2019-12-09 14:05:16'),(36,'AKASH','9503606003',NULL,'Civil Lines, Nagpur',NULL,'367','21','MAHARASHTRA',NULL,7,NULL,3,'75','2',NULL,'3','12','MH310000','07/2014',NULL,NULL,'White','Diesel',NULL,'Second Owner','55000','2200000',NULL,'Y',NULL,NULL,NULL,NULL,'By Cash','2019-12-04 11:31:10','2020-01-03 10:08:30'),(37,'VISHAL','9001257557',NULL,'SS DAIRY DADA BARI',NULL,'6','29','KOTA','323031',7,NULL,3,'4','2',NULL,'1','1','RJ280000','10/2015',NULL,NULL,'White','Petrol',NULL,'Second Owner','45000','1800000',NULL,'Y',NULL,NULL,NULL,NULL,'By Cash','2019-12-04 11:38:20','2019-12-09 14:05:19'),(38,'K S DHILLON','9988883953',NULL,'Ganpati Enclave, Bathinda',NULL,'448','28','PUNJAB','131001',7,NULL,3,'2','2',NULL,'1','1','PB03A0008','06/2014',NULL,NULL,'White','Diesel',NULL,'First Owner','34000','2200000',NULL,'Y',NULL,NULL,NULL,NULL,'By Cash','2019-12-04 11:41:24','2020-01-03 10:08:30'),(39,'PAYAL MITTAL','9899526546',NULL,'ANAND VIHAR EDM MALL',NULL,'8','10','delhi','110001',2,NULL,3,'6','2',NULL,'1','1','dl00000','07/2013',NULL,NULL,'Black','Diesel',NULL,'First Owner','18800','1500000',NULL,'Y',NULL,NULL,NULL,NULL,'By Cash','2019-12-04 12:08:19','2019-12-09 14:05:16'),(40,'ANURAG DIXIT','9899447716',NULL,' INFRASTRUCTURE LEASING & FINA',NULL,'2','13','GURGAON','122001',11,NULL,2,'18','2',NULL,'1','2','DL2CAP6714','05/2015',NULL,NULL,'Silver','Diesel',NULL,'First Owner','44000','2200000',NULL,'Y',NULL,NULL,NULL,NULL,'By Cash','2019-12-05 07:34:31','2019-12-17 18:42:23'),(41,'SUMAN DASS','9836621523',NULL,'Kolkata',NULL,'24','36','Kolkata','700001',4,NULL,3,'46','3',NULL,'1','6','DL2CAT2474','03/2014',NULL,NULL,'White','Diesel',NULL,'First Owner','112000','2000000',NULL,'Y',NULL,NULL,NULL,NULL,'By Cash','2019-12-05 08:30:04','2019-12-09 14:05:19'),(42,'SHIVAN','8607200020',NULL,'MITTAL FARM HOUSE SEC-78 NAURA',NULL,'2','13','GURGAON','122001',2,NULL,3,NULL,'3',NULL,'9','34','HR5100000','06/2016',NULL,NULL,'Blue','Diesel',NULL,'First Owner','22000','3500000',NULL,'Y',NULL,NULL,NULL,NULL,'By Cash','2019-12-05 08:32:16','2019-12-17 18:39:13'),(43,'SONU','9829583336',NULL,'Bani Park',NULL,'3','29','JAIPUR','302001',7,NULL,3,'174','2',NULL,'12','44','RJ1400000','04/2018',NULL,NULL,'White','Diesel',NULL,'First Owner','29500','3170000',NULL,'Y',NULL,NULL,NULL,NULL,'By Cash','2019-12-05 08:36:38','2019-12-09 14:05:18'),(44,'Apar Agarwal','8958725555',NULL,'G-K -2',NULL,'8','10','DELHI','110001',2,NULL,3,'167','3',NULL,'12','43','UP16BC1270','08/2015',NULL,NULL,'White','Diesel',NULL,'Second Owner','50000','1850000',NULL,'Y',NULL,NULL,NULL,NULL,'By Cash','2019-12-05 08:39:00','2019-12-09 14:05:16'),(45,'DEVEN SINGH','9716789096',NULL,'Mohmmadpur Jharsa',NULL,'2','13','GURGAON','122001',7,NULL,3,'75','2',NULL,'3','12','HR2600000','05/2017',NULL,NULL,'Blue','Diesel',NULL,'First Owner','11000','3500000',NULL,'Y',NULL,NULL,NULL,NULL,'By Cash','2019-12-05 08:41:43','2019-12-09 14:05:18'),(46,'Arvinder Singh','9811800000','NA','NARIANA',NULL,'8','10','DELHI','110001',2,NULL,6,'173','2',NULL,'12','44','DL3C0000','06/2017',NULL,NULL,'Silver','Petrol','null','First Owner','14000','2450000',NULL,'Y',NULL,NULL,NULL,NULL,'By Cash','2019-12-05 09:10:22','2019-12-09 14:05:16'),(47,'Anil Chawla ','9910061626','NA','B-431 MEERA BAGH PACHIM VIHAR',NULL,'8','10','DELHI','110001',4,NULL,6,'172','2',NULL,'12','44','HR260000','12/0002',NULL,NULL,'Red','Diesel','null','First Owner','11500','2100000',NULL,'Y',NULL,NULL,NULL,NULL,'By Cash','2019-12-05 12:18:05','2019-12-09 14:05:16'),(48,'AMAN CHAUHAN','9999295398',NULL,'C-2 Oppt bus stand jank puri',NULL,'8','10','delhi','110001',11,NULL,3,'21','2',NULL,'1','2','DL8CAL5974','05/2016',NULL,NULL,'White','Diesel',NULL,'Second Owner','16000','2700000',NULL,'Y',NULL,NULL,NULL,NULL,'By Cash','2019-12-06 06:33:52','2019-12-09 14:05:16'),(49,'SHIVAM','9810540390',NULL,'DLF PH-4',NULL,'2','13','GURGAON','122001',7,NULL,3,'33','3',NULL,'1','3','HR26CC9800','09/2013',NULL,NULL,'White','Diesel',NULL,'First Owner','55000','1900000',NULL,'Y',NULL,NULL,NULL,NULL,'By Cash','2019-12-06 07:28:36','2019-12-09 14:05:18'),(50,'PRADEEP MALHAN','9899172700','NA','RACE COURCE',NULL,'18','34','DEHRADUN','248001',7,NULL,6,'21','2',NULL,'1','2','UK070000','07/2015',NULL,NULL,'Black','Diesel','null','Second Owner','56000','3000000',NULL,'Y',NULL,NULL,NULL,NULL,'By Cash','2019-12-06 07:51:18','2019-12-09 14:05:16'),(51,'DR.VISHAL SRIVASTAV','9919588852','NA','STAR NEURO MATERNITY CENTER SA',NULL,'20','34','GORAKHPUR','273001',7,NULL,6,'null','2',NULL,'20','77','UP32KB9991','05/2018',NULL,NULL,'White','Diesel','null','First Owner','24000','6500000',NULL,'Y',NULL,NULL,NULL,NULL,'By Cash','2019-12-06 09:03:57','2019-12-17 18:39:13'),(52,'ANOOP KUMAR','8755236339','NA','BIJNOR',NULL,'25','34','HARIDWAR','273001',7,NULL,6,'2','2',NULL,'1','1','UK080000','02/2016',NULL,NULL,'White','Diesel','null','Second Owner','75000','1800000',NULL,'Y',NULL,NULL,NULL,NULL,'By Cash','2019-12-06 09:06:52','2019-12-09 14:05:18'),(53,'RAMIY SINGH','8511223000',NULL,'Naroda Nagar, Rajkot',NULL,'173','12','GUJRAT','382340',7,NULL,3,'75','2',NULL,'3','12','GJ0600000','06/2015',NULL,NULL,'Brown','Diesel',NULL,'First Owner','43000','2400000',NULL,'Y',NULL,NULL,NULL,NULL,'By Cash','2019-12-06 10:50:55','2020-01-03 10:08:30'),(54,'SHAAN','9575757576',NULL,'Anoop Nagar',NULL,'10','20','INDORE','452001',7,NULL,3,'65','2',NULL,'3','11',NULL,'0/0',NULL,NULL,'White','Diesel',NULL,'First Owner','57000','1900000',NULL,'Y',NULL,NULL,NULL,NULL,'By Cash','2019-12-06 10:53:34','2019-12-09 14:05:18'),(55,'khushwinder SINGH','8826379689',NULL,'GOLF COURSE ROAD',NULL,'2','13','GURGAON','122001',7,NULL,3,'199','2',NULL,'12','46','HP140000','06/2015',NULL,NULL,'Black','Diesel',NULL,'First Owner','29000','6000000',NULL,'Y',NULL,NULL,NULL,NULL,'By Cash','2019-12-06 10:55:53','2019-12-09 14:05:18'),(56,'VINAY GOVIL','9899031131',NULL,'SEC-15  PART-2',NULL,'2','13','GURGAON','122001',7,NULL,3,NULL,'3',NULL,'12','50','HR260000','11/2015',NULL,NULL,'White','Diesel',NULL,'First Owner','47000','5100000',NULL,'Y',NULL,NULL,NULL,NULL,'By Cash','2019-12-06 10:58:02','2019-12-17 18:39:13'),(57,'NAVEEN ','9990998893',NULL,'SEC-17/18',NULL,'2','13','GURGAON','122001',7,NULL,3,'145','2',NULL,'12','42','HR26CJ5005','02/2014',NULL,NULL,'White','Diesel',NULL,'Second Owner','58000','2050000',NULL,'Y',NULL,NULL,NULL,NULL,'By Cash','2019-12-06 11:00:10','2019-12-09 14:05:17'),(58,'Tanishq','9555555353',NULL,'MATHURA',NULL,'25','34','MATHURA','281001',4,NULL,3,'196','2',NULL,'12','46','HR260000','07/2014',NULL,NULL,'White','Diesel',NULL,'First Owner','51000','4500000',NULL,'Y',NULL,NULL,NULL,NULL,'By Cash','2019-12-06 11:12:25','2019-12-09 14:05:19'),(59,'Tanishq','9555555353',NULL,'MATHURA',NULL,'25','34','MATHURA','281001',4,NULL,3,'129','2',NULL,'8','29','HR26DT0273','03/2018',NULL,NULL,'White','Diesel',NULL,'First Owner','1800','7800000',NULL,'Y',NULL,NULL,NULL,NULL,'By Cash','2019-12-06 11:14:18','2019-12-09 14:05:19'),(60,'Nishant Pundhir','9871877485',NULL,'A-14 BRAHMA APARTMENTS PLOT NO',NULL,'8','10','DELHI','110075',2,NULL,3,'18','2',NULL,'1','2','DL2CAT1099','06/2014',NULL,NULL,'White','Diesel',NULL,NULL,'32300','2200000',NULL,'Y',NULL,NULL,NULL,NULL,'By Cash','2019-12-07 10:08:26','2019-12-09 14:05:16'),(61,'SANYAM ARORA','9812039899',NULL,'Sadhr Bazar',NULL,'23','13','KARNAL','132001',7,NULL,3,'3','2',NULL,'1','1','UK07BN5000','09/2014',NULL,NULL,'Brown','Diesel',NULL,'First Owner','61000','1495000',NULL,'Y',NULL,NULL,NULL,NULL,'By Cash','2019-12-07 10:11:23','2019-12-09 14:05:19'),(62,'ROMY WALIA','9810921536',NULL,'VATIKA SEVEN LEMNS POWER TOWER',NULL,'2','13','GURGAON','122001',7,NULL,3,'175','2',NULL,'12','44','MH03CS1619','08/2017',NULL,NULL,'Blue','Diesel',NULL,'First Owner','12000','3200000',NULL,'Y',NULL,NULL,NULL,NULL,'By Cash','2019-12-07 12:23:16','2019-12-09 14:05:18'),(63,'SHRIKANT','9421812400',NULL,'Bhosari Sector 4',NULL,'26','21','PUNE','111045',7,NULL,3,'175','2',NULL,'12','44','MH14EC6063','09/2014',NULL,NULL,'White','Diesel',NULL,'First Owner','50000','2400000',NULL,'Y',NULL,NULL,NULL,NULL,'By Cash','2019-12-07 12:25:21','2019-12-09 14:05:20'),(64,'JAZZY DEALER','9711197888',NULL,'ASHOK VIHAR',NULL,'8','10','DELHI','110001',7,NULL,3,'161','2',NULL,'12','42','CH00000','09/2018',NULL,NULL,'Blue','Diesel',NULL,'First Owner','13510','4951000',NULL,'Y',NULL,NULL,NULL,NULL,'By Cash','2019-12-07 12:27:18','2019-12-09 14:05:16'),(65,'VISHAL','9215015501',NULL,'GURGAON',NULL,'2','13','GURGAON','122001',11,NULL,3,'226','3',NULL,'16','62','HR2600000','0/0',NULL,NULL,'Blue','Petrol',NULL,'First Owner','35000','5000000',NULL,'Y',NULL,NULL,NULL,NULL,'By Cash','2019-12-09 08:31:24','2019-12-09 14:05:18'),(66,'HARI /DEALER','9643102641',NULL,'ASHOK VIHAR',NULL,'8','10','DELHI','110001',7,NULL,3,'154','2',NULL,'12','42','HR91 TEMP0000','03/2019',NULL,NULL,'Black','Diesel',NULL,'First Owner','6500','5700000',NULL,'Y',NULL,NULL,NULL,NULL,'By Cash','2019-12-09 10:32:23','2019-12-09 14:05:17'),(67,'SHAILESH DEALER','9822268152',NULL,NULL,NULL,'19','11',NULL,'403110',7,NULL,3,'161','2',NULL,'12','42','HR26CW0000','01/2018',NULL,NULL,'White','Diesel',NULL,'First Owner','5118','4900000',NULL,'Y',NULL,NULL,NULL,NULL,'By Cash','2019-12-09 10:38:17','2019-12-17 18:33:56'),(68,'NISHANT GOYAL','9878000180',NULL,'H.NO-3135 Sector 20D, Chandiga',NULL,'17','6','CHANDIGARH',NULL,7,NULL,3,'148','2',NULL,'12','42','CH01AX0000','08/2013',NULL,NULL,'Silver','Diesel',NULL,'Second Owner','10000','30000000',NULL,'Y',NULL,NULL,NULL,NULL,NULL,'2019-12-09 12:37:39','2019-12-09 13:59:21'),(69,'SANDEEP','9872705004',NULL,'Sector 52',NULL,'17','6','CHANDIGARH',NULL,7,NULL,2,'17','2',NULL,'1','1','CH01AZ9292','5/2014',NULL,NULL,'White','Diesel',NULL,'Second Owner','60000','1700000',NULL,'Y',NULL,NULL,NULL,NULL,'By Cash','2019-12-09 12:40:02','2019-12-17 18:42:23'),(70,'AMAN','9988311605',NULL,'NK SHARMA OFFICE CHANDIGARH AM',NULL,'17','6','CHANDIGARH',NULL,7,NULL,3,'21','2',NULL,'1','2','CH101(T)0973','11/2018',NULL,NULL,'White','Diesel',NULL,'First Owner','56000','3800000',NULL,'Y',NULL,NULL,NULL,NULL,'By Cash','2019-12-09 12:42:16','2019-12-09 13:59:21'),(71,'ABHIMANYU GROVER','9041012100',NULL,'SEC-18 H.NO-1560',NULL,'17','6','Chandigarh',NULL,7,NULL,3,'63','2',NULL,'3','11','CHAX10000','02/2013',NULL,NULL,'White','Diesel',NULL,'First Owner','46000','2000000',NULL,'Y',NULL,NULL,NULL,NULL,'By Cash','2019-12-09 12:44:29','2019-12-09 13:59:21'),(72,'ROHIT MOHANTY','7854999997',NULL,'ODISHA',NULL,'15','26',NULL,NULL,4,NULL,3,'249','3',NULL,'20','73','PY050088','0/0',NULL,NULL,'White','Diesel','Automatic','Third Owner','46000','3900000',NULL,'Y',NULL,NULL,NULL,NULL,'By Cash','2019-12-10 07:19:31','2019-12-10 07:19:31'),(73,'ROHIT MOHANTY','7854999997',NULL,'ODISHA',NULL,'8','26',NULL,NULL,4,NULL,3,'133','2',NULL,'8','32','OD02BB1100','12/2018',NULL,NULL,'White','Diesel','Automatic','First Owner','17000','3000000',NULL,'Y',NULL,NULL,NULL,NULL,'By Cash','2019-12-10 07:21:39','2019-12-17 18:30:16'),(74,'Punit Baniwal/DEALER','8929010664',NULL,'C-4 RAJOURI GARDEN',NULL,'8','10',NULL,'110001',2,NULL,3,'119','2',NULL,'3','20','HR2600000','07/2017',NULL,NULL,'White','Diesel','Automatic','First Owner','15000','8400000',NULL,'Y',NULL,NULL,NULL,NULL,'By Cash','2019-12-10 07:23:46','2019-12-10 07:23:46'),(75,'SANZEEV BHATIA','9810620431',NULL,'Connaught Place,BANGLA SHAIB ',NULL,'8','10',NULL,'110001',7,NULL,3,'32','3',NULL,'1','3','DL8CA00000','02/2015',NULL,NULL,'Gray','Diesel','Automatic','First Owner','53500','2200000',NULL,'Y',NULL,NULL,NULL,NULL,'By Cash','2019-12-10 10:53:58','2019-12-10 10:53:58'),(76,'MODI /DEALER','9619720925',NULL,'CEEJAY HOUSE WORLI',NULL,'12',NULL,NULL,NULL,7,NULL,3,NULL,'3',NULL,'9','38','UNREGISTRED','0/2018',NULL,NULL,'Silver','Petrol','Automatic','Many','10919','44500000',NULL,'Y',NULL,NULL,NULL,NULL,'By Cash','2019-12-10 10:57:32','2019-12-17 18:39:13'),(77,'SAHIL/DEALER/BHARTI ARITEL','9899944198',NULL,'KAROL BAGH',NULL,'8','10',NULL,'110001',7,NULL,3,NULL,'3',NULL,'9','38','CH0000','07/2017',NULL,NULL,'Blue','Diesel','Automatic','First Owner','50000','3250000',NULL,'Y',NULL,NULL,NULL,NULL,'By Cash','2019-12-10 11:01:43','2019-12-17 18:39:14'),(78,'KIRTAN MANCHADA DEALER','8285195067',NULL,'PATEL NAGAR',NULL,'8','10',NULL,'110001',7,NULL,3,NULL,'3',NULL,'12','50','DL0000','09/2019',NULL,NULL,'Blue','Diesel','Automatic',NULL,'5150','6825000',NULL,'Y',NULL,NULL,NULL,NULL,'By Cash','2019-12-10 11:04:03','2019-12-17 18:39:14'),(79,'SACHIN YADAV','9811072024',NULL,'Pitampura, Delhi,',NULL,'8',NULL,NULL,'110001',7,NULL,3,'32','3',NULL,'1','3','DL00000','07/2016',NULL,NULL,'White','Diesel','Automatic','First Owner','65000','2650000',NULL,'Y',NULL,NULL,NULL,NULL,'By Cash','2019-12-11 08:45:37','2019-12-11 11:29:22'),(80,'PRAKASH SHARMA','8851743021',NULL,'H.NO-127 SEC-30 FARIDABAD',NULL,'27',NULL,NULL,NULL,2,NULL,3,'62','2',NULL,'3','11','HR26DC3739','01/2016',NULL,NULL,'Blue','Diesel','Automatic','Second Owner','30000','2500000',NULL,'N',NULL,NULL,NULL,NULL,'By Cash','2019-12-11 09:23:12','2019-12-11 12:28:34'),(81,'PRAKASH SHARMA','8851743021',NULL,'H.NO-127 SEC-30 FARIDABAD',NULL,'27',NULL,NULL,NULL,2,NULL,3,'62','2',NULL,'3','11','HR26DC3739','0/0',NULL,NULL,'Blue','Diesel','Automatic','Second Owner','30000','2500000',NULL,'Y',NULL,NULL,NULL,NULL,'By Cash','2019-12-11 09:26:40','2019-12-11 11:29:22'),(82,'NIMISH MITTAL','8588808268',NULL,'PRITAM PURA DELHI',NULL,'8',NULL,NULL,'110001',2,NULL,3,'115','3',NULL,'3','19','HR100000','08/2016',NULL,NULL,'Blue','Diesel','Automatic','First Owner','70000','1900000',NULL,'Y',NULL,NULL,NULL,NULL,'By Cash','2019-12-11 09:29:18','2019-12-11 11:29:22'),(83,'AAYUSH','9711339929',NULL,'PRITAM PURA DELHI',NULL,'8',NULL,NULL,NULL,2,NULL,3,'62','2',NULL,'3','11','DL7CT0000','06/2014',NULL,NULL,'White','Diesel','Automatic','First Owner','35000','1900000',NULL,'Y',NULL,NULL,NULL,NULL,'By Cash','2019-12-11 09:31:13','2019-12-11 11:29:22'),(84,'ANUJ','9717332298',NULL,'OKHLA DELHI',NULL,'8',NULL,NULL,NULL,2,NULL,3,NULL,'2',NULL,'8','28','DL6CM5628','0/0',NULL,NULL,'Black','Diesel','Automatic','First Owner','57000','2300000',NULL,'Y',NULL,NULL,NULL,NULL,'By Cash','2019-12-11 09:32:45','2019-12-17 18:39:14'),(85,'PANKAJ SHARMA','9212079219',NULL,NULL,NULL,'8',NULL,NULL,NULL,2,NULL,3,NULL,'2',NULL,'1','4','DL3CCF0600','10/2011',NULL,NULL,'White','Petrol','Automatic','First Owner','50000','2200000',NULL,'Y',NULL,NULL,NULL,NULL,'By Cash','2019-12-11 09:34:32','2019-12-17 18:39:14'),(86,'VIPUL KAPILA','9873200004',NULL,'RIGAL GARDEN SEC-90 GURGAON',NULL,'2',NULL,NULL,NULL,2,NULL,3,'167','3',NULL,'12','43','UK07BL5151','03/2015',NULL,NULL,'White','Diesel','Automatic','First Owner','54000','1500000',NULL,'Y',NULL,NULL,NULL,NULL,'By Cash','2019-12-11 09:36:58','2019-12-11 11:29:23'),(87,'SACHIN','9250092501',NULL,'NOIDA',NULL,'13',NULL,NULL,NULL,2,NULL,3,'62','2',NULL,'3','11','up160000','04/2015',NULL,NULL,'Black','Diesel','Automatic','First Owner','28000','3000000',NULL,'Y',NULL,NULL,NULL,NULL,'By Cash','2019-12-11 11:40:22','2019-12-11 13:29:49'),(88,'SAKET','9837060222',NULL,'KARNAL',NULL,'23',NULL,NULL,NULL,4,NULL,3,'115','3',NULL,'3','19','hr00000','06/2016',NULL,NULL,'White','Diesel','Automatic','First Owner','45000','2500000',NULL,'Y',NULL,NULL,NULL,NULL,'By Cash','2019-12-11 11:42:38','2019-12-11 13:29:49'),(89,'NARESH SHARMA/ROSHNI BULDTECH ','9971006281',NULL,'A-2/147 1ST FLOOR JANK PURI',NULL,'8',NULL,NULL,NULL,4,NULL,3,'20','2',NULL,'1','2','DL2CAT5747','11/2014',NULL,NULL,'White','Diesel','Automatic','First Owner','37000','2500000',NULL,'Y',NULL,NULL,NULL,NULL,'By Cash','2019-12-11 11:45:08','2019-12-11 13:29:49'),(90,'RAJEEV VERMA','8860662993',NULL,'H.NO-5041,ATS PRISTINE SEC-150',NULL,'13',NULL,NULL,NULL,2,NULL,3,'36','3',NULL,'1','5','DL2CAT5262','08/2015',NULL,NULL,'White','Diesel','Automatic','First Owner','40000','2090000',NULL,'Y',NULL,NULL,NULL,NULL,'By Cash','2019-12-11 11:47:20','2019-12-11 13:29:49'),(91,'vivek','7840006646',NULL,'delhi',NULL,'8','10',NULL,NULL,2,NULL,3,NULL,'2',NULL,'8','28','up160000','06/2017',NULL,NULL,'White','Diesel','Automatic','First Owner','20000','5500000',NULL,'Y',NULL,NULL,NULL,NULL,'By Cash','2019-12-11 12:31:30','2019-12-17 18:39:14'),(92,'DARSHAN ARORA','9899775577',NULL,'SEC-43 SUSHANT LOK PH-1',NULL,'2','13',NULL,'122001',7,NULL,3,'55','8',NULL,'1','7','HR26CP0531','07/2015',NULL,NULL,'Blue','Diesel','Automatic','First Owner','50000','1450000',NULL,'Y',NULL,NULL,NULL,NULL,'By Cash','2019-12-12 11:47:15','2019-12-12 11:47:15'),(93,'SURESH GUPTA','9915984000',NULL,'Bade wala road Bharat Nagar',NULL,'5','28',NULL,NULL,7,NULL,3,NULL,'2',NULL,'12','46','UK070000','10/2014',NULL,NULL,'White','Diesel','Automatic','First Owner','95000','700000',NULL,'Y',NULL,NULL,NULL,NULL,'By Cash','2019-12-12 11:49:44','2019-12-17 18:39:14'),(94,'MOHIT/DEALER','8872221786',NULL,'PH-2',NULL,'17','6',NULL,NULL,7,NULL,3,NULL,'3',NULL,'16','62','HR260000','11/2015',NULL,NULL,'White','Diesel','Automatic','First Owner','54000','4500000',NULL,'Y',NULL,NULL,NULL,NULL,'By Cash','2019-12-12 12:18:43','2019-12-17 18:39:14'),(95,'AKHIESH PANDEY','8527803281',NULL,'GURGAON',NULL,'2','13',NULL,NULL,2,NULL,3,'170','2',NULL,'12','44','HR260000','09/2017',NULL,NULL,'Blue','Petrol','Automatic','First Owner','11637','2850000',NULL,'Y',NULL,NULL,NULL,NULL,'By Cash','2019-12-12 12:20:53','2019-12-12 12:20:53'),(96,'ANAND PANDEY','8840838080',NULL,'GOMTI NAGAR',NULL,'8','34',NULL,NULL,7,NULL,3,'149','2',NULL,'12','42','UP320000','10/2018',NULL,NULL,'Blue','Diesel','Automatic','First Owner','1900','5800000',NULL,'Y',NULL,NULL,NULL,NULL,'By Cash','2019-12-12 12:23:54','2019-12-17 18:30:17'),(97,'KRISHAN','9810923115',NULL,'OLD DLF',NULL,'2','13',NULL,NULL,7,NULL,3,'21','2',NULL,'1','2','HR260000','07/2015',NULL,NULL,'Gray','Diesel','Automatic','First Owner','55000','2550000',NULL,'Y',NULL,NULL,NULL,NULL,'By Cash','2019-12-12 12:25:44','2019-12-12 12:25:44'),(98,'TAUSIF','9756200222',NULL,'DLF City Phase 5 SEC-54',NULL,'2','13',NULL,'122001',7,NULL,2,'52','8',NULL,'1','7','HR26CJ7288','4/2014',NULL,NULL,'Silver','Diesel','Automatic','First Owner','47000','1500000',NULL,'Y',NULL,NULL,NULL,NULL,'By Cash','2019-12-13 12:47:01','2019-12-17 18:28:51'),(99,'SACHINT','9756200222',NULL,'MUMBAI',NULL,'12','20',NULL,NULL,7,NULL,3,'46','3',NULL,'1','6','UK070000','08/2014',NULL,NULL,'White','Diesel','Automatic','First Owner','35000','3500000',NULL,'Y',NULL,NULL,NULL,NULL,'By Cash','2019-12-13 12:48:58','2019-12-13 12:48:58'),(100,'NISHANT','8755833300',NULL,'Missar Wala Kala, Doiwala',NULL,'18','35',NULL,NULL,7,NULL,3,'219','9',NULL,'12','53','UK07BS2200','09/2016',NULL,NULL,'White','Diesel','Automatic','First Owner','57500','1650000',NULL,'Y',NULL,NULL,NULL,NULL,'By Cash','2019-12-13 12:52:55','2019-12-13 12:52:55'),(101,'ARSHIT JAIN','9997370007','NA','H.NO-67/2 GALI NO-1 MADUBEN EN',NULL,'18','35',NULL,'NA',7,NULL,6,'145','2',NULL,'12','42','HR26CD6507','09/2013',NULL,NULL,'White','Diesel','Automatic','First Owner','48500','2400000',NULL,'Y',NULL,NULL,NULL,NULL,'By Cash','2019-12-13 12:58:18','2019-12-13 12:58:18'),(102,'HARPREET','8283066638',NULL,'H.NO-12302 SANGEET CINEMA COMP',NULL,'5','28',NULL,NULL,7,NULL,3,NULL,'9',NULL,'12','85','PB100000','06/2014',NULL,NULL,'Black','Diesel','Automatic','First Owner','41000','1500000',NULL,'Y',NULL,NULL,NULL,NULL,'By Cash','2019-12-13 13:03:03','2019-12-17 18:39:15'),(103,'RUPESH GUPTA','9815224365',NULL,'LUDHIANA',NULL,'5','28',NULL,NULL,7,NULL,3,'75','2',NULL,'3','12','PB100000','08/2016',NULL,NULL,'White','Diesel','Automatic','Second Owner','16000','3000000',NULL,'Y',NULL,NULL,NULL,NULL,'By Cash','2019-12-13 13:05:32','2019-12-13 13:05:32'),(104,'ARPIT GUPTA','9855515666',NULL,'CHEMA CHOWK',NULL,'5','28',NULL,NULL,7,NULL,3,'96','2',NULL,'3','14','PB100000','03/2016',NULL,NULL,'Black','Diesel','Automatic','First Owner','13500','3200000',NULL,'Y',NULL,NULL,NULL,NULL,'By Cash','2019-12-13 13:09:57','2019-12-13 13:09:57'),(105,'HARINDER SINGH','9876108045',NULL,'MALL ROAD',NULL,'5','28',NULL,NULL,7,NULL,3,'217','3',NULL,'12','49','CH010000','09/2015',NULL,NULL,'White','Diesel','Automatic','First Owner','38000','5000000',NULL,'Y',NULL,NULL,NULL,NULL,'By Cash','2019-12-13 13:12:30','2019-12-13 13:12:30'),(106,'ABHINAV ','8881773196',NULL,'ahmedabad',NULL,'154','12',NULL,NULL,7,NULL,3,'219','9',NULL,'12','53','GJ01RS0343','11/2013',NULL,NULL,'White','Diesel','Automatic','Second Owner','34000','1500000',NULL,'Y',NULL,NULL,NULL,NULL,'By Cash','2019-12-13 13:15:41','2020-01-03 10:08:30'),(107,'HARSH','9990448443',NULL,'C-161 DEFENCE COLONY',NULL,'8','10',NULL,'110001',7,NULL,3,NULL,'1',NULL,'13','56','HR26CS4346','01/2014',NULL,NULL,'Gray','Diesel','Automatic','Second Owner','14800','1900000',NULL,'Y',NULL,NULL,NULL,NULL,'By Cash','2019-12-14 09:56:51','2019-12-17 18:39:15'),(108,'CHETANYA SONI','9479611111',NULL,'Pacasiya, Indore',NULL,'10','20',NULL,NULL,7,NULL,3,'171','2',NULL,'12','44','MP09CS1233','08/2015',NULL,NULL,'White','Diesel','Automatic','Second Owner','43000','2300000',NULL,'Y',NULL,NULL,NULL,NULL,'By Cash','2019-12-14 09:58:54','2019-12-14 09:58:54'),(109,'MASOOD CHHABRA','9818386676',NULL,'Hauz Khas',NULL,'8','10',NULL,'110001',7,NULL,3,'147','2',NULL,'12','42','DL8CA00000','07/2014',NULL,NULL,'White','Diesel','Automatic','First Owner','34100','2050000',NULL,'Y',NULL,NULL,NULL,NULL,'By Cash','2019-12-14 10:00:52','2019-12-14 10:00:52'),(110,'EKANT','9855555076',NULL,'AIRPORT AREA',NULL,'17','6',NULL,NULL,7,NULL,3,NULL,'3',NULL,'9','38','CH010000','09/2016',NULL,NULL,'Blue','Diesel','Automatic','First Owner','70000','3100000',NULL,'Y',NULL,NULL,NULL,NULL,'By Cash','2019-12-14 10:21:40','2019-12-17 18:39:15'),(111,'KULWINDER SINGH','9815836370',NULL,'Model Gram',NULL,'5','28',NULL,NULL,7,NULL,3,NULL,'3',NULL,'9','34','CH010000','07/2015',NULL,NULL,'Red','Diesel','Automatic','First Owner','22000','3350000',NULL,'Y',NULL,NULL,NULL,NULL,'By Cash','2019-12-14 10:31:06','2019-12-17 18:39:15'),(112,'SHUBHAM KUMAWAT','8385876891',NULL,'Govindpura, Jaipur',NULL,'3','29',NULL,NULL,7,NULL,3,'36','3',NULL,'1','5','RJ14ZC2361','08/2017',NULL,NULL,'Blue','Diesel','Automatic','First Owner','33500','2500000',NULL,'Y',NULL,NULL,NULL,NULL,'By Cash','2019-12-14 11:54:04','2019-12-14 11:54:04'),(113,'KAPIL','9205810410',NULL,'PRITAM PURA',NULL,'1','10',NULL,NULL,7,NULL,3,'25','2',NULL,'1','2','HR51BB9054','11/2014',NULL,NULL,'Black','Diesel','Automatic','First Owner','25000','2300000',NULL,'Y',NULL,NULL,NULL,NULL,'By Cash','2019-12-14 11:58:11','2019-12-14 11:58:11'),(114,'S P SINGH','9358412100',NULL,'MEERUT',NULL,'25','34',NULL,NULL,7,NULL,3,'48','3',NULL,'1','6','UP160000','11/2018',NULL,NULL,'White','Diesel','Automatic','First Owner','18000','5800000',NULL,'Y',NULL,NULL,NULL,NULL,'By Cash','2019-12-14 12:18:23','2019-12-14 12:18:23'),(115,'BHASKAR CHOUDHARY','9332084086',NULL,' INFRASTRUCTURE LEASING & FINA',NULL,'2','13',NULL,'122001',11,NULL,3,'25','2',NULL,'1','2','DL2CAP6714','06/2016',NULL,NULL,'Silver','Diesel','Automatic','First Owner','44000','2200000',NULL,'Y',NULL,NULL,NULL,NULL,'By Cash','2019-12-16 10:04:45','2019-12-16 10:04:45'),(116,'NISHANT','8630634442',NULL,'ALIGARH',NULL,'8','34',NULL,NULL,2,NULL,2,'1','2',NULL,'1','1','UK070000','10/2016',NULL,NULL,'White','Diesel','Automatic','First Owner','21000','2500000',NULL,'Y',NULL,NULL,NULL,NULL,'By Cash','2019-12-16 10:40:07','2019-12-17 18:34:35'),(117,'NAVDEEP BAIDWAN','9650600219',NULL,'A-8 SEC-107',NULL,'13','34',NULL,NULL,7,NULL,3,'1','2',NULL,'1','1','UP160000','09/2018',NULL,NULL,'Red','Diesel','Automatic','First Owner','11000','3500000',NULL,'Y',NULL,NULL,NULL,NULL,'By Cash','2019-12-16 11:29:33','2019-12-16 11:29:33'),(118,'Rahul Dhawan','9810012845',NULL,'S-35 PANCHSHEEL PARK',NULL,'8','10',NULL,NULL,11,NULL,3,'75','2',NULL,'3','12','UP160000','08/2017',NULL,NULL,'White','Diesel','Automatic','First Owner','28000','4000000',NULL,'Y',NULL,NULL,NULL,NULL,'By Cash','2019-12-16 11:32:39','2019-12-16 11:32:39'),(119,'NARENDER SINGH','8929010659',NULL,'C-5 RAJOURI GARDEN RING ROAD',NULL,'8','10',NULL,NULL,2,NULL,3,'120','2',NULL,'3','20','HR260000','11/2017',NULL,NULL,'White','Diesel','Automatic','First Owner','15000','7500000',NULL,'Y',NULL,NULL,NULL,NULL,'By Cash','2019-12-16 11:36:53','2019-12-16 11:36:53'),(120,'DANISH','8808066664',NULL,'Arya Nagar, Kanpur,',NULL,'23','34',NULL,NULL,2,NULL,3,'62','2',NULL,'3','11','HR','09/2015',NULL,NULL,'White','Diesel','Automatic','First Owner','15000','2200002',NULL,'Y',NULL,NULL,NULL,NULL,'By Cash','2019-12-16 12:02:10','2019-12-17 18:30:49'),(121,'MANU GARG','9711309309',NULL,'Paschim Vihar,',NULL,'8','10',NULL,NULL,7,NULL,3,'25','2',NULL,'1','2','HR00000','05/2014',NULL,NULL,'Silver','Diesel','Automatic','First Owner','21000','1999999',NULL,'Y',NULL,NULL,NULL,NULL,'By Cash','2019-12-16 12:04:23','2019-12-16 12:04:23'),(122,'AJAY SINGH','9721421177',NULL,'Aliganj',NULL,'8','34',NULL,NULL,7,NULL,3,'1','2',NULL,'1','1','up320000','08/2018',NULL,NULL,'White','Diesel','Automatic','First Owner','16500','3300000',NULL,'Y',NULL,NULL,NULL,NULL,'By Cash','2019-12-16 12:45:43','2019-12-17 18:30:17'),(123,'SACHIN YADAV','9899190708',NULL,'SEC-51 OCUS QUANTAM MALL',NULL,'2','13',NULL,NULL,2,NULL,3,'46','3',NULL,'1','6','HR260000','09/2014',NULL,NULL,'White','Diesel','Automatic','First Owner','50000','2800000',NULL,'Y',NULL,NULL,NULL,NULL,'By Cash','2019-12-16 13:11:59','2019-12-16 13:11:59'),(124,'AJAY SINGH','9721421177',NULL,'Aliganj',NULL,'23','34',NULL,NULL,7,NULL,3,'1','2',NULL,'1','1','UP320000','09/2018',NULL,NULL,'White','Diesel','Automatic','First Owner','16500','3300000',NULL,'Y',NULL,NULL,NULL,NULL,'By Cash','2019-12-16 13:15:26','2019-12-16 13:15:26'),(125,'DIMPLE BANSAL','9814114085',NULL,'CHANBDIGARH',NULL,'17','28',NULL,NULL,7,NULL,3,'171','2',NULL,'12','44','CH00000','08/2015',NULL,NULL,'White','Diesel','Automatic',NULL,'55000','3000000',NULL,'Y',NULL,NULL,NULL,NULL,'By Cash','2019-12-16 13:17:37','2019-12-16 13:17:37'),(126,'MANISH MISHRA','8422999725',NULL,'EVERSHINE COSMIC OPP INFINITI ',NULL,'12','21',NULL,NULL,13,NULL,3,'16','2',NULL,'1','1','MH06BB8886','07/2013',NULL,NULL,'Black','Petrol','Automatic','First Owner','68000','1400000',NULL,'Y',NULL,NULL,NULL,NULL,'By Cash','2019-12-17 11:26:03','2019-12-17 13:16:05'),(127,'SUMAN','6292206216','NA','A-47 MATHURA ROAD BLOCK -B',NULL,'8','10',NULL,'NA',6,NULL,2,'48','3',NULL,'1','6','WB20AG1370','07/2014',NULL,NULL,'Blue','Diesel','Automatic','Second Owner','49000','2250000',NULL,'Y',NULL,NULL,NULL,NULL,'By Cash','2019-12-17 11:32:17','2019-12-17 11:32:17'),(128,'MAHESH SHAH','9322270210',NULL,'DELHI',NULL,'8','10',NULL,NULL,4,NULL,3,'4','2',NULL,'1','1','MH04GJ5072','10/2014',NULL,NULL,'White','Diesel','Automatic','First Owner','50000','2000000',NULL,'Y',NULL,NULL,NULL,NULL,'By Cash','2019-12-17 11:53:23','2019-12-17 11:53:23'),(129,'Nakul Malhotra','8826288422',NULL,'GAGAN VIHAR',NULL,'8','10',NULL,NULL,13,NULL,6,NULL,'2',NULL,'1','1','DL7CK4749','7/2010',NULL,NULL,'White','Petrol','Automatic','First Owner','42000','1000000',NULL,'Y',NULL,NULL,NULL,NULL,'By Cash','2019-12-17 12:39:06','2019-12-17 18:39:49'),(130,'RAJINDER SINGH','9811299566',NULL,'MAHARANI BAGH',NULL,'8','10',NULL,NULL,2,NULL,3,'149','2',NULL,'12','42','DL8CA0000','04/2011',NULL,NULL,'Silver','Diesel','Automatic','First Owner','80000','1100000',NULL,'Y',NULL,NULL,NULL,NULL,'By Cash','2019-12-17 12:41:25','2019-12-17 12:41:25'),(131,'VARCHASV GARG','9910076877','NA','H.NO-2 SECOND FLOOR POCKET NO-',NULL,'8','10',NULL,'NA',2,NULL,2,'96','2',NULL,'3','14','NA','04/2014',NULL,NULL,'White','Diesel','Automatic','First Owner','12500','2500000',NULL,'Y',NULL,NULL,NULL,NULL,'By Cash','2019-12-17 12:43:18','2019-12-17 12:43:18'),(132,'Rajiv Goyal','9818833300','NA','NA',NULL,'8','10',NULL,'NA',13,NULL,6,'null','2',NULL,'1','4','DL1CU6940','08/2012',NULL,NULL,'Gray','Diesel','Automatic','Second Owner','50000','1500000',NULL,'Y',NULL,NULL,NULL,NULL,'By Cash','2019-12-17 12:45:36','2019-12-17 18:39:49'),(133,'Shrivasthav','8904061334','shrivasthav18151@gmail.com','Gayatri Tech park,EPIP Area wh',NULL,'1','1',NULL,'560066',9,NULL,4,'null','1',NULL,'6','83','dfghgh4555','01/2019',NULL,NULL,'Beige','Diesel','Manual','Second Owner','560066','563256536',NULL,'N',NULL,NULL,NULL,NULL,'Loan','2019-12-17 17:04:19','2019-12-18 04:35:22'),(134,'PADAM','9911796128','PADAM@GMAIL.COM','SEC-21',NULL,'2','13',NULL,'122001',2,NULL,2,'64','2',NULL,'3','11','UP84S0099','09/2016',NULL,NULL,'Black','Diesel','Automatic','First Owner','57000','2000000',NULL,'Y',NULL,NULL,NULL,NULL,'By Cash','2019-12-18 09:33:40','2019-12-18 09:33:40'),(135,'DR.R B GUTA','9810287548','gupta@gmail.com','SEC-10A',NULL,'2','13',NULL,'122001',2,NULL,2,'36','3',NULL,'1','5','HR269616','05/2014',NULL,NULL,'White','Diesel','Automatic','Second Owner','50000','1600000',NULL,'Y',NULL,NULL,NULL,NULL,'By Cash','2019-12-18 09:36:18','2019-12-18 09:36:18'),(136,'ABHISHEK MATHUR','9654999687','abhishek@gmail.com','WESTEN GREENS',NULL,'2','13',NULL,'122001',13,NULL,2,'48','3',NULL,'1','6','HR51AB1441','06/2011',NULL,NULL,'Silver','Diesel','Automatic','Second Owner','96000','1500000',NULL,'Y',NULL,NULL,NULL,NULL,'By Cash','2019-12-18 09:39:01','2019-12-18 09:39:01'),(137,'ANKIT /DELAER','9873267133','ankit@gmail.com','karol bhag',NULL,'8','10',NULL,'110001',2,NULL,3,'','3',NULL,'12','50','DL1CZ7450','10/2018',NULL,NULL,'Blue','Diesel','Automatic','First Owner','6000','7900000',NULL,'Y',NULL,NULL,NULL,NULL,'By Cash','2019-12-18 09:40:52','2019-12-18 09:40:52'),(138,'Rahul AGGARWAL','9818210882','rahul@gmail.com','C-16 SECOND FLOOR HOUSING SOCI',NULL,'8','10',NULL,'110001',13,NULL,3,'2','2',NULL,'1','1','DL7CN3301','09/2012',NULL,NULL,'Black','Diesel','Automatic','First Owner','60000','1200000',NULL,'Y',NULL,NULL,NULL,NULL,'By Cash','2019-12-18 09:43:32','2019-12-18 09:43:32'),(139,'NITIN RATHI','8527690714','NITIN@GMAIL.COM','CENTRAL SRORE SHRI BALAJI BUIL',NULL,'2','13',NULL,'122001',7,NULL,2,'21','2',NULL,'1','2','HR26CX0011','09/2016',NULL,NULL,'Blue','Diesel','Automatic','First Owner','49000','3000000',NULL,'Y',NULL,NULL,NULL,NULL,'By Cash','2019-12-18 12:24:27','2019-12-18 12:24:27'),(140,'ABHAY ','9560028457','ABHAY@GMAIL.COM','H.NO-1863 SEC-4',NULL,'2','13',NULL,'122001',4,NULL,3,'175','2',NULL,'12','44','HR260000','10/2015',NULL,NULL,'Blue','Diesel','Automatic','First Owner','22000','3200000',NULL,'Y',NULL,NULL,NULL,NULL,'By Cash','2019-12-18 12:53:32','2019-12-18 12:53:32'),(141,'ANKIT VERMA','7007246399',NULL,'LUCKNOW',NULL,'20','34',NULL,NULL,7,NULL,3,'3','2',NULL,'1','1','UP320000','09/2018',NULL,NULL,'White','Diesel','Automatic','First Owner','16500','3100000',NULL,'Y',NULL,NULL,NULL,NULL,'By Cash','2019-12-18 13:11:53','2019-12-18 13:11:53'),(142,'MANAK','7851929334',NULL,'SOUTH EXESS',NULL,'8','10',NULL,NULL,4,NULL,3,'148','2',NULL,'12','42','DL0000','08/2014',NULL,NULL,'White','Diesel','Automatic','Second Owner','62000','1800000',NULL,'Y',NULL,NULL,NULL,NULL,'By Cash','2019-12-18 13:15:19','2019-12-18 13:15:19'),(143,'RAJU','9050666685',NULL,'H.NO-124 SEC-15 SONIPAT',NULL,'16','13',NULL,NULL,7,NULL,3,'79','2',NULL,'3','12','HR100000','06/2018',NULL,NULL,'Blue','Diesel','Automatic','First Owner','27300','4100000',NULL,'Y',NULL,NULL,NULL,NULL,'By Cash','2019-12-19 06:03:00','2019-12-19 06:03:00'),(144,'SANYAM ARORA','9812039899','NA','876 SEC-6',NULL,'23','13',NULL,'NA',7,NULL,2,'3','2',NULL,'1','1','UK07BN5000','05/2014',NULL,NULL,'Brown','Diesel','Automatic','First Owner','61000','1495000',NULL,'Y',NULL,NULL,NULL,NULL,'By Cash','2019-12-19 06:05:27','2019-12-19 06:05:27'),(145,'ANAND PANDEY','8840838080',NULL,'GOMTI NAGAR',NULL,'18','34',NULL,NULL,7,NULL,3,'161','2',NULL,'12','42','UP320000','10/2018',NULL,NULL,'Blue','Diesel','Automatic','First Owner','1900','5800000',NULL,'Y',NULL,NULL,NULL,NULL,'By Cash','2019-12-19 11:59:10','2019-12-19 11:59:10'),(146,'DANISH','8808066664',NULL,NULL,NULL,'22','34',NULL,NULL,7,NULL,3,'62','2',NULL,'3','11','UP78DX0006','10/2015',NULL,NULL,'White','Diesel','Automatic','First Owner','15000','1800000',NULL,'Y',NULL,NULL,NULL,NULL,'By Cash','2019-12-19 12:01:26','2019-12-19 12:01:26'),(147,'REHMAN','9807467917',NULL,'89/194 SHOAN LAL COMPOUND BANS',NULL,'20','34',NULL,NULL,7,NULL,3,'147','2',NULL,'12','42','UP16AY0999','01/2015',NULL,NULL,'White','Diesel','Automatic','Second Owner','29000','2599999',NULL,'Y',NULL,NULL,NULL,NULL,'By Cash','2019-12-19 12:08:19','2019-12-19 12:08:19'),(148,'ANIL WEADHWA','9899600402',NULL,'SEC-4 2058 OPP SWARN JYANTI',NULL,'2','13',NULL,'122001',11,NULL,3,'79','2',NULL,'3','12','HR26CP5476','08/2015',NULL,NULL,'Black','Diesel','Automatic','First Owner','26000','2600000',NULL,'Y',NULL,NULL,NULL,NULL,'By Cash','2019-12-19 12:10:15','2019-12-19 12:10:15'),(149,'O P YADAV','9811233862','NA','SOUTH CITY -1',NULL,'2','13',NULL,'NA',13,NULL,6,'32','3',NULL,'1','3','HR260000','06/2011',NULL,NULL,'White','Diesel','Automatic','null','700000','1200000',NULL,'Y',NULL,NULL,NULL,NULL,'By Cash','2019-12-19 12:12:14','2019-12-19 12:12:14'),(150,'Jagdish','7838948151',NULL,'KALANDI COLLEGE PATEL NAGAR',NULL,'8','10',NULL,NULL,13,NULL,3,'32','3',NULL,'1','3','CH0073','08/2012',NULL,NULL,'Black','Diesel','Automatic','Second Owner','45000','1500000',NULL,'Y',NULL,NULL,NULL,NULL,'By Cash','2019-12-19 12:14:25','2019-12-19 12:14:25'),(151,'YADAV','9451691835',NULL,'Kakadev, Kanpur,',NULL,'20','34',NULL,NULL,7,NULL,3,'62','2',NULL,'3','11','UP78 EF 0101','06/2016',NULL,NULL,'White','Diesel','Automatic','First Owner','25000','2500000',NULL,'Y',NULL,NULL,NULL,NULL,'By Cash','2019-12-19 12:16:29','2019-12-19 12:16:29'),(152,'RISHI GUPTA','9815743535',NULL,'Civil Line',NULL,'5','28',NULL,NULL,7,NULL,3,'33','3',NULL,'1','3','pb10','06/2016',NULL,NULL,'White','Diesel','Automatic','First Owner','60500','2599000',NULL,'Y',NULL,NULL,NULL,NULL,'By Cash','2019-12-19 12:34:45','2019-12-19 12:34:45'),(153,'ABHISHEK AGGARWAL','9999606901',NULL,'DIFFENCE COLONY I-16 BIRABAL R',NULL,'8','10',NULL,NULL,2,NULL,3,'167','3',NULL,'12','43','dl00000','05/2016',NULL,NULL,'Silver','Diesel','Automatic','Second Owner','16000','2600000',NULL,'Y',NULL,NULL,NULL,NULL,'By Cash','2019-12-20 11:06:16','2019-12-20 11:06:16'),(154,'Madhur','9625050611',NULL,'GOLF COURES ROAD',NULL,'2','13',NULL,NULL,2,NULL,3,'108','3',NULL,'3','17','dl0000','06/2017',NULL,NULL,'Blue','Diesel','Automatic','First Owner','26500','3400000',NULL,'Y',NULL,NULL,NULL,NULL,'By Cash','2019-12-20 11:08:53','2019-12-20 11:08:53'),(155,'DR.SIMRAN PAL SINGH','9542000009',NULL,'20-F Shaheed Bhagat Singh Naga',NULL,'5','28',NULL,NULL,7,NULL,3,'21','2',NULL,'1','2','CH01BQ','10/2017',NULL,NULL,'Black','Diesel','Automatic','First Owner','25000','3550000',NULL,'Y',NULL,NULL,NULL,NULL,'By Cash','2019-12-20 11:50:22','2019-12-20 11:50:22'),(156,'RAJA PRATAP/DEALER','7009740081',NULL,'Anupam Vihar',NULL,'4','28',NULL,NULL,7,NULL,3,'34','3',NULL,'1','3','UK07','07/2014',NULL,NULL,'White','Diesel','Automatic','First Owner','67000','2150000',NULL,'Y',NULL,NULL,NULL,NULL,'By Cash','2019-12-20 11:52:45','2019-12-20 11:52:45'),(157,'CHITRANJAN TYAGI','9870427744',NULL,'Malibu Town,SOHNA ROAD',NULL,'2','13',NULL,NULL,7,NULL,3,'98','3',NULL,'3','15','CH01BF2943','07/2015',NULL,NULL,'White','Diesel','Automatic','First Owner','29300','4500000',NULL,'Y',NULL,NULL,NULL,NULL,'By Cash','2019-12-20 11:54:34','2019-12-20 11:54:34'),(158,'SIDDHANT SARA','8527201557',NULL,'Sector 15A, ',NULL,'17','28',NULL,NULL,7,NULL,3,'76','2',NULL,'3','12','CH01BH1115','06/2016',NULL,NULL,'Black','Diesel','Automatic','First Owner','40000','2800000',NULL,'Y',NULL,NULL,NULL,NULL,'By Cash','2019-12-20 11:56:41','2019-12-20 11:56:41'),(159,'ROHIT RANJAN','9643195196',NULL,'DEHRADUN',NULL,'18','34',NULL,NULL,13,NULL,3,'','2',NULL,'3','11','HR5AD8208','08/2009',NULL,NULL,'Gray','Petrol','Automatic','Second Owner','70000','600000',NULL,'Y',NULL,NULL,NULL,NULL,'By Cash','2019-12-20 11:58:49','2019-12-20 11:58:49'),(160,'ANSHUMAN SHARMA','9958557488',NULL,'JANG PURA ',NULL,'8','10',NULL,NULL,13,NULL,3,'','2',NULL,'3','11','HR510000','08/2011',NULL,NULL,'Black','Petrol','Automatic','Second Owner','64000','1200000',NULL,'Y',NULL,NULL,NULL,NULL,'By Cash','2019-12-20 12:01:06','2019-12-20 12:01:06'),(161,'Bharat MISHRA','8726666606',NULL,'delhi',NULL,'8','10',NULL,NULL,1,NULL,3,'228','3',NULL,'16','62','dl0000','07/2014',NULL,NULL,'White','Diesel','Automatic','First Owner','400000','3500000',NULL,'Y',NULL,NULL,NULL,NULL,'By Cash','2019-12-20 12:10:32','2019-12-20 12:10:32'),(162,'ATUL','9899528600',NULL,'R-9/228 SEC-9 RAJ NAGAR',NULL,'13','34',NULL,NULL,13,NULL,3,'96','2',NULL,'3','14','up140000','07/2014',NULL,NULL,'Black','Diesel','Automatic','First Owner','68000','2500000',NULL,'Y',NULL,NULL,NULL,NULL,'By Cash','2019-12-20 12:13:45','2019-12-20 12:13:45'),(163,'Kshitiz CHOUDHARY','8860362500',NULL,'74A-R BLOCK DILSHAD  GARDEN',NULL,'8','10',NULL,NULL,8,NULL,3,'46','3',NULL,'1','6','UP17K9000','06/2014',NULL,NULL,'White','Diesel','Automatic','First Owner','45000','3700000',NULL,'Y',NULL,NULL,NULL,NULL,'By Cash','2019-12-23 05:57:49','2019-12-23 05:57:49'),(164,'GURMEET AHUJA','8800094778',NULL,'5 D-26 INT FARIDABAD',NULL,'27','13',NULL,NULL,4,NULL,3,'78','2',NULL,'3','12',NULL,'07/2010',NULL,NULL,'Silver','Diesel','Automatic','First Owner','100000','900000',NULL,'Y',NULL,NULL,NULL,NULL,'By Cash','2019-12-23 05:59:41','2019-12-23 05:59:41'),(165,'SANYAM','9215503949',NULL,'SEC-7 ',NULL,'23','13',NULL,NULL,7,NULL,3,'2','2',NULL,'1','1','HR05AM0051','02/2014',NULL,NULL,'White','Diesel','Automatic','First Owner','53000','1600000',NULL,'Y',NULL,NULL,NULL,NULL,'By Cash','2019-12-23 06:01:52','2019-12-23 06:01:52'),(166,'PRINCE','9086182727',NULL,'Sector 20D',NULL,'17','28',NULL,NULL,7,NULL,3,'2','2',NULL,'1','1','CH010000','09/2015',NULL,NULL,'Red','Diesel','Automatic','First Owner','21000','2400000',NULL,'Y',NULL,NULL,NULL,NULL,'By Cash','2019-12-23 07:50:41','2019-12-23 07:50:41'),(167,'KulJEET gill','9878716892',NULL,'3361 RANJIT AVENUE',NULL,'5','28',NULL,NULL,7,NULL,3,'','2',NULL,'12','88','PB020000','06/2014',NULL,NULL,'Silver','Diesel','Automatic','Second Owner','28000','2099999',NULL,'Y',NULL,NULL,NULL,NULL,'By Cash','2019-12-23 07:53:32','2019-12-23 07:53:32'),(168,'MOHIT','9872447711',NULL,'Sector 16',NULL,'17','28',NULL,NULL,7,NULL,3,'108','3',NULL,'3','17','CH01AX0608','04/2014',NULL,NULL,'White','Diesel','Automatic','Second Owner','67000','2185000',NULL,'Y',NULL,NULL,NULL,NULL,'By Cash','2019-12-23 08:41:45','2019-12-23 08:41:45'),(169,'Shyam Kalra ','9810015988',NULL,'LAGOON APPMENT',NULL,'2','13',NULL,NULL,13,NULL,3,'113','3',NULL,'3','19','HR26AK9091','08/2011',NULL,NULL,'Red','Diesel','Automatic','First Owner','53000','1300000',NULL,'Y',NULL,NULL,NULL,NULL,'By Cash','2019-12-23 08:50:23','2019-12-23 08:50:23'),(170,'NARENDER KHURANA','9810076625',NULL,'GURGAON',NULL,'2','13',NULL,NULL,13,NULL,3,'113','3',NULL,'3','19','HR26BH1668','05/2012',NULL,NULL,'Blue','Diesel','Automatic','First Owner','54000','1000000',NULL,'Y',NULL,NULL,NULL,NULL,'By Cash','2019-12-23 08:53:18','2019-12-23 08:53:18'),(171,'Sahej','9999995353',NULL,'8 rajendra park rajender nagar',NULL,'8','10',NULL,NULL,4,NULL,3,'75','2',NULL,'3','12',NULL,'07/2012',NULL,NULL,'White','Diesel','Automatic','First Owner','75000','1300000',NULL,'Y',NULL,NULL,NULL,NULL,'By Cash','2019-12-23 12:10:45','2019-12-23 12:10:45'),(172,'SURAJ GOENKA','9711404090',NULL,'SEC-24',NULL,'2','13',NULL,NULL,7,NULL,3,'147','2',NULL,'12','42','HR260000','07/2016',NULL,NULL,'White','Diesel','Automatic','First Owner','47500','3250000',NULL,'Y',NULL,NULL,NULL,NULL,'By Cash','2019-12-23 12:13:04','2019-12-23 12:13:04'),(173,'MOHIT NAGPAL','9728100640',NULL,'Industrial Area, Chandigarh',NULL,'17','28',NULL,NULL,7,NULL,3,'75','2',NULL,'3','12','CH010000','09/2019',NULL,NULL,'Blue','Diesel','Automatic','First Owner','100000','4500000',NULL,'Y',NULL,NULL,NULL,NULL,'By Cash','2019-12-23 12:16:46','2019-12-23 12:16:46'),(174,'RAHUL BEDI','7888464490',NULL,'Gujrawali Basti SUNDER NAGAR',NULL,'5','28',NULL,NULL,7,NULL,3,'175','2',NULL,'12','44','PB02AA2424','04/2014',NULL,NULL,'White','Diesel','Automatic','First Owner','13500','2350000',NULL,'Y',NULL,NULL,NULL,NULL,'By Cash','2019-12-23 12:18:36','2019-12-23 12:18:36'),(175,'PARVESH','8053867764',NULL,'Sector 1',NULL,'15','13',NULL,NULL,7,NULL,3,'36','3',NULL,'1','5','HR0200','08/2014',NULL,NULL,'White','Diesel','Automatic','First Owner','64000','1600000',NULL,'Y',NULL,NULL,NULL,NULL,'By Cash','2019-12-23 12:22:39','2019-12-23 12:22:39'),(176,'RISHI GUPTA','9815743535',NULL,'Civil Line COOLEGE ROAD',NULL,'5','28',NULL,NULL,7,NULL,3,'33','3',NULL,'1','3','PB10','09/2016',NULL,NULL,'White','Diesel','Automatic','First Owner','60500','2599999',NULL,'Y',NULL,NULL,NULL,NULL,'By Cash','2019-12-23 12:32:33','2019-12-23 12:32:33'),(177,'VISHAL SIR','9215015501',NULL,'JAGUAR SHOWROOM',NULL,'2','13',NULL,NULL,11,NULL,3,'139','3',NULL,'9','35','DL4CAY2323','05/2018',NULL,NULL,'Brown','Diesel','Automatic','First Owner','8000','5700000',NULL,'Y',NULL,NULL,NULL,NULL,'By Cash','2019-12-24 05:28:01','2019-12-24 05:28:01'),(178,'NASAR AHMAD SADIQ','8881232323',NULL,'H.NO-190 HAKEEM RANIS BUILDING',NULL,'26','34',NULL,NULL,11,NULL,3,'96','2',NULL,'3','14','UP38L1111','08/2018',NULL,NULL,'Black','Diesel','Automatic','First Owner','19000','4200000',NULL,'Y',NULL,NULL,NULL,NULL,'By Cash','2019-12-24 06:18:39','2019-12-24 06:18:39'),(179,'VARUN JIT','9899398484',NULL,'shushant lok ph-2',NULL,'2','13',NULL,NULL,7,NULL,3,'209','3',NULL,'12','48','DL6CM6320','05/2013',NULL,NULL,'Gray','Diesel','Automatic','Second Owner','67572','2875000',NULL,'Y',NULL,NULL,NULL,NULL,'By Cash','2019-12-24 06:20:50','2019-12-24 06:20:50'),(180,'YASH','8800887926',NULL,'SEC-107 OPPT PATHE WAYS SCHOOL',NULL,'13','34',NULL,NULL,2,NULL,3,'140','3',NULL,'9','36','DL02','08/2015',NULL,NULL,'White','Diesel','Automatic','First Owner','29000','3200000',NULL,'Y',NULL,NULL,NULL,NULL,'By Cash','2019-12-24 11:42:11','2019-12-24 11:42:11'),(181,'JONY THUKRAL','8178884384',NULL,'GULSHAN VIVANTE SEC-137 NEAR B',NULL,'13','34',NULL,NULL,7,NULL,3,'67','2',NULL,'3','11','UP16','09/2016',NULL,NULL,'Black','Diesel','Automatic','First Owner','35000','3950000',NULL,'Y',NULL,NULL,NULL,NULL,'By Cash','2019-12-24 11:44:35','2019-12-24 11:44:35'),(182,'AJAY MITTAL','9911106555',NULL,'RAJNI KATHA CHOWK',NULL,'13','34',NULL,NULL,7,NULL,3,'62','2',NULL,'3','11','UP16BB000','06/2015',NULL,NULL,'Blue','Diesel','Automatic','First Owner','62700','1650000',NULL,'Y',NULL,NULL,NULL,NULL,'By Cash','2019-12-24 12:05:02','2019-12-24 12:05:02'),(183,'NITIN BAJAJ','8882221236',NULL,'DELHI',NULL,'8','10',NULL,NULL,7,NULL,3,'74','2',NULL,'3','12','DL0000','08/2017',NULL,NULL,'Blue','Petrol','Automatic','First Owner','11000','3950000',NULL,'Y',NULL,NULL,NULL,NULL,'By Cash','2019-12-24 12:07:10','2019-12-24 12:07:10'),(184,'DR.SANJAY','9999389930',NULL,'SEC-52',NULL,'13','34',NULL,NULL,7,NULL,3,'163','3',NULL,'12','43','UP16BS1087','07/2018',NULL,NULL,'Red','Diesel','Automatic','First Owner','13000','2999999',NULL,'Y',NULL,NULL,NULL,NULL,'By Cash','2019-12-24 12:09:11','2019-12-24 12:09:11'),(185,'VINIT MIDHA/MANI MIDHA','9811084904',NULL,'Rajouri Garden',NULL,'8','10',NULL,NULL,7,NULL,3,'203','8',NULL,'12','47','DL0000','05/2019',NULL,NULL,'Red','Petrol','Automatic','First Owner','5200','3600000',NULL,'Y',NULL,NULL,NULL,NULL,'By Cash','2019-12-25 11:42:59','2019-12-25 11:42:59'),(186,'PULKIT','9999998056',NULL,'DELHI',NULL,'8','10',NULL,NULL,1,NULL,3,'2','2',NULL,'1','1','HR26CU2231','06/2016',NULL,NULL,'Black','Diesel','Automatic','Second Owner','16000','2000000',NULL,'Y',NULL,NULL,NULL,NULL,'By Cash','2019-12-25 11:47:15','2019-12-25 11:47:15'),(187,'NAVDEEP','9999900026',NULL,'CHATAR PUR',NULL,'8','10',NULL,NULL,7,NULL,3,'3','2',NULL,'1','1','UP16CC4552','07/2018',NULL,NULL,'Red','Diesel','Automatic','First Owner','12500','3200000',NULL,'Y',NULL,NULL,NULL,NULL,'By Cash','2019-12-25 11:49:52','2019-12-25 11:49:52'),(188,'VISHAL','9991057356',NULL,'H.NO-55 KISHOR GARDEN PANIPAT',NULL,'23','13',NULL,NULL,7,NULL,3,'100','3',NULL,'3','15','UP320000','06/2016',NULL,NULL,'Brown','Diesel','Automatic','Second Owner','52000','4300000',NULL,'Y',NULL,NULL,NULL,NULL,'By Cash','2019-12-25 11:57:07','2019-12-25 11:57:07'),(189,'SAHIL GARG','9888881379',NULL,'H.NO-380 SEC-7  Panchkula',NULL,'17','6',NULL,NULL,7,NULL,3,'145','2',NULL,'12','42','CH010000','09/2016',NULL,NULL,'Silver','Diesel','Automatic','First Owner','37500','3550000',NULL,'Y',NULL,NULL,NULL,NULL,'By Cash','2019-12-25 11:58:50','2019-12-25 11:58:50'),(190,'ZAKIA','9855080426',NULL,'Sector 61, Mohali',NULL,'11','28',NULL,NULL,7,NULL,3,'175','2',NULL,'12','44','PB02000','03/2016',NULL,NULL,'White','Diesel','Automatic','First Owner','46000','1985000',NULL,'Y',NULL,NULL,NULL,NULL,'By Cash','2019-12-25 12:04:56','2020-01-03 10:08:30'),(191,'AHLUWALIA','7703895377',NULL,' DEHRADUN',NULL,'18','34',NULL,NULL,7,NULL,3,'36','3',NULL,'1','5','UK070000','09/2017',NULL,NULL,'White','Diesel','Automatic','First Owner','65000','2410000',NULL,'Y',NULL,NULL,NULL,NULL,'By Cash','2019-12-25 12:07:39','2019-12-25 12:07:39'),(192,'MOHIT THAKUR','9997555550',NULL,'19- RACE COURSE BANNU SCHOOL ',NULL,'18','34',NULL,NULL,7,NULL,3,'145','2',NULL,'12','42',NULL,'07/2013',NULL,NULL,'White','Diesel','Automatic','Second Owner','59000','2350000',NULL,'Y',NULL,NULL,NULL,NULL,'By Cash','2019-12-26 10:45:15','2019-12-26 10:45:15'),(193,'DEEPAK SAHNI','9818395964',NULL,'VIKAS PURI',NULL,'8','10',NULL,NULL,7,NULL,3,'145','2',NULL,'12','42','MH101BT6766','08/2015',NULL,NULL,'Black','Diesel','Automatic',NULL,'58000','2500000',NULL,'Y',NULL,NULL,NULL,NULL,'By Cash','2019-12-26 10:47:01','2019-12-26 10:47:01'),(194,'RAHUL VERMA','9873548376',NULL,'GURGAON',NULL,'2','13',NULL,NULL,2,NULL,3,'20','2',NULL,'1','2','DL1CS8177','06/2014',NULL,NULL,'Gray','Diesel','Automatic','First Owner','50000','1700000',NULL,'Y',NULL,NULL,NULL,NULL,'By Cash','2019-12-26 10:50:16','2019-12-26 10:50:16'),(195,'VIVEK','8874950444',NULL,'Gomti Nagar, Lucknow',NULL,'20','34',NULL,NULL,7,NULL,3,'38','3',NULL,'1','5','UP16CT9999','03/2014',NULL,NULL,'White','Diesel','Automatic','First Owner','18000','2100000',NULL,'Y',NULL,NULL,NULL,NULL,'By Cash','2019-12-26 12:18:39','2019-12-26 12:18:39'),(196,'PUNEET ','8800555222',NULL,'A-3/36 JANK PURI SANTMARK SCHO',NULL,'8','10',NULL,NULL,7,NULL,3,'101','3',NULL,'3','15','UK08AK8686','08/2016',NULL,NULL,'White','Diesel','Automatic','Second Owner','51000','4400000',NULL,'Y',NULL,NULL,NULL,NULL,'By Cash','2019-12-27 06:39:57','2019-12-27 06:39:57'),(197,'DR.ROHIT','9639010444',NULL,'H.NO-1 SHARDHANAND BHAVAN SUBH',NULL,'25','34',NULL,NULL,2,NULL,3,'','3',NULL,'9','38','UK074BT3685','10/2016',NULL,NULL,'Blue','Diesel','Automatic','First Owner','29000','380000',NULL,'Y',NULL,NULL,NULL,NULL,'By Cash','2019-12-27 06:44:17','2019-12-27 06:44:17'),(198,'FAIZAN','7500000238',NULL,'DIXIT AMROHA Bhogapur, Bisalpu',NULL,'18','35',NULL,NULL,7,NULL,3,'39','3',NULL,'1','5','UP23S5555','09/2015',NULL,NULL,'White','Diesel','Automatic','First Owner','55000','1750000',NULL,'Y',NULL,NULL,NULL,NULL,'By Cash','2019-12-27 06:46:30','2019-12-27 06:46:30'),(199,'RAJAN WADHWA','9811302090',NULL,'FARIDABAD',NULL,'27','13',NULL,NULL,7,NULL,3,'48','3',NULL,'1','6','HR510000','08/2014',NULL,NULL,'White','Diesel','Automatic','First Owner','59000','2000000',NULL,'Y',NULL,NULL,NULL,NULL,'By Cash','2019-12-27 06:49:04','2019-12-27 06:49:04'),(200,'AMIT','8178072160',NULL,'RAJOURI GARDEN ',NULL,'8','10',NULL,NULL,7,NULL,3,'36','3',NULL,'1','5','DL1CQ8961','07/2014',NULL,NULL,'White','Diesel','Automatic','First Owner','73000','1632000',NULL,'Y',NULL,NULL,NULL,NULL,'By Cash','2019-12-27 06:51:15','2019-12-27 06:51:15'),(201,'ANKUR JAIN','9811584999',NULL,'K-F-51 KAVI NAGAR',NULL,'1','34',NULL,NULL,7,NULL,3,'12','2',NULL,'1','1','UP140000','09/2013',NULL,NULL,'White','Diesel','Automatic','First Owner','48000','1400000',NULL,'Y',NULL,NULL,NULL,NULL,'By Cash','2019-12-27 10:35:10','2019-12-27 10:35:10'),(202,'VISHAL JAIN','9958994301',NULL,'SEC-78',NULL,'13','34',NULL,NULL,7,NULL,3,'18','2',NULL,'1','2','DL2CAT3680','05/2014',NULL,NULL,'Gray','Diesel','Automatic','First Owner','40000','2200000',NULL,'Y',NULL,NULL,NULL,NULL,'By Cash','2019-12-27 10:37:01','2019-12-27 10:37:01'),(203,'SUMIT WADHANI','9716383433',NULL,'SHADIPUR DEPO',NULL,'8','10',NULL,NULL,7,NULL,3,'15','2',NULL,'1','1','DL00000','09/2014',NULL,NULL,'White','Diesel','Automatic','Second Owner','41000','2200000',NULL,'Y',NULL,NULL,NULL,NULL,'By Cash','2019-12-27 10:38:42','2019-12-27 10:38:42'),(204,'SUMIT WADHANI','9716383433',NULL,'DELHI',NULL,'8','10',NULL,NULL,7,NULL,3,'2','2',NULL,'1','1','HR26000','09/2013',NULL,NULL,'White','Diesel','Automatic','First Owner','65000','1400000',NULL,'Y',NULL,NULL,NULL,NULL,'By Cash','2019-12-27 10:40:06','2019-12-27 10:40:06'),(205,'ROHIT SHARMA','8696008806',NULL,'ROYAL CITY',NULL,'3','29',NULL,NULL,7,NULL,3,'63','2',NULL,'3','11','DD03AA0060','07/2013',NULL,NULL,'White','Diesel','Automatic','First Owner','66000','1620000',NULL,'Y',NULL,NULL,NULL,NULL,'By Cash','2019-12-28 09:52:49','2019-12-28 09:52:49'),(206,'SHRIKANT AGGARWAL','9805500405',NULL,'Nandan 364, Hoshiarpur',NULL,'454','28',NULL,NULL,7,NULL,3,'108','3',NULL,'3','17','HP73A2145','09/2014',NULL,NULL,'Black','Diesel','Automatic','First Owner','40000','2790000',NULL,'Y',NULL,NULL,NULL,NULL,'By Cash','2019-12-28 09:54:40','2020-01-03 10:08:30'),(207,'Maninderjit Singh','9888615374',NULL,'74 GOOD EARTH COLONY ',NULL,'5','28',NULL,NULL,7,NULL,3,'64','2',NULL,'3','11','PB11AT0074','08/2015',NULL,NULL,'White','Diesel','Automatic','First Owner','59000','2150000',NULL,'Y',NULL,NULL,NULL,NULL,'By Cash','2019-12-28 09:58:19','2019-12-28 09:58:19'),(208,'NITIN DAWAR','9501153377',NULL,'267 -A RAJ GURU NAGAR',NULL,'5','28',NULL,NULL,7,NULL,3,'96','2',NULL,'3','14',NULL,'09/2016',NULL,NULL,'Black','Diesel','Automatic','First Owner','43000','2500000',NULL,'Y',NULL,NULL,NULL,NULL,'By Cash','2019-12-28 09:59:54','2019-12-28 09:59:54'),(209,'SHAMSHER SINGH','9888422003',NULL,'ANSAL PLAZA',NULL,'5','28',NULL,NULL,7,NULL,3,'62','2',NULL,'3','11','PB10','03/2016',NULL,NULL,'White','Diesel','Automatic','First Owner','28000','2250000',NULL,'Y',NULL,NULL,NULL,NULL,'By Cash','2019-12-28 10:01:43','2019-12-28 10:01:43'),(210,'Yaduraj','9810554362',NULL,'DELHI',NULL,'8','10',NULL,NULL,7,NULL,3,'','4',NULL,'3','82','DL01C0000','09/2013',NULL,NULL,'Red','Diesel','Automatic','First Owner','70000','13750000',NULL,'Y',NULL,NULL,NULL,NULL,'By Cash','2019-12-31 12:10:55','2019-12-31 12:10:55'),(211,'HIMANSHU','9999031334','NA','SEC-11',NULL,'2','13',NULL,'NA',13,NULL,2,'8','2',NULL,'1','1','UP16BS2643','09/2018',NULL,NULL,'Black','Diesel','Automatic','First Owner','10000','2700000',NULL,'Y',NULL,NULL,NULL,NULL,'By Cash','2019-12-31 12:17:41','2019-12-31 12:17:41'),(212,'DEEPAK CHAHUAN  ','9829054773',NULL,'C-Scheme',NULL,'3','29',NULL,NULL,7,NULL,3,'166','3',NULL,'12','43','RJ450000','09/2017',NULL,NULL,'Black','Diesel','Automatic','First Owner','40000','4500000',NULL,'Y',NULL,NULL,NULL,NULL,'By Cash','2019-12-31 12:20:15','2019-12-31 12:20:15'),(213,'RAVI KANT','9024369174',NULL,'KHATIPURA CHOPRAH',NULL,'3','29',NULL,NULL,7,NULL,3,'171','2',NULL,'12','44','RJ140000','07/2015',NULL,NULL,'White','Diesel','Automatic','First Owner','59000','1750000',NULL,'Y',NULL,NULL,NULL,NULL,'By Cash','2019-12-31 12:22:22','2019-12-31 12:22:22'),(214,'LAKSHYA SHARMA','7877695693',NULL,'RAJA PARK',NULL,'3','29',NULL,NULL,7,NULL,3,'41','3',NULL,'1','5',NULL,'05/2015',NULL,NULL,'Gray','Diesel','Automatic','First Owner','55000','2600000',NULL,'Y',NULL,NULL,NULL,NULL,'By Cash','2019-12-31 12:23:45','2019-12-31 12:23:45'),(215,'SANDEEP KUMAR','8949392530',NULL,'Vaishali Nagar',NULL,'3','29',NULL,NULL,7,NULL,3,'209','3',NULL,'12','48',NULL,'05/2014',NULL,NULL,'White','Diesel','Automatic','Second Owner','54000','3200000',NULL,'Y',NULL,NULL,NULL,NULL,'By Cash','2019-12-31 12:25:10','2019-12-31 12:25:10'),(216,'BAL KRISHAN SONI','9799277111',NULL,'22 Godam Industrial Area,',NULL,'3','29',NULL,NULL,7,NULL,3,'163','3',NULL,'12','43','RJ14','08/2015',NULL,NULL,'White','Diesel','Automatic','Second Owner','90000','2100000',NULL,'Y',NULL,NULL,NULL,NULL,'By Cash','2019-12-31 12:27:02','2019-12-31 12:27:02'),(217,'SOURABH KHURANA','9896700222',NULL,'HUDA PANIPAT',NULL,'23','13',NULL,NULL,11,NULL,3,'2','2',NULL,'1','1','HR05AK9500','05/2013',NULL,NULL,'White','Diesel','Automatic','Second Owner','70000','1300000',NULL,'Y',NULL,NULL,NULL,NULL,'By Cash','2020-01-02 10:10:48','2020-01-02 10:10:48'),(218,'TANUJ GUPTA','9837075030',NULL,'167 THAPAR NAGAR',NULL,'25','34',NULL,NULL,9,NULL,3,'7','2',NULL,'1','1','UP15CD7308','10/2017',NULL,NULL,'Black','Diesel','Automatic','First Owner','20000','1500000',NULL,'Y',NULL,NULL,NULL,NULL,'By Cash','2020-01-02 10:34:09','2020-01-02 10:34:09'),(219,'SHAAN','9575757576',NULL,'235 SHRI NAGAR',NULL,'10','20',NULL,NULL,7,NULL,3,'63','2',NULL,'3','11','MO09','09/2014',NULL,NULL,'White','Diesel','Automatic','First Owner','57000','1900000',NULL,'Y',NULL,NULL,NULL,NULL,'By Cash','2020-01-03 12:32:26','2020-01-03 12:32:26'),(220,'SUMIT','8690000000',NULL,'18-OMAXE CITY BYPASS ROAD INDO',NULL,'10','20',NULL,NULL,7,NULL,3,'37','3',NULL,'1','5','MP090000','09/2014',NULL,NULL,'White','Diesel','Automatic','First Owner','60500','1400000',NULL,'Y',NULL,NULL,NULL,NULL,'By Cash','2020-01-04 06:38:02','2020-01-04 06:38:02'),(221,'ANUBHAV KHATTAR','9910125555',NULL,'JMD MEGA POLIC SEC-48',NULL,'2','13',NULL,NULL,7,NULL,3,'62','2',NULL,'3','11','DL0000','10/2014',NULL,NULL,'Blue','Diesel','Automatic','Second Owner','47000','1800000',NULL,'Y',NULL,NULL,NULL,NULL,'By Cash','2020-01-06 12:40:46','2020-01-06 12:40:46'),(222,'TARUN PAHUJA','8283829211',NULL,'CHANDIGARH',NULL,'17','28',NULL,NULL,4,NULL,3,'175','2',NULL,'12','44','CH0000','10/2014',NULL,NULL,'Silver','Diesel','Automatic','Second Owner','90000','2100000',NULL,'Y',NULL,NULL,NULL,NULL,'By Cash','2020-01-06 12:44:07','2020-01-06 12:44:07'),(223,'DEVRAJ','8076995573',NULL,'SEC-29 GANGA SHOPING COMPLEX ',NULL,'13','34',NULL,NULL,7,NULL,3,'79','2',NULL,'3','12','DL0000','0/0',NULL,NULL,'Blue','Diesel','Automatic','Second Owner','33000','3000000',NULL,'Y',NULL,NULL,NULL,NULL,'By Cash','2020-01-06 12:46:13','2020-01-06 12:46:13'),(224,'SMEER','9756119119',NULL,'DEHRADUN',NULL,'18','35',NULL,NULL,7,NULL,3,'','3',NULL,'9','34','UK074444','11/2014',NULL,NULL,'White','Diesel','Automatic','First Owner','33000','2900000',NULL,'Y',NULL,NULL,NULL,NULL,'By Cash','2020-01-06 12:49:18','2020-01-06 12:49:18'),(225,'ASHOK PAL','8375897457',NULL,'H.NO-854 SEC-51 ',NULL,'2','13',NULL,NULL,7,NULL,3,'140','3',NULL,'9','36','HR51BV0011','08/2018',NULL,NULL,'White','Diesel','Automatic','First Owner','27000','4250000',NULL,'Y',NULL,NULL,NULL,NULL,'By Cash','2020-01-06 12:51:03','2020-01-06 12:51:03'),(226,'MONU','9818845462',NULL,'WEST DELHI',NULL,'8','10',NULL,'110001',11,NULL,3,'36','3',NULL,'1','5','HR260000','12/2013',NULL,NULL,'White','Diesel','Automatic','First Owner','45000','1200000',NULL,'Y',NULL,NULL,NULL,NULL,'By Cash','2020-01-15 05:01:03','2020-01-15 05:01:03'),(227,'RAVI','8901119959',NULL,'PAPAN PLAZZA HOTEL PALWAL',NULL,'27','13',NULL,NULL,2,NULL,8,'4','2',NULL,'1','1','DL0000','10/2016',NULL,NULL,'Red','Diesel','Automatic','First Owner','20000','2800000',NULL,'Y',NULL,NULL,NULL,NULL,'By Cash','2020-01-15 09:42:42','2020-01-15 09:42:42'),(228,'SIDDHANT SARAN','8527201557',NULL,'SOUTH CITY PH-1',NULL,'2','13',NULL,NULL,7,NULL,8,'79','2',NULL,'3','12','CH01BH1115','04/2016',NULL,NULL,'Blue','Diesel','Automatic','Second Owner','40000','2800000',NULL,'Y',NULL,NULL,NULL,NULL,'By Cash','2020-01-15 09:53:32','2020-01-15 09:53:32'),(229,'Mridul Solanki','7895111885',NULL,'T249/A1 SOMDUTT VIHAR PH-',NULL,'116','34',NULL,NULL,6,NULL,8,'36','3',NULL,'1','5','UP13AN0061','11/2015',NULL,NULL,'White','Diesel','Automatic','First Owner','65000','1800000',NULL,'Y',NULL,NULL,NULL,NULL,'By Cash','2020-01-15 10:19:56','2020-01-15 10:19:56'),(230,'GAURAV ','9815114224',NULL,'Sector 21C',NULL,'17','6',NULL,NULL,7,NULL,8,'','2',NULL,'8','28','CH01BR0690','03/2013',NULL,NULL,'Silver','Diesel','Automatic',NULL,'21800','2785000',NULL,'Y',NULL,NULL,NULL,NULL,'By Cash','2020-01-15 10:21:44','2020-01-15 10:21:44'),(231,'JATIN','9316647000',NULL,'Bhabat, Zirakpur',NULL,'17','28',NULL,NULL,7,NULL,8,'56','8',NULL,'1','7','PB100000','04/2016',NULL,NULL,'White','Diesel','Automatic','First Owner','10000','1900000',NULL,'Y',NULL,NULL,NULL,NULL,'By Cash','2020-01-15 10:23:55','2020-01-15 10:23:55'),(232,'NAVAM','7298688888',NULL,'Chandigarh Airport Area',NULL,'17','28',NULL,NULL,7,NULL,8,'130','3',NULL,'8','30','PB10000','08/2018',NULL,NULL,'White','Diesel','Automatic','First Owner','21000','5500000',NULL,'Y',NULL,NULL,NULL,NULL,'By Cash','2020-01-15 10:25:54','2020-01-15 10:25:54'),(233,'ASHISH','9997690000',NULL,'MDDA ',NULL,'18','34',NULL,NULL,7,NULL,8,'175','2',NULL,'12','44','UK070000','04/2013',NULL,NULL,'Black','Diesel','Automatic','First Owner','36700','1550000',NULL,'Y',NULL,NULL,NULL,NULL,'By Cash','2020-01-15 11:44:05','2020-01-15 11:44:05'),(234,'SAHIL GARG','9888881379',NULL,'SEC-7',NULL,'17','6',NULL,NULL,7,NULL,8,'145','2',NULL,'12','42','CH01BN0034','08/2017',NULL,NULL,'Silver','Diesel','Automatic','First Owner','38000','3550000',NULL,'Y',NULL,NULL,NULL,NULL,'By Cash','2020-01-15 11:46:12','2020-01-15 11:46:12'),(235,'ABHIJAY','9027989400',NULL,'MEERUT',NULL,'633','34',NULL,NULL,7,NULL,8,'162','3',NULL,'12','43','DL0000','09/2016',NULL,NULL,'Red','Diesel','Automatic','First Owner','40000','2600000',NULL,'Y',NULL,NULL,NULL,NULL,'By Cash','2020-01-15 11:49:47','2020-01-15 11:49:47'),(236,'SAMEER SRIVASTAVA','8795835606',NULL,'Lucknow',NULL,'223','34',NULL,NULL,7,NULL,8,'79','2',NULL,'3','12','UP650000','06/2013',NULL,NULL,'White','Diesel','Automatic','Second Owner','42000','2000000',NULL,'Y',NULL,NULL,NULL,NULL,'By Cash','2020-01-15 11:59:55','2020-01-15 11:59:55'),(237,'KARAN AGARWAL','9044550011',NULL,'Gomti Nagar',NULL,'584','34',NULL,NULL,7,NULL,8,'205','8',NULL,'12','47','UP32JF2715','09/2017',NULL,NULL,'White','Diesel','Automatic','First Owner','14500','2500000',NULL,'Y',NULL,NULL,NULL,NULL,'By Cash','2020-01-17 11:59:03','2020-01-17 11:59:03'),(238,'DALIP CHOUDHARY','7691044414',NULL,'AJMER ROAD DCM',NULL,'3','29',NULL,NULL,11,NULL,8,'120','2',NULL,'3','20','HR26CP7247','05/2015',NULL,NULL,'Brown','Diesel','Automatic','Second Owner','70000','2000000',NULL,'Y',NULL,NULL,NULL,NULL,'By Cash','2020-01-18 07:39:33','2020-01-18 07:39:33'),(239,'DALIP CHOUDHARY','7691044414',NULL,'AJMER ROAD DCM',NULL,'3','29',NULL,NULL,11,NULL,8,'75','2',NULL,'3','12','HR26','07/2015',NULL,NULL,'Brown','Diesel','Automatic','Second Owner','60000','2500000',NULL,'Y',NULL,NULL,NULL,NULL,'By Cash','2020-01-18 07:41:59','2020-01-18 07:41:59'),(240,'VARUN JIT','9899398484',NULL,'shushant lok ph-2',NULL,'2','13',NULL,NULL,7,NULL,8,'209','3',NULL,'12','48','DL6CM6320','05/2013',NULL,NULL,'Gray','Diesel','Automatic','Second Owner','67572','2875000',NULL,'Y',NULL,NULL,NULL,NULL,'By Cash','2020-01-21 11:43:09','2020-01-21 11:43:09'),(241,'KAMAL MATHUR','9599270233',NULL,' J7/32 Rajouri Garden 2nd floo',NULL,'8','10',NULL,NULL,4,NULL,8,'154','2',NULL,'12','42','DL0000','06/2014',NULL,NULL,'White','Petrol','Automatic','First Owner','25000','1700000',NULL,'Y',NULL,NULL,NULL,NULL,'By Cash','2020-01-21 11:46:02','2020-01-21 11:46:02'),(242,'ANUJ','9811993773',NULL,'KHAN MARKET',NULL,'8','10',NULL,NULL,2,NULL,8,'147','2',NULL,'12','42','DL00000','08/2016',NULL,NULL,'Silver','Diesel','Automatic','First Owner','11400','2975000',NULL,'Y',NULL,NULL,NULL,NULL,'By Cash','2020-01-21 12:00:20','2020-01-21 12:00:20'),(243,'AMIT GUPTA','7895854475',NULL,'H.NO 56/2 DLF PH-3',NULL,'2','13',NULL,NULL,2,NULL,8,'113','3',NULL,'3','19','HR26DP5012','05/2018',NULL,NULL,'Blue','Diesel','Automatic','First Owner','12000','2700000',NULL,'Y',NULL,NULL,NULL,NULL,'By Cash','2020-01-21 12:04:55','2020-01-21 12:04:55'),(244,'DEVEN SINGH','9716789096',NULL,'DLF City Phase 1',NULL,'2','13',NULL,NULL,7,NULL,8,'','3',NULL,'12','52','HR26','06/2016',NULL,NULL,'Black','Petrol','Automatic','First Owner','3000','3950000',NULL,'Y',NULL,NULL,NULL,NULL,'By Cash','2020-01-21 12:06:27','2020-01-21 12:06:27'),(245,'ARINDAM K BHATTACHARYA','7303925163',NULL,'MG 503 B THE MAGNOLIAS DLF CIT',NULL,'2','13',NULL,'122001',16,NULL,8,'','2',NULL,'8','28','HR26CN3442','06/2015',NULL,NULL,'Black','Diesel','Automatic','Second Owner','47578','1892000',NULL,'Y',NULL,NULL,NULL,NULL,'By Cash','2020-02-06 04:43:35','2020-02-06 04:43:35'),(246,'OXL (AUCTION)','9958331664',NULL,'delhi',NULL,'1','10',NULL,'110001',17,NULL,8,'120','2',NULL,'3','20','DL8C','08/2014',NULL,NULL,'Gray','Diesel','Automatic','First Owner','54377','2575000',NULL,'Y',NULL,NULL,NULL,NULL,'By Cash','2020-02-06 04:57:18','2020-02-06 04:57:18'),(247,'NAVDEEP','7009482857',NULL,'sec-18',NULL,'5','28',NULL,NULL,7,NULL,8,'','3',NULL,'12','52','unreg','04/2019',NULL,NULL,'White','Diesel','Automatic','First Owner','700','4950000',NULL,'Y',NULL,NULL,NULL,NULL,'By Cash','2020-02-06 05:00:56','2020-02-06 05:00:56'),(248,'Satendra Singh','9940122470',NULL,'F1/601, uniworld city',NULL,'2','13',NULL,NULL,2,NULL,8,'63','2',NULL,'3','11','hr26','04/2016',NULL,NULL,'Blue','Diesel','Automatic','First Owner','33000','1850000',NULL,'Y',NULL,NULL,NULL,NULL,'By Cash','2020-02-06 05:03:32','2020-02-06 05:03:32'),(249,'SHYAM ARORA','9810888886',NULL,'mansorver garden',NULL,'1','10',NULL,NULL,7,NULL,8,'206','3',NULL,'12','48','ML10C2111','06/2012',NULL,NULL,'Black','Diesel','Automatic','Second Owner','87000','1300000',NULL,'Y',NULL,NULL,NULL,NULL,'By Cash','2020-02-06 05:06:26','2020-02-06 05:06:26'),(250,'MANDEEP DANG','7500730066',NULL,'Race Course',NULL,'18','35',NULL,NULL,7,NULL,8,'171','2',NULL,'12','44','UK07BR0166','07/2016',NULL,NULL,'White','Diesel','Automatic','First Owner','17000','3500000',NULL,'Y',NULL,NULL,NULL,NULL,'By Cash','2020-02-06 05:08:42','2020-02-06 05:08:42'),(251,'HARSH','9711124006',NULL,'DLF PH-3',NULL,'2','13',NULL,NULL,7,NULL,8,'36','3',NULL,'1','5','HR26','07/2016',NULL,NULL,'White','Diesel','Automatic','Second Owner','58000','1950000',NULL,'Y',NULL,NULL,NULL,NULL,'By Cash','2020-02-06 05:31:08','2020-02-06 05:31:08'),(252,'ANKIT SAINI','8218714792',NULL,'SAKET',NULL,'586','20',NULL,NULL,7,NULL,8,'113','3',NULL,'3','19','UP15','09/2018',NULL,NULL,'Black','Diesel','Automatic','First Owner','26000','3000000',NULL,'Y',NULL,NULL,NULL,NULL,'By Cash','2020-02-06 05:34:28','2020-02-06 05:34:28'),(253,'ASHOK PAL','8375897457',NULL,'H.NO-854 SEC-51 ',NULL,'2','13',NULL,NULL,7,NULL,8,'140','3',NULL,'9','36','HR51BV0011','11/2018',NULL,NULL,'White','Diesel','Automatic','First Owner','33000','4250000',NULL,'Y',NULL,NULL,NULL,NULL,'By Cash','2020-02-06 05:36:40','2020-02-06 05:36:40'),(254,'SAKET','9837060222',NULL,'WEST DELHI',NULL,'1','10',NULL,NULL,7,NULL,8,'115','3',NULL,'3','19','UP23','08/2016',NULL,NULL,'White','Diesel','Automatic','First Owner','45000','2300000',NULL,'Y',NULL,NULL,NULL,NULL,'By Cash','2020-02-06 05:38:37','2020-02-06 05:38:37'),(255,'OXL (AUCTION)','9958331664',NULL,'DELHI',NULL,'1','10',NULL,NULL,17,NULL,8,'','2',NULL,'8','28','DL6C','05/2013',NULL,NULL,'Silver','Diesel','Automatic','Third Owner','21611','1050000',NULL,'Y',NULL,NULL,NULL,NULL,'By Cash','2020-02-06 05:40:58','2020-02-06 05:40:58'),(256,'RAHUL','9999486867',NULL,'G K -2',NULL,'1','10',NULL,NULL,7,NULL,8,'','3',NULL,'12','45','HR','05/2015',NULL,NULL,'Black','Diesel','Automatic','First Owner','47000','4000000',NULL,'Y',NULL,NULL,NULL,NULL,'By Cash','2020-02-06 05:43:30','2020-02-06 05:43:30'),(257,'CARS24 (AUCTION)','7303925163',NULL,'SOHAN ROAD',NULL,'2','13',NULL,NULL,16,NULL,8,'226','3',NULL,'16','62','HR05','11/2013',NULL,NULL,'White','Diesel','Automatic','First Owner','72294','2892000',NULL,'Y',NULL,NULL,NULL,NULL,'By Cash','2020-02-06 05:45:35','2020-02-06 05:45:35'),(258,'CARS24 (AUCTION)','7303925163',NULL,'SOHAN ROAD',NULL,'2','13',NULL,NULL,16,NULL,8,'244','2',NULL,'20','72','DL','08/2013',NULL,NULL,'White','Diesel','Automatic','Second Owner','88452','1050000',NULL,'Y',NULL,NULL,NULL,NULL,'By Cash','2020-02-06 05:49:05','2020-02-06 05:49:05'),(259,'BHAVYA SINGH','7869572105',NULL,'DELHI',NULL,'1','10',NULL,NULL,2,NULL,8,'','3',NULL,'12','45','DL','05/0',NULL,NULL,'Silver','Diesel','Automatic','First Owner','60000','3600000',NULL,'Y',NULL,NULL,NULL,NULL,'By Cash','2020-02-06 05:51:18','2020-02-06 05:51:18'),(260,'MOHIT','9899275080',NULL,'Golf Course.',NULL,'2','13',NULL,NULL,2,NULL,8,'36','3',NULL,'1','5','HR26','07/2017',NULL,NULL,'Black','Diesel','Automatic','First Owner','31000','2650000',NULL,'Y',NULL,NULL,NULL,NULL,'By Cash','2020-02-06 05:53:17','2020-02-06 05:53:17'),(261,'Y MAVERICK','9646861388',NULL,'LUDHAINA',NULL,'5','28',NULL,NULL,2,NULL,8,'1','2',NULL,'1','1','PB08','09/2017',NULL,NULL,'Blue','Diesel','Automatic','First Owner','8000','3500000',NULL,'Y',NULL,NULL,NULL,NULL,'By Cash','2020-02-06 05:56:10','2020-02-06 05:56:10'),(262,'ROUBLE JAGGI','7525002402',NULL,'CHANDIGARH',NULL,'17','28',NULL,NULL,2,NULL,8,'36','3',NULL,'1','5','CH01BP5333','08/2017',NULL,NULL,'White','Diesel','Automatic','First Owner','30000','3000000',NULL,'Y',NULL,NULL,NULL,NULL,'By Cash','2020-02-06 05:58:11','2020-02-06 05:58:11'),(263,'GURJOT SINGH','8558899022',NULL,'CHANDIGARH',NULL,'17','6',NULL,NULL,2,NULL,8,'1','2',NULL,'1','1','CH','06/2017',NULL,NULL,'White','Diesel','Automatic','First Owner','25000','2900000',NULL,'Y',NULL,NULL,NULL,NULL,'By Cash','2020-02-06 06:00:56','2020-02-06 06:00:56'),(264,'CARS24 (AUCTION)','7303925163',NULL,'DELHI',NULL,'1','10',NULL,NULL,16,NULL,8,'34','3',NULL,'1','3','HR29','09/2013',NULL,NULL,'White','Diesel','Automatic','First Owner','54643','1495000',NULL,'Y',NULL,NULL,NULL,NULL,'By Cash','2020-02-06 06:04:36','2020-02-06 06:04:36'),(265,'Mridul Solanki','7895111885',NULL,'249/A1 SOMDUTT VIHAR PH-2',NULL,'586','20',NULL,NULL,6,NULL,8,'36','3',NULL,'1','5','UP13AN0061','07/2015',NULL,NULL,'White','Diesel','Automatic','First Owner','65000','1700000',NULL,'Y',NULL,NULL,NULL,NULL,'By Cash','2020-02-06 06:08:07','2020-02-06 06:08:07'),(266,'CARS24 (AUCTION)','7303925163',NULL,'DELHI',NULL,'1','10',NULL,NULL,16,NULL,8,'5','2',NULL,'1','1','HR26','08/2015',NULL,NULL,'White','Diesel','Automatic','First Owner','60257','1500000',NULL,'Y',NULL,NULL,NULL,NULL,'By Cash','2020-02-06 06:25:40','2020-02-06 06:25:40'),(267,'OXL (AUCTION)','9958331664',NULL,'DELHI',NULL,'1','10',NULL,NULL,17,NULL,8,'181','2',NULL,'12','44','HR51BV0011','06/2014',NULL,NULL,'Blue','Diesel','Automatic','First Owner','25672','2000000',NULL,'Y',NULL,NULL,NULL,NULL,'By Cash','2020-02-06 06:28:07','2020-02-06 06:28:07'),(268,'CARS24 (AUCTION)','7303925163',NULL,'SOHNA ROAD',NULL,'2','13',NULL,NULL,16,NULL,8,'62','2',NULL,'3','11','PB65','09/2016',NULL,NULL,'White','Diesel','Automatic','First Owner','32800','1900000',NULL,'Y',NULL,NULL,NULL,NULL,'By Cash','2020-02-06 06:31:32','2020-02-06 06:31:32'),(269,'CARS24 (AUCTION)','7303925163',NULL,'DELHI',NULL,'1','10',NULL,NULL,16,NULL,8,'217','3',NULL,'12','49','DL','05/2016',NULL,NULL,'Gray','Diesel','Automatic','First Owner','25702','3620000',NULL,'Y',NULL,NULL,NULL,NULL,'By Cash','2020-02-07 09:17:25','2020-02-07 09:17:25'),(270,'CAR DEKHO (AUCTION)','9953317460',NULL,'GURGAON',NULL,'2','13',NULL,NULL,15,NULL,8,'46','3',NULL,'1','6','CH01','08/2013',NULL,NULL,'Blue','Diesel','Automatic','Second Owner','55227','1400000',NULL,'Y',NULL,NULL,NULL,NULL,'By Cash','2020-02-07 09:20:32','2020-02-07 09:20:32'),(271,'VISHAL CHADHA','9927993377',NULL,'DEHRADUN',NULL,'18','35',NULL,NULL,2,NULL,8,'36','3',NULL,'1','5','UL07','08/2014',NULL,NULL,'White','Diesel','Automatic','First Owner','100000','1800000',NULL,'Y',NULL,NULL,NULL,NULL,'By Cash','2020-02-07 09:22:46','2020-02-07 09:22:46'),(272,'SUNIL WADHWA','9837604500',NULL,'Alkapuri',NULL,'18','35',NULL,NULL,7,NULL,8,'37','3',NULL,'1','5','DL8CZ5852','0/0',NULL,NULL,'Silver','Diesel','Automatic','Second Owner','26000','2000000',NULL,'Y',NULL,NULL,NULL,NULL,'By Cash','2020-02-07 09:25:41','2020-02-07 09:25:41'),(273,'AJAY BHATIA','9897038613',NULL,'Dallanwala',NULL,'18','35',NULL,NULL,7,NULL,8,'18','2',NULL,'1','2','UK07BE5315','07/2014',NULL,NULL,'Gray','Diesel','Automatic','First Owner','9100','2700000',NULL,'Y',NULL,NULL,NULL,NULL,'By Cash','2020-02-07 09:27:48','2020-02-07 09:27:48'),(274,'HANS/SATINDER','8360407536',NULL,'JALINDER',NULL,'4','28',NULL,NULL,7,NULL,8,'1','2',NULL,'1','1','CH01BA1707','03/2014',NULL,NULL,'White','Diesel','Automatic','First Owner','44000','1575000',NULL,'Y',NULL,NULL,NULL,NULL,'By Cash','2020-02-07 09:29:33','2020-02-07 09:29:33'),(275,'ROHAN RAO','8588880564',NULL,'SEC-45',NULL,'13','34',NULL,NULL,7,NULL,8,'41','3',NULL,'1','5','HR26CA0088','07/2015',NULL,NULL,'Silver','Diesel','Automatic','Second Owner','48000','1900000',NULL,'Y',NULL,NULL,NULL,NULL,'By Cash','2020-02-07 09:32:02','2020-02-07 09:32:02'),(276,'PRANAV SAHAI','9910788300',NULL,'NEW FRIENDS COLONY',NULL,'1','10',NULL,NULL,7,NULL,8,'62','2',NULL,'3','11','DL1CP','07/2012',NULL,NULL,'Gray','Diesel','Automatic','First Owner','70000','1400000',NULL,'Y',NULL,NULL,NULL,NULL,'By Cash','2020-02-07 09:33:54','2020-02-07 09:33:54'),(277,'VIKRAM','9845518550',NULL,'Marathahalli-Sarjapur Outer Ri',NULL,'255','36',NULL,NULL,4,NULL,8,'','2',NULL,'20','75','KA04MT1300','10/2017',NULL,NULL,'Blue','Diesel','Automatic','First Owner','170000','4300000',NULL,'Y',NULL,NULL,NULL,NULL,'By Cash','2020-02-07 09:39:14','2020-02-07 09:39:14'),(278,'ANUJ','9811993773',NULL,'KHAN MARKET',NULL,'1','10',NULL,NULL,2,NULL,8,'145','2',NULL,'12','42','DL','09/2016',NULL,NULL,'Silver','Diesel','Automatic','First Owner','11400','2950000',NULL,'Y',NULL,NULL,NULL,NULL,'By Cash','2020-02-07 09:42:59','2020-02-07 09:42:59'),(279,'PUNEET','9958559717',NULL,'SEC-31',NULL,'13','34',NULL,NULL,7,NULL,8,'20','2',NULL,'1','2','UP16','07/2013',NULL,NULL,'Black','Diesel','Automatic','First Owner','37000','1800000',NULL,'Y',NULL,NULL,NULL,NULL,'By Cash','2020-02-07 09:45:23','2020-02-07 09:45:23'),(280,'AMAN','9818369838',NULL,'PATEL NAGAR',NULL,'1','10',NULL,NULL,7,NULL,8,'36','3',NULL,'1','5','UK17F6000','09/2016',NULL,NULL,'White','Diesel','Automatic','Second Owner','55000','2300000',NULL,'Y',NULL,NULL,NULL,NULL,'By Cash','2020-02-07 09:47:19','2020-02-07 09:47:19'),(281,'CARS24 (AUCTION)','7303925163',NULL,'SOHAN ROAD',NULL,'2','13',NULL,NULL,16,NULL,8,'2','2',NULL,'1','1','HR26','08/2015',NULL,NULL,'Black','Diesel','Automatic','First Owner','5135','1700000',NULL,'Y',NULL,NULL,NULL,NULL,'By Cash','2020-02-07 09:49:03','2020-02-07 09:49:03'),(282,'CARS24 (AUCTION)','7303925163',NULL,'SOHNA ROAD',NULL,'2','13',NULL,NULL,16,NULL,8,'22','2',NULL,'1','2','DL','08/2013',NULL,NULL,'White','Diesel','Automatic','Second Owner','65095','1661000',NULL,'Y',NULL,NULL,NULL,NULL,'By Cash','2020-02-07 09:51:59','2020-02-07 09:51:59'),(283,'CARS24 (AUCTION)','7303925163',NULL,'SOHNA ROAD',NULL,'2','13',NULL,NULL,16,NULL,8,'12','2',NULL,'1','1','HR26','03/2015',NULL,NULL,'White','Diesel','Automatic','First Owner','17010','1761000',NULL,'Y',NULL,NULL,NULL,NULL,'By Cash','2020-02-07 09:55:59','2020-02-07 09:55:59'),(284,'CARS24 (AUCTION)','7303925163',NULL,'SOHNA ROAD',NULL,'2','13',NULL,NULL,16,NULL,8,'108','3',NULL,'3','17','HR51','09/2015',NULL,NULL,'Black','Diesel','Automatic','First Owner','98916','1400000',NULL,'Y',NULL,NULL,NULL,NULL,'By Cash','2020-02-07 09:58:06','2020-02-07 09:58:06'),(285,'OXL (AUCTION)','9958331664',NULL,'DELHI',NULL,'1','10',NULL,NULL,17,NULL,8,'46','3',NULL,'1','6','DL','0/0',NULL,NULL,'White','Diesel','Automatic','First Owner','60872','2211000',NULL,'Y',NULL,NULL,NULL,NULL,'By Cash','2020-02-07 10:00:01','2020-02-07 10:00:01'),(286,'CARS24 (AUCTION)','7303925163',NULL,'SOHNA ROAD',NULL,'2','13',NULL,NULL,16,NULL,8,'217','3',NULL,'12','49','RJ01','07/2018',NULL,NULL,'Blue','Diesel','Automatic','First Owner','17513','4257000',NULL,'Y',NULL,NULL,NULL,NULL,'By Cash','2020-02-07 10:02:49','2020-02-07 10:02:49'),(287,'OXL (AUCTION)','9958331664',NULL,'DELHI',NULL,'1','10',NULL,NULL,17,NULL,8,'7','2',NULL,'1','1','UK07','07/2013',NULL,NULL,'Red','Diesel','Automatic','Second Owner','68949','900000',NULL,'Y',NULL,NULL,NULL,NULL,'By Cash','2020-02-07 10:05:10','2020-02-07 10:05:10'),(288,'CARS24 (AUCTION)','7303925163',NULL,'SOHNA ROAD',NULL,'1','10',NULL,NULL,16,NULL,8,'1','2',NULL,'1','1','HR26','07/2015',NULL,NULL,'White','Diesel','Automatic','First Owner','60257','1435000',NULL,'Y',NULL,NULL,NULL,NULL,'By Cash','2020-02-07 10:07:39','2020-02-07 10:07:39'),(289,'CARS24 (AUCTION)','7303925163',NULL,'SOHNA ROAD',NULL,'2','13',NULL,NULL,16,NULL,8,'1','2',NULL,'1','1','DL','07/2014',NULL,NULL,'White','Petrol','Automatic','First Owner','79499','1000000',NULL,'Y',NULL,NULL,NULL,NULL,'By Cash','2020-02-07 10:09:29','2020-02-07 10:09:29'),(290,'BALVINDER SINGH','8287647607',NULL,'KALKAJI',NULL,'1','10',NULL,NULL,2,NULL,8,'195','2',NULL,'12','46',NULL,'05/2014',NULL,NULL,'Gray','Petrol','Automatic','Second Owner','7700','3500000',NULL,'Y',NULL,NULL,NULL,NULL,'By Cash','2020-02-07 10:11:41','2020-02-07 10:11:41'),(291,'RAJEEV KUMAR','9816684500',NULL,'FARIDABAD',NULL,'27','13',NULL,NULL,2,NULL,8,'','3',NULL,'9','34','HR51','06/2016',NULL,NULL,'Blue','Diesel','Automatic','First Owner','22000','3500000',NULL,'Y',NULL,NULL,NULL,NULL,'By Cash','2020-02-07 10:13:34','2020-02-07 10:13:34'),(292,'RAMESH','9829807075',NULL,'RADISSON BLU',NULL,'3','29',NULL,NULL,2,NULL,8,'1','2',NULL,'1','1',NULL,'10/2017',NULL,NULL,'White','Diesel','Automatic','First Owner','35000','2900000',NULL,'Y',NULL,NULL,NULL,NULL,'By Cash','2020-02-07 10:15:10','2020-02-07 10:15:10'),(293,'PUNEET','9815000561',NULL,'PRATAP CHOWK',NULL,'5','28',NULL,NULL,7,NULL,8,'75','2',NULL,'3','12','CH01BU2100','09/2014',NULL,NULL,'Black','Diesel','Automatic','Second Owner','85000','2150000',NULL,'Y',NULL,NULL,NULL,NULL,'By Cash','2020-02-07 10:16:57','2020-02-07 10:16:57'),(294,'RANJEET VERMA','9983904000',NULL,'VASHILI NAGAR',NULL,'3','29',NULL,NULL,6,NULL,8,'145','2',NULL,'12','42','RJ45','06/2018',NULL,NULL,'Blue','Diesel','Automatic','First Owner','19000','5200000',NULL,'Y',NULL,NULL,NULL,NULL,'By Cash','2020-02-12 06:09:31','2020-02-12 06:09:31'),(295,'OXL (AUCTION)','9958331664',NULL,'DELHI',NULL,'8','10',NULL,NULL,17,NULL,8,'62','2',NULL,'3','11','HR26','09/2013',NULL,NULL,'White','Diesel','Automatic','First Owner','94572','738000',NULL,'Y',NULL,NULL,NULL,NULL,'By Cash','2020-02-12 06:12:23','2020-02-12 06:12:23'),(296,'SWAROOP KUMAR','9990242000',NULL,'INDRA PURAM',NULL,'569','34',NULL,NULL,2,NULL,8,'21','2',NULL,'1','2','up16','09/2016',NULL,NULL,'Blue','Diesel','Automatic','First Owner','22000','3200000',NULL,'Y',NULL,NULL,NULL,NULL,'By Cash','2020-02-13 05:38:41','2020-02-13 05:38:41'),(297,'MANISH MITTAL','9899250080',NULL,'ANAND VIHAR',NULL,'1','10',NULL,NULL,4,NULL,8,'','9',NULL,'12','85','DL6CM5135','05/2013',NULL,NULL,'White','Diesel','Automatic','First Owner','54000','950000',NULL,'Y',NULL,NULL,NULL,NULL,'By Cash','2020-02-13 05:50:00','2020-02-13 05:50:00'),(298,'CAR DEKHO (AUCTION)','9953317460',NULL,'DELHI',NULL,'8','10',NULL,NULL,15,NULL,8,'217','3',NULL,'12','49','UK07','0/0',NULL,NULL,'Black','Diesel','Automatic','First Owner','21295','4200000',NULL,'Y',NULL,NULL,NULL,NULL,'By Cash','2020-02-13 05:51:58','2020-02-13 05:51:58'),(299,'CARS24 (AUCTION)','7303925163',NULL,'SOHNA ROAD',NULL,'2','13',NULL,NULL,16,NULL,8,'244','2',NULL,'20','72','HR51','05/2015',NULL,NULL,'White','Diesel','Automatic','First Owner','62397','1250000',NULL,'Y',NULL,NULL,NULL,NULL,'By Cash','2020-02-13 05:54:02','2020-02-13 05:54:02'),(300,'OXL (AUCTION)','9958331664',NULL,'GURGAON',NULL,'2','13',NULL,NULL,17,NULL,8,'1','2',NULL,'1','1',NULL,'05/2018',NULL,NULL,'White','Petrol','Automatic','First Owner','9224','2322000',NULL,'Y',NULL,NULL,NULL,NULL,'By Cash','2020-02-13 05:56:14','2020-02-13 05:56:14'),(301,'OXL (AUCTION)','9958331664',NULL,'GURGAON',NULL,'2','13',NULL,NULL,17,NULL,8,'48','3',NULL,'1','6','DL','07/2014',NULL,NULL,'White','Diesel','Automatic','First Owner','97964','1925000',NULL,'Y',NULL,NULL,NULL,NULL,'By Cash','2020-02-13 05:58:03','2020-02-13 05:58:03'),(302,'CARS24 (AUCTION)','7303925163',NULL,'SOHNA ROAD',NULL,'2','13',NULL,NULL,16,NULL,8,'36','3',NULL,'1','5','DL','09/2013',NULL,NULL,'White','Diesel','Automatic','First Owner','25694','1391000',NULL,'Y',NULL,NULL,NULL,NULL,'By Cash','2020-02-13 05:59:45','2020-02-13 05:59:45'),(303,'AUTO BEST','9643597435',NULL,'VASNT KUNJ',NULL,'1','10',NULL,NULL,7,NULL,8,'154','2',NULL,'12','42','TEMP99','08/2018',NULL,NULL,'Blue','Petrol','Automatic','First Owner','4000','4850000',NULL,'Y',NULL,NULL,NULL,NULL,'By Cash','2020-02-13 06:03:57','2020-02-13 06:03:57'),(304,'CARDEKHO (AUCTION)','9953317460',NULL,'GURGAON',NULL,'2','13',NULL,NULL,15,NULL,8,'18','2',NULL,'1','2','DL8C','07/2013',NULL,NULL,'Gray','Diesel','Automatic','Second Owner','65104','1150000',NULL,'Y',NULL,NULL,NULL,NULL,'By Cash','2020-02-13 06:13:16','2020-02-13 06:13:16'),(305,'KITAN MANCHANDA','8285195067',NULL,'DELHI',NULL,'1','10',NULL,NULL,7,NULL,8,'154','2',NULL,'12','42','UNREG','09/2020',NULL,NULL,'Blue','Petrol','Automatic','First Owner','10','5500000',NULL,'Y',NULL,NULL,NULL,NULL,'By Cash','2020-02-13 06:15:26','2020-02-13 06:15:26'),(306,'BIR MOTORS','8860725882',NULL,'mansorver garden',NULL,'1','10',NULL,NULL,7,NULL,8,'144','2',NULL,'12','42','DL1CAA6422','09/2018',NULL,NULL,'Blue','Diesel','Automatic','First Owner','1300','6500000',NULL,'Y',NULL,NULL,NULL,NULL,'By Cash','2020-02-13 06:19:17','2020-02-13 06:19:17'),(307,'OLX (AUCTION)','9958331664',NULL,'GURGAON',NULL,'2','13',NULL,NULL,17,NULL,8,'62','2',NULL,'3','11','DL','11/2011',NULL,NULL,'Black','Diesel','Automatic','First Owner','62959','384000',NULL,'Y',NULL,NULL,NULL,NULL,'By Cash','2020-02-13 06:21:01','2020-02-13 06:21:01'),(308,'CARS24 (AUCTION)','7303925163',NULL,'SOHNA ROAD',NULL,'2','13',NULL,NULL,16,NULL,8,'115','3',NULL,'3','19',NULL,'07/2013',NULL,NULL,'Black','Diesel','Automatic','Second Owner','67896','1000000',NULL,'Y',NULL,NULL,NULL,NULL,'By Cash','2020-02-13 06:23:13','2020-02-13 06:23:13'),(309,'CARS24 (AUCTION)','7303925163',NULL,'SOHNA ROAD',NULL,'2','13',NULL,NULL,16,NULL,8,'25','2',NULL,'1','2','HR26','05/2014',NULL,NULL,'White','Diesel','Automatic','Second Owner','67636','1500000',NULL,'Y',NULL,NULL,NULL,NULL,'By Cash','2020-02-13 06:25:36','2020-02-13 06:25:36'),(310,'CARS24 (AUCTION)','7303925163',NULL,'SOHNA ROAD',NULL,'2','13',NULL,NULL,16,NULL,8,'38','3',NULL,'1','5','PB11','05/2013',NULL,NULL,'White','Diesel','Automatic','Second Owner','99810','1100000',NULL,'Y',NULL,NULL,NULL,NULL,'By Cash','2020-02-13 06:33:32','2020-02-13 06:33:32'),(311,'RAJ','9988800700',NULL,'H.NO-283 G BRS NAGAR',NULL,'5','28',NULL,NULL,7,NULL,8,'100','3',NULL,'3','15','PB10','03/2018',NULL,NULL,'White','Diesel','Automatic','First Owner','25000','5500000',NULL,'Y',NULL,NULL,NULL,NULL,'By Cash','2020-02-13 06:54:04','2020-02-13 06:54:04'),(312,'JAS BATRA','9888400143',NULL,'Prem Nagar Near Punjab Mata Na',NULL,'5','28',NULL,NULL,7,NULL,8,'115','3',NULL,'3','19','PB10','07/2013',NULL,NULL,'White','Diesel','Automatic','First Owner','60000','1425000',NULL,'Y',NULL,NULL,NULL,NULL,'By Cash','2020-02-13 06:55:56','2020-02-13 06:55:56'),(313,'OLX (AUCTION)','9958331664',NULL,'GURGAON',NULL,'2','13',NULL,NULL,17,NULL,8,'36','3',NULL,'1','5','DL1C','06/2013',NULL,NULL,'White','Diesel','Automatic','First Owner','44595','1200000',NULL,'Y',NULL,NULL,NULL,NULL,'By Cash','2020-02-13 06:58:01','2020-02-13 06:58:01'),(314,'SHIVAY','9599994502',NULL,'ASHOK VIHAR PH-1',NULL,'1','10',NULL,NULL,9,NULL,8,'38','3',NULL,'1','5','DL12VN8094','06/2018',NULL,NULL,'White','Petrol','Automatic','First Owner','13000','2000000',NULL,'Y',NULL,NULL,NULL,NULL,'By Cash','2020-02-13 07:00:12','2020-02-13 07:00:12'),(315,'MOHIT','9872447711',NULL,'Sector 16, Panchkula',NULL,'17','28',NULL,NULL,7,NULL,8,'106','3',NULL,'3','17','CH','04/2014',NULL,NULL,'White','Diesel','Automatic','First Owner','68000','2175000',NULL,'Y',NULL,NULL,NULL,NULL,'By Cash','2020-02-13 07:35:21','2020-02-13 07:35:21'),(316,'SOURABH','7259102762',NULL,'MG ROAD',NULL,'2','13',NULL,NULL,2,NULL,8,'120','2',NULL,'3','20','HR26','07/2012',NULL,NULL,'White','Diesel','Automatic','Second Owner','80000','3500000',NULL,'Y',NULL,NULL,NULL,NULL,'By Cash','2020-02-13 07:40:12','2020-02-13 07:40:12'),(317,'CARS24 (AUCTION)','7303925163',NULL,'SOHNA ROAD',NULL,'2','13',NULL,NULL,16,NULL,8,'62','2',NULL,'3','11','CH','09/2015',NULL,NULL,'White','Diesel','Automatic','Second Owner','48870','2000000',NULL,'Y',NULL,NULL,NULL,NULL,'By Cash','2020-02-13 07:42:08','2020-02-13 07:42:08'),(318,'CARS24 (AUCTION)','7303925163',NULL,'SOHNA ROAD',NULL,'2','13',NULL,NULL,16,NULL,8,'34','3',NULL,'1','3','UP15','0/0',NULL,NULL,'Black','Diesel','Automatic','First Owner','59227','1700000',NULL,'Y',NULL,NULL,NULL,NULL,'By Cash','2020-02-13 07:44:59','2020-02-13 07:44:59'),(319,'CARS24 (AUCTION)','7303925163',NULL,'SOHNA ROAD',NULL,'2','13',NULL,NULL,16,NULL,8,'36','3',NULL,'1','5','RJ14','09/2016',NULL,NULL,'White','Diesel','Automatic','First Owner','90543','1600000',NULL,'Y',NULL,NULL,NULL,NULL,'By Cash','2020-02-13 07:46:49','2020-02-13 07:46:49'),(320,'AYUSH','9967532431',NULL,'Industrial Area',NULL,'17','28',NULL,NULL,7,NULL,8,'36','3',NULL,'1','5','CH','04/2018',NULL,NULL,'Black','Diesel','Automatic','First Owner','9000','2600000',NULL,'Y',NULL,NULL,NULL,NULL,'By Cash','2020-02-13 07:48:42','2020-02-13 07:48:42'),(321,'samridhi singla','8377017067',NULL,'SEC-3',NULL,'17','28',NULL,NULL,7,NULL,8,'120','2',NULL,'3','20','HR26','08/2015',NULL,NULL,'Brown','Diesel','Automatic','First Owner','75000','4000000',NULL,'Y',NULL,NULL,NULL,NULL,'By Cash','2020-02-13 07:53:22','2020-02-13 07:53:22'),(322,'YOGESH BANSAL','9876304900',NULL,'12 A-TAGORE NAGAR',NULL,'5','28',NULL,NULL,7,NULL,8,'109','3',NULL,'3','17','PB10','08/2017',NULL,NULL,'White','Diesel','Automatic','Second Owner','42000','3250000',NULL,'Y',NULL,NULL,NULL,NULL,'By Cash','2020-02-13 10:02:37','2020-02-13 10:02:37'),(323,'VIJAY VERMA','9815083863',NULL,'Janakpuri',NULL,'5','28',NULL,NULL,7,NULL,8,'','3',NULL,'9','34','CH1AR8075','07/2013',NULL,NULL,'Blue','Diesel','Automatic','First Owner','42000','2500000',NULL,'Y',NULL,NULL,NULL,NULL,'By Cash','2020-02-13 10:07:13','2020-02-13 10:07:13'),(324,'HARRI','9871115039',NULL,'SHIVALIK EMERALD APARTMENT FLA',NULL,'18','35',NULL,NULL,7,NULL,8,'113','3',NULL,'3','19','UK07','06/2017',NULL,NULL,'White','Diesel','Automatic','First Owner','26000','2900000',NULL,'Y',NULL,NULL,NULL,NULL,'By Cash','2020-02-13 10:10:02','2020-02-13 10:10:02'),(325,'AMIT','9855111881',NULL,'JANKPURI',NULL,'5','28',NULL,NULL,7,NULL,8,'32','3',NULL,'1','3','CH','05/2012',NULL,NULL,'White','Diesel','Automatic','Second Owner','80000','2300000',NULL,'Y',NULL,NULL,NULL,NULL,'By Cash','2020-02-13 10:13:43','2020-02-13 10:13:43'),(326,'Luxury ride india pvt ltd',NULL,NULL,NULL,NULL,'5',NULL,NULL,NULL,NULL,NULL,NULL,NULL,NULL,NULL,'1','1','CH01','2/2012',NULL,NULL,'WHITE','Diesel',NULL,'First Owner','79000',NULL,NULL,'Y',NULL,NULL,NULL,NULL,NULL,'2020-02-21 10:20:54','2020-02-21 12:59:24'),(327,'Luxury ride india pvt ltd',NULL,NULL,NULL,NULL,'17',NULL,NULL,NULL,NULL,NULL,NULL,NULL,NULL,NULL,'1','2','CH01AR3642','2/2012',NULL,NULL,'SILVER','Diesel',NULL,'First Owner','72000',NULL,NULL,'Y',NULL,NULL,NULL,NULL,NULL,'2020-02-21 10:20:54','2020-02-21 12:59:24'),(328,'Luxury ride india pvt ltd',NULL,NULL,NULL,NULL,'23',NULL,NULL,NULL,NULL,NULL,NULL,NULL,NULL,NULL,'1','5','HR06','2/2013',NULL,NULL,'WHITE','Diesel',NULL,'First Owner','120120',NULL,NULL,'Y',NULL,NULL,NULL,NULL,NULL,'2020-02-21 10:20:54','2020-02-21 12:59:24'),(329,'Luxury ride india pvt ltd',NULL,NULL,NULL,NULL,'23',NULL,NULL,NULL,NULL,NULL,NULL,NULL,NULL,NULL,'1','6','PB10','2/2014',NULL,NULL,'WHITE','Diesel',NULL,'First Owner','46000',NULL,NULL,'Y',NULL,NULL,NULL,NULL,NULL,'2020-02-21 10:20:54','2020-02-21 12:59:24'),(330,'Luxury ride india pvt ltd',NULL,NULL,NULL,NULL,'17',NULL,NULL,NULL,NULL,NULL,NULL,NULL,NULL,NULL,'1','6','HP','2/2018',NULL,NULL,'BLACK','Diesel',NULL,'First Owner','28000',NULL,NULL,'Y',NULL,NULL,NULL,NULL,NULL,'2020-02-21 10:20:54','2020-02-21 12:59:24'),(331,'Luxury ride india pvt ltd',NULL,NULL,NULL,NULL,'17',NULL,NULL,NULL,NULL,NULL,NULL,NULL,NULL,NULL,'3','11','HR70R0013','2/2015',NULL,NULL,'BLACK','Diesel',NULL,'First Owner','90000',NULL,NULL,'Y',NULL,NULL,NULL,NULL,NULL,'2020-02-21 10:20:54','2020-02-21 12:59:25'),(332,'Luxury ride india pvt ltd',NULL,NULL,NULL,NULL,'23',NULL,NULL,NULL,NULL,NULL,NULL,NULL,NULL,NULL,'3','11','PB10','2/2016',NULL,NULL,'WHITE','Diesel',NULL,'First Owner','38000',NULL,NULL,'Y',NULL,NULL,NULL,NULL,NULL,'2020-02-21 10:20:54','2020-02-21 12:59:25'),(333,'Luxury ride india pvt ltd',NULL,NULL,NULL,NULL,'23',NULL,NULL,NULL,NULL,NULL,NULL,NULL,NULL,NULL,'3','12','DL8CP5100','2/2009',NULL,NULL,'WHITE','Diesel',NULL,'First Owner','85000',NULL,NULL,'Y',NULL,NULL,NULL,NULL,NULL,'2020-02-21 10:20:54','2020-02-21 12:59:25'),(334,'Luxury ride india pvt ltd',NULL,NULL,NULL,NULL,'18',NULL,NULL,NULL,NULL,NULL,NULL,NULL,NULL,NULL,'3','12','UK06AB0577','2/2013',NULL,NULL,'BLACK','Diesel',NULL,'First Owner','60000',NULL,NULL,'Y',NULL,NULL,NULL,NULL,NULL,'2020-02-21 10:20:54','2020-02-21 12:59:25'),(335,'Luxury ride india pvt ltd',NULL,NULL,NULL,NULL,'8',NULL,NULL,NULL,NULL,NULL,NULL,NULL,NULL,NULL,'3','12','UP16BP9595','2/2017',NULL,NULL,'WHITE','Diesel',NULL,'First Owner','29000',NULL,NULL,'Y',NULL,NULL,NULL,NULL,NULL,'2020-02-21 10:20:55','2020-02-21 12:59:25'),(336,'Luxury ride india pvt ltd',NULL,NULL,NULL,NULL,'1',NULL,NULL,NULL,NULL,NULL,NULL,NULL,NULL,NULL,'3','17','UP32JJ2225','2/2017',NULL,NULL,'WHITE','Diesel',NULL,'First Owner','25000',NULL,NULL,'Y',NULL,NULL,NULL,NULL,NULL,'2020-02-21 10:20:55','2020-02-21 12:59:25'),(337,'Luxury ride india pvt ltd',NULL,NULL,NULL,NULL,'1',NULL,NULL,NULL,NULL,NULL,NULL,NULL,NULL,NULL,'8','30','UP16','2/2017',NULL,NULL,'WHITE','Diesel',NULL,'Second Owner','32432',NULL,NULL,'Y',NULL,NULL,NULL,NULL,NULL,'2020-02-21 10:20:55','2020-02-21 12:59:26'),(338,'Luxury ride india pvt ltd',NULL,NULL,NULL,NULL,'18',NULL,NULL,NULL,NULL,NULL,NULL,NULL,NULL,NULL,'9','36','UK07H 0011','2/2017',NULL,NULL,'WHITE','Diesel',NULL,'First Owner','26000',NULL,NULL,'Y',NULL,NULL,NULL,NULL,NULL,'2020-02-21 10:20:55','2020-02-21 12:59:26'),(339,'Luxury ride india pvt ltd',NULL,NULL,NULL,NULL,'1',NULL,NULL,NULL,NULL,NULL,NULL,NULL,NULL,NULL,'9','36','DL1CV1461','2/2016',NULL,NULL,'BLUE','Petrol',NULL,'First Owner','52000',NULL,NULL,'Y',NULL,NULL,NULL,NULL,NULL,'2020-02-21 10:20:55','2020-02-21 12:59:26'),(340,'Luxury ride india pvt ltd',NULL,NULL,NULL,NULL,'23',NULL,NULL,NULL,NULL,NULL,NULL,NULL,NULL,NULL,'9','37','HR70DO530','2/2011',NULL,NULL,'SILVER','Diesel',NULL,'Third More Owners','120000',NULL,NULL,'Y',NULL,NULL,NULL,NULL,NULL,'2020-02-21 10:20:55','2020-02-21 12:59:26'),(341,'Luxury ride india pvt ltd',NULL,NULL,NULL,NULL,'1',NULL,NULL,NULL,NULL,NULL,NULL,NULL,NULL,NULL,'9','34','HR26DQ6168','2/2018',NULL,NULL,'WHITE','Diesel',NULL,'First Owner','26000',NULL,NULL,'Y',NULL,NULL,NULL,NULL,NULL,'2020-02-21 10:20:55','2020-02-21 12:59:26'),(342,'Luxury ride india pvt ltd',NULL,NULL,NULL,NULL,'18',NULL,NULL,NULL,NULL,NULL,NULL,NULL,NULL,NULL,'9','34','UK07BV0009','2/2016',NULL,NULL,'WHITE','Diesel',NULL,'First Owner','112000',NULL,NULL,'Y',NULL,NULL,NULL,NULL,NULL,'2020-02-21 10:20:55','2020-02-21 12:59:26'),(343,'Luxury ride india pvt ltd',NULL,NULL,NULL,NULL,'23',NULL,NULL,NULL,NULL,NULL,NULL,NULL,NULL,NULL,'12','53','DL6CM6179','2/2013',NULL,NULL,'WHITE','Petrol',NULL,'First Owner','14000',NULL,NULL,'Y',NULL,NULL,NULL,NULL,NULL,'2020-02-21 10:20:55','2020-02-21 12:59:26'),(344,'Luxury ride india pvt ltd',NULL,NULL,NULL,NULL,'23',NULL,NULL,NULL,NULL,NULL,NULL,NULL,NULL,NULL,'12','47','UP32JF2715','2/2017',NULL,NULL,'WHITE','Diesel',NULL,'First Owner','15000',NULL,NULL,'Y',NULL,NULL,NULL,NULL,NULL,'2020-02-21 10:20:55','2020-02-21 12:59:27'),(345,'Luxury ride india pvt ltd',NULL,NULL,NULL,NULL,'3',NULL,NULL,NULL,NULL,NULL,NULL,NULL,NULL,NULL,'12','47','RJ45CF 1333','2/2017',NULL,NULL,'SILVER','Diesel',NULL,'First Owner','34000',NULL,NULL,'Y',NULL,NULL,NULL,NULL,NULL,'2020-02-21 10:20:55','2020-02-21 12:59:27'),(346,'Luxury ride india pvt ltd',NULL,NULL,NULL,NULL,'17',NULL,NULL,NULL,NULL,NULL,NULL,NULL,NULL,NULL,'12','47','HP07D5152','2/2016',NULL,NULL,'RED','Diesel',NULL,'First Owner','21000',NULL,NULL,'Y',NULL,NULL,NULL,NULL,NULL,'2020-02-21 10:20:55','2020-02-21 12:59:27'),(347,'Luxury ride india pvt ltd',NULL,NULL,NULL,NULL,'23',NULL,NULL,NULL,NULL,NULL,NULL,NULL,NULL,NULL,'12','42','RJ14CW0990','2/2013',NULL,NULL,'BROWN','Diesel',NULL,'First Owner','60000',NULL,NULL,'Y',NULL,NULL,NULL,NULL,NULL,'2020-02-21 10:20:55','2020-02-21 12:59:27'),(348,'Luxury ride india pvt ltd',NULL,NULL,NULL,NULL,'3',NULL,NULL,NULL,NULL,NULL,NULL,NULL,NULL,NULL,'12','42','RJ14AC0101','2/2015',NULL,NULL,'WHITE','Diesel',NULL,'First Owner','18000',NULL,NULL,'Y',NULL,NULL,NULL,NULL,NULL,'2020-02-21 10:20:56','2020-02-21 12:59:27'),(349,'Luxury ride india pvt ltd',NULL,NULL,NULL,NULL,'23',NULL,NULL,NULL,NULL,NULL,NULL,NULL,NULL,NULL,'12','42','DL2CAT6450','2/2014',NULL,NULL,'BROWN','Diesel',NULL,'First Owner','32000',NULL,NULL,'Y',NULL,NULL,NULL,NULL,NULL,'2020-02-21 10:20:56','2020-02-21 12:59:28'),(350,'Luxury ride india pvt ltd',NULL,NULL,NULL,NULL,'17',NULL,NULL,NULL,NULL,NULL,NULL,NULL,NULL,NULL,'12','43','HR27H0019','2/2017',NULL,NULL,'WHITE','',NULL,'First Owner','38000',NULL,NULL,'Y',NULL,NULL,NULL,NULL,NULL,'2020-02-21 10:20:56','2020-02-21 12:59:28'),(351,'Luxury ride india pvt ltd',NULL,NULL,NULL,NULL,'5',NULL,NULL,NULL,NULL,NULL,NULL,NULL,NULL,NULL,'12','43','PB65AS4766','2/2017',NULL,NULL,'WHITE','Diesel',NULL,'First Owner','16000',NULL,NULL,'Y',NULL,NULL,NULL,NULL,NULL,'2020-02-21 10:20:56','2020-02-21 12:59:28'),(352,'Luxury ride india pvt ltd',NULL,NULL,NULL,NULL,'8',NULL,NULL,NULL,NULL,NULL,NULL,NULL,NULL,NULL,'12','52','UK04','2/2018',NULL,NULL,'WHITE','Diesel',NULL,'First Owner','24000',NULL,NULL,'Y',NULL,NULL,NULL,NULL,NULL,'2020-02-21 10:20:56','2020-02-21 12:59:28'),(353,'Luxury ride india pvt ltd',NULL,NULL,NULL,NULL,'1',NULL,NULL,NULL,NULL,NULL,NULL,NULL,NULL,NULL,'12','49','DL1CV5005','2/2016',NULL,NULL,'BROWN','Diesel',NULL,'First Owner','56000',NULL,NULL,'Y',NULL,NULL,NULL,NULL,NULL,'2020-02-21 10:20:56','2020-02-21 12:59:28'),(354,'Luxury ride india pvt ltd',NULL,NULL,NULL,NULL,'23',NULL,NULL,NULL,NULL,NULL,NULL,NULL,NULL,NULL,'12','46','HR','2/2013',NULL,NULL,'WHITE','Diesel',NULL,'Second Owner','70000',NULL,NULL,'Y',NULL,NULL,NULL,NULL,NULL,'2020-02-21 10:20:56','2020-02-21 12:59:29'),(355,'Luxury ride india pvt ltd',NULL,NULL,NULL,NULL,'18',NULL,NULL,NULL,NULL,NULL,NULL,NULL,NULL,NULL,'12','46','HR','2/2007',NULL,NULL,'WHITE','Diesel',NULL,'First Owner','90000',NULL,NULL,'Y',NULL,NULL,NULL,NULL,NULL,'2020-02-21 10:20:56','2020-02-21 12:59:29'),(356,'Luxury ride india pvt ltd',NULL,NULL,NULL,NULL,'8',NULL,NULL,NULL,NULL,NULL,NULL,NULL,NULL,NULL,'20','77','HR05AZ0099','2/2017',NULL,NULL,'BROWN','Diesel',NULL,'First Owner','27000',NULL,NULL,'Y',NULL,NULL,NULL,NULL,NULL,'2020-02-21 10:20:56','2020-02-21 12:59:29'),(357,'Luxury ride india pvt ltd',NULL,NULL,NULL,NULL,'23',NULL,NULL,NULL,NULL,NULL,NULL,NULL,NULL,NULL,'20','73','MP09WB1786','2/2019',NULL,NULL,'WHITE','Diesel',NULL,'First Owner','18000',NULL,NULL,'Y',NULL,NULL,NULL,NULL,NULL,'2020-02-21 10:20:56','2020-02-21 12:59:29'),(358,'VISHAL SIR','9215015501',NULL,'GURGAON',NULL,'2','13',NULL,NULL,11,NULL,3,'100','3',NULL,'3','15','JH','08/2017',NULL,NULL,'Blue','Diesel','Automatic','First Owner','30000','4500000',NULL,'Y',NULL,NULL,NULL,NULL,'By Cash','2020-02-21 11:27:13','2020-02-21 11:27:13'),(359,'CARS24 (AUCTION)','7303925163',NULL,'sohan road',NULL,'2','13',NULL,NULL,16,NULL,3,'','3',NULL,'20','74','hr26','06/2015',NULL,NULL,'Black','Diesel','Automatic','Second Owner','35501','1200000',NULL,'Y',NULL,NULL,NULL,NULL,'By Cash','2020-02-22 07:43:59','2020-02-22 07:43:59'),(360,'CARS24 (AUCTION)','7303925163',NULL,'sohan road',NULL,'2','13',NULL,NULL,16,NULL,3,'3','2',NULL,'1','1','pb02','07/2017',NULL,NULL,'Black','Diesel','Automatic','First Owner','48457','2300000',NULL,'Y',NULL,NULL,NULL,NULL,'By Cash','2020-02-22 07:46:20','2020-02-22 07:46:20'),(361,'OLX (AUCTION)','9958331664',NULL,'sohan road',NULL,'2','13',NULL,NULL,17,NULL,3,'202','8',NULL,'12','47','DL','08/2016',NULL,NULL,'Silver','Petrol','Automatic','First Owner','11389','2000000',NULL,'Y',NULL,NULL,NULL,NULL,'By Cash','2020-02-22 07:50:44','2020-02-22 07:50:44'),(362,'CARS24 (AUCTION)','7303925163',NULL,'SOHNA ROAD',NULL,'2','13',NULL,NULL,16,NULL,3,'62','2',NULL,'3','11','CH01','09/2015',NULL,NULL,'Black','Diesel','Automatic','First Owner','42609','1600000',NULL,'Y',NULL,NULL,NULL,NULL,'By Cash','2020-02-22 07:52:56','2020-02-22 07:52:56'),(363,'CARS24 (AUCTION)','7303925163',NULL,'SOHNA ROAD',NULL,'2','13',NULL,NULL,16,NULL,3,'18','2',NULL,'1','2','UP14','04/2014',NULL,NULL,'White','Diesel','Automatic','First Owner','11701','1600000',NULL,'Y',NULL,NULL,NULL,NULL,'By Cash','2020-02-22 07:55:13','2020-02-22 07:55:13'),(364,'CARS24 (AUCTION)','7303925163',NULL,'SOHNA ROAD ',NULL,'2','13',NULL,NULL,16,NULL,3,'17','2',NULL,'1','1','UK07','03/2015',NULL,NULL,'White','Diesel','Automatic','Second Owner','64646','1400000',NULL,'Y',NULL,NULL,NULL,NULL,'By Cash','2020-02-22 08:00:00','2020-02-22 08:00:00'),(365,'CARS24 (AUCTION)','7303925163',NULL,'SOHAN ROAD',NULL,'2','13',NULL,NULL,16,NULL,3,'62','2',NULL,'3','11','DL','0/2016',NULL,NULL,'Black','Diesel','Automatic','First Owner','12816','1900000',NULL,'Y',NULL,NULL,NULL,NULL,'By Cash','2020-02-22 09:12:33','2020-02-22 09:12:33'),(366,'Yaduraj','9810554362',NULL,'EMAAR THE PALM DRIVE GOLF COUR',NULL,'2','13',NULL,NULL,2,NULL,3,'','4',NULL,'3','82','DL','03/2013',NULL,NULL,'Red','Diesel','Automatic','First Owner','70000','1050000',NULL,'Y',NULL,NULL,NULL,NULL,'By Cash','2020-02-22 09:15:30','2020-02-22 09:15:30'),(367,'HIMPRIT SINGH','7292080267',NULL,'SEC -28',NULL,'2','13',NULL,'122001',15,NULL,3,'63','2',NULL,'3','11','HR','0/2017',NULL,NULL,'White','Diesel','Automatic','First Owner','5500','3050000',NULL,'Y',NULL,NULL,NULL,NULL,NULL,'2020-02-22 09:21:16','2020-02-22 09:21:16'),(368,'SHUBHAM NAGPAL','9888882422',NULL,'JANKPURI',NULL,'5','6',NULL,NULL,14,NULL,3,'63','2',NULL,'3','11','CH','0/0',NULL,NULL,'Brown','Diesel','Automatic',NULL,'47000','1500000',NULL,'Y',NULL,NULL,NULL,NULL,NULL,'2020-02-22 09:25:49','2020-02-22 09:25:49'),(369,'SURPRIT','8872123455',NULL,'MODEL TOWN',NULL,'455','28',NULL,NULL,16,NULL,3,'93','9',NULL,'3','13','DL','0/2014',NULL,NULL,'White','Diesel','Automatic','First Owner','53000','1285000',NULL,'Y',NULL,NULL,NULL,NULL,NULL,'2020-02-22 09:31:18','2020-02-22 09:31:18'),(370,'CARS24 (AUCTION)','7303925163',NULL,'SOHAN ROAD',NULL,'2','13',NULL,'122001',16,NULL,3,'108','3',NULL,'3','17','UP','0/2016',NULL,NULL,'Black','Diesel','Automatic','First Owner','50431','2150000',NULL,'Y',NULL,NULL,NULL,NULL,NULL,'2020-02-22 09:35:39','2020-02-22 09:35:39'),(371,'OLX (AUCTION)','9958331664',NULL,'SOHAN ROAD',NULL,'2','13',NULL,'122001',16,NULL,3,'22','2',NULL,'1','2','UP','0/2015',NULL,NULL,'White','Diesel','Automatic','Second Owner','39918','1700000',NULL,'Y',NULL,NULL,NULL,NULL,'By Cash','2020-02-22 09:40:23','2020-02-22 09:40:23'),(372,'CARS24 (AUCTION)','7303925163',NULL,'DELHI',NULL,'8','10',NULL,NULL,16,NULL,3,'222','1',NULL,'13','56',NULL,'0/2013',NULL,NULL,'Red','Diesel','Automatic','First Owner','1428','1700000',NULL,'Y',NULL,NULL,NULL,NULL,NULL,'2020-02-22 09:44:59','2020-02-22 09:44:59'),(373,'CARS24 (AUCTION)','7303925163',NULL,'SOHAN ROAD',NULL,'2','13',NULL,'122001',15,NULL,3,'246','2',NULL,'20','72','UP','0/2014',NULL,NULL,'Silver','Diesel','Automatic','First Owner','37598','1850000',NULL,'Y',NULL,NULL,NULL,NULL,NULL,'2020-02-22 09:49:35','2020-02-22 09:49:35'),(374,'CARS24 (AUCTION)','7303925163',NULL,'SOHAN ROAD',NULL,'2','13',NULL,'122001',16,NULL,3,'','3',NULL,'12','52','HR','0/0',NULL,NULL,'Silver','Diesel','Automatic','First Owner','15807','3150000',NULL,'Y',NULL,NULL,NULL,NULL,NULL,'2020-02-22 09:53:19','2020-02-22 09:53:19'),(375,'CARS24 (AUCTION)','7303925163',NULL,'SOHAN ROAD',NULL,'2','13',NULL,'122001',15,NULL,3,'55','8',NULL,'1','7','HR','0/0',NULL,NULL,'Black','Diesel','Automatic','Second Owner','51663','1250000',NULL,'Y',NULL,NULL,NULL,NULL,NULL,'2020-02-22 09:59:00','2020-02-22 09:59:00'),(376,'CARS24 (AUCTION)','7303925163',NULL,'SOHAN ROAD',NULL,'2','13',NULL,'122001',15,NULL,3,'210','3',NULL,'12','48','UP','0/2015',NULL,NULL,'White','Diesel','Automatic','First Owner','35090','2650000',NULL,'Y',NULL,NULL,NULL,NULL,NULL,'2020-02-22 10:02:07','2020-02-22 10:02:07'),(377,'CARS24 (AUCTION)','7303925163',NULL,'sohna road',NULL,'2','13',NULL,NULL,16,NULL,3,'1','2',NULL,'1','1','up16','08/2015',NULL,NULL,'White','Diesel','Automatic','First Owner','34683','1400000',NULL,'Y',NULL,NULL,NULL,NULL,'By Cash','2020-02-22 10:05:30','2020-02-22 10:05:30'),(378,'OLX (AUCTION)','9958331664',NULL,'delhi',NULL,'8','10',NULL,NULL,17,NULL,3,'116','3',NULL,'3','19','dl1c','07/2012',NULL,NULL,'Brown','Diesel','Automatic','First Owner','52575','900000',NULL,'Y',NULL,NULL,NULL,NULL,'By Cash','2020-02-22 10:08:04','2020-02-22 10:08:04'),(379,'MANISH ','8218714792',NULL,'SOHAN ROAD',NULL,'2','13',NULL,NULL,7,NULL,3,'96','2',NULL,'3','14','hr','08/2015',NULL,NULL,'White','Diesel','Automatic','Second Owner','64500','2200000',NULL,'Y',NULL,NULL,NULL,NULL,'By Cash','2020-02-22 10:10:16','2020-02-22 10:10:16'),(380,'CARS24 (AUCTION)','7303925163',NULL,'SOHNA ROAD',NULL,'2','13',NULL,NULL,16,NULL,3,'233','3',NULL,'19','67','HR26','10/2017',NULL,NULL,'White','Diesel','Automatic','First Owner','24135','2500000',NULL,'Y',NULL,NULL,NULL,NULL,'By Cash','2020-02-22 11:28:11','2020-02-22 11:28:11'),(381,'MANOJ KUMAR','8013500009',NULL,'SEC-21 A',NULL,'17','6',NULL,NULL,7,NULL,3,'79','2',NULL,'3','12','JK','07/2018',NULL,NULL,'Blue','Diesel','Automatic','First Owner','23000','3700000',NULL,'Y',NULL,NULL,NULL,NULL,'By Cash','2020-02-22 11:29:29','2020-02-22 11:29:29'),(382,'MANOJ KUMAR','8013500009',NULL,'SEC-21 A',NULL,'17','6',NULL,NULL,7,NULL,3,'91','2',NULL,'3','12','JK','07/2018',NULL,NULL,'Blue','Diesel','Automatic','First Owner','23000','3700000',NULL,'Y',NULL,NULL,NULL,NULL,'By Cash','2020-02-22 11:50:22','2020-02-22 11:50:22'),(383,'TAJBIR SINGH','9501670026',NULL,'SEC-85',NULL,'11','28',NULL,NULL,7,NULL,3,'79','2',NULL,'3','12','PB13','06/2014',NULL,NULL,'White','Diesel','Automatic','Second Owner','68000','2800000',NULL,'Y',NULL,NULL,NULL,NULL,'By Cash','2020-02-22 11:52:03','2020-02-22 11:52:03'),(384,'CARS24 (AUCTION)','7303925163',NULL,'SOHNA ROAD',NULL,'2','13',NULL,NULL,16,NULL,3,'113','3',NULL,'3','19','DL','10/2012',NULL,NULL,'Black','Diesel','Automatic','First Owner','46296','800000',NULL,'Y',NULL,NULL,NULL,NULL,'By Cash','2020-02-22 12:21:00','2020-02-22 12:21:00'),(385,'CARS24 (AUCTION)','7303925163',NULL,'sohna road',NULL,'2','13',NULL,NULL,16,NULL,3,'38','3',NULL,'1','5','up14','09/2015',NULL,NULL,'White','Diesel','Automatic',NULL,'47717','1650000',NULL,'Y',NULL,NULL,NULL,NULL,'By Cash','2020-02-22 12:35:28','2020-02-22 12:35:28');
/*!40000 ALTER TABLE `purchase_lead_tbl` ENABLE KEYS */;
UNLOCK TABLES;

--
-- Table structure for table `purchase_price_change_tbl`
--

DROP TABLE IF EXISTS `purchase_price_change_tbl`;
/*!40101 SET @saved_cs_client     = @@character_set_client */;
/*!40101 SET character_set_client = utf8 */;
CREATE TABLE `purchase_price_change_tbl` (
  `change_id` int(15) NOT NULL AUTO_INCREMENT,
  `vehicle_id` int(25) DEFAULT NULL,
  `purchase_price` varchar(25) DEFAULT NULL,
  `selling_price` varchar(50) DEFAULT NULL,
  `changed_by` int(25) DEFAULT NULL,
  `is_followup` char(1) DEFAULT 'N',
  `follow_up_date` varchar(50) DEFAULT NULL,
  `comments` varchar(500) DEFAULT NULL,
  `is_active` char(1) DEFAULT 'Y',
  `changed_on` timestamp NOT NULL DEFAULT CURRENT_TIMESTAMP,
  PRIMARY KEY (`change_id`)
) ENGINE=InnoDB AUTO_INCREMENT=2 DEFAULT CHARSET=latin1;
/*!40101 SET character_set_client = @saved_cs_client */;

--
-- Dumping data for table `purchase_price_change_tbl`
--

LOCK TABLES `purchase_price_change_tbl` WRITE;
/*!40000 ALTER TABLE `purchase_price_change_tbl` DISABLE KEYS */;
INSERT INTO `purchase_price_change_tbl` VALUES (1,115,'1800000','2100000',3,'Y','2020-02-24 13:55:49','call on monday','Y','2020-02-22 07:26:45');
/*!40000 ALTER TABLE `purchase_price_change_tbl` ENABLE KEYS */;
UNLOCK TABLES;

--
-- Table structure for table `purchase_vehicle_onboard_status_tbl`
--

DROP TABLE IF EXISTS `purchase_vehicle_onboard_status_tbl`;
/*!40101 SET @saved_cs_client     = @@character_set_client */;
/*!40101 SET character_set_client = utf8 */;
CREATE TABLE `purchase_vehicle_onboard_status_tbl` (
  `onboard_id` int(15) NOT NULL AUTO_INCREMENT,
  `type` varchar(100) NOT NULL,
  `is_active` char(1) NOT NULL DEFAULT 'Y',
  `added_on` timestamp NOT NULL DEFAULT CURRENT_TIMESTAMP,
  PRIMARY KEY (`onboard_id`)
) ENGINE=InnoDB AUTO_INCREMENT=5 DEFAULT CHARSET=latin1;
/*!40101 SET character_set_client = @saved_cs_client */;

--
-- Dumping data for table `purchase_vehicle_onboard_status_tbl`
--

LOCK TABLES `purchase_vehicle_onboard_status_tbl` WRITE;
/*!40000 ALTER TABLE `purchase_vehicle_onboard_status_tbl` DISABLE KEYS */;
INSERT INTO `purchase_vehicle_onboard_status_tbl` VALUES (1,'Follow up','Y','2019-01-11 11:03:02'),(2,'Purchased','Y','2019-01-11 11:03:02'),(3,'Sold Out','Y','2019-01-11 11:03:02'),(4,'Inventory','Y','2020-01-15 10:53:56');
/*!40000 ALTER TABLE `purchase_vehicle_onboard_status_tbl` ENABLE KEYS */;
UNLOCK TABLES;

--
-- Table structure for table `purchased_vehicle_details_tbl`
--

DROP TABLE IF EXISTS `purchased_vehicle_details_tbl`;
/*!40101 SET @saved_cs_client     = @@character_set_client */;
/*!40101 SET character_set_client = utf8 */;
CREATE TABLE `purchased_vehicle_details_tbl` (
  `id` int(12) NOT NULL AUTO_INCREMENT,
  `vehicle_id` int(12) DEFAULT NULL,
  `showroom_id` int(10) DEFAULT NULL,
  `purchase_price` int(10) DEFAULT NULL,
  `selling_price` varchar(20) DEFAULT NULL,
  `refurbish_amount` int(25) DEFAULT NULL,
  `onboard_id` int(15) DEFAULT NULL,
  `vehicle_visibulity` varchar(25) DEFAULT NULL,
  `on_boarded_by` int(15) DEFAULT NULL,
  `comments` varchar(100) DEFAULT NULL,
  `is_active` char(1) DEFAULT 'Y',
  `owned_on` timestamp NOT NULL DEFAULT CURRENT_TIMESTAMP,
  PRIMARY KEY (`id`),
  KEY `vehicle_id` (`vehicle_id`),
  CONSTRAINT `purchased_vehicle_details_tbl_ibfk_1` FOREIGN KEY (`vehicle_id`) REFERENCES `vehicle_master_tbl` (`vehicle_id`)
) ENGINE=InnoDB AUTO_INCREMENT=69 DEFAULT CHARSET=latin1;
/*!40101 SET character_set_client = @saved_cs_client */;

--
-- Dumping data for table `purchased_vehicle_details_tbl`
--

LOCK TABLES `purchased_vehicle_details_tbl` WRITE;
/*!40000 ALTER TABLE `purchased_vehicle_details_tbl` DISABLE KEYS */;
INSERT INTO `purchased_vehicle_details_tbl` VALUES (1,326,NULL,NULL,'1500000',NULL,4,'ALL',8,NULL,'Y','2020-02-21 11:54:20'),(2,327,NULL,NULL,'1700000',NULL,4,'ALL',8,NULL,'Y','2020-02-21 11:54:20'),(3,328,NULL,NULL,'1500000',NULL,4,'ALL',8,NULL,'Y','2020-02-21 11:54:20'),(4,329,NULL,NULL,'3600000',NULL,4,'ALL',8,NULL,'Y','2020-02-21 11:54:20'),(5,330,NULL,NULL,'6400000',NULL,4,'ALL',8,NULL,'Y','2020-02-21 11:54:20'),(6,331,NULL,NULL,'1900000',NULL,4,'ALL',8,NULL,'Y','2020-02-21 11:54:20'),(7,332,NULL,NULL,'2900000',NULL,4,'ALL',8,NULL,'Y','2020-02-21 11:54:20'),(8,333,NULL,NULL,'900000',NULL,4,'ALL',8,NULL,'Y','2020-02-21 11:54:20'),(9,334,NULL,NULL,'1800000',NULL,4,'ALL',8,NULL,'Y','2020-02-21 11:54:20'),(10,335,NULL,NULL,'4100000',NULL,4,'ALL',8,NULL,'Y','2020-02-21 11:54:20'),(11,336,NULL,NULL,'3400000',NULL,4,'ALL',8,NULL,'Y','2020-02-21 11:54:20'),(12,337,NULL,NULL,'4600000',NULL,4,'ALL',8,NULL,'Y','2020-02-21 11:54:20'),(13,338,NULL,NULL,'3800000',NULL,4,'ALL',8,NULL,'Y','2020-02-21 11:54:20'),(14,339,NULL,NULL,'3200000',NULL,4,'ALL',8,NULL,'Y','2020-02-21 11:54:20'),(15,340,NULL,NULL,'1250000',NULL,4,'ALL',8,NULL,'Y','2020-02-21 11:54:20'),(16,341,NULL,NULL,'4100000',NULL,4,'ALL',8,NULL,'Y','2020-02-21 11:54:20'),(17,342,NULL,NULL,'2900000',NULL,4,'ALL',8,NULL,'Y','2020-02-21 11:54:20'),(18,343,NULL,NULL,'1300000',NULL,4,'ALL',8,NULL,'Y','2020-02-21 11:54:20'),(19,344,NULL,NULL,'2700000',NULL,4,'ALL',8,NULL,'Y','2020-02-21 11:54:20'),(20,345,NULL,NULL,'2700000',NULL,4,'ALL',8,NULL,'Y','2020-02-21 11:54:20'),(21,346,NULL,NULL,'2500000',NULL,4,'ALL',8,NULL,'Y','2020-02-21 11:54:20'),(22,347,NULL,NULL,'2000000',NULL,4,'ALL',8,NULL,'Y','2020-02-21 11:54:20'),(23,348,NULL,NULL,'2700000',NULL,4,'ALL',8,NULL,'Y','2020-02-21 11:54:20'),(24,349,NULL,NULL,'2700000',NULL,4,'ALL',8,NULL,'Y','2020-02-21 11:54:20'),(25,350,NULL,NULL,'2500000',NULL,4,'ALL',8,NULL,'Y','2020-02-21 11:54:20'),(26,351,NULL,NULL,'2800000',NULL,4,'ALL',8,NULL,'Y','2020-02-21 11:54:20'),(27,352,NULL,NULL,'4300000',NULL,4,'ALL',8,NULL,'Y','2020-02-21 11:54:20'),(28,353,NULL,NULL,'4100000',NULL,4,'ALL',8,NULL,'Y','2020-02-21 11:54:20'),(29,354,NULL,NULL,'3500000',NULL,4,'ALL',8,NULL,'Y','2020-02-21 11:54:20'),(30,355,NULL,NULL,'1500000',NULL,4,'ALL',8,NULL,'Y','2020-02-21 11:54:20'),(31,356,NULL,NULL,'4500000',NULL,4,'ALL',8,NULL,'Y','2020-02-21 11:54:20'),(32,357,NULL,NULL,'6400000',NULL,4,'ALL',8,NULL,'Y','2020-02-21 11:54:20'),(64,118,NULL,3700000,'4100000',0,2,'ALL',3,NULL,'Y','2020-02-22 07:14:06'),(65,107,NULL,NULL,NULL,1000000,3,'ALL',3,NULL,'Y','2020-02-22 07:21:01'),(66,10,NULL,NULL,NULL,5000000,3,'ALL',3,NULL,'Y','2020-02-22 07:21:12'),(67,117,NULL,NULL,NULL,0,3,'ALL',3,NULL,'Y','2020-02-22 07:24:34'),(68,115,NULL,1800000,'2100000',5000000,1,'ALL',3,NULL,'Y','2020-02-22 07:26:45');
/*!40000 ALTER TABLE `purchased_vehicle_details_tbl` ENABLE KEYS */;
UNLOCK TABLES;

--
-- Table structure for table `referral_code_tbl`
--

DROP TABLE IF EXISTS `referral_code_tbl`;
/*!40101 SET @saved_cs_client     = @@character_set_client */;
/*!40101 SET character_set_client = utf8 */;
CREATE TABLE `referral_code_tbl` (
  `id` int(12) NOT NULL AUTO_INCREMENT,
  `referral_code` varchar(20) DEFAULT NULL,
  `created_on` timestamp NOT NULL DEFAULT CURRENT_TIMESTAMP,
  `created_by` int(12) DEFAULT NULL,
  `is_active` char(1) DEFAULT 'Y',
  `discount_type` char(1) DEFAULT 'P',
  `discount` double(10,2) DEFAULT '0.00',
  `display_name` varchar(20) DEFAULT NULL,
  `eligible_criteria` varchar(30) DEFAULT NULL,
  `tool_tip` varchar(200) DEFAULT NULL,
  `no_of_times_can_use` int(3) DEFAULT '1',
  `min_amount` double(6,2) DEFAULT '199.00',
  `valid_from` timestamp NULL DEFAULT CURRENT_TIMESTAMP,
  `valid_to` timestamp NULL DEFAULT CURRENT_TIMESTAMP,
  `referral_image` text,
  `elgible_for` char(1) NOT NULL DEFAULT 'I',
  `flat_amount` double(10,2) DEFAULT '0.00',
  PRIMARY KEY (`id`)
) ENGINE=InnoDB DEFAULT CHARSET=latin1;
/*!40101 SET character_set_client = @saved_cs_client */;

--
-- Dumping data for table `referral_code_tbl`
--

LOCK TABLES `referral_code_tbl` WRITE;
/*!40000 ALTER TABLE `referral_code_tbl` DISABLE KEYS */;
/*!40000 ALTER TABLE `referral_code_tbl` ENABLE KEYS */;
UNLOCK TABLES;

--
-- Table structure for table `sales_lead_master_tbl`
--

DROP TABLE IF EXISTS `sales_lead_master_tbl`;
/*!40101 SET @saved_cs_client     = @@character_set_client */;
/*!40101 SET character_set_client = utf8 */;
CREATE TABLE `sales_lead_master_tbl` (
  `customer_id` int(20) NOT NULL AUTO_INCREMENT,
  `customer_name` varchar(50) DEFAULT NULL,
  `phone_no` varchar(10) DEFAULT NULL,
  `alternative_number` varchar(10) DEFAULT NULL,
  `email` varchar(30) DEFAULT NULL,
  `address` varchar(100) DEFAULT NULL,
  `date_of_birth` varchar(15) DEFAULT NULL,
  `marital_status` varchar(15) DEFAULT NULL,
  `anniversary` varchar(15) DEFAULT NULL,
  `hobbies` varchar(15) DEFAULT NULL,
  `location` varchar(50) DEFAULT NULL,
  `state` varchar(15) DEFAULT NULL,
  `pincode` varchar(20) DEFAULT NULL,
  `lead_source` varchar(20) DEFAULT NULL,
  `lead_sub_source` int(10) DEFAULT NULL,
  `budget` int(10) DEFAULT NULL,
  `planning_by` varchar(30) DEFAULT NULL,
  `planning_to_by` varchar(50) DEFAULT NULL,
  `added_by` int(10) DEFAULT NULL,
  `is_active` char(1) DEFAULT 'Y',
  `added_on` timestamp NOT NULL DEFAULT CURRENT_TIMESTAMP,
  PRIMARY KEY (`customer_id`)
) ENGINE=InnoDB AUTO_INCREMENT=2048 DEFAULT CHARSET=latin1;
/*!40101 SET character_set_client = @saved_cs_client */;

--
-- Dumping data for table `sales_lead_master_tbl`
--

LOCK TABLES `sales_lead_master_tbl` WRITE;
/*!40000 ALTER TABLE `sales_lead_master_tbl` DISABLE KEYS */;
INSERT INTO `sales_lead_master_tbl` VALUES (1,'Amit','7899801199',NULL,NULL,NULL,NULL,NULL,NULL,NULL,'2','13',NULL,'8',NULL,NULL,NULL,'2020-02-20',12,'Y','2020-02-20 14:09:15'),(2,'Siddharth','9810778780',NULL,NULL,NULL,NULL,NULL,NULL,NULL,'2','13',NULL,'8',NULL,1,NULL,'2020-02-20',12,'Y','2020-02-20 14:09:15'),(3,'Anand','9899966077',NULL,NULL,NULL,NULL,NULL,NULL,NULL,'8','10',NULL,'8',NULL,NULL,NULL,'2020-02-20',13,'Y','2020-02-20 14:09:15'),(4,'Sheikh BANTY','8602000050',NULL,NULL,NULL,NULL,NULL,NULL,NULL,'303','20',NULL,'8',NULL,2,NULL,'2020-02-20',13,'Y','2020-02-20 14:09:15'),(5,'Swayam Chaturvedi','6388279927',NULL,NULL,NULL,NULL,NULL,NULL,NULL,'17','6',NULL,'8',NULL,NULL,NULL,'2020-02-20',14,'Y','2020-02-20 14:09:15'),(6,'Rajveer','6396408630',NULL,NULL,NULL,NULL,NULL,NULL,NULL,'17','6',NULL,'8',NULL,1,NULL,'2020-02-20',14,'Y','2020-02-20 14:09:15'),(7,'Jaspinder Singh','8683973007',NULL,NULL,NULL,NULL,NULL,NULL,NULL,'23','13',NULL,'8',NULL,1,NULL,'2020-02-20',15,'Y','2020-02-20 14:09:15'),(8,'Mohd Tarif','9813760563',NULL,NULL,NULL,NULL,NULL,NULL,NULL,'3','29',NULL,'8',NULL,NULL,NULL,'2020-02-20',16,'Y','2020-02-20 14:09:15'),(9,'Rinkle','8766215767',NULL,NULL,NULL,NULL,NULL,NULL,NULL,'3','29',NULL,'8',NULL,NULL,NULL,'2020-02-20',16,'Y','2020-02-20 14:09:15'),(10,'Premnath','9822093828',NULL,NULL,NULL,NULL,NULL,NULL,NULL,'5','28',NULL,'13',NULL,4,NULL,'2020-02-20',17,'Y','2020-02-20 14:09:15'),(11,'Vaneet Batra','9872634350',NULL,NULL,NULL,NULL,NULL,NULL,NULL,'5','28',NULL,'13',NULL,5,NULL,'2020-02-20',17,'Y','2020-02-20 14:09:15'),(12,'Raj','8639897886',NULL,NULL,NULL,NULL,NULL,NULL,NULL,'2','13',NULL,'13',NULL,1,NULL,'2020-02-20',12,'Y','2020-02-20 14:09:15'),(13,'Shah Nawaz','7078699999',NULL,NULL,NULL,NULL,NULL,NULL,NULL,'2','13',NULL,'13',NULL,3,NULL,'2020-02-20',12,'Y','2020-02-20 14:09:15'),(14,'Virendra','9415036666',NULL,NULL,NULL,NULL,NULL,NULL,NULL,'2','13',NULL,'8',NULL,NULL,NULL,'2020-02-20',12,'Y','2020-02-20 14:09:15'),(15,'Rajat','9910953007',NULL,NULL,NULL,NULL,NULL,NULL,NULL,'2','13',NULL,'13',NULL,4,NULL,'2020-02-20',12,'Y','2020-02-20 14:09:15'),(16,'SADEEPKUMAR CHAUDHARY','8595399087',NULL,NULL,NULL,NULL,NULL,NULL,NULL,'184','13',NULL,'3',NULL,2,NULL,'2020-02-20',15,'Y','2020-02-20 14:09:15'),(17,'Amrinder','8100000244',NULL,NULL,NULL,NULL,NULL,NULL,NULL,'17','6',NULL,'12',NULL,3,NULL,'2020-02-20',15,'Y','2020-02-20 14:09:15'),(18,'Dr Manoj','9953208801',NULL,NULL,NULL,NULL,NULL,NULL,NULL,'13','34',NULL,'12',NULL,1,NULL,'2020-02-20',15,'Y','2020-02-20 14:09:15'),(19,'Amrinder','8100000244',NULL,NULL,NULL,NULL,NULL,NULL,NULL,'23','13',NULL,'12',NULL,NULL,NULL,'2020-02-20',15,'Y','2020-02-20 14:09:15'),(20,'Nasser','9419006024',NULL,NULL,NULL,NULL,NULL,NULL,NULL,'3','29',NULL,'8',NULL,NULL,NULL,'2020-02-20',16,'Y','2020-02-20 14:09:15'),(21,'Sandeep Choudhary','8595399087',NULL,NULL,NULL,NULL,NULL,NULL,NULL,'2','13',NULL,'13',NULL,2,NULL,'2020-02-20',12,'Y','2020-02-20 14:09:15'),(22,'vinod sharma','9953284078',NULL,NULL,NULL,NULL,NULL,NULL,NULL,'1','10',NULL,'1',NULL,5,NULL,'2020-02-20',12,'Y','2020-02-20 14:09:15'),(23,'DEV SINGH','7290900901',NULL,NULL,NULL,NULL,NULL,NULL,NULL,'8','10',NULL,'1',NULL,4,NULL,'2020-02-20',18,'Y','2020-02-20 14:09:15'),(24,'PARAS','9802181818',NULL,NULL,NULL,NULL,NULL,NULL,NULL,'195','13',NULL,'1',NULL,7,NULL,'2020-02-20',18,'Y','2020-02-20 14:09:15'),(25,'MR SHIV GUPTA','8006505005',NULL,NULL,NULL,NULL,NULL,NULL,NULL,'18','35',NULL,'1',NULL,NULL,NULL,'2020-02-20',19,'Y','2020-02-20 14:09:15'),(26,'MR NITIN GOYAL','8077878121',NULL,NULL,NULL,NULL,NULL,NULL,NULL,'18','35',NULL,'1',NULL,2,NULL,'2020-02-20',19,'Y','2020-02-20 14:09:15'),(27,'MR SALIM CHAUDHARY','8433030660',NULL,NULL,NULL,NULL,NULL,NULL,NULL,'18','35',NULL,'1',NULL,NULL,NULL,'2020-02-20',19,'Y','2020-02-20 14:09:15'),(28,'ashutosh','9811486911',NULL,NULL,NULL,NULL,NULL,NULL,NULL,'1','10',NULL,'1',NULL,4,NULL,'2020-02-20',12,'Y','2020-02-20 14:09:15'),(29,'TUSHAR GUPTA','9999989828',NULL,NULL,NULL,NULL,NULL,NULL,NULL,'1','10',NULL,'1',NULL,3,NULL,'2020-02-20',12,'Y','2020-02-20 14:09:15'),(30,'Sumit','9997801804',NULL,NULL,NULL,NULL,NULL,NULL,NULL,'1','10',NULL,'1',NULL,3,NULL,'2020-02-20',12,'Y','2020-02-20 14:09:15'),(31,'vivek','9811991233',NULL,NULL,NULL,NULL,NULL,NULL,NULL,'1','10',NULL,'1',NULL,4,NULL,'2020-02-20',12,'Y','2020-02-20 14:09:15'),(32,'Ashutosh','9811486911',NULL,NULL,NULL,NULL,NULL,NULL,NULL,'2','13',NULL,'13',NULL,NULL,NULL,'2020-02-20',12,'Y','2020-02-20 14:09:15'),(33,'anil gaur','9625900950',NULL,NULL,NULL,NULL,NULL,NULL,NULL,'1','10',NULL,'1',NULL,5,NULL,'2020-02-20',12,'Y','2020-02-20 14:09:15'),(34,'MR VINAY VASHISTH','9808304055',NULL,NULL,NULL,NULL,NULL,NULL,NULL,'18','35',NULL,'18',NULL,2,NULL,'2020-02-20',19,'Y','2020-02-20 14:09:15'),(35,'Manoj Kumar','9437081508',NULL,NULL,NULL,NULL,NULL,NULL,NULL,'3','29',NULL,'8',NULL,NULL,NULL,'2020-02-20',16,'Y','2020-02-20 14:09:15'),(36,'krishan chauhan','8527852785',NULL,NULL,NULL,NULL,NULL,NULL,NULL,'1','10',NULL,'1',NULL,3,NULL,'2020-02-20',12,'Y','2020-02-20 14:09:15'),(37,'Ubaid Ahmad','7607105000',NULL,NULL,NULL,NULL,NULL,NULL,NULL,'2','13',NULL,'13',NULL,4,NULL,'2020-02-20',12,'Y','2020-02-20 14:09:15'),(38,'MR ARUN NAGAR','7085318586',NULL,NULL,NULL,NULL,NULL,NULL,NULL,'18','35',NULL,'18',NULL,1,NULL,'2020-02-20',19,'Y','2020-02-20 14:09:15'),(39,'MR GAJPAL RAWAT','9012479999',NULL,NULL,NULL,NULL,NULL,NULL,NULL,'18','35',NULL,'18',NULL,3,NULL,'2020-02-20',19,'Y','2020-02-20 14:09:15'),(40,'ANKIT','9654737376',NULL,NULL,NULL,NULL,NULL,NULL,NULL,'8','10',NULL,'1',NULL,2,NULL,'2020-02-20',13,'Y','2020-02-20 14:09:15'),(41,'NAVEEN TOMAR','9811169306',NULL,NULL,NULL,NULL,NULL,NULL,NULL,'8','10',NULL,'1',NULL,3,NULL,'2020-02-20',13,'Y','2020-02-20 14:09:15'),(42,'Gagan','8080300000',NULL,NULL,NULL,NULL,NULL,NULL,NULL,'23','13',NULL,'1',NULL,3,NULL,'2020-02-20',15,'Y','2020-02-20 14:09:15'),(43,'Sajid','9811474745',NULL,NULL,NULL,NULL,NULL,NULL,NULL,'3','29',NULL,'8',NULL,NULL,NULL,'2020-02-20',16,'Y','2020-02-20 14:09:15'),(44,'RISHI','6306555154',NULL,NULL,NULL,NULL,NULL,NULL,NULL,'584','34',NULL,'8',NULL,5,NULL,'2020-02-20',13,'Y','2020-02-20 14:09:15'),(45,'Shailendra Kumar','7858070241',NULL,NULL,NULL,NULL,NULL,NULL,NULL,'8','10',NULL,'8',NULL,4,NULL,'2020-02-20',13,'Y','2020-02-20 14:09:15'),(46,'Nitesh','7065161234',NULL,NULL,NULL,NULL,NULL,NULL,NULL,'8','10',NULL,'8',NULL,NULL,NULL,'2020-02-20',13,'Y','2020-02-20 14:09:15'),(47,'Ravneet Singh','9717573364',NULL,NULL,NULL,NULL,NULL,NULL,NULL,'17','6',NULL,'8',NULL,NULL,NULL,'2020-02-20',14,'Y','2020-02-20 14:09:15'),(48,'Amit Paliwal','9755112000',NULL,NULL,NULL,NULL,NULL,NULL,NULL,'17','6',NULL,'8',NULL,NULL,NULL,'2020-02-20',14,'Y','2020-02-20 14:09:15'),(49,'Dheeraj','9855997422',NULL,NULL,NULL,NULL,NULL,NULL,NULL,'191','13',NULL,'8',NULL,NULL,NULL,'2020-02-20',14,'Y','2020-02-20 14:09:15'),(50,'Deepak','7014432657',NULL,NULL,NULL,NULL,NULL,NULL,NULL,'2','13',NULL,'8',NULL,3,NULL,'2020-02-20',12,'Y','2020-02-20 14:09:15'),(51,'Prem Sharma','9417747773',NULL,NULL,NULL,NULL,NULL,NULL,NULL,'5','28',NULL,'13',NULL,3,NULL,'2020-02-20',17,'Y','2020-02-20 14:09:15'),(52,'Sonu Mishra','9871113484',NULL,NULL,NULL,NULL,NULL,NULL,NULL,'2','13',NULL,'13',NULL,4,NULL,'2020-02-20',12,'Y','2020-02-20 14:09:15'),(53,'Adwitay','9253942000',NULL,NULL,NULL,NULL,NULL,NULL,NULL,'2','13',NULL,'13',NULL,2,NULL,'2020-02-20',12,'Y','2020-02-20 14:09:15'),(54,'Rakesh','7403860230',NULL,NULL,NULL,NULL,NULL,NULL,NULL,'142','7',NULL,'12',NULL,NULL,NULL,'2020-02-20',15,'Y','2020-02-20 14:09:15'),(55,'tanveer','7006817511',NULL,NULL,NULL,NULL,NULL,NULL,NULL,'228','15',NULL,'12',NULL,1,NULL,'2020-02-20',15,'Y','2020-02-20 14:09:15'),(56,'Arvinder Singh','9811626474',NULL,NULL,NULL,NULL,NULL,NULL,NULL,'2','13',NULL,'12',NULL,3,NULL,'2020-02-20',15,'Y','2020-02-20 14:09:15'),(57,'Ravi vikal','7299000007',NULL,NULL,NULL,NULL,NULL,NULL,NULL,'13','34',NULL,'12',NULL,NULL,NULL,'2020-02-20',15,'Y','2020-02-20 14:09:15'),(58,'MOHAMMAD IMRAN','9711106555',NULL,NULL,NULL,NULL,NULL,NULL,NULL,'185','13',NULL,'12',NULL,NULL,NULL,'2020-02-20',15,'Y','2020-02-20 14:09:15'),(59,'MOHAMMAD IMRAN','9711106555',NULL,NULL,NULL,NULL,NULL,NULL,NULL,'23','13',NULL,'12',NULL,NULL,NULL,'2020-02-20',15,'Y','2020-02-20 14:09:15'),(60,'Vikram Goyal','9872568888',NULL,NULL,NULL,NULL,NULL,NULL,NULL,'23','13',NULL,'12',NULL,1,NULL,'2020-02-20',15,'Y','2020-02-20 14:09:15'),(61,'Gaganpreet singh','9811717130',NULL,NULL,NULL,NULL,NULL,NULL,NULL,'8','10',NULL,'12',NULL,2,NULL,'2020-02-20',15,'Y','2020-02-20 14:09:15'),(62,'Mohit','9805524368',NULL,NULL,NULL,NULL,NULL,NULL,NULL,'17','6',NULL,'8',NULL,NULL,NULL,'2020-02-20',14,'Y','2020-02-20 14:09:15'),(63,'nitan hastir','9855199968',NULL,NULL,NULL,NULL,NULL,NULL,NULL,'453','28',NULL,'1',NULL,1,NULL,'2020-02-20',14,'Y','2020-02-20 14:09:15'),(64,'Mr Rehman','8700055328',NULL,NULL,NULL,NULL,NULL,NULL,NULL,'2','13',NULL,'13',NULL,4,NULL,'2020-02-20',12,'Y','2020-02-20 14:09:15'),(65,'harman singh','7837404942',NULL,NULL,NULL,NULL,NULL,NULL,NULL,'646','6',NULL,'1',NULL,2,NULL,'2020-02-20',14,'Y','2020-02-20 14:09:15'),(66,'Partha Sinha','9334387151',NULL,NULL,NULL,NULL,NULL,NULL,NULL,'8','10',NULL,'8',NULL,2,NULL,'2020-02-20',13,'Y','2020-02-20 14:09:15'),(67,'Pradeep','9718480877',NULL,NULL,NULL,NULL,NULL,NULL,NULL,'3','29',NULL,'8',NULL,NULL,NULL,'2020-02-20',16,'Y','2020-02-20 14:09:15'),(68,'Shakun','8800086000',NULL,NULL,NULL,NULL,NULL,NULL,NULL,'2','13',NULL,'13',NULL,4,NULL,'2020-02-20',12,'Y','2020-02-20 14:09:15'),(69,'Priya Agarwal','9415766731',NULL,NULL,NULL,NULL,NULL,NULL,NULL,'8','10',NULL,'12',NULL,1,NULL,'2020-02-20',13,'Y','2020-02-20 14:09:15'),(70,'Sandeep Kashyap','7082571698',NULL,NULL,NULL,NULL,NULL,NULL,NULL,'8','10',NULL,'12',NULL,NULL,NULL,'2020-02-20',13,'Y','2020-02-20 14:09:15'),(71,'Sharad','9313122452',NULL,NULL,NULL,NULL,NULL,NULL,NULL,'8','10',NULL,'12',NULL,NULL,NULL,'2020-02-20',13,'Y','2020-02-20 14:09:15'),(72,'Vikas','8053136941',NULL,NULL,NULL,NULL,NULL,NULL,NULL,'8','10',NULL,'12',NULL,NULL,NULL,'2020-02-20',13,'Y','2020-02-20 14:09:15'),(73,'Rohit','9810918761',NULL,NULL,NULL,NULL,NULL,NULL,NULL,'5','28',NULL,'8',NULL,NULL,NULL,'2020-02-20',17,'Y','2020-02-20 14:09:15'),(74,'Navjot','8437388702',NULL,NULL,NULL,NULL,NULL,NULL,NULL,'8','10',NULL,'8',NULL,NULL,NULL,'2020-02-20',13,'Y','2020-02-20 14:09:15'),(75,'Partha Sinha','9873951581',NULL,NULL,NULL,NULL,NULL,NULL,NULL,'2','13',NULL,'13',NULL,3,NULL,'2020-02-20',12,'Y','2020-02-20 14:09:15'),(76,'BALJINDER SINGH','9896080172',NULL,NULL,NULL,NULL,NULL,NULL,NULL,'23','13',NULL,'1',NULL,2,NULL,'2020-02-20',15,'Y','2020-02-20 14:09:15'),(77,'VICKY','6378645900',NULL,NULL,NULL,NULL,NULL,NULL,NULL,'648','29',NULL,'12',NULL,1,NULL,'2020-02-20',15,'Y','2020-02-20 14:09:15'),(78,'MR ANUJ CHAUDHARY','9837515527',NULL,NULL,NULL,NULL,NULL,NULL,NULL,'18','35',NULL,'1',NULL,1,NULL,'2020-02-20',19,'Y','2020-02-20 14:09:15'),(79,'Pawan','8295650099',NULL,NULL,NULL,NULL,NULL,NULL,NULL,'2','13',NULL,'8',NULL,NULL,NULL,'2020-02-20',12,'Y','2020-02-20 14:09:15'),(80,'Dhananjay','9811672671',NULL,NULL,NULL,NULL,NULL,NULL,NULL,'2','13',NULL,'8',NULL,NULL,NULL,'2020-02-20',12,'Y','2020-02-20 14:09:15'),(81,'BROYAN KAPOOR','8103300033',NULL,NULL,NULL,NULL,NULL,NULL,NULL,'4','13',NULL,'6',NULL,NULL,NULL,'2020-02-20',17,'Y','2020-02-20 14:09:15'),(82,'RAGHAV MEHTA','8103300033',NULL,NULL,NULL,NULL,NULL,NULL,NULL,'17','6',NULL,'6',NULL,1,NULL,'2020-02-20',14,'Y','2020-02-20 14:09:15'),(83,'Akash','6280542475',NULL,NULL,NULL,NULL,NULL,NULL,NULL,'8','10',NULL,'8',NULL,NULL,NULL,'2020-02-20',13,'Y','2020-02-20 14:09:15'),(84,'SATNAM SINGH','9814363336',NULL,NULL,NULL,NULL,NULL,NULL,NULL,'645','28',NULL,'6',NULL,NULL,NULL,'2020-02-20',14,'Y','2020-02-20 14:09:15'),(85,'Sohit','9873431801',NULL,NULL,NULL,NULL,NULL,NULL,NULL,'8','10',NULL,'8',NULL,NULL,NULL,'2020-02-20',13,'Y','2020-02-20 14:09:15'),(86,'Akash','6280542475',NULL,NULL,NULL,NULL,NULL,NULL,NULL,'3','29',NULL,'8',NULL,NULL,NULL,'2020-02-20',16,'Y','2020-02-20 14:09:15'),(87,'Subhash Thakur','9910112736',NULL,NULL,NULL,NULL,NULL,NULL,NULL,'3','29',NULL,'8',NULL,NULL,NULL,'2020-02-20',16,'Y','2020-02-20 14:09:15'),(88,'VISHAL','7417658835',NULL,NULL,NULL,NULL,NULL,NULL,NULL,'556','34',NULL,'12',NULL,NULL,NULL,'2020-02-20',18,'Y','2020-02-20 14:09:15'),(89,'Shiv Shakti','7889668368',NULL,NULL,NULL,NULL,NULL,NULL,NULL,'460','28',NULL,'8',NULL,3,NULL,'2020-02-20',14,'Y','2020-02-20 14:09:15'),(90,'Serb','9821429625',NULL,NULL,NULL,NULL,NULL,NULL,NULL,'17','6',NULL,'8',NULL,NULL,NULL,'2020-02-20',14,'Y','2020-02-20 14:09:15'),(91,'SUNIL JAIN','9814053600',NULL,NULL,NULL,NULL,NULL,NULL,NULL,'446','28',NULL,'6',NULL,1,NULL,'2020-02-20',14,'Y','2020-02-20 14:09:15'),(92,'Deepak','7014432657',NULL,NULL,NULL,NULL,NULL,NULL,NULL,'2','13',NULL,'8',NULL,3,NULL,'2020-02-20',14,'Y','2020-02-20 14:09:15'),(93,'Harwinder Singh Rathore','9815627625',NULL,NULL,NULL,NULL,NULL,NULL,NULL,'17','6',NULL,'8',NULL,NULL,NULL,'2020-02-20',14,'Y','2020-02-20 14:09:15'),(94,'Rajesh','8761810749',NULL,NULL,NULL,NULL,NULL,NULL,NULL,'18','35',NULL,'8',NULL,4,NULL,'2020-02-20',19,'Y','2020-02-20 14:09:15'),(95,'Vinay Verma','9872641349',NULL,NULL,NULL,NULL,NULL,NULL,NULL,'5','28',NULL,'13',NULL,3,NULL,'2020-02-20',17,'Y','2020-02-20 14:09:15'),(96,'Amarjit Sidhu','7347418226',NULL,NULL,NULL,NULL,NULL,NULL,NULL,'5','28',NULL,'13',NULL,3,NULL,'2020-02-20',17,'Y','2020-02-20 14:09:15'),(97,'Mona','9779014477',NULL,NULL,NULL,NULL,NULL,NULL,NULL,'5','28',NULL,'13',NULL,1,NULL,'2020-02-20',17,'Y','2020-02-20 14:09:15'),(98,'Akash','6280542475',NULL,NULL,NULL,NULL,NULL,NULL,NULL,'2','13',NULL,'13',NULL,4,NULL,'2020-02-20',12,'Y','2020-02-20 14:09:15'),(99,'Kapil','7015739214',NULL,NULL,NULL,NULL,NULL,NULL,NULL,'2','13',NULL,'13',NULL,3,NULL,'2020-02-20',12,'Y','2020-02-20 14:09:15'),(100,'Farooq Ah Bhat','7051410616',NULL,NULL,NULL,NULL,NULL,NULL,NULL,'2','13',NULL,'13',NULL,4,NULL,'2020-02-20',12,'Y','2020-02-20 14:09:15'),(101,'Jawahar','7989570376',NULL,NULL,NULL,NULL,NULL,NULL,NULL,'2','13',NULL,'13',NULL,5,NULL,'2020-02-20',12,'Y','2020-02-20 14:09:15'),(102,'Wasim','7006540321',NULL,NULL,NULL,NULL,NULL,NULL,NULL,'17','6',NULL,'8',NULL,NULL,NULL,'2020-02-20',14,'Y','2020-02-20 14:09:15'),(103,'MR SANJAY KASHYAP','9012987348',NULL,NULL,NULL,NULL,NULL,NULL,NULL,'18','35',NULL,'1',NULL,NULL,NULL,'2020-02-20',19,'Y','2020-02-20 14:09:15'),(104,'amit','8410024000',NULL,NULL,NULL,NULL,NULL,NULL,NULL,'14','14',NULL,'3',NULL,1,NULL,'2020-02-20',14,'Y','2020-02-20 14:09:15'),(105,'deepak jangra','9816081372',NULL,NULL,NULL,NULL,NULL,NULL,NULL,'14','14',NULL,'3',NULL,4,NULL,'2020-02-20',14,'Y','2020-02-20 14:09:15'),(106,'Jasbir Singh','9811052632',NULL,NULL,NULL,NULL,NULL,NULL,NULL,'8','10',NULL,'8',NULL,NULL,NULL,'2020-02-20',13,'Y','2020-02-20 14:09:15'),(107,'Himanshu Verma','9711339571',NULL,NULL,NULL,NULL,NULL,NULL,NULL,'2','13',NULL,'13',NULL,1,NULL,'2020-02-20',12,'Y','2020-02-20 14:09:15'),(108,'RAKESH KUMAR','9920551668',NULL,NULL,NULL,NULL,NULL,NULL,NULL,'348','21',NULL,'3',NULL,NULL,NULL,'2020-02-20',0,'Y','2020-02-20 14:09:15'),(109,'RAKESH KUMAR','9082936277',NULL,NULL,NULL,NULL,NULL,NULL,NULL,'348','21',NULL,'3',NULL,NULL,NULL,'2020-02-20',18,'Y','2020-02-20 14:09:15'),(110,'Harsh','6280322401',NULL,NULL,NULL,NULL,NULL,NULL,NULL,'5','28',NULL,'8',NULL,NULL,NULL,'2020-02-20',17,'Y','2020-02-20 14:09:15'),(111,'Sachin','8708389031',NULL,NULL,NULL,NULL,NULL,NULL,NULL,'23','13',NULL,'8',NULL,NULL,NULL,'2020-02-20',15,'Y','2020-02-20 14:09:15'),(112,'GAURAV','9812400123',NULL,NULL,NULL,NULL,NULL,NULL,NULL,'187','13',NULL,'1',NULL,1,NULL,'2020-02-20',15,'Y','2020-02-20 14:09:15'),(113,'GOURAV','9729152000',NULL,NULL,NULL,NULL,NULL,NULL,NULL,'192','13',NULL,'1',NULL,3,NULL,'2020-02-20',15,'Y','2020-02-20 14:09:15'),(114,'CHIRAG BHALLA','9717085854',NULL,NULL,NULL,NULL,NULL,NULL,NULL,'27','13',NULL,'6',NULL,NULL,NULL,'2020-02-20',0,'Y','2020-02-20 14:09:15'),(115,'SUNIL','7009195631',NULL,NULL,NULL,NULL,NULL,NULL,NULL,'446','28',NULL,'8',NULL,NULL,NULL,'2020-02-20',14,'Y','2020-02-20 14:09:15'),(116,'SUNNY','9729650003',NULL,NULL,NULL,NULL,NULL,NULL,NULL,'180','13',NULL,'1',NULL,NULL,NULL,'2020-02-20',14,'Y','2020-02-20 14:09:15'),(117,'DEEPAK JUNENJA','9876629867',NULL,NULL,NULL,NULL,NULL,NULL,NULL,'5','28',NULL,'1',NULL,NULL,NULL,'2020-02-20',17,'Y','2020-02-20 14:09:15'),(118,'SOURAB ARAYA','9138117057',NULL,NULL,NULL,NULL,NULL,NULL,NULL,'23','13',NULL,'1',NULL,1,NULL,'2020-02-20',18,'Y','2020-02-20 14:09:15'),(119,'DEV','9828023818',NULL,NULL,NULL,NULL,NULL,NULL,NULL,'1','10',NULL,'8',NULL,NULL,NULL,'2020-02-20',20,'Y','2020-02-20 14:09:15'),(120,'dev bajaj','7973812455',NULL,NULL,NULL,NULL,NULL,NULL,NULL,'17','6',NULL,'8',NULL,NULL,NULL,'2020-02-20',14,'Y','2020-02-20 14:09:15'),(121,'VISHAL GARG','9729129151',NULL,NULL,NULL,NULL,NULL,NULL,NULL,'17','6',NULL,'8',NULL,NULL,NULL,'2020-02-20',14,'Y','2020-02-20 14:09:15'),(122,'RAJ','8642888881',NULL,NULL,NULL,NULL,NULL,NULL,NULL,'458','28',NULL,'8',NULL,NULL,NULL,'2020-02-20',17,'Y','2020-02-20 14:09:15'),(123,'RAJENDER','9996110333',NULL,NULL,NULL,NULL,NULL,NULL,NULL,'458','28',NULL,'8',NULL,NULL,NULL,'2020-02-20',17,'Y','2020-02-20 14:09:15'),(124,'TAJINDER','9876523430',NULL,NULL,NULL,NULL,NULL,NULL,NULL,'458','28',NULL,'8',NULL,NULL,NULL,'2020-02-20',17,'Y','2020-02-20 14:09:15'),(125,'DHANAJAY','9811672671',NULL,NULL,NULL,NULL,NULL,NULL,NULL,'2','13',NULL,'8',NULL,NULL,NULL,'2020-02-20',20,'Y','2020-02-20 14:09:15'),(126,'PAWAN','8295650099',NULL,NULL,NULL,NULL,NULL,NULL,NULL,'2','13',NULL,'8',NULL,NULL,NULL,'2020-02-20',20,'Y','2020-02-20 14:09:15'),(127,'KAPIL SHARMA','9999887491',NULL,NULL,NULL,NULL,NULL,NULL,NULL,'3','29',NULL,'8',NULL,NULL,NULL,'2020-02-20',16,'Y','2020-02-20 14:09:15'),(128,'raag','8880932184',NULL,NULL,NULL,NULL,NULL,NULL,NULL,'18','35',NULL,'8',NULL,NULL,NULL,'2020-02-20',19,'Y','2020-02-20 14:09:15'),(129,'RAJESH','761810749',NULL,NULL,NULL,NULL,NULL,NULL,NULL,'18','35',NULL,'8',NULL,NULL,NULL,'2020-02-20',19,'Y','2020-02-20 14:09:15'),(130,'SANDEEP SINGH','7888723453',NULL,NULL,NULL,NULL,NULL,NULL,NULL,'5','28',NULL,'13',NULL,NULL,NULL,'2020-02-20',17,'Y','2020-02-20 14:09:15'),(131,'SHIVAM ANEJA','8146400646',NULL,NULL,NULL,NULL,NULL,NULL,NULL,'5','28',NULL,'13',NULL,NULL,NULL,'2020-02-20',17,'Y','2020-02-20 14:09:15'),(132,'R .P SINGH','9646071332',NULL,NULL,NULL,NULL,NULL,NULL,NULL,'486','6',NULL,'1',NULL,NULL,NULL,'2020-02-20',14,'Y','2020-02-20 14:09:15'),(133,'MANPREET','9781122929',NULL,NULL,NULL,NULL,NULL,NULL,NULL,'5','28',NULL,'12',NULL,1,NULL,'2020-02-20',15,'Y','2020-02-20 14:09:15'),(134,'JAVED','7069696964',NULL,NULL,NULL,NULL,NULL,NULL,NULL,'170','12',NULL,'12',NULL,NULL,NULL,'2020-02-20',15,'Y','2020-02-20 14:09:15'),(135,'LAKHWINDER','7355000057',NULL,NULL,NULL,NULL,NULL,NULL,NULL,'223','15',NULL,'12',NULL,1,NULL,'2020-02-20',15,'Y','2020-02-20 14:09:15'),(136,'MUKESH THAKUR','9811886772',NULL,NULL,NULL,NULL,NULL,NULL,NULL,'1','10',NULL,'12',NULL,NULL,NULL,'2020-02-20',18,'Y','2020-02-20 14:09:15'),(137,'NAVIN BAJAJ','9417988598',NULL,NULL,NULL,NULL,NULL,NULL,NULL,'458','28',NULL,'12',NULL,NULL,NULL,'2020-02-20',18,'Y','2020-02-20 14:09:15'),(138,'NIKHIL','8279891600',NULL,NULL,NULL,NULL,NULL,NULL,NULL,'3','29',NULL,'1',NULL,3,NULL,'2020-02-20',18,'Y','2020-02-20 14:09:15'),(139,'AVNISH JAIN','8288819000',NULL,NULL,NULL,NULL,NULL,NULL,NULL,'5','28',NULL,'8',NULL,NULL,NULL,'2020-02-20',17,'Y','2020-02-20 14:09:15'),(140,'BHARAT','9812034727',NULL,NULL,NULL,NULL,NULL,NULL,NULL,'192','13',NULL,'1',NULL,2,NULL,'2020-02-20',15,'Y','2020-02-20 14:09:15'),(141,'NINDER','9.72E+11',NULL,NULL,NULL,NULL,NULL,NULL,NULL,'28','8',NULL,'12',NULL,1,NULL,'2020-02-20',15,'Y','2020-02-20 14:09:15'),(142,'MAYANK SAINI','8193840488',NULL,NULL,NULL,NULL,NULL,NULL,NULL,'1','10',NULL,'3',NULL,NULL,NULL,'2020-02-20',20,'Y','2020-02-20 14:09:15'),(143,'MAINSH SINHA','9694096070',NULL,NULL,NULL,NULL,NULL,NULL,NULL,'1','10',NULL,'17',NULL,NULL,NULL,'2020-02-20',20,'Y','2020-02-20 14:09:15'),(144,'harkaran','8550000002',NULL,NULL,NULL,NULL,NULL,NULL,NULL,'461','28',NULL,'3',NULL,NULL,NULL,'2020-02-20',14,'Y','2020-02-20 14:09:15'),(145,'vinay kumar','9876412691',NULL,NULL,NULL,NULL,NULL,NULL,NULL,'17','6',NULL,'8',NULL,NULL,NULL,'2020-02-20',14,'Y','2020-02-20 14:09:15'),(146,'TARUN AGARWAL','9896707070',NULL,NULL,NULL,NULL,NULL,NULL,NULL,'428','26',NULL,'3',NULL,NULL,NULL,'2020-02-20',14,'Y','2020-02-20 14:09:15'),(147,'PUKHRAJ SINGH','9988800700',NULL,NULL,NULL,NULL,NULL,NULL,NULL,'5','28',NULL,'1',NULL,NULL,NULL,'2020-02-20',17,'Y','2020-02-20 14:09:15'),(148,'SHIVANSHU GUPTA','9013711222',NULL,NULL,NULL,NULL,NULL,NULL,NULL,'1','10',NULL,'3',NULL,NULL,NULL,'2020-02-20',13,'Y','2020-02-20 14:09:15'),(149,'VENUS','9646509771',NULL,NULL,NULL,NULL,NULL,NULL,NULL,'17','6',NULL,'12',NULL,1,NULL,'2020-02-20',15,'Y','2020-02-20 14:09:15'),(150,'ANSHU','7777077707',NULL,NULL,NULL,NULL,NULL,NULL,NULL,'448','28',NULL,'12',NULL,NULL,NULL,'2020-02-20',13,'Y','2020-02-20 14:09:15'),(151,'DHRUV','9930248492',NULL,NULL,NULL,NULL,NULL,NULL,NULL,'12','21',NULL,'12',NULL,NULL,NULL,'2020-02-20',15,'Y','2020-02-20 14:09:15'),(152,'ARSHAD','9315702385',NULL,NULL,NULL,NULL,NULL,NULL,NULL,'8','10',NULL,'12',NULL,1,NULL,'2020-02-20',15,'Y','2020-02-20 14:09:15'),(153,'YATINDER','6394000090',NULL,NULL,NULL,NULL,NULL,NULL,NULL,'584','34',NULL,'12',NULL,NULL,NULL,'2020-02-20',13,'Y','2020-02-20 14:09:15'),(154,'DAKSHU','8200018063',NULL,NULL,NULL,NULL,NULL,NULL,NULL,'178','12',NULL,'12',NULL,1,NULL,'2020-02-20',15,'Y','2020-02-20 14:09:15'),(155,'Tarang','9811827264',NULL,NULL,NULL,NULL,NULL,NULL,NULL,'8','10',NULL,'8',NULL,4,NULL,'2020-02-20',13,'Y','2020-02-20 14:09:15'),(156,'Ajith','9654996530',NULL,NULL,NULL,NULL,NULL,NULL,NULL,'8','10',NULL,'8',NULL,1,NULL,'2020-02-20',13,'Y','2020-02-20 14:09:15'),(157,'Dhananjay Pratap Singh','9811047702',NULL,NULL,NULL,NULL,NULL,NULL,NULL,'8','10',NULL,'8',NULL,2,NULL,'2020-02-20',13,'Y','2020-02-20 14:09:15'),(158,'VINOD KHATRI','9828810101',NULL,NULL,NULL,NULL,NULL,NULL,NULL,'8','10',NULL,'8',NULL,NULL,NULL,'2020-02-20',13,'Y','2020-02-20 14:09:15'),(159,'AMIT PHOOR','9991500044',NULL,NULL,NULL,NULL,NULL,NULL,NULL,'453','28',NULL,'6',NULL,NULL,NULL,'2020-02-20',18,'Y','2020-02-20 14:09:15'),(160,'Jaisal','8851427708',NULL,NULL,NULL,NULL,NULL,NULL,NULL,'8','10',NULL,'8',NULL,4,NULL,'2020-02-20',13,'Y','2020-02-20 14:09:15'),(161,'Jawahar','9171069887',NULL,NULL,NULL,NULL,NULL,NULL,NULL,'303','20',NULL,'8',NULL,NULL,NULL,'2020-02-20',13,'Y','2020-02-20 14:09:15'),(162,'DIVYA AGARWAL','9891149492',NULL,NULL,NULL,NULL,NULL,NULL,NULL,'8','10',NULL,'8',NULL,NULL,NULL,'2020-02-20',13,'Y','2020-02-20 14:09:15'),(163,'Gaurav Gandhi','9988204868',NULL,NULL,NULL,NULL,NULL,NULL,NULL,'5','28',NULL,'8',NULL,NULL,NULL,'2020-02-20',17,'Y','2020-02-20 14:09:15'),(164,'Aj Singj','9915600004',NULL,NULL,NULL,NULL,NULL,NULL,NULL,'5','28',NULL,'8',NULL,NULL,NULL,'2020-02-20',17,'Y','2020-02-20 14:09:15'),(165,'Gurpreet Singh Saini','8360592824',NULL,NULL,NULL,NULL,NULL,NULL,NULL,'5','28',NULL,'8',NULL,NULL,NULL,'2020-02-20',17,'Y','2020-02-20 14:09:15'),(166,'Ramveer','9899365230',NULL,NULL,NULL,NULL,NULL,NULL,NULL,'2','13',NULL,'8',NULL,NULL,NULL,'2020-02-20',12,'Y','2020-02-20 14:09:15'),(167,'Srinivasa Reddy','9949060065',NULL,NULL,NULL,NULL,NULL,NULL,NULL,'2','13',NULL,'8',NULL,NULL,NULL,'2020-02-20',12,'Y','2020-02-20 14:09:15'),(168,'Vishal Sharma','9839648989',NULL,NULL,NULL,NULL,NULL,NULL,NULL,'584','34',NULL,'8',NULL,NULL,NULL,'2020-02-20',13,'Y','2020-02-20 14:09:15'),(169,'Manish','8423453994',NULL,NULL,NULL,NULL,NULL,NULL,NULL,'584','34',NULL,'8',NULL,NULL,NULL,'2020-02-20',13,'Y','2020-02-20 14:09:15'),(170,'Amrik','9517133999',NULL,NULL,NULL,NULL,NULL,NULL,NULL,'17','6',NULL,'8',NULL,4,NULL,'2020-02-20',14,'Y','2020-02-20 14:09:15'),(171,'Tufail','9622000222',NULL,NULL,NULL,NULL,NULL,NULL,NULL,'106','6',NULL,'8',NULL,NULL,NULL,'2020-02-20',14,'Y','2020-02-20 14:09:15'),(172,'Kapil','8708928745',NULL,NULL,NULL,NULL,NULL,NULL,NULL,'23','13',NULL,'8',NULL,NULL,NULL,'2020-02-20',18,'Y','2020-02-20 14:09:15'),(173,'Dr Pervez','8397979083',NULL,NULL,NULL,NULL,NULL,NULL,NULL,'23','13',NULL,'8',NULL,NULL,NULL,'2020-02-20',15,'Y','2020-02-20 14:09:15'),(174,'Kulwinder Singh','9878298578',NULL,NULL,NULL,NULL,NULL,NULL,NULL,'5','28',NULL,'13',NULL,2,NULL,'2020-02-20',17,'Y','2020-02-20 14:09:15'),(175,'Gurmeet','8146650220',NULL,NULL,NULL,NULL,NULL,NULL,NULL,'5','28',NULL,'13',NULL,1,NULL,'2020-02-20',17,'Y','2020-02-20 14:09:15'),(176,'Angad','9855737464',NULL,NULL,NULL,NULL,NULL,NULL,NULL,'5','28',NULL,'13',NULL,NULL,NULL,'2020-02-20',17,'Y','2020-02-20 14:09:15'),(177,'Adil','9871079296',NULL,NULL,NULL,NULL,NULL,NULL,NULL,'2','13',NULL,'13',NULL,3,NULL,'2020-02-20',12,'Y','2020-02-20 14:09:15'),(178,'Anil Jain','9810127911',NULL,NULL,NULL,NULL,NULL,NULL,NULL,'2','13',NULL,'13',NULL,2,NULL,'2020-02-20',12,'Y','2020-02-20 14:09:15'),(179,'Rajeev Arora','8700850917',NULL,NULL,NULL,NULL,NULL,NULL,NULL,'2','13',NULL,'13',NULL,3,NULL,'2020-02-20',12,'Y','2020-02-20 14:09:15'),(180,'Rakesh Sh','9825597407',NULL,NULL,NULL,NULL,NULL,NULL,NULL,'2','13',NULL,'13',NULL,1,NULL,'2020-02-20',12,'Y','2020-02-20 14:09:15'),(181,'Abhay Kr Jain','9810188060',NULL,NULL,NULL,NULL,NULL,NULL,NULL,'2','13',NULL,'13',NULL,3,NULL,'2020-02-20',12,'Y','2020-02-20 14:09:15'),(182,'Vishal Singhal','8447016167',NULL,NULL,NULL,NULL,NULL,NULL,NULL,'2','13',NULL,'13',NULL,3,NULL,'2020-02-20',12,'Y','2020-02-20 14:09:15'),(183,'PARTHA SINHA','9334387151',NULL,NULL,NULL,NULL,NULL,NULL,NULL,'8','10',NULL,'3',NULL,2,NULL,'2020-02-20',15,'Y','2020-02-20 14:09:15'),(184,'B K MITTAL','9896094321',NULL,NULL,NULL,NULL,NULL,NULL,NULL,'187','13',NULL,'1',NULL,3,NULL,'2020-02-20',15,'Y','2020-02-20 14:09:15'),(185,'Harkaran','8550000002',NULL,NULL,NULL,NULL,NULL,NULL,NULL,'2','13',NULL,'8',NULL,NULL,NULL,'2020-02-20',12,'Y','2020-02-20 14:09:15'),(186,'Anurag','9718622755',NULL,NULL,NULL,NULL,NULL,NULL,NULL,'8','10',NULL,'8',NULL,3,NULL,'2020-02-20',13,'Y','2020-02-20 14:09:15'),(187,'GAURAV KUMAR','9416163284',NULL,NULL,NULL,NULL,NULL,NULL,NULL,'8','10',NULL,'8',NULL,4,NULL,'2020-02-20',13,'Y','2020-02-20 14:09:15'),(188,'Parth','9518103333',NULL,NULL,NULL,NULL,NULL,NULL,NULL,'23','13',NULL,'8',NULL,NULL,NULL,'2020-02-20',15,'Y','2020-02-20 14:09:15'),(189,'Avadh','8607851078',NULL,NULL,NULL,NULL,NULL,NULL,NULL,'2','13',NULL,'13',NULL,4,NULL,'2020-02-20',12,'Y','2020-02-20 14:09:15'),(190,'MR SAURABH','7895868517',NULL,NULL,NULL,NULL,NULL,NULL,NULL,'18','35',NULL,'1',NULL,NULL,NULL,'2020-02-20',19,'Y','2020-02-20 14:09:15'),(191,'MR KULDEEP TYAGI','9760006963',NULL,NULL,NULL,NULL,NULL,NULL,NULL,'18','35',NULL,'1',NULL,NULL,NULL,'2020-02-20',19,'Y','2020-02-20 14:09:15'),(192,'AMIT MALIK','9359066000',NULL,NULL,NULL,NULL,NULL,NULL,NULL,'23','13',NULL,'1',NULL,2,NULL,'2020-02-20',15,'Y','2020-02-20 14:09:15'),(193,'MR TALVINDER SINGH','9888100088',NULL,NULL,NULL,NULL,NULL,NULL,NULL,'5','28',NULL,'1',NULL,4,NULL,'2020-02-20',17,'Y','2020-02-20 14:09:15'),(194,'GAGAN BHOLA','8222888123',NULL,NULL,NULL,NULL,NULL,NULL,NULL,'180','13',NULL,'1',NULL,NULL,NULL,'2020-02-20',14,'Y','2020-02-20 14:09:15'),(195,'JOHN','9996088666',NULL,NULL,NULL,NULL,NULL,NULL,NULL,'192','13',NULL,'1',NULL,7,NULL,'2020-02-20',18,'Y','2020-02-20 14:09:15'),(196,'SAURABHA CHABRA','8266850000',NULL,NULL,NULL,NULL,NULL,NULL,NULL,'464','28',NULL,'12',NULL,1,NULL,'2020-02-20',15,'Y','2020-02-20 14:09:15'),(197,'Sumit','868407770',NULL,NULL,NULL,NULL,NULL,NULL,NULL,'192','13',NULL,'1',NULL,3,NULL,'2020-02-20',15,'Y','2020-02-20 14:09:15'),(198,'Sourav','7895868517',NULL,NULL,NULL,NULL,NULL,NULL,NULL,'18','35',NULL,'1',NULL,2,NULL,'2020-02-20',19,'Y','2020-02-20 14:09:15'),(199,'M A Raja','9897466055',NULL,NULL,NULL,NULL,NULL,NULL,NULL,'18','35',NULL,'1',NULL,3,NULL,'2020-02-20',19,'Y','2020-02-20 14:09:15'),(200,'JAI PARKASH','8053245513',NULL,NULL,NULL,NULL,NULL,NULL,NULL,'2','13',NULL,'3',NULL,1,NULL,'2020-02-20',20,'Y','2020-02-20 14:09:15'),(201,'Dr Mahesh Goel','9837028264',NULL,NULL,NULL,NULL,NULL,NULL,NULL,'599','34',NULL,'1',NULL,3,NULL,'2020-02-20',19,'Y','2020-02-20 14:09:15'),(202,'ANMOL','9988313131',NULL,NULL,NULL,NULL,NULL,NULL,NULL,'1','10',NULL,'8',NULL,3,NULL,'2020-02-20',13,'Y','2020-02-20 14:09:15'),(203,'Pramod','7014519302',NULL,NULL,NULL,NULL,NULL,NULL,NULL,'1','10',NULL,'8',NULL,4,NULL,'2020-02-20',13,'Y','2020-02-20 14:09:15'),(204,'Ravindra','9854157597',NULL,NULL,NULL,NULL,NULL,NULL,NULL,'1','10',NULL,'8',NULL,3,NULL,'2020-02-20',13,'Y','2020-02-20 14:09:15'),(205,'Imran Shaikh','8960000888',NULL,NULL,NULL,NULL,NULL,NULL,NULL,'584','34',NULL,'8',NULL,NULL,NULL,'2020-02-20',13,'Y','2020-02-20 14:09:15'),(206,'Deepak Singh','7388866643',NULL,NULL,NULL,NULL,NULL,NULL,NULL,'584','34',NULL,'8',NULL,NULL,NULL,'2020-02-20',13,'Y','2020-02-20 14:09:15'),(207,'Sodhi Mall','9814503151',NULL,NULL,NULL,NULL,NULL,NULL,NULL,'17','6',NULL,'8',NULL,NULL,NULL,'2020-02-20',14,'Y','2020-02-20 14:09:15'),(208,'MAJOR VISHAL THAPAR','9596838800',NULL,NULL,NULL,NULL,NULL,NULL,NULL,'180','13',NULL,'1',NULL,1,NULL,'2020-02-20',14,'Y','2020-02-20 14:09:15'),(209,'Rakesh','8950370838',NULL,NULL,NULL,NULL,NULL,NULL,NULL,'180','13',NULL,'8',NULL,1,NULL,'2020-02-20',15,'Y','2020-02-20 14:09:15'),(210,'Cheema Hnps','9811432070',NULL,NULL,NULL,NULL,NULL,NULL,NULL,'2','13',NULL,'8',NULL,1,NULL,'2020-02-20',12,'Y','2020-02-20 14:09:15'),(211,'Gurpreet','9891046622',NULL,NULL,NULL,NULL,NULL,NULL,NULL,'2','13',NULL,'8',NULL,NULL,NULL,'2020-02-20',12,'Y','2020-02-20 14:09:15'),(212,'Sumit','9953822270',NULL,NULL,NULL,NULL,NULL,NULL,NULL,'3','29',NULL,'8',NULL,NULL,NULL,'2020-02-20',16,'Y','2020-02-20 14:09:15'),(213,'Manik','9814299885',NULL,NULL,NULL,NULL,NULL,NULL,NULL,'5','28',NULL,'13',NULL,3,NULL,'2020-02-20',17,'Y','2020-02-20 14:09:15'),(214,'Amandeep Sharma','7986250472',NULL,NULL,NULL,NULL,NULL,NULL,NULL,'5','28',NULL,'13',NULL,4,NULL,'2020-02-20',17,'Y','2020-02-20 14:09:15'),(215,'RAJU','9428434020',NULL,NULL,NULL,NULL,NULL,NULL,NULL,'170','12',NULL,'12',NULL,1,NULL,'2020-02-20',15,'Y','2020-02-20 14:09:15'),(216,'Rahul','9810233611',NULL,NULL,NULL,NULL,NULL,NULL,NULL,'2','13',NULL,'13',NULL,3,NULL,'2020-02-20',12,'Y','2020-02-20 14:09:15'),(217,'Pradeep Dahiya','9718480877',NULL,NULL,NULL,NULL,NULL,NULL,NULL,'2','13',NULL,'13',NULL,4,NULL,'2020-02-20',12,'Y','2020-02-20 14:09:15'),(218,'Vinay Bansal','9999638149',NULL,NULL,NULL,NULL,NULL,NULL,NULL,'2','13',NULL,'13',NULL,4,NULL,'2020-02-20',12,'Y','2020-02-20 14:09:15'),(219,'Akshay Kashyap','9873887834',NULL,NULL,NULL,NULL,NULL,NULL,NULL,'2','13',NULL,'13',NULL,3,NULL,'2020-02-20',12,'Y','2020-02-20 14:09:15'),(220,'SAGARGROVER','9996770000',NULL,NULL,NULL,NULL,NULL,NULL,NULL,'192','13',NULL,'6',NULL,NULL,NULL,'2020-02-20',18,'Y','2020-02-20 14:09:15'),(221,'lokendra','9111112969',NULL,NULL,NULL,NULL,NULL,NULL,NULL,'5','28',NULL,'8',NULL,4,NULL,'2020-02-20',17,'Y','2020-02-20 14:09:15'),(222,'Baljit Singh','9814309531',NULL,NULL,NULL,NULL,NULL,NULL,NULL,'5','28',NULL,'8',NULL,1,NULL,'2020-02-20',14,'Y','2020-02-20 14:09:15'),(223,'Paras','9999596807',NULL,NULL,NULL,NULL,NULL,NULL,NULL,'2','13',NULL,'13',NULL,3,NULL,'2020-02-20',12,'Y','2020-02-20 14:09:15'),(224,'MR DIPANSHU RANA','9528138890',NULL,NULL,NULL,NULL,NULL,NULL,NULL,'18','35',NULL,'18',NULL,NULL,NULL,'2020-02-20',19,'Y','2020-02-20 14:09:15'),(225,'GAURAV MEELU','9759557777',NULL,NULL,NULL,NULL,NULL,NULL,NULL,'11','28',NULL,'3',NULL,1,NULL,'2020-02-20',14,'Y','2020-02-20 14:09:15'),(226,'AMIT','9950000099',NULL,NULL,NULL,NULL,NULL,NULL,NULL,'3','29',NULL,'1',NULL,3,NULL,'2020-02-20',16,'Y','2020-02-20 14:09:15'),(227,'Sushil','9412078355',NULL,NULL,NULL,NULL,NULL,NULL,NULL,'18','35',NULL,'8',NULL,NULL,NULL,'2020-02-20',19,'Y','2020-02-20 14:09:15'),(228,'Vishal Sharma','9839648989',NULL,NULL,NULL,NULL,NULL,NULL,NULL,'584','34',NULL,'8',NULL,NULL,NULL,'2020-02-20',13,'Y','2020-02-20 14:09:15'),(229,'SONU BAJWA','9779713823',NULL,NULL,NULL,NULL,NULL,NULL,NULL,'646','6',NULL,'1',NULL,NULL,NULL,'2020-02-20',14,'Y','2020-02-20 14:09:15'),(230,'MR NEET SAINI','9876241411',NULL,NULL,NULL,NULL,NULL,NULL,NULL,'5','28',NULL,'1',NULL,3,NULL,'2020-02-20',17,'Y','2020-02-20 14:09:15'),(231,'RAKESH','9815623898',NULL,NULL,NULL,NULL,NULL,NULL,NULL,'17','6',NULL,'1',NULL,NULL,NULL,'2020-02-20',15,'Y','2020-02-20 14:09:15'),(232,'RAKESH','8295744149',NULL,NULL,NULL,NULL,NULL,NULL,NULL,'183','13',NULL,'3',NULL,NULL,NULL,'2020-02-20',0,'Y','2020-02-20 14:09:15'),(233,'GURMUKH SINGH','9915371386',NULL,NULL,NULL,NULL,NULL,NULL,NULL,'446','28',NULL,'10',NULL,4,NULL,'2020-02-20',14,'Y','2020-02-20 14:09:15'),(234,'Gunjeet','9876204327',NULL,NULL,NULL,NULL,NULL,NULL,NULL,'5','28',NULL,'8',NULL,1,NULL,'2020-02-20',17,'Y','2020-02-20 14:09:15'),(235,'Kalu','8847001693',NULL,NULL,NULL,NULL,NULL,NULL,NULL,'5','28',NULL,'8',NULL,NULL,NULL,'2020-02-20',17,'Y','2020-02-20 14:09:15'),(236,'Mandeep singh','9888600028',NULL,NULL,NULL,NULL,NULL,NULL,NULL,'5','28',NULL,'8',NULL,5,NULL,'2020-02-20',17,'Y','2020-02-20 14:09:15'),(237,'Rajiv Bhatia','9810197725',NULL,NULL,NULL,NULL,NULL,NULL,NULL,'8','10',NULL,'8',NULL,1,NULL,'2020-02-20',13,'Y','2020-02-20 14:09:15'),(238,'Saurabh Singh','7905296983',NULL,NULL,NULL,NULL,NULL,NULL,NULL,'8','10',NULL,'8',NULL,1,NULL,'2020-02-20',13,'Y','2020-02-20 14:09:15'),(239,'Avinash Singh','7983777525',NULL,NULL,NULL,NULL,NULL,NULL,NULL,'8','10',NULL,'8',NULL,1,NULL,'2020-02-20',13,'Y','2020-02-20 14:09:15'),(240,'Jay','8890641111',NULL,NULL,NULL,NULL,NULL,NULL,NULL,'485','29',NULL,'8',NULL,NULL,NULL,'2020-02-20',13,'Y','2020-02-20 14:09:15'),(241,'HITARTH','9466566666',NULL,NULL,NULL,NULL,NULL,NULL,NULL,'180','13',NULL,'1',NULL,3,NULL,'2020-02-20',14,'Y','2020-02-20 14:09:15'),(242,'rahul sharma','7888566265',NULL,NULL,NULL,NULL,NULL,NULL,NULL,'17','6',NULL,'3',NULL,NULL,NULL,'2020-02-20',14,'Y','2020-02-20 14:09:15'),(243,'Jatin','8146745479',NULL,NULL,NULL,NULL,NULL,NULL,NULL,'17','6',NULL,'8',NULL,NULL,NULL,'2020-02-20',14,'Y','2020-02-20 14:09:15'),(244,'Kishore Verma','9217480000',NULL,NULL,NULL,NULL,NULL,NULL,NULL,'5','28',NULL,'13',NULL,1,NULL,'2020-02-20',17,'Y','2020-02-20 14:09:15'),(245,'S P Tripathi','9780024440',NULL,NULL,NULL,NULL,NULL,NULL,NULL,'5','28',NULL,'13',NULL,3,NULL,'2020-02-20',17,'Y','2020-02-20 14:09:15'),(246,'Israr','9622211111',NULL,NULL,NULL,NULL,NULL,NULL,NULL,'2','13',NULL,'13',NULL,5,NULL,'2020-02-20',12,'Y','2020-02-20 14:09:15'),(247,'Vinod Kumar','7618140379',NULL,NULL,NULL,NULL,NULL,NULL,NULL,'8','10',NULL,'13',NULL,1,NULL,'2020-02-20',12,'Y','2020-02-20 14:09:15'),(248,'Akshat Gupta','9571188554',NULL,NULL,NULL,NULL,NULL,NULL,NULL,'2','13',NULL,'13',NULL,2,NULL,'2020-02-20',12,'Y','2020-02-20 14:09:15'),(249,'Jyoti Bharti','8852091000',NULL,NULL,NULL,NULL,NULL,NULL,NULL,'2','13',NULL,'13',NULL,4,NULL,'2020-02-20',12,'Y','2020-02-20 14:09:15'),(250,'Ajay Vaish','9837026034',NULL,NULL,NULL,NULL,NULL,NULL,NULL,'2','13',NULL,'13',NULL,5,NULL,'2020-02-20',12,'Y','2020-02-20 14:09:15'),(251,'MAHESHWER','9777483481',NULL,NULL,NULL,NULL,NULL,NULL,NULL,'423','26',NULL,'12',NULL,NULL,NULL,'2020-02-20',15,'Y','2020-02-20 14:09:15'),(252,'AMIT','9729589770',NULL,NULL,NULL,NULL,NULL,NULL,NULL,'180','13',NULL,'12',NULL,NULL,NULL,'2020-02-20',15,'Y','2020-02-20 14:09:15'),(253,'NITIN TYAGI','9810291718',NULL,NULL,NULL,NULL,NULL,NULL,NULL,'2','13',NULL,'3',NULL,NULL,NULL,'2020-02-20',12,'Y','2020-02-20 14:09:15'),(254,'Abhinav  PAWA','9215688429',NULL,NULL,NULL,NULL,NULL,NULL,NULL,'193','13',NULL,'16',NULL,5,NULL,'2020-02-20',18,'Y','2020-02-20 14:09:15'),(255,'Vikas','9651353512',NULL,NULL,NULL,NULL,NULL,NULL,NULL,'584','34',NULL,'8',NULL,1,NULL,'2020-02-20',13,'Y','2020-02-20 14:09:15'),(256,'HAREESH','7095243268',NULL,NULL,NULL,NULL,NULL,NULL,NULL,'3','29',NULL,'8',NULL,NULL,NULL,'2020-02-20',16,'Y','2020-02-20 14:09:15'),(257,'Rohit Rajput','7638840153',NULL,NULL,NULL,NULL,NULL,NULL,NULL,'3','29',NULL,'8',NULL,3,NULL,'2020-02-20',16,'Y','2020-02-20 14:09:15'),(258,'VIVEK','8768047931',NULL,NULL,NULL,NULL,NULL,NULL,NULL,'622','36',NULL,'12',NULL,1,NULL,'2020-02-20',15,'Y','2020-02-20 14:09:15'),(259,'SHREY','9648745625',NULL,NULL,NULL,NULL,NULL,NULL,NULL,'8','10',NULL,'8',NULL,NULL,NULL,'2020-02-20',13,'Y','2020-02-20 14:09:15'),(260,'Lally','7355555168',NULL,NULL,NULL,NULL,NULL,NULL,NULL,'5','28',NULL,'13',NULL,2,NULL,'2020-02-20',17,'Y','2020-02-20 14:09:15'),(261,'INDERJEET CHAWLA','9313638641',NULL,NULL,NULL,NULL,NULL,NULL,NULL,'2','13',NULL,'13',NULL,NULL,NULL,'2020-02-20',12,'Y','2020-02-20 14:09:15'),(262,'AJAY','9810225405',NULL,NULL,NULL,NULL,NULL,NULL,NULL,'2','13',NULL,'13',NULL,NULL,NULL,'2020-02-20',12,'Y','2020-02-20 14:09:15'),(263,'PRATEEK AHUJA','9811608888',NULL,NULL,NULL,NULL,NULL,NULL,NULL,'2','13',NULL,'13',NULL,NULL,NULL,'2020-02-20',12,'Y','2020-02-20 14:09:15'),(264,'Inderjeet Chawla','9313638641',NULL,NULL,NULL,NULL,NULL,NULL,NULL,'2','13',NULL,'13',NULL,2,NULL,'2020-02-20',12,'Y','2020-02-20 14:09:15'),(265,'DEEPAK GUPTA','9419188703',NULL,NULL,NULL,NULL,NULL,NULL,NULL,'106','6',NULL,'12',NULL,2,NULL,'2020-02-20',18,'Y','2020-02-20 14:09:15'),(266,'RAJESH KUMAR','9416158004',NULL,NULL,NULL,NULL,NULL,NULL,NULL,'10','20',NULL,'1',NULL,2,NULL,'2020-02-20',18,'Y','2020-02-20 14:09:15'),(267,'MR DEEPAK','9419188703',NULL,NULL,NULL,NULL,NULL,NULL,NULL,'5','28',NULL,'14',NULL,3,NULL,'2020-02-20',17,'Y','2020-02-20 14:09:15'),(268,'deepak kansal','9717077995',NULL,NULL,NULL,NULL,NULL,NULL,NULL,'8','10',NULL,'6',NULL,NULL,NULL,'2020-02-20',13,'Y','2020-02-20 14:09:15'),(269,'MANAV MAHAJAN','9988119595',NULL,NULL,NULL,NULL,NULL,NULL,NULL,'460','28',NULL,'6',NULL,NULL,NULL,'2020-02-20',17,'Y','2020-02-20 14:09:15'),(270,'yash phoor','8607639009',NULL,NULL,NULL,NULL,NULL,NULL,NULL,'192','13',NULL,'6',NULL,NULL,NULL,'2020-02-20',18,'Y','2020-02-20 14:09:15'),(271,'PADAM DWIVEDI','9911796128',NULL,NULL,NULL,NULL,NULL,NULL,NULL,'8','10',NULL,'6',NULL,NULL,NULL,'2020-02-20',12,'Y','2020-02-20 14:09:15'),(272,'ASHISH SACHDEVA','9876464900',NULL,NULL,NULL,NULL,NULL,NULL,NULL,'5','28',NULL,'6',NULL,NULL,NULL,'2020-02-20',17,'Y','2020-02-20 14:09:15'),(273,'GURBIR SANDHU','9554446366',NULL,NULL,NULL,NULL,NULL,NULL,NULL,'5','28',NULL,'6',NULL,NULL,NULL,'2020-02-20',17,'Y','2020-02-20 14:09:15'),(274,'HARPREET JHANDU','9216100085',NULL,NULL,NULL,NULL,NULL,NULL,NULL,'5','28',NULL,'6',NULL,NULL,NULL,'2020-02-20',17,'Y','2020-02-20 14:09:15'),(275,'NITIN','9810542121',NULL,NULL,NULL,NULL,NULL,NULL,NULL,'1','10',NULL,'6',NULL,NULL,NULL,'2020-02-20',13,'Y','2020-02-20 14:09:15'),(276,'ABHISHEK','8000000643',NULL,NULL,NULL,NULL,NULL,NULL,NULL,'481','29',NULL,'6',NULL,4,NULL,'2020-02-20',12,'Y','2020-02-20 14:09:15'),(277,'kapil sarohi','9896555422',NULL,NULL,NULL,NULL,NULL,NULL,NULL,'17','6',NULL,'1',NULL,NULL,NULL,'2020-02-20',14,'Y','2020-02-20 14:09:15'),(278,'Artee','9654502000',NULL,NULL,NULL,NULL,NULL,NULL,NULL,'2','13',NULL,'8',NULL,NULL,NULL,'2020-02-20',12,'Y','2020-02-20 14:09:15'),(279,'Inderjeet Singh','9355555029',NULL,NULL,NULL,NULL,NULL,NULL,NULL,'23','13',NULL,'1',NULL,NULL,NULL,'2020-02-20',15,'Y','2020-02-20 14:09:15'),(280,'Vedant','7718049056',NULL,NULL,NULL,NULL,NULL,NULL,NULL,'2','13',NULL,'8',NULL,1,NULL,'2020-02-20',12,'Y','2020-02-20 14:09:15'),(281,'Ranjit','9780360456',NULL,NULL,NULL,NULL,NULL,NULL,NULL,'5','28',NULL,'8',NULL,1,NULL,'2020-02-20',17,'Y','2020-02-20 14:09:15'),(282,'Bhanu Pratap Singh','9906002785',NULL,NULL,NULL,NULL,NULL,NULL,NULL,'5','28',NULL,'8',NULL,NULL,NULL,'2020-02-20',17,'Y','2020-02-20 14:09:15'),(283,'Manav','9729400045',NULL,NULL,NULL,NULL,NULL,NULL,NULL,'8','10',NULL,'8',NULL,NULL,NULL,'2020-02-20',12,'Y','2020-02-20 14:09:15'),(284,'DrVikasGiri','7042260222',NULL,NULL,NULL,NULL,NULL,NULL,NULL,'8','10',NULL,'8',NULL,1,NULL,'2020-02-20',12,'Y','2020-02-20 14:09:15'),(285,'Raj Kumar Juneja','9999906123',NULL,NULL,NULL,NULL,NULL,NULL,NULL,'8','10',NULL,'8',NULL,1,NULL,'2020-02-20',12,'Y','2020-02-20 14:09:15'),(286,'Sanjay','9811164076',NULL,NULL,NULL,NULL,NULL,NULL,NULL,'8','10',NULL,'8',NULL,NULL,NULL,'2020-02-20',12,'Y','2020-02-20 14:09:15'),(287,'Rajbir Singh','9811379991',NULL,NULL,NULL,NULL,NULL,NULL,NULL,'8','10',NULL,'8',NULL,NULL,NULL,'2020-02-20',12,'Y','2020-02-20 14:09:15'),(288,'Naveen Tewari','9935008249',NULL,NULL,NULL,NULL,NULL,NULL,NULL,'584','34',NULL,'8',NULL,NULL,NULL,'2020-02-20',13,'Y','2020-02-20 14:09:15'),(289,'Shubham Gupta','9125503010',NULL,NULL,NULL,NULL,NULL,NULL,NULL,'584','34',NULL,'8',NULL,NULL,NULL,'2020-02-20',13,'Y','2020-02-20 14:09:15'),(290,'Vikas V','9069900001',NULL,NULL,NULL,NULL,NULL,NULL,NULL,'191','13',NULL,'8',NULL,NULL,NULL,'2020-02-20',14,'Y','2020-02-20 14:09:15'),(291,'Harish','9729633222',NULL,NULL,NULL,NULL,NULL,NULL,NULL,'23','13',NULL,'8',NULL,4,NULL,'2020-02-20',15,'Y','2020-02-20 14:09:15'),(292,'Raj Kumar','9781808787',NULL,NULL,NULL,NULL,NULL,NULL,NULL,'5','28',NULL,'13',NULL,NULL,NULL,'2020-02-20',17,'Y','2020-02-20 14:09:15'),(293,'Vivek Sharma','8679100010',NULL,NULL,NULL,NULL,NULL,NULL,NULL,'5','28',NULL,'13',NULL,4,NULL,'2020-02-20',17,'Y','2020-02-20 14:09:15'),(294,'Bimal Kumar','9855428927',NULL,NULL,NULL,NULL,NULL,NULL,NULL,'5','28',NULL,'13',NULL,4,NULL,'2020-02-20',17,'Y','2020-02-20 14:09:15'),(295,'Govinder Singh','9876141313',NULL,NULL,NULL,NULL,NULL,NULL,NULL,'5','28',NULL,'13',NULL,2,NULL,'2020-02-20',17,'Y','2020-02-20 14:09:15'),(296,'Rocky','8872886300',NULL,NULL,NULL,NULL,NULL,NULL,NULL,'5','28',NULL,'13',NULL,2,NULL,'2020-02-20',17,'Y','2020-02-20 14:09:15'),(297,'Shivani','8826694022',NULL,NULL,NULL,NULL,NULL,NULL,NULL,'2','13',NULL,'13',NULL,3,NULL,'2020-02-20',12,'Y','2020-02-20 14:09:15'),(298,'Piyush','9082458095',NULL,NULL,NULL,NULL,NULL,NULL,NULL,'2','13',NULL,'13',NULL,2,NULL,'2020-02-20',12,'Y','2020-02-20 14:09:15'),(299,'Daman Mehta','9899905125',NULL,NULL,NULL,NULL,NULL,NULL,NULL,'2','13',NULL,'13',NULL,4,NULL,'2020-02-20',12,'Y','2020-02-20 14:09:15'),(300,'Prashant Chaudhary','9928855666',NULL,NULL,NULL,NULL,NULL,NULL,NULL,'2','13',NULL,'13',NULL,4,NULL,'2020-02-20',12,'Y','2020-02-20 14:09:15'),(301,'Sanjeev Chopra','9797144254',NULL,NULL,NULL,NULL,NULL,NULL,NULL,'2','13',NULL,'13',NULL,2,NULL,'2020-02-20',12,'Y','2020-02-20 14:09:15'),(302,'Rahul','9810163893',NULL,NULL,NULL,NULL,NULL,NULL,NULL,'2','13',NULL,'13',NULL,4,NULL,'2020-02-20',12,'Y','2020-02-20 14:09:15'),(303,'NEERAJ GEHRA','8528687000',NULL,NULL,NULL,NULL,NULL,NULL,NULL,'464','28',NULL,'3',NULL,NULL,NULL,'2020-02-20',15,'Y','2020-02-20 14:09:15'),(304,'Manish Kumar Kansal','9654235700',NULL,NULL,NULL,NULL,NULL,NULL,NULL,'2','13',NULL,'8',NULL,NULL,NULL,'2020-02-20',12,'Y','2020-02-20 14:09:15'),(305,'Anurag','9873418644',NULL,NULL,NULL,NULL,NULL,NULL,NULL,'8','10',NULL,'8',NULL,2,NULL,'2020-02-20',13,'Y','2020-02-20 14:09:15'),(306,'AMIT MAKHIJA','9416100008',NULL,NULL,NULL,NULL,NULL,NULL,NULL,'192','13',NULL,'3',NULL,NULL,NULL,'2020-02-20',15,'Y','2020-02-20 14:09:15'),(307,'Areeb khan','8178304155',NULL,NULL,NULL,NULL,NULL,NULL,NULL,'1','10',NULL,'3',NULL,NULL,NULL,'2020-02-20',0,'Y','2020-02-20 14:09:15'),(308,'Ajay Vaish','9837026034',NULL,NULL,NULL,NULL,NULL,NULL,NULL,'2','13',NULL,'13',NULL,5,NULL,'2020-02-20',12,'Y','2020-02-20 14:09:15'),(309,'Tavish Garg','9891997059',NULL,NULL,NULL,NULL,NULL,NULL,NULL,'2','13',NULL,'13',NULL,4,NULL,'2020-02-20',12,'Y','2020-02-20 14:09:15'),(310,'mayank','9996657770',NULL,NULL,NULL,NULL,NULL,NULL,NULL,'180','13',NULL,'3',NULL,3,NULL,'2020-02-20',15,'Y','2020-02-20 14:09:15'),(311,'PARAS MADAN','9996656080',NULL,NULL,NULL,NULL,NULL,NULL,NULL,'193','13',NULL,'1',NULL,NULL,NULL,'2020-02-20',14,'Y','2020-02-20 14:09:15'),(312,'Sartaj','9815468786',NULL,NULL,NULL,NULL,NULL,NULL,NULL,'17','6',NULL,'8',NULL,NULL,NULL,'2020-02-20',14,'Y','2020-02-20 14:09:15'),(313,'Pinnaki(PINAK GHOLEP)','9307272007',NULL,NULL,NULL,NULL,NULL,NULL,NULL,'348','','','8',NULL,NULL,NULL,'2020-02-20',13,'Y','2020-02-20 14:09:15'),(314,'charan mahlawat','7015851604',NULL,NULL,NULL,NULL,NULL,NULL,NULL,'8','10','','8',NULL,3,NULL,'2020-02-20',13,'Y','2020-02-20 14:09:15'),(315,'Dr kamlesh bhatt','9528277282',NULL,NULL,NULL,NULL,NULL,NULL,NULL,'8','10','','8',NULL,2,NULL,'2020-02-20',13,'Y','2020-02-20 14:09:15'),(316,'Sunit','9639630303',NULL,NULL,NULL,NULL,NULL,NULL,NULL,'18','35','','8',NULL,NULL,NULL,'2020-02-20',19,'Y','2020-02-20 14:09:15'),(317,'Anand Aggarwal','9999572725',NULL,NULL,NULL,NULL,NULL,NULL,NULL,'8','10','','8',NULL,1,NULL,'2020-02-20',15,'Y','2020-02-20 14:09:15'),(318,'Nikhil','7895967857',NULL,NULL,NULL,NULL,NULL,NULL,NULL,'3','29','','8',NULL,NULL,NULL,'2020-02-20',16,'Y','2020-02-20 14:09:15'),(319,'Pinnaki','9307272007',NULL,NULL,NULL,NULL,NULL,NULL,NULL,'3','29','','8',NULL,NULL,NULL,'2020-02-20',16,'Y','2020-02-20 14:09:15'),(320,'Mr Ghai','9988886711',NULL,NULL,NULL,NULL,NULL,NULL,NULL,'5','28','','13',NULL,3,NULL,'2020-02-20',17,'Y','2020-02-20 14:09:15'),(321,'Raminder Singh','9815728800',NULL,NULL,NULL,NULL,NULL,NULL,NULL,'5','28','','13',NULL,5,NULL,'2020-02-20',17,'Y','2020-02-20 14:09:15'),(322,'Narendra Solanki','9828099500',NULL,NULL,NULL,NULL,NULL,NULL,NULL,'2','13','','13',NULL,4,NULL,'2020-02-20',12,'Y','2020-02-20 14:09:15'),(323,'Asit Pattnaik','9437016171',NULL,NULL,NULL,NULL,NULL,NULL,NULL,'2','13','','13',NULL,5,NULL,'2020-02-20',12,'Y','2020-02-20 14:09:15'),(324,'Bawkher Ahmed','9840965952',NULL,NULL,NULL,NULL,NULL,NULL,NULL,'2','13','','13',NULL,5,NULL,'2020-02-20',12,'Y','2020-02-20 14:09:15'),(325,'Sagar Sharma','9999668706',NULL,NULL,NULL,NULL,NULL,NULL,NULL,'2','13','','13',NULL,4,NULL,'2020-02-20',12,'Y','2020-02-20 14:09:15'),(326,'Abdul hakeem','8688744440',NULL,NULL,NULL,NULL,NULL,NULL,NULL,'8','10','','8',NULL,4,NULL,'2020-02-20',13,'Y','2020-02-20 14:09:15'),(327,'NARENDER','9601438839',NULL,NULL,NULL,NULL,NULL,NULL,NULL,'539','34','','12',NULL,1,NULL,'2020-02-20',15,'Y','2020-02-20 14:09:15'),(328,'HIMANSHU','8529400008',NULL,NULL,NULL,NULL,NULL,NULL,NULL,'192','13','','3',NULL,1,NULL,'2020-02-20',15,'Y','2020-02-20 14:09:15'),(329,'MR HEMANT','8859999959',NULL,NULL,NULL,NULL,NULL,NULL,NULL,'18','35','','3',NULL,NULL,NULL,'2020-02-20',19,'Y','2020-02-20 14:09:15'),(330,'Akshay Gupta','9465189541',NULL,NULL,NULL,NULL,NULL,NULL,NULL,'5','28','','8',NULL,NULL,NULL,'2020-02-20',17,'Y','2020-02-20 14:09:15'),(331,'Parmesh','9780749240',NULL,NULL,NULL,NULL,NULL,NULL,NULL,'5','28','','8',NULL,1,NULL,'2020-02-20',17,'Y','2020-02-20 14:09:15'),(332,'Sudheer Singh','9305719728',NULL,NULL,NULL,NULL,NULL,NULL,NULL,'584','34','','8',NULL,NULL,NULL,'2020-02-20',13,'Y','2020-02-20 14:09:15'),(333,'Thomas','9341922999',NULL,NULL,NULL,NULL,NULL,NULL,NULL,'17','6','','8',NULL,1,NULL,'2020-02-20',14,'Y','2020-02-20 14:09:15'),(334,'Ritiwk','8588014978',NULL,NULL,NULL,NULL,NULL,NULL,NULL,'3','29','','8',NULL,NULL,NULL,'2020-02-20',16,'Y','2020-02-20 14:09:15'),(335,'AMIT','7292032737',NULL,NULL,NULL,NULL,NULL,NULL,NULL,'8','10','','3',NULL,2,NULL,'2020-02-20',13,'Y','2020-02-20 14:09:15'),(336,'Harshvadhan Sharma','8756111111',NULL,NULL,NULL,NULL,NULL,NULL,NULL,'3','29','','8',NULL,NULL,NULL,'2020-02-20',16,'Y','2020-02-20 14:09:15'),(337,'Prateek Thakral','9812120450',NULL,NULL,NULL,NULL,NULL,NULL,NULL,'23','13','','8',NULL,NULL,NULL,'2020-02-20',15,'Y','2020-02-20 14:09:15'),(338,'Gurdhayan Singh','9779585614',NULL,NULL,NULL,NULL,NULL,NULL,NULL,'5','28','','13',NULL,1,NULL,'2020-02-20',17,'Y','2020-02-20 14:09:15'),(339,'Abhi','9501999990',NULL,NULL,NULL,NULL,NULL,NULL,NULL,'5','28','','13',NULL,2,NULL,'2020-02-20',17,'Y','2020-02-20 14:09:15'),(340,'Sunny','9872574341',NULL,NULL,NULL,NULL,NULL,NULL,NULL,'5','28','','13',NULL,4,NULL,'2020-02-20',17,'Y','2020-02-20 14:09:15'),(341,'Uttam','9482881234',NULL,NULL,NULL,NULL,NULL,NULL,NULL,'2','13','','13',NULL,2,NULL,'2020-02-20',12,'Y','2020-02-20 14:09:15'),(342,'seema bajaj','9910100762',NULL,NULL,NULL,NULL,NULL,NULL,NULL,'8','10','','12',NULL,4,NULL,'2020-02-20',12,'Y','2020-02-20 14:09:15'),(343,'Gaurav Sharma','9000789402',NULL,NULL,NULL,NULL,NULL,NULL,NULL,'2','13','','13',NULL,3,NULL,'2020-02-20',12,'Y','2020-02-20 14:09:15'),(344,'Amit','9818466554',NULL,NULL,NULL,NULL,NULL,NULL,NULL,'2','13','','13',NULL,3,NULL,'2020-02-20',12,'Y','2020-02-20 14:09:15'),(345,'Avneet Gupta','9999907371',NULL,NULL,NULL,NULL,NULL,NULL,NULL,'2','13','','13',NULL,5,NULL,'2020-02-20',12,'Y','2020-02-20 14:09:15'),(346,'RAVINDER','6284834904',NULL,NULL,NULL,NULL,NULL,NULL,NULL,'17','6','','8',NULL,NULL,NULL,'2020-02-20',14,'Y','2020-02-20 14:09:15'),(347,'Kawaljeet Singh','8127070007',NULL,NULL,NULL,NULL,NULL,NULL,NULL,'2','13','','13',NULL,4,NULL,'2020-02-20',12,'Y','2020-02-20 14:09:15'),(348,'Nijamuddin Siddiqui','9450176389',NULL,NULL,NULL,NULL,NULL,NULL,NULL,'2','13','','13',NULL,1,NULL,'2020-02-20',12,'Y','2020-02-20 14:09:15'),(349,'Gs Nagi','9871852288',NULL,NULL,NULL,NULL,NULL,NULL,NULL,'2','13','','13',NULL,4,NULL,'2020-02-20',12,'Y','2020-02-20 14:09:15'),(350,'Raj Kohli','9310007082',NULL,NULL,NULL,NULL,NULL,NULL,NULL,'2','13','','13',NULL,4,NULL,'2020-02-20',12,'Y','2020-02-20 14:09:15'),(351,'JAGMOHAN','9915477744',NULL,NULL,NULL,NULL,NULL,NULL,NULL,'17','6','','8',NULL,NULL,NULL,'2020-02-20',14,'Y','2020-02-20 14:09:15'),(352,'Sahil','8076074411',NULL,NULL,NULL,NULL,NULL,NULL,NULL,'2','13','','13',NULL,2,NULL,'2020-02-20',12,'Y','2020-02-20 14:09:15'),(353,'Sahil Khan','8005402957',NULL,NULL,NULL,NULL,NULL,NULL,NULL,'2','13','','13',NULL,4,NULL,'2020-02-20',12,'Y','2020-02-20 14:09:15'),(354,'ANWAR','7306723265',NULL,NULL,NULL,NULL,NULL,NULL,NULL,'142','7','','8',NULL,3,NULL,'2020-02-20',13,'Y','2020-02-20 14:09:15'),(355,'surinder','9417023724',NULL,NULL,NULL,NULL,NULL,NULL,NULL,'180','13','','12',NULL,1,NULL,'2020-02-20',15,'Y','2020-02-20 14:09:15'),(356,'KAMALDEEP SINGH','9815629147',NULL,NULL,NULL,NULL,NULL,NULL,NULL,'458','28','','3',NULL,2,NULL,'2020-02-20',13,'Y','2020-02-20 14:09:15'),(357,'Dharamvir Singh','9781287386',NULL,NULL,NULL,NULL,NULL,NULL,NULL,'5','28','','8',NULL,4,NULL,'2020-02-20',17,'Y','2020-02-20 14:09:15'),(358,'Vishal Singh','8298330000',NULL,NULL,NULL,NULL,NULL,NULL,NULL,'8','10','','8',NULL,NULL,NULL,'2020-02-20',13,'Y','2020-02-20 14:09:15'),(359,'Kjs','8800004988',NULL,NULL,NULL,NULL,NULL,NULL,NULL,'3','29','','8',NULL,NULL,NULL,'2020-02-20',16,'Y','2020-02-20 14:09:15'),(360,'Suhail','7290880440',NULL,NULL,NULL,NULL,NULL,NULL,NULL,'2','13','','13',NULL,3,NULL,'2020-02-20',12,'Y','2020-02-20 14:09:15'),(361,'Varinder Kumar','9915036582',NULL,NULL,NULL,NULL,NULL,NULL,NULL,'5','28','','13',NULL,2,NULL,'2020-02-20',17,'Y','2020-02-20 14:09:15'),(362,'MR MANIK GARG','9814299885',NULL,NULL,NULL,NULL,NULL,NULL,NULL,'5','28','','1',NULL,NULL,NULL,'2020-02-20',17,'Y','2020-02-20 14:09:15'),(363,'RAVIJYOT SINGH','8872015436',NULL,NULL,NULL,NULL,NULL,NULL,NULL,'17','6','','10',NULL,NULL,NULL,'2020-02-20',14,'Y','2020-02-20 14:09:15'),(364,'Yash Raj','7263968943',NULL,NULL,NULL,NULL,NULL,NULL,NULL,'17','6','','8',NULL,NULL,NULL,'2020-02-20',14,'Y','2020-02-20 14:09:15'),(365,'Gursewak Singh','9878718355',NULL,NULL,NULL,NULL,NULL,NULL,NULL,'17','6','','8',NULL,NULL,NULL,'2020-02-20',14,'Y','2020-02-20 14:09:15'),(366,'Bhaisaab','9930418211',NULL,NULL,NULL,NULL,NULL,NULL,NULL,'12','21','','8',NULL,NULL,NULL,'2020-02-20',14,'Y','2020-02-20 14:09:15'),(367,'Sumesh','9906107785',NULL,NULL,NULL,NULL,NULL,NULL,NULL,'106','6','','8',NULL,NULL,NULL,'2020-02-20',14,'Y','2020-02-20 14:09:15'),(368,'Kawaljeet Singh','8127070007',NULL,NULL,NULL,NULL,NULL,NULL,NULL,'579','34','','8',NULL,NULL,NULL,'2020-02-20',12,'Y','2020-02-20 14:09:15'),(369,'Amit Malik','9891429439',NULL,NULL,NULL,NULL,NULL,NULL,NULL,'2','13','','8',NULL,NULL,NULL,'2020-02-20',12,'Y','2020-02-20 14:09:15'),(370,'Lohit','9871193777',NULL,NULL,NULL,NULL,NULL,NULL,NULL,'2','13','','8',NULL,NULL,NULL,'2020-02-20',12,'Y','2020-02-20 14:09:15'),(371,'POTALA TENZIN','9896141989',NULL,NULL,NULL,NULL,NULL,NULL,NULL,'192','13','','3',NULL,2,NULL,'2020-02-20',15,'Y','2020-02-20 14:09:15'),(372,'Ravi','9811002232',NULL,NULL,NULL,NULL,NULL,NULL,NULL,'8','10','','8',NULL,NULL,NULL,'2020-02-20',13,'Y','2020-02-20 14:09:15'),(373,'Bharat Malhotra','9619345373',NULL,NULL,NULL,NULL,NULL,NULL,NULL,'8','10','','8',NULL,3,NULL,'2020-02-20',13,'Y','2020-02-20 14:09:15'),(374,'Manoj Kumar Verma','7007542668',NULL,NULL,NULL,NULL,NULL,NULL,NULL,'584','34','','8',NULL,NULL,NULL,'2020-02-20',13,'Y','2020-02-20 14:09:15'),(375,'Manish','9899451001',NULL,NULL,NULL,NULL,NULL,NULL,NULL,'3','29','','8',NULL,NULL,NULL,'2020-02-20',16,'Y','2020-02-20 14:09:15'),(376,'AJAY','9172290812',NULL,NULL,NULL,NULL,NULL,NULL,NULL,'23','13','','8',NULL,NULL,NULL,'2020-02-20',15,'Y','2020-02-20 14:09:15'),(377,'Bijender Singh','9813016078',NULL,NULL,NULL,NULL,NULL,NULL,NULL,'192','13','','8',NULL,1,NULL,'2020-02-20',15,'Y','2020-02-20 14:09:15'),(378,'Raj Kumar','9781808787',NULL,NULL,NULL,NULL,NULL,NULL,NULL,'5','28','','13',NULL,4,NULL,'2020-02-20',17,'Y','2020-02-20 14:09:15'),(379,'Sharanjit Singh','7879640004',NULL,NULL,NULL,NULL,NULL,NULL,NULL,'5','28','','13',NULL,3,NULL,'2020-02-20',17,'Y','2020-02-20 14:09:15'),(380,'Puneet','9876857583',NULL,NULL,NULL,NULL,NULL,NULL,NULL,'5','28','','13',NULL,1,NULL,'2020-02-20',17,'Y','2020-02-20 14:09:15'),(381,'Radhesh Maria','7710303777',NULL,NULL,NULL,NULL,NULL,NULL,NULL,'5','28','','13',NULL,2,NULL,'2020-02-20',17,'Y','2020-02-20 14:09:15'),(382,'Piyush Jain','9582008843',NULL,NULL,NULL,NULL,NULL,NULL,NULL,'2','13','','13',NULL,2,NULL,'2020-02-20',12,'Y','2020-02-20 14:09:15'),(383,'Rounak','9408714999',NULL,NULL,NULL,NULL,NULL,NULL,NULL,'2','13','','13',NULL,3,NULL,'2020-02-20',12,'Y','2020-02-20 14:09:15'),(384,'Vinod','9529206337',NULL,NULL,NULL,NULL,NULL,NULL,NULL,'2','13','','13',NULL,NULL,NULL,'2020-02-20',12,'Y','2020-02-20 14:09:15'),(385,'Vikas Selwal','9903360073',NULL,NULL,NULL,NULL,NULL,NULL,NULL,'2','13','','13',NULL,2,NULL,'2020-02-20',12,'Y','2020-02-20 14:09:15'),(386,'Mohit Aron','9837038147',NULL,NULL,NULL,NULL,NULL,NULL,NULL,'2','13','','13',NULL,4,NULL,'2020-02-20',12,'Y','2020-02-20 14:09:15'),(387,'Sobit','9582263123',NULL,NULL,NULL,NULL,NULL,NULL,NULL,'2','13','','13',NULL,4,NULL,'2020-02-20',12,'Y','2020-02-20 14:09:15'),(388,'Malkeet Singh','9855543811',NULL,NULL,NULL,NULL,NULL,NULL,NULL,'5','28','','8',NULL,NULL,NULL,'2020-02-20',17,'Y','2020-02-20 14:09:15'),(389,'Lohit','9871193777',NULL,NULL,NULL,NULL,NULL,NULL,NULL,'2','13','','8',NULL,NULL,NULL,'2020-02-20',12,'Y','2020-02-20 14:09:15'),(390,'NEERAJ GUPTA','9467733333',NULL,NULL,NULL,NULL,NULL,NULL,NULL,'651','13','','1',NULL,1,NULL,'2020-02-20',14,'Y','2020-02-20 14:09:15'),(391,'Dheeraj','9015801111',NULL,NULL,NULL,NULL,NULL,NULL,NULL,'2','13','','13',NULL,5,NULL,'2020-02-20',12,'Y','2020-02-20 14:09:15'),(392,'nikil gupta','9876339911',NULL,NULL,NULL,NULL,NULL,NULL,NULL,'458','28','','3',NULL,1,NULL,'2020-02-20',14,'Y','2020-02-20 14:09:15'),(393,'Simran','9675122222',NULL,NULL,NULL,NULL,NULL,NULL,NULL,'2','13','','8',NULL,NULL,NULL,'2020-02-20',12,'Y','2020-02-20 14:09:15'),(394,'Boss','8550095374',NULL,NULL,NULL,NULL,NULL,NULL,NULL,'584','34','','8',NULL,4,NULL,'2020-02-20',13,'Y','2020-02-20 14:09:15'),(395,'Dhiraj','9811166793',NULL,NULL,NULL,NULL,NULL,NULL,NULL,'2','13','','13',NULL,3,NULL,'2020-02-20',12,'Y','2020-02-20 14:09:15'),(396,'Bimal Kumar','9855428927',NULL,NULL,NULL,NULL,NULL,NULL,NULL,'5','28','','13',NULL,4,NULL,'2020-02-20',17,'Y','2020-02-20 14:09:15'),(397,'PARS','9991150789',NULL,NULL,NULL,NULL,NULL,NULL,NULL,'145','7','','3',NULL,1,NULL,'2020-02-20',15,'Y','2020-02-20 14:09:15'),(398,'UPENDER','9953764774',NULL,NULL,NULL,NULL,NULL,NULL,NULL,'8','10','','1',NULL,4,NULL,'2020-02-20',12,'Y','2020-02-20 14:09:15'),(399,'TAJINDER PAL SINGH','9729200024',NULL,NULL,NULL,NULL,NULL,NULL,NULL,'192','13','','12',NULL,1,NULL,'2020-02-20',15,'Y','2020-02-20 14:09:15'),(400,'MR RAVI','9815033882',NULL,NULL,NULL,NULL,NULL,NULL,NULL,'5','28','','1',NULL,4,NULL,'2020-02-20',17,'Y','2020-02-20 14:09:15'),(401,'Ashish','7027500023',NULL,NULL,NULL,NULL,NULL,NULL,NULL,'186','13','','1',NULL,3,NULL,'2020-02-20',15,'Y','2020-02-20 14:09:15'),(402,'BALJINDER SINGH','9896888411',NULL,NULL,NULL,NULL,NULL,NULL,NULL,'187','13','','1',NULL,1,NULL,'2020-02-20',15,'Y','2020-02-20 14:09:15'),(403,'SHIVAM','882686470',NULL,NULL,NULL,NULL,NULL,NULL,NULL,'192','13','','1',NULL,NULL,NULL,'2020-02-20',15,'Y','2020-02-20 14:09:15'),(404,'Aseem','9622499867',NULL,NULL,NULL,NULL,NULL,NULL,NULL,'17','6','','8',NULL,NULL,NULL,'2020-02-20',14,'Y','2020-02-20 14:09:15'),(405,'Ravinder','9815528928',NULL,NULL,NULL,NULL,NULL,NULL,NULL,'5','28','','8',NULL,NULL,NULL,'2020-02-20',17,'Y','2020-02-20 14:09:15'),(406,'Pawan','8076138560',NULL,NULL,NULL,NULL,NULL,NULL,NULL,'2','13','','8',NULL,1,NULL,'2020-02-20',12,'Y','2020-02-20 14:09:15'),(407,'Jagpreet','9876365196',NULL,NULL,NULL,NULL,NULL,NULL,NULL,'8','10','','8',NULL,2,NULL,'2020-02-20',13,'Y','2020-02-20 14:09:15'),(408,'HIMANSHU SUKHIJA','8607767007',NULL,NULL,NULL,NULL,NULL,NULL,NULL,'8','10','','8',NULL,NULL,NULL,'2020-02-20',13,'Y','2020-02-20 14:09:15'),(409,'pradyumna','6351158913',NULL,NULL,NULL,NULL,NULL,NULL,NULL,'8','10','','8',NULL,3,NULL,'2020-02-20',13,'Y','2020-02-20 14:09:15'),(410,'Adheesh Raj Bhalla','9313534002',NULL,NULL,NULL,NULL,NULL,NULL,NULL,'8','10','','8',NULL,NULL,NULL,'2020-02-20',13,'Y','2020-02-20 14:09:15'),(411,'Anshu Pandey','6387684836',NULL,NULL,NULL,NULL,NULL,NULL,NULL,'20','34','','8',NULL,2,NULL,'2020-02-20',13,'Y','2020-02-20 14:09:15'),(412,'Jagjit','9814309531',NULL,NULL,NULL,NULL,NULL,NULL,NULL,'5','28','','13',NULL,1,NULL,'2020-02-20',17,'Y','2020-02-20 14:09:15'),(413,'Nishant','9661050139',NULL,NULL,NULL,NULL,NULL,NULL,NULL,'2','13','','13',NULL,2,NULL,'2020-02-20',12,'Y','2020-02-20 14:09:15'),(414,'Inodaya','9416553188',NULL,NULL,NULL,NULL,NULL,NULL,NULL,'2','13','','13',NULL,2,NULL,'2020-02-20',12,'Y','2020-02-20 14:09:15'),(415,'Anish','7678229653',NULL,NULL,NULL,NULL,NULL,NULL,NULL,'2','13','','13',NULL,1,NULL,'2020-02-20',12,'Y','2020-02-20 14:09:15'),(416,'Arun Kumar Panday','6204147054',NULL,NULL,NULL,NULL,NULL,NULL,NULL,'2','13','','13',NULL,1,NULL,'2020-02-20',12,'Y','2020-02-20 14:09:15'),(417,'BUPENDER SINGH','8950003000',NULL,NULL,NULL,NULL,NULL,NULL,NULL,'23','13','','3',NULL,1,NULL,'2020-02-20',15,'Y','2020-02-20 14:09:15'),(418,'Jatin','8383044062',NULL,NULL,NULL,NULL,NULL,NULL,NULL,'2','13','','8',NULL,NULL,NULL,'2020-02-20',12,'Y','2020-02-20 14:09:15'),(419,'ASHU MAURYA','9170138073',NULL,NULL,NULL,NULL,NULL,NULL,NULL,'584','34','','8',NULL,1,NULL,'2020-02-20',13,'Y','2020-02-20 14:09:15'),(420,'Aman','8968888781',NULL,NULL,NULL,NULL,NULL,NULL,NULL,'5','28','','13',NULL,2,NULL,'2020-02-20',17,'Y','2020-02-20 14:09:15'),(421,'Anil','9959042280',NULL,NULL,NULL,NULL,NULL,NULL,NULL,'2','13','','13',NULL,4,NULL,'2020-02-20',12,'Y','2020-02-20 14:09:15'),(422,'Shuaib','8439774403',NULL,NULL,NULL,NULL,NULL,NULL,NULL,'2','13','','13',NULL,2,NULL,'2020-02-20',12,'Y','2020-02-20 14:09:15'),(423,'DEVINDER SINGH SUDAN','7027045439',NULL,NULL,NULL,NULL,NULL,NULL,NULL,'191','13','','12',NULL,1,NULL,'2020-02-20',15,'Y','2020-02-20 14:09:15'),(424,'Jagdeep Singh','9814378993',NULL,NULL,NULL,NULL,NULL,NULL,NULL,'5','28','','8',NULL,1,NULL,'2020-02-20',17,'Y','2020-02-20 14:09:15'),(425,'MR BHUPINDER SINGH','9216901471',NULL,NULL,NULL,NULL,NULL,NULL,NULL,'5','28','','1',NULL,4,NULL,'2020-02-20',17,'Y','2020-02-20 14:09:15'),(426,'PADAM SINGH','9355400009',NULL,NULL,NULL,NULL,NULL,NULL,NULL,'17','6','','12',NULL,NULL,NULL,'2020-02-20',13,'Y','2020-02-20 14:09:15'),(427,'JAGAN','9746114424',NULL,NULL,NULL,NULL,NULL,NULL,NULL,'142','7','','12',NULL,NULL,NULL,'2020-02-20',13,'Y','2020-02-20 14:09:15'),(428,'VISHAL YADAV','9998920956',NULL,NULL,NULL,NULL,NULL,NULL,NULL,'8','10','','12',NULL,NULL,NULL,'2020-02-20',13,'Y','2020-02-20 14:09:15'),(429,'MOHISH GUPTA','9876984695',NULL,NULL,NULL,NULL,NULL,NULL,NULL,'191','13','','3',NULL,NULL,NULL,'2020-02-20',15,'Y','2020-02-20 14:09:15'),(430,'HARPREET SANDHU','8694000001',NULL,NULL,NULL,NULL,NULL,NULL,NULL,'652','28','','3',NULL,NULL,NULL,'2020-02-20',14,'Y','2020-02-20 14:09:15'),(431,'malika bajaj','9837373388',NULL,NULL,NULL,NULL,NULL,NULL,NULL,'5','28','','8',NULL,4,NULL,'2020-02-20',17,'Y','2020-02-20 14:09:15'),(432,'Unknown Buyer','8847430039',NULL,NULL,NULL,NULL,NULL,NULL,NULL,'5','28','','3',NULL,NULL,NULL,'2020-02-20',17,'Y','2020-02-20 14:09:15'),(433,'Gurdeep Singh','9814214926',NULL,NULL,NULL,NULL,NULL,NULL,NULL,'5','28','','8',NULL,NULL,NULL,'2020-02-20',17,'Y','2020-02-20 14:09:15'),(434,'Karambir','8930892181',NULL,NULL,NULL,NULL,NULL,NULL,NULL,'2','13','','8',NULL,NULL,NULL,'2020-02-20',12,'Y','2020-02-20 14:09:15'),(435,'Pawan','8076138560',NULL,NULL,NULL,NULL,NULL,NULL,NULL,'2','13','','8',NULL,1,NULL,'2020-02-20',12,'Y','2020-02-20 14:09:15'),(436,'mzu rahman','9700669000',NULL,NULL,NULL,NULL,NULL,NULL,NULL,'8','10','','8',NULL,3,NULL,'2020-02-20',13,'Y','2020-02-20 14:09:15'),(437,'Jagpreet','9876365196',NULL,NULL,NULL,NULL,NULL,NULL,NULL,'8','10','','8',NULL,2,NULL,'2020-02-20',13,'Y','2020-02-20 14:09:15'),(438,'Himanshu Jaiswal','9984729201',NULL,NULL,NULL,NULL,NULL,NULL,NULL,'584','34','','8',NULL,NULL,NULL,'2020-02-20',13,'Y','2020-02-20 14:09:15'),(439,'Dushyant Kumar','9559656001',NULL,NULL,NULL,NULL,NULL,NULL,NULL,'584','34','','8',NULL,NULL,NULL,'2020-02-20',13,'Y','2020-02-20 14:09:15'),(440,'Sameer Aggarwal','8729000083',NULL,NULL,NULL,NULL,NULL,NULL,NULL,'456','28','','8',NULL,NULL,NULL,'2020-02-20',14,'Y','2020-02-20 14:09:15'),(441,'Ashish','9646733692',NULL,NULL,NULL,NULL,NULL,NULL,NULL,'17','6','','8',NULL,NULL,NULL,'2020-02-20',14,'Y','2020-02-20 14:09:15'),(442,'Amit','9956812514',NULL,NULL,NULL,NULL,NULL,NULL,NULL,'17','6','','8',NULL,2,NULL,'2020-02-20',14,'Y','2020-02-20 14:09:15'),(443,'Amit Sindhu','9896806694',NULL,NULL,NULL,NULL,NULL,NULL,NULL,'3','29','','8',NULL,NULL,NULL,'2020-02-20',16,'Y','2020-02-20 14:09:15'),(444,'Rajnish Jain','9814082535',NULL,NULL,NULL,NULL,NULL,NULL,NULL,'5','28','','13',NULL,5,NULL,'2020-02-20',17,'Y','2020-02-20 14:09:15'),(445,'Hrithik Garg','7986878605',NULL,NULL,NULL,NULL,NULL,NULL,NULL,'5','28','','13',NULL,1,NULL,'2020-02-20',17,'Y','2020-02-20 14:09:15'),(446,'ARNAV','9355555397',NULL,NULL,NULL,NULL,NULL,NULL,NULL,'16','13','','3',NULL,4,NULL,'2020-02-20',15,'Y','2020-02-20 14:09:15'),(447,'HIMANSHU SUKHIJA','8607767007',NULL,NULL,NULL,NULL,NULL,NULL,NULL,'8','10','','8',NULL,1,NULL,'2020-02-20',13,'Y','2020-02-20 14:09:15'),(448,'pradyumna','6351158913',NULL,NULL,NULL,NULL,NULL,NULL,NULL,'8','10','','8',NULL,3,NULL,'2020-02-20',13,'Y','2020-02-20 14:09:15'),(449,'YUGANK','9034459000',NULL,NULL,NULL,NULL,NULL,NULL,NULL,'193','13','','3',NULL,3,NULL,'2020-02-20',15,'Y','2020-02-20 14:09:15'),(450,'Amit','9956812514',NULL,NULL,NULL,NULL,NULL,NULL,NULL,'17','6','','8',NULL,2,NULL,'2020-02-20',14,'Y','2020-02-20 14:09:15'),(451,'Rafik Khan','9784659450',NULL,NULL,NULL,NULL,NULL,NULL,NULL,'3','29','','8',NULL,2,NULL,'2020-02-20',16,'Y','2020-02-20 14:09:15'),(452,'Rajat Sharma','9811015457',NULL,NULL,NULL,NULL,NULL,NULL,NULL,'3','29','','8',NULL,NULL,NULL,'2020-02-20',16,'Y','2020-02-20 14:09:15'),(453,'Mahindra','9810048488',NULL,NULL,NULL,NULL,NULL,NULL,NULL,'2','13','','13',NULL,5,NULL,'2020-02-20',12,'Y','2020-02-20 14:09:15'),(454,'PARAS MADAAN','9996656080',NULL,NULL,NULL,NULL,NULL,NULL,NULL,'193','13','','3',NULL,3,NULL,'2020-02-20',15,'Y','2020-02-20 14:09:15'),(455,'kuldeep yadav','9560770003',NULL,NULL,NULL,NULL,NULL,NULL,NULL,'15','13','','3',NULL,1,NULL,'2020-02-20',15,'Y','2020-02-20 14:09:15'),(456,'Aman','9814654321',NULL,NULL,NULL,NULL,NULL,NULL,NULL,'17','6','','8',NULL,NULL,NULL,'2020-02-20',14,'Y','2020-02-20 14:09:15'),(457,'Pratap kochar','9435108687',NULL,NULL,NULL,NULL,NULL,NULL,NULL,'2','13','','8',NULL,5,NULL,'2020-02-20',12,'Y','2020-02-20 14:09:15'),(458,'Kuldeep','9560770003',NULL,NULL,NULL,NULL,NULL,NULL,NULL,'2','13','','8',NULL,NULL,NULL,'2020-02-20',12,'Y','2020-02-20 14:09:15'),(459,'Shivam Gupta','9695541515',NULL,NULL,NULL,NULL,NULL,NULL,NULL,'584','34','','8',NULL,NULL,NULL,'2020-02-20',13,'Y','2020-02-20 14:09:15'),(460,'Akashdeep Singh','6283075404',NULL,NULL,NULL,NULL,NULL,NULL,NULL,'5','28','','13',NULL,3,NULL,'2020-02-20',17,'Y','2020-02-20 14:09:15'),(461,'Kuldeep','8221800403',NULL,NULL,NULL,NULL,NULL,NULL,NULL,'2','13','','13',NULL,1,NULL,'2020-02-20',12,'Y','2020-02-20 14:09:15'),(462,'Rohit','9012087777',NULL,NULL,NULL,NULL,NULL,NULL,NULL,'2','13','','13',NULL,1,NULL,'2020-02-20',12,'Y','2020-02-20 14:09:15'),(463,'Rahul Saini','9990907424',NULL,NULL,NULL,NULL,NULL,NULL,NULL,'2','13','','13',NULL,4,NULL,'2020-02-20',12,'Y','2020-02-20 14:09:15'),(464,'Sanjeev','9815011583',NULL,NULL,NULL,NULL,NULL,NULL,NULL,'5','28','','13',NULL,5,NULL,'2020-02-20',17,'Y','2020-02-20 14:09:15'),(465,'K Gautham Dany','8008188008',NULL,NULL,NULL,NULL,NULL,NULL,NULL,'2','13','','13',NULL,4,NULL,'2020-02-20',12,'Y','2020-02-20 14:09:15'),(466,'KAMAL JAIN','9810033868',NULL,NULL,NULL,NULL,NULL,NULL,NULL,'8','10','','8',NULL,2,NULL,'2020-02-20',13,'Y','2020-02-20 14:09:15'),(467,'AMIT RAI','8887653003',NULL,NULL,NULL,NULL,NULL,NULL,NULL,'573','34','','3',NULL,NULL,NULL,'2020-02-20',13,'Y','2020-02-20 14:09:15'),(468,'MAYANK','9897360973',NULL,NULL,NULL,NULL,NULL,NULL,NULL,'643','35','','3',NULL,3,NULL,'2020-02-20',15,'Y','2020-02-20 14:09:15'),(469,'JARNAIL SINGH','9416408687',NULL,NULL,NULL,NULL,NULL,NULL,NULL,'187','13','','1',NULL,2,NULL,'2020-02-20',15,'Y','2020-02-20 14:09:15'),(470,'KULDEEP','9896331521',NULL,NULL,NULL,NULL,NULL,NULL,NULL,'180','13','','1',NULL,4,NULL,'2020-02-20',15,'Y','2020-02-20 14:09:15'),(471,'SHIVAM','8803288000',NULL,NULL,NULL,NULL,NULL,NULL,NULL,'1','10','','3',NULL,NULL,NULL,'2020-02-20',12,'Y','2020-02-20 14:09:15'),(472,'AMIT RAI','9565635555',NULL,NULL,NULL,NULL,NULL,NULL,NULL,'573','34','','3',NULL,NULL,NULL,'2020-02-20',13,'Y','2020-02-20 14:09:15'),(473,'SUMER','9494500004',NULL,NULL,NULL,NULL,NULL,NULL,NULL,'5','28','','3',NULL,NULL,NULL,'2020-02-20',17,'Y','2020-02-20 14:09:15'),(474,'NITIN','9811114115',NULL,NULL,NULL,NULL,NULL,NULL,NULL,'1','10','','3',NULL,3,NULL,'2020-02-20',12,'Y','2020-02-20 14:09:15'),(475,'Anshul','9355130007',NULL,NULL,NULL,NULL,NULL,NULL,NULL,'11','28','','8',NULL,NULL,NULL,'2020-02-20',14,'Y','2020-02-20 14:09:15'),(476,'Inderjit Singh Bhallian','9814601137',NULL,NULL,NULL,NULL,NULL,NULL,NULL,'5','28','','13',NULL,2,NULL,'2020-02-20',17,'Y','2020-02-20 14:09:15'),(477,'MR HARBHAJAN SINGH','9653873013',NULL,NULL,NULL,NULL,NULL,NULL,NULL,'5','28','','1',NULL,4,NULL,'2020-02-20',17,'Y','2020-02-20 14:09:15'),(478,'Rakesh','9414445411',NULL,NULL,NULL,NULL,NULL,NULL,NULL,'2','13','','13',NULL,4,NULL,'2020-02-20',12,'Y','2020-02-20 14:09:15'),(479,'SORISH WALIYA','8146270737',NULL,NULL,NULL,NULL,NULL,NULL,NULL,'458','28','','1',NULL,1,NULL,'2020-02-20',15,'Y','2020-02-20 14:09:15'),(480,'GEETIKA','9814144068',NULL,NULL,NULL,NULL,NULL,NULL,NULL,'5','28','','3',NULL,NULL,NULL,'2020-02-20',17,'Y','2020-02-20 14:09:15'),(481,'KAPIL','9896555422',NULL,NULL,NULL,NULL,NULL,NULL,NULL,'186','13','','3',NULL,3,NULL,'2020-02-20',15,'Y','2020-02-20 14:09:15'),(482,'Santro','9814865850',NULL,NULL,NULL,NULL,NULL,NULL,NULL,'5','28','','8',NULL,NULL,NULL,'2020-02-20',17,'Y','2020-02-20 14:09:15'),(483,'satpal','9041512638',NULL,NULL,NULL,NULL,NULL,NULL,NULL,'5','28','','8',NULL,3,NULL,'2020-02-20',17,'Y','2020-02-20 14:09:15'),(484,'kulwinder singh','9780000783',NULL,NULL,NULL,NULL,NULL,NULL,NULL,'17','6','','3',NULL,3,NULL,'2020-02-20',14,'Y','2020-02-20 14:09:15'),(485,'RAJIV GOYAL','9814041034',NULL,NULL,NULL,NULL,NULL,NULL,NULL,'461','28','','3',NULL,4,NULL,'2020-02-20',18,'Y','2020-02-20 14:09:15'),(486,'Gagan singh','9871098097',NULL,NULL,NULL,NULL,NULL,NULL,NULL,'8','10','','8',NULL,2,NULL,'2020-02-20',13,'Y','2020-02-20 14:09:15'),(487,'Kunal','9871144088',NULL,NULL,NULL,NULL,NULL,NULL,NULL,'8','10','','8',NULL,NULL,NULL,'2020-02-20',13,'Y','2020-02-20 14:09:15'),(488,'Manoj Pandey','9540823088',NULL,NULL,NULL,NULL,NULL,NULL,NULL,'8','10','','8',NULL,3,NULL,'2020-02-20',13,'Y','2020-02-20 14:09:15'),(489,'vibhu','9753078533',NULL,NULL,NULL,NULL,NULL,NULL,NULL,'8','10','','8',NULL,1,NULL,'2020-02-20',13,'Y','2020-02-20 14:09:15'),(490,'Guru Nanak Jewellers','9415215878',NULL,NULL,NULL,NULL,NULL,NULL,NULL,'584','34','','8',NULL,NULL,NULL,'2020-02-20',13,'Y','2020-02-20 14:09:15'),(491,'nakul','9896870006',NULL,NULL,NULL,NULL,NULL,NULL,NULL,'23','13','','8',NULL,3,NULL,'2020-02-20',14,'Y','2020-02-20 14:09:15'),(492,'HARI BABU INTURI','9533465555',NULL,NULL,NULL,NULL,NULL,NULL,NULL,'18','35','','8',NULL,4,NULL,'2020-02-20',19,'Y','2020-02-20 14:09:15'),(493,'Bhagat','7627004970',NULL,NULL,NULL,NULL,NULL,NULL,NULL,'3','29','','8',NULL,1,NULL,'2020-02-20',16,'Y','2020-02-20 14:09:15'),(494,'HARIBABU INTURI','9533465555',NULL,NULL,NULL,NULL,NULL,NULL,NULL,'3','29','','8',NULL,4,NULL,'2020-02-20',16,'Y','2020-02-20 14:09:15'),(495,'Vivek','9911830888',NULL,NULL,NULL,NULL,NULL,NULL,NULL,'3','29','','8',NULL,NULL,NULL,'2020-02-20',16,'Y','2020-02-20 14:09:15'),(496,'GAURAV TAYAL','9811896689',NULL,NULL,NULL,NULL,NULL,NULL,NULL,'23','13','','1',NULL,4,NULL,'2020-02-20',15,'Y','2020-02-20 14:09:15'),(497,'ANSHUL YADAV','8586964813',NULL,NULL,NULL,NULL,NULL,NULL,NULL,'1','10','','3',NULL,NULL,NULL,'2020-02-20',12,'Y','2020-02-20 14:09:15'),(498,'Pramod Kumse','9509997695',NULL,NULL,NULL,NULL,NULL,NULL,NULL,'5','28','','13',NULL,3,NULL,'2020-02-20',17,'Y','2020-02-20 14:09:15'),(499,'Mradul Solanki','7895111885',NULL,NULL,NULL,NULL,NULL,NULL,NULL,'5','28','','13',NULL,3,NULL,'2020-02-20',17,'Y','2020-02-20 14:09:15'),(500,'Baban Kumar','8427061771',NULL,NULL,NULL,NULL,NULL,NULL,NULL,'5','28','','13',NULL,2,NULL,'2020-02-20',17,'Y','2020-02-20 14:09:15'),(501,'Ajay Gupta','9812899999',NULL,NULL,NULL,NULL,NULL,NULL,NULL,'2','13','','13',NULL,3,NULL,'2020-02-20',12,'Y','2020-02-20 14:09:15'),(502,'Sorry','7982086365',NULL,NULL,NULL,NULL,NULL,NULL,NULL,'2','13','','13',NULL,4,NULL,'2020-02-20',12,'Y','2020-02-20 14:09:15'),(503,'Muna Nayak','7894756948',NULL,NULL,NULL,NULL,NULL,NULL,NULL,'2','13','','13',NULL,1,NULL,'2020-02-20',12,'Y','2020-02-20 14:09:15'),(504,'Varun Gupta','9871533737',NULL,NULL,NULL,NULL,NULL,NULL,NULL,'2','13','','13',NULL,5,NULL,'2020-02-20',12,'Y','2020-02-20 14:09:15'),(505,'Shekinah Varghese','7999899939',NULL,NULL,NULL,NULL,NULL,NULL,NULL,'2','13','','13',NULL,2,NULL,'2020-02-20',12,'Y','2020-02-20 14:09:15'),(506,'Vishal Maan','9582868318',NULL,NULL,NULL,NULL,NULL,NULL,NULL,'2','13','','13',NULL,5,NULL,'2020-02-20',12,'Y','2020-02-20 14:09:15'),(507,'Anuj Bhardwaj','9654991905',NULL,NULL,NULL,NULL,NULL,NULL,NULL,'2','13','','13',NULL,4,NULL,'2020-02-20',12,'Y','2020-02-20 14:09:15'),(508,'Dr Dutt','9831132263',NULL,NULL,NULL,NULL,NULL,NULL,NULL,'2','13','','13',NULL,1,NULL,'2020-02-20',12,'Y','2020-02-20 14:09:15'),(509,'Marveen','9949528811',NULL,NULL,NULL,NULL,NULL,NULL,NULL,'2','13','','13',NULL,2,NULL,'2020-02-20',12,'Y','2020-02-20 14:09:15'),(510,'Sandeep Khatana','9971462007',NULL,NULL,NULL,NULL,NULL,NULL,NULL,'2','13','','13',NULL,4,NULL,'2020-02-20',12,'Y','2020-02-20 14:09:15'),(511,'Aayush','8527957473',NULL,NULL,NULL,NULL,NULL,NULL,NULL,'3','29','','8',NULL,NULL,NULL,'2020-02-20',16,'Y','2020-02-20 14:09:15'),(512,'Karan','9911006664',NULL,NULL,NULL,NULL,NULL,NULL,NULL,'8','10','','8',NULL,NULL,NULL,'2020-02-20',13,'Y','2020-02-20 14:09:15'),(513,'Karan','9911006664',NULL,NULL,NULL,NULL,NULL,NULL,NULL,'3','29','','8',NULL,NULL,NULL,'2020-02-20',16,'Y','2020-02-20 14:09:15'),(514,'Pratap Arora','9810303131',NULL,NULL,NULL,NULL,NULL,NULL,NULL,'23','13','','8',NULL,NULL,NULL,'2020-02-20',15,'Y','2020-02-20 14:09:15'),(515,'NARESH','9215715100',NULL,NULL,NULL,NULL,NULL,NULL,NULL,'23','13','','12',NULL,1,NULL,'2020-02-20',15,'Y','2020-02-20 14:09:15'),(516,'Srijal kohli','8146622626',NULL,NULL,NULL,NULL,NULL,NULL,NULL,'17','6','','8',NULL,NULL,NULL,'2020-02-20',14,'Y','2020-02-20 14:09:15'),(517,'Omar','9810039786',NULL,NULL,NULL,NULL,NULL,NULL,NULL,'2','13','','13',NULL,4,NULL,'2020-02-20',12,'Y','2020-02-20 14:09:15'),(518,'AYUSH','9996504205',NULL,NULL,NULL,NULL,NULL,NULL,NULL,'195','13','','3',NULL,1,NULL,'2020-02-20',15,'Y','2020-02-20 14:09:15'),(519,'himanshu sehgal','9650630730',NULL,NULL,NULL,NULL,NULL,NULL,NULL,'8','10','','1',NULL,4,NULL,'2020-02-20',12,'Y','2020-02-20 14:09:15'),(520,'MANISH VERMA','9911150055',NULL,NULL,NULL,NULL,NULL,NULL,NULL,'8','10','','1',NULL,3,NULL,'2020-02-20',13,'Y','2020-02-20 14:09:15'),(521,'SANJAY JAIN','9811167770',NULL,NULL,NULL,NULL,NULL,NULL,NULL,'8','10','','1',NULL,3,NULL,'2020-02-20',13,'Y','2020-02-20 14:09:15'),(522,'varun','9999917974',NULL,NULL,NULL,NULL,NULL,NULL,NULL,'8','10','','1',NULL,3,NULL,'2020-02-20',12,'Y','2020-02-20 14:09:15'),(523,'Harbhajan Singh','9653873013',NULL,NULL,NULL,NULL,NULL,NULL,NULL,'5','28','','8',NULL,1,NULL,'2020-02-20',17,'Y','2020-02-20 14:09:15'),(524,'Karamdeep Singh','8699892219',NULL,NULL,NULL,NULL,NULL,NULL,NULL,'5','28','','8',NULL,NULL,NULL,'2020-02-20',17,'Y','2020-02-20 14:09:15'),(525,'Vishal','7009430804',NULL,NULL,NULL,NULL,NULL,NULL,NULL,'5','28','','8',NULL,1,NULL,'2020-02-20',17,'Y','2020-02-20 14:09:15'),(526,'Manjeet Singh','9592400914',NULL,NULL,NULL,NULL,NULL,NULL,NULL,'5','28','','8',NULL,NULL,NULL,'2020-02-20',17,'Y','2020-02-20 14:09:15'),(527,'Rupinder Singh','9761851884',NULL,NULL,NULL,NULL,NULL,NULL,NULL,'5','28','','8',NULL,NULL,NULL,'2020-02-20',17,'Y','2020-02-20 14:09:15'),(528,'Shivani','9211645717',NULL,NULL,NULL,NULL,NULL,NULL,NULL,'8','10','','8',NULL,NULL,NULL,'2020-02-20',13,'Y','2020-02-20 14:09:15'),(529,'Shreyash Pa','9370499215',NULL,NULL,NULL,NULL,NULL,NULL,NULL,'8','10','','8',NULL,NULL,NULL,'2020-02-20',13,'Y','2020-02-20 14:09:15'),(530,'Latsahab Raj','7033214757',NULL,NULL,NULL,NULL,NULL,NULL,NULL,'8','10','','8',NULL,NULL,NULL,'2020-02-20',13,'Y','2020-02-20 14:09:15'),(531,'Amit','9696800315',NULL,NULL,NULL,NULL,NULL,NULL,NULL,'584','34','','8',NULL,1,NULL,'2020-02-20',13,'Y','2020-02-20 14:09:15'),(532,'Gurmukh Singh','9915371386',NULL,NULL,NULL,NULL,NULL,NULL,NULL,'17','6','','8',NULL,NULL,NULL,'2020-02-20',14,'Y','2020-02-20 14:09:15'),(533,'Abhey','9580900005',NULL,NULL,NULL,NULL,NULL,NULL,NULL,'17','6','','8',NULL,4,NULL,'2020-02-20',14,'Y','2020-02-20 14:09:15'),(534,'Vishu','9876120829',NULL,NULL,NULL,NULL,NULL,NULL,NULL,'17','6','','8',NULL,4,NULL,'2020-02-20',14,'Y','2020-02-20 14:09:15'),(535,'devraj sayat','8112169169',NULL,NULL,NULL,NULL,NULL,NULL,NULL,'423','26','','8',NULL,3,NULL,'2020-02-20',14,'Y','2020-02-20 14:09:15'),(536,'Gaurav','8979034444',NULL,NULL,NULL,NULL,NULL,NULL,NULL,'18','35','','8',NULL,NULL,NULL,'2020-02-20',19,'Y','2020-02-20 14:09:15'),(537,'Gaurav','8447100000',NULL,NULL,NULL,NULL,NULL,NULL,NULL,'3','29','','8',NULL,NULL,NULL,'2020-02-20',16,'Y','2020-02-20 14:09:15'),(538,'Sunder Yadav','9811367985',NULL,NULL,NULL,NULL,NULL,NULL,NULL,'3','29','','8',NULL,NULL,NULL,'2020-02-20',16,'Y','2020-02-20 14:09:15'),(539,'Aman','9999936669',NULL,NULL,NULL,NULL,NULL,NULL,NULL,'3','29','','8',NULL,NULL,NULL,'2020-02-20',16,'Y','2020-02-20 14:09:15'),(540,'Sachin Dhir','9872772277',NULL,NULL,NULL,NULL,NULL,NULL,NULL,'5','28','','13',NULL,5,NULL,'2020-02-20',17,'Y','2020-02-20 14:09:15'),(541,'Sandeep Singh Lahoria','8759001984',NULL,NULL,NULL,NULL,NULL,NULL,NULL,'5','28','','13',NULL,1,NULL,'2020-02-20',17,'Y','2020-02-20 14:09:15'),(542,'Dipinder','6239789670',NULL,NULL,NULL,NULL,NULL,NULL,NULL,'5','28','','13',NULL,2,NULL,'2020-02-20',17,'Y','2020-02-20 14:09:15'),(543,'Raj Kumar','9781808787',NULL,NULL,NULL,NULL,NULL,NULL,NULL,'5','28','','13',NULL,4,NULL,'2020-02-20',17,'Y','2020-02-20 14:09:15'),(544,'Rajesh Garg','9501377799',NULL,NULL,NULL,NULL,NULL,NULL,NULL,'5','28','','13',NULL,2,NULL,'2020-02-20',17,'Y','2020-02-20 14:09:15'),(545,'Yogesh','9555510047',NULL,NULL,NULL,NULL,NULL,NULL,NULL,'2','13','','13',NULL,1,NULL,'2020-02-20',12,'Y','2020-02-20 14:09:15'),(546,'D Singh','9419222122',NULL,NULL,NULL,NULL,NULL,NULL,NULL,'2','13','','13',NULL,4,NULL,'2020-02-20',12,'Y','2020-02-20 14:09:15'),(547,'Balwinder','9814025998',NULL,NULL,NULL,NULL,NULL,NULL,NULL,'2','13','','13',NULL,4,NULL,'2020-02-20',12,'Y','2020-02-20 14:09:15'),(548,'Niraj Agrawal','9598050251',NULL,NULL,NULL,NULL,NULL,NULL,NULL,'2','13','','13',NULL,5,NULL,'2020-02-20',12,'Y','2020-02-20 14:09:15'),(549,'Mohd Nabeel','9458510686',NULL,NULL,NULL,NULL,NULL,NULL,NULL,'2','13','','13',NULL,2,NULL,'2020-02-20',12,'Y','2020-02-20 14:09:15'),(550,'Syed Muhammad Taqee','9703115786',NULL,NULL,NULL,NULL,NULL,NULL,NULL,'2','13','','13',NULL,4,NULL,'2020-02-20',12,'Y','2020-02-20 14:09:15'),(551,'Narender singh','9978874100',NULL,NULL,NULL,NULL,NULL,NULL,NULL,'170','12','','6',NULL,NULL,NULL,'2020-02-20',12,'Y','2020-02-20 14:09:15'),(552,'ANUJ','8199997172',NULL,NULL,NULL,NULL,NULL,NULL,NULL,'23','13','','3',NULL,NULL,NULL,'2020-02-20',0,'Y','2020-02-20 14:09:15'),(553,'SANJEEV','9810122176',NULL,NULL,NULL,NULL,NULL,NULL,NULL,'1','10','','3',NULL,NULL,NULL,'2020-02-20',12,'Y','2020-02-20 14:09:15'),(554,'manu sharma','9670455557',NULL,NULL,NULL,NULL,NULL,NULL,NULL,'584','34','','8',NULL,5,NULL,'2020-02-20',13,'Y','2020-02-20 14:09:15'),(555,'Daman','8900000009',NULL,NULL,NULL,NULL,NULL,NULL,NULL,'5','28','','13',NULL,4,NULL,'2020-02-20',17,'Y','2020-02-20 14:09:15'),(556,'Gurmeet Singh','9592326176',NULL,NULL,NULL,NULL,NULL,NULL,NULL,'2','13','','13',NULL,5,NULL,'2020-02-20',12,'Y','2020-02-20 14:09:15'),(557,'Mani Chawla','9971560560',NULL,NULL,NULL,NULL,NULL,NULL,NULL,'2','13','','13',NULL,4,NULL,'2020-02-20',12,'Y','2020-02-20 14:09:15'),(558,'Balraj Dhatt','9876800098',NULL,NULL,NULL,NULL,NULL,NULL,NULL,'5','28','','13',NULL,2,NULL,'2020-02-20',17,'Y','2020-02-20 14:09:15'),(559,'Pushkar Gupta','9215801300',NULL,NULL,NULL,NULL,NULL,NULL,NULL,'192','13','','1',NULL,4,NULL,'2020-02-20',15,'Y','2020-02-20 14:09:15'),(560,'Sahil','9876991111',NULL,NULL,NULL,NULL,NULL,NULL,NULL,'17','6','','8',NULL,NULL,NULL,'2020-02-20',14,'Y','2020-02-20 14:09:15'),(561,'Abhishek','9999930756',NULL,NULL,NULL,NULL,NULL,NULL,NULL,'3','29','','8',NULL,NULL,NULL,'2020-02-20',16,'Y','2020-02-20 14:09:15'),(562,'Mr. Munish','9466694555',NULL,NULL,NULL,NULL,NULL,NULL,NULL,'652','28','','1',NULL,1,NULL,'2020-02-20',14,'Y','2020-02-20 14:09:15'),(563,'GUNDEEP','8092707000',NULL,NULL,NULL,NULL,NULL,NULL,NULL,'180','13','','1',NULL,1,NULL,'2020-02-20',14,'Y','2020-02-20 14:09:15'),(564,'IDERPAL','9815731380',NULL,NULL,NULL,NULL,NULL,NULL,NULL,'11','28','','3',NULL,1,NULL,'2020-02-20',15,'Y','2020-02-20 14:09:15'),(565,'Raghvendra','6306726250',NULL,NULL,NULL,NULL,NULL,NULL,NULL,'584','34','','8',NULL,NULL,NULL,'2020-02-20',13,'Y','2020-02-20 14:09:15'),(566,'mudit','9792205000',NULL,NULL,NULL,NULL,NULL,NULL,NULL,'584','34','','8',NULL,1,NULL,'2020-02-20',13,'Y','2020-02-20 14:09:15'),(567,'Ss yadav','9050775099',NULL,NULL,NULL,NULL,NULL,NULL,NULL,'5','28','','8',NULL,2,NULL,'2020-02-20',17,'Y','2020-02-20 14:09:15'),(568,'Harpreet Singh','8383820656',NULL,NULL,NULL,NULL,NULL,NULL,NULL,'8','10','','8',NULL,3,NULL,'2020-02-20',13,'Y','2020-02-20 14:09:15'),(569,'Sahara Enterprises','9691029383',NULL,NULL,NULL,NULL,NULL,NULL,NULL,'8','10','','8',NULL,NULL,NULL,'2020-02-20',13,'Y','2020-02-20 14:09:15'),(570,'Sidhant','9711010678',NULL,NULL,NULL,NULL,NULL,NULL,NULL,'8','10','','8',NULL,3,NULL,'2020-02-20',13,'Y','2020-02-20 14:09:15'),(571,'Gaurav','8447100000',NULL,NULL,NULL,NULL,NULL,NULL,NULL,'8','10','','8',NULL,NULL,NULL,'2020-02-20',13,'Y','2020-02-20 14:09:15'),(572,'Jaivir Singh','9210558000',NULL,NULL,NULL,NULL,NULL,NULL,NULL,'17','6','','8',NULL,NULL,NULL,'2020-02-20',14,'Y','2020-02-20 14:09:15'),(573,'Alpesh','9925044477',NULL,NULL,NULL,NULL,NULL,NULL,NULL,'176','12','','8',NULL,5,NULL,'2020-02-20',14,'Y','2020-02-20 14:09:15'),(574,'Muhammad Shajeer','9947441777',NULL,NULL,NULL,NULL,NULL,NULL,NULL,'3','29','','8',NULL,NULL,NULL,'2020-02-20',16,'Y','2020-02-20 14:09:15'),(575,'Iqbal','9814206162',NULL,NULL,NULL,NULL,NULL,NULL,NULL,'5','28','','13',NULL,2,NULL,'2020-02-20',17,'Y','2020-02-20 14:09:15'),(576,'MANISH','7082714994',NULL,NULL,NULL,NULL,NULL,NULL,NULL,'187','13','','3',NULL,1,NULL,'2020-02-20',15,'Y','2020-02-20 14:09:15'),(577,'Dr Rajoo Singh Chhina','9815545318',NULL,NULL,NULL,NULL,NULL,NULL,NULL,'5','28','','13',NULL,4,NULL,'2020-02-20',17,'Y','2020-02-20 14:09:15'),(578,'Deep Deep','9888300106',NULL,NULL,NULL,NULL,NULL,NULL,NULL,'5','28','','13',NULL,3,NULL,'2020-02-20',17,'Y','2020-02-20 14:09:15'),(579,'Kirpal Singh','9816010823',NULL,NULL,NULL,NULL,NULL,NULL,NULL,'5','28','','13',NULL,1,NULL,'2020-02-20',17,'Y','2020-02-20 14:09:15'),(580,'Krishnamjethava','9638881900',NULL,NULL,NULL,NULL,NULL,NULL,NULL,'2','13','','13',NULL,2,NULL,'2020-02-20',12,'Y','2020-02-20 14:09:15'),(581,'Kapil','9896555422',NULL,NULL,NULL,NULL,NULL,NULL,NULL,'2','13','','13',NULL,2,NULL,'2020-02-20',12,'Y','2020-02-20 14:09:15'),(582,'Shailendra Kumar','6204800383',NULL,NULL,NULL,NULL,NULL,NULL,NULL,'2','13','','13',NULL,4,NULL,'2020-02-20',12,'Y','2020-02-20 14:09:15'),(583,'Aryan','9529952927',NULL,NULL,NULL,NULL,NULL,NULL,NULL,'2','13','','13',NULL,2,NULL,'2020-02-20',12,'Y','2020-02-20 14:09:15'),(584,'Ashmit Kothari','9929060326',NULL,NULL,NULL,NULL,NULL,NULL,NULL,'3','29','','1',NULL,2,NULL,'2020-02-20',16,'Y','2020-02-20 14:09:15'),(585,'Harish Agarwal','9929108785',NULL,NULL,NULL,NULL,NULL,NULL,NULL,'3','29','','1',NULL,2,NULL,'2020-02-20',16,'Y','2020-02-20 14:09:15'),(586,'TAJINDER MAILK','9467519444',NULL,NULL,NULL,NULL,NULL,NULL,NULL,'16','13','','3',NULL,3,NULL,'2020-02-20',15,'Y','2020-02-20 14:09:15'),(587,'SHINE','7986871806',NULL,NULL,NULL,NULL,NULL,NULL,NULL,'191','13','','3',NULL,2,NULL,'2020-02-20',15,'Y','2020-02-20 14:09:15'),(588,'Rajesh','9815571706',NULL,NULL,NULL,NULL,NULL,NULL,NULL,'5','28','','8',NULL,NULL,NULL,'2020-02-20',17,'Y','2020-02-20 14:09:15'),(589,'Rajesh','9815571706',NULL,NULL,NULL,NULL,NULL,NULL,NULL,'17','6','','8',NULL,NULL,NULL,'2020-02-20',14,'Y','2020-02-20 14:09:15'),(590,'Jasbir','9837051483',NULL,NULL,NULL,NULL,NULL,NULL,NULL,'2','13','','13',NULL,4,NULL,'2020-02-20',12,'Y','2020-02-20 14:09:15'),(591,'jitendra','9454600249',NULL,NULL,NULL,NULL,NULL,NULL,NULL,'584','34','','8',NULL,1,NULL,'2020-02-20',13,'Y','2020-02-20 14:09:15'),(592,'Bikramjit Singh','9888898006',NULL,NULL,NULL,NULL,NULL,NULL,NULL,'446','28','','8',NULL,NULL,NULL,'2020-02-20',14,'Y','2020-02-20 14:09:15'),(593,'Singh','8264941986',NULL,NULL,NULL,NULL,NULL,NULL,NULL,'17','6','','8',NULL,NULL,NULL,'2020-02-20',14,'Y','2020-02-20 14:09:15'),(594,'HARSHAD','9983430370',NULL,NULL,NULL,NULL,NULL,NULL,NULL,'1','10','','3',NULL,NULL,NULL,'2020-02-20',13,'Y','2020-02-20 14:09:15'),(595,'RAHUL GOYAL','9899920230',NULL,NULL,NULL,NULL,NULL,NULL,NULL,'2','13','','3',NULL,4,NULL,'2020-02-20',15,'Y','2020-02-20 14:09:15'),(596,'DR.BUKRAT','8881232323',NULL,NULL,NULL,NULL,NULL,NULL,NULL,'439','26','','1',NULL,5,NULL,'2020-02-20',15,'Y','2020-02-20 14:09:15'),(597,'ANIL KALIA','8800296774',NULL,NULL,NULL,NULL,NULL,NULL,NULL,'8','10','','3',NULL,3,NULL,'2020-02-20',13,'Y','2020-02-20 14:09:15'),(598,'NAVDEEP','9988912375',NULL,NULL,NULL,NULL,NULL,NULL,NULL,'192','13','','3',NULL,NULL,NULL,'2020-02-20',0,'Y','2020-02-20 14:09:15'),(599,'ABHISHEK NANDA','8126290911',NULL,NULL,NULL,NULL,NULL,NULL,NULL,'18','35','','3',NULL,NULL,NULL,'2020-02-20',0,'Y','2020-02-20 14:09:15'),(600,'Vineet Jain','9888746808',NULL,NULL,NULL,NULL,NULL,NULL,NULL,'5','28','','8',NULL,NULL,NULL,'2020-02-20',17,'Y','2020-02-20 14:09:15'),(601,'Singh','9878719727',NULL,NULL,NULL,NULL,NULL,NULL,NULL,'5','28','','8',NULL,4,NULL,'2020-02-20',17,'Y','2020-02-20 14:09:15'),(602,'Gurpreet','9569045045',NULL,NULL,NULL,NULL,NULL,NULL,NULL,'5','28','','8',NULL,NULL,NULL,'2020-02-20',17,'Y','2020-02-20 14:09:15'),(603,'Apoorv Sharma','7582004800',NULL,NULL,NULL,NULL,NULL,NULL,NULL,'2','13','','8',NULL,NULL,NULL,'2020-02-20',12,'Y','2020-02-20 14:09:15'),(604,'RAJAT SHARMA','9758314121',NULL,NULL,NULL,NULL,NULL,NULL,NULL,'539','34','','3',NULL,NULL,NULL,'2020-02-20',0,'Y','2020-02-20 14:09:15'),(605,'Shaheena','9871665302',NULL,NULL,NULL,NULL,NULL,NULL,NULL,'2','13','','8',NULL,4,NULL,'2020-02-20',12,'Y','2020-02-20 14:09:15'),(606,'Sahil','9419188211',NULL,NULL,NULL,NULL,NULL,NULL,NULL,'8','10','','8',NULL,3,NULL,'2020-02-20',13,'Y','2020-02-20 14:09:15'),(607,'Pankaj','9891505980',NULL,NULL,NULL,NULL,NULL,NULL,NULL,'8','10','','8',NULL,NULL,NULL,'2020-02-20',13,'Y','2020-02-20 14:09:15'),(608,'Hasibur Rahman','9810828777',NULL,NULL,NULL,NULL,NULL,NULL,NULL,'8','10','','8',NULL,NULL,NULL,'2020-02-20',13,'Y','2020-02-20 14:09:15'),(609,'Nihal','9463456118',NULL,NULL,NULL,NULL,NULL,NULL,NULL,'203','14','','8',NULL,2,NULL,'2020-02-20',14,'Y','2020-02-20 14:09:15'),(610,'Gurtegh','9906603000',NULL,NULL,NULL,NULL,NULL,NULL,NULL,'8','10','','8',NULL,NULL,NULL,'2020-02-20',14,'Y','2020-02-20 14:09:15'),(611,'Aman','9729329027',NULL,NULL,NULL,NULL,NULL,NULL,NULL,'23','13','','8',NULL,2,NULL,'2020-02-20',15,'Y','2020-02-20 14:09:15'),(612,'Rohit','7837890378',NULL,NULL,NULL,NULL,NULL,NULL,NULL,'5','28','','13',NULL,3,NULL,'2020-02-20',17,'Y','2020-02-20 14:09:15'),(613,'Dk','7814438944',NULL,NULL,NULL,NULL,NULL,NULL,NULL,'5','28','','13',NULL,3,NULL,'2020-02-20',17,'Y','2020-02-20 14:09:15'),(614,'S Kumar','9932080677',NULL,NULL,NULL,NULL,NULL,NULL,NULL,'2','13','','13',NULL,NULL,NULL,'2020-02-20',12,'Y','2020-02-20 14:09:15'),(615,'Akarsh Kaura','9914024231',NULL,NULL,NULL,NULL,NULL,NULL,NULL,'2','13','','13',NULL,4,NULL,'2020-02-20',12,'Y','2020-02-20 14:09:15'),(616,'Anil Khandelwal','9928725907',NULL,NULL,NULL,NULL,NULL,NULL,NULL,'2','13','','13',NULL,2,NULL,'2020-02-20',12,'Y','2020-02-20 14:09:15'),(617,'PARVEEN JINDAL','9812320032',NULL,NULL,NULL,NULL,NULL,NULL,NULL,'186','13','','3',NULL,2,NULL,'2020-02-20',15,'Y','2020-02-20 14:09:15'),(618,'Sandeep Sharma','9906225542',NULL,NULL,NULL,NULL,NULL,NULL,NULL,'8','10','','8',NULL,NULL,NULL,'2020-02-20',13,'Y','2020-02-20 14:09:15'),(619,'ANIL','9729913447',NULL,NULL,NULL,NULL,NULL,NULL,NULL,'2','13','','3',NULL,1,NULL,'2020-02-20',15,'Y','2020-02-20 14:09:15'),(620,'YASHAB','8882094500',NULL,NULL,NULL,NULL,NULL,NULL,NULL,'2','13','','3',NULL,3,NULL,'2020-02-20',15,'Y','2020-02-20 14:09:15'),(621,'TONI','9466709399',NULL,NULL,NULL,NULL,NULL,NULL,NULL,'187','13','','1',NULL,1,NULL,'2020-02-20',15,'Y','2020-02-20 14:09:15'),(622,'MANJEET','9255388033',NULL,NULL,NULL,NULL,NULL,NULL,NULL,'23','13','','1',NULL,3,NULL,'2020-02-20',15,'Y','2020-02-20 14:09:15'),(623,'TIGOR SIDHU','6284254378',NULL,NULL,NULL,NULL,NULL,NULL,NULL,'17','6','','3',NULL,NULL,NULL,'2020-02-20',14,'Y','2020-02-20 14:09:15'),(624,'Unknown Buyer','9649444429',NULL,NULL,NULL,NULL,NULL,NULL,NULL,'487','29','','3',NULL,NULL,NULL,'2020-02-20',16,'Y','2020-02-20 14:09:15'),(625,'Gurpreet','7062300001',NULL,NULL,NULL,NULL,NULL,NULL,NULL,'5','28','','8',NULL,NULL,NULL,'2020-02-20',17,'Y','2020-02-20 14:09:15'),(626,'Sandeep','9671607222',NULL,NULL,NULL,NULL,NULL,NULL,NULL,'5','28','','3',NULL,NULL,NULL,'2020-02-20',0,'Y','2020-02-20 14:09:15'),(627,'Carcentral','8053677053',NULL,NULL,NULL,NULL,NULL,NULL,NULL,'2','13','','8',NULL,NULL,NULL,'2020-02-20',12,'Y','2020-02-20 14:09:15'),(628,'Raj','7827554435',NULL,NULL,NULL,NULL,NULL,NULL,NULL,'8','10','','8',NULL,NULL,NULL,'2020-02-20',13,'Y','2020-02-20 14:09:15'),(629,'Zahid Ali','9990566267',NULL,NULL,NULL,NULL,NULL,NULL,NULL,'8','10','','8',NULL,NULL,NULL,'2020-02-20',13,'Y','2020-02-20 14:09:15'),(630,'Raj kunwar singh','8146165555',NULL,NULL,NULL,NULL,NULL,NULL,NULL,'8','10','','8',NULL,2,NULL,'2020-02-20',13,'Y','2020-02-20 14:09:15'),(631,'Yashab','8882094500',NULL,NULL,NULL,NULL,NULL,NULL,NULL,'8','10','','8',NULL,3,NULL,'2020-02-20',13,'Y','2020-02-20 14:09:15'),(632,'SACHIN','9053188003',NULL,NULL,NULL,NULL,NULL,NULL,NULL,'23','13','','3',NULL,NULL,NULL,'2020-02-20',15,'Y','2020-02-20 14:09:15'),(633,'Sheetal Prasad','9554831772',NULL,NULL,NULL,NULL,NULL,NULL,NULL,'584','34','','8',NULL,3,NULL,'2020-02-20',13,'Y','2020-02-20 14:09:15'),(634,'Prittam Chand','9816119178',NULL,NULL,NULL,NULL,NULL,NULL,NULL,'17','6','','8',NULL,NULL,NULL,'2020-02-20',14,'Y','2020-02-20 14:09:15'),(635,'Dr Harish k kamboj','8264399804',NULL,NULL,NULL,NULL,NULL,NULL,NULL,'17','6','','8',NULL,3,NULL,'2020-02-20',14,'Y','2020-02-20 14:09:15'),(636,'Gurpreet','7062300001',NULL,NULL,NULL,NULL,NULL,NULL,NULL,'17','6','','8',NULL,NULL,NULL,'2020-02-20',14,'Y','2020-02-20 14:09:15'),(637,'Vikas Dahiya','9810162638',NULL,NULL,NULL,NULL,NULL,NULL,NULL,'2','13','','13',NULL,4,NULL,'2020-02-20',12,'Y','2020-02-20 14:09:15'),(638,'Shekhar Yadav','9729719004',NULL,NULL,NULL,NULL,NULL,NULL,NULL,'2','13','','13',NULL,NULL,NULL,'2020-02-20',12,'Y','2020-02-20 14:09:15'),(639,'Arun Kumar Pandey','9554866518',NULL,NULL,NULL,NULL,NULL,NULL,NULL,'2','13','','13',NULL,3,NULL,'2020-02-20',12,'Y','2020-02-20 14:09:15'),(640,'Yash   7981834404','7981834404',NULL,NULL,NULL,NULL,NULL,NULL,NULL,'2','13','','13',NULL,2,NULL,'2020-02-20',12,'Y','2020-02-20 14:09:15'),(641,'Yash','7981834404',NULL,NULL,NULL,NULL,NULL,NULL,NULL,'2','13','','13',NULL,2,NULL,'2020-02-20',12,'Y','2020-02-20 14:09:15'),(642,'Mandy Csc','8950714767',NULL,NULL,NULL,NULL,NULL,NULL,NULL,'2','13','','13',NULL,3,NULL,'2020-02-20',12,'Y','2020-02-20 14:09:15'),(643,'Babula','9090601883',NULL,NULL,NULL,NULL,NULL,NULL,NULL,'2','13','','13',NULL,1,NULL,'2020-02-20',12,'Y','2020-02-20 14:09:15'),(644,'Akshay Garg','9627019019',NULL,NULL,NULL,NULL,NULL,NULL,NULL,'2','13','','13',NULL,2,NULL,'2020-02-20',12,'Y','2020-02-20 14:09:15'),(645,'Aarav Bhardwaj','9654995599',NULL,NULL,NULL,NULL,NULL,NULL,NULL,'2','13','','13',NULL,4,NULL,'2020-02-20',12,'Y','2020-02-20 14:09:15'),(646,'Pawan','9991003857',NULL,NULL,NULL,NULL,NULL,NULL,NULL,'190','13','','3',NULL,1,NULL,'2020-02-20',15,'Y','2020-02-20 14:09:15'),(647,'Ayush Singh','8130746830',NULL,NULL,NULL,NULL,NULL,NULL,NULL,'2','13','','13',NULL,4,NULL,'2020-02-20',12,'Y','2020-02-20 14:09:15'),(648,'Harman','9915040008',NULL,NULL,NULL,NULL,NULL,NULL,NULL,'2','13','','13',NULL,5,NULL,'2020-02-20',12,'Y','2020-02-20 14:09:15'),(649,'Nammu','7406824394',NULL,NULL,NULL,NULL,NULL,NULL,NULL,'8','10','','8',NULL,NULL,NULL,'2020-02-20',13,'Y','2020-02-20 14:09:15'),(650,'MR JASMEET','8284800250',NULL,NULL,NULL,NULL,NULL,NULL,NULL,'18','35','','3',NULL,NULL,NULL,'2020-02-20',19,'Y','2020-02-20 14:09:15'),(651,'Rajat','6239899564',NULL,NULL,NULL,NULL,NULL,NULL,NULL,'5','28','','13',NULL,2,NULL,'2020-02-20',17,'Y','2020-02-20 14:09:15'),(652,'Rajeev','8968060204',NULL,NULL,NULL,NULL,NULL,NULL,NULL,'5','28','','13',NULL,1,NULL,'2020-02-20',17,'Y','2020-02-20 14:09:15'),(653,'Jj Singh','9876062397',NULL,NULL,NULL,NULL,NULL,NULL,NULL,'5','28','','13',NULL,4,NULL,'2020-02-20',17,'Y','2020-02-20 14:09:15'),(654,'Sanjay','9990009639',NULL,NULL,NULL,NULL,NULL,NULL,NULL,'2','13','','13',NULL,4,NULL,'2020-02-20',12,'Y','2020-02-20 14:09:15'),(655,'Shekhar Yadav','9729719004',NULL,NULL,NULL,NULL,NULL,NULL,NULL,'2','13','','13',NULL,3,NULL,'2020-02-20',12,'Y','2020-02-20 14:09:15'),(656,'Amit','9193234567',NULL,NULL,NULL,NULL,NULL,NULL,NULL,'2','13','','13',NULL,5,NULL,'2020-02-20',12,'Y','2020-02-20 14:09:15'),(657,'Ashish Jain','9974028892',NULL,NULL,NULL,NULL,NULL,NULL,NULL,'2','13','','13',NULL,2,NULL,'2020-02-20',12,'Y','2020-02-20 14:09:15'),(658,'gautam','9729753101',NULL,NULL,NULL,NULL,NULL,NULL,NULL,'180','13','','3',NULL,1,NULL,'2020-02-20',14,'Y','2020-02-20 14:09:15'),(659,'mr. nitesh','9988582525',NULL,NULL,NULL,NULL,NULL,NULL,NULL,'191','13','','1',NULL,1,NULL,'2020-02-20',14,'Y','2020-02-20 14:09:15'),(660,'Aniket Sahu(SAM)','7752029755',NULL,NULL,NULL,NULL,NULL,NULL,NULL,'644','26','','8',NULL,NULL,NULL,'2020-02-20',13,'Y','2020-02-20 14:09:15'),(661,'ffg','9015358983',NULL,NULL,NULL,NULL,NULL,NULL,NULL,'8','10','','8',NULL,1,NULL,'2020-02-20',13,'Y','2020-02-20 14:09:15'),(662,'Kawaljeet Singh','8127070007',NULL,NULL,NULL,NULL,NULL,NULL,NULL,'3','29','','8',NULL,NULL,NULL,'2020-02-20',16,'Y','2020-02-20 14:09:15'),(663,'Rahul Saini','9810992765',NULL,NULL,NULL,NULL,NULL,NULL,NULL,'3','29','','8',NULL,NULL,NULL,'2020-02-20',16,'Y','2020-02-20 14:09:15'),(664,'Kawaljeet Singh','8127070007',NULL,NULL,NULL,NULL,NULL,NULL,NULL,'3','29','','8',NULL,NULL,NULL,'2020-02-20',16,'Y','2020-02-20 14:09:15'),(665,'Kawaljeet Singh','8127070007',NULL,NULL,NULL,NULL,NULL,NULL,NULL,'3','29','','8',NULL,NULL,NULL,'2020-02-20',16,'Y','2020-02-20 14:09:15'),(666,'Rahul Saini','9810992765',NULL,NULL,NULL,NULL,NULL,NULL,NULL,'3','29','','8',NULL,NULL,NULL,'2020-02-20',16,'Y','2020-02-20 14:09:15'),(667,'harshaneel gogoi','7896744718',NULL,NULL,NULL,NULL,NULL,NULL,NULL,'3','29','','8',NULL,NULL,NULL,'2020-02-20',16,'Y','2020-02-20 14:09:15'),(668,'AJAY AGGARWAL','9415206340',NULL,NULL,NULL,NULL,NULL,NULL,NULL,'584','34','','1',NULL,2,NULL,'2020-02-20',15,'Y','2020-02-20 14:09:15'),(669,'SANJAY','9873670609',NULL,NULL,NULL,NULL,NULL,NULL,NULL,'2','13','','8',NULL,NULL,NULL,'2020-02-20',20,'Y','2020-02-20 14:09:15'),(670,'Deepak Batra','9814875577',NULL,NULL,NULL,NULL,NULL,NULL,NULL,'446','28','','6',NULL,NULL,NULL,'2020-02-20',14,'Y','2020-02-20 14:09:15'),(671,'MR HARJAP','8968598777',NULL,NULL,NULL,NULL,NULL,NULL,NULL,'5','28','','3',NULL,4,NULL,'2020-02-20',17,'Y','2020-02-20 14:09:15'),(672,'GURKIRAT SINGH','7876998847',NULL,NULL,NULL,NULL,NULL,NULL,NULL,'180','13','','1',NULL,4,NULL,'2020-02-20',14,'Y','2020-02-20 14:09:15'),(673,'MANAV','9729400045',NULL,NULL,NULL,NULL,NULL,NULL,NULL,'185','13','','8',NULL,2,NULL,'2020-02-20',15,'Y','2020-02-20 14:09:15'),(674,'VIKAS','8975181755',NULL,NULL,NULL,NULL,NULL,NULL,NULL,'23','13','','8',NULL,2,NULL,'2020-02-20',15,'Y','2020-02-20 14:09:15'),(675,'PRANESH','9810007006',NULL,NULL,NULL,NULL,NULL,NULL,NULL,'1','10','','8',NULL,NULL,NULL,'2020-02-20',13,'Y','2020-02-20 14:09:15'),(676,'DEEPAK MEENA','9660128357',NULL,NULL,NULL,NULL,NULL,NULL,NULL,'1','10','','8',NULL,NULL,NULL,'2020-02-20',13,'Y','2020-02-20 14:09:15'),(677,'RITURAJ SINGH','9811504933',NULL,NULL,NULL,NULL,NULL,NULL,NULL,'1','10','','8',NULL,NULL,NULL,'2020-02-20',13,'Y','2020-02-20 14:09:15'),(678,'CHANDER SHEKHAR','9928820053',NULL,NULL,NULL,NULL,NULL,NULL,NULL,'2','13','','8',NULL,NULL,NULL,'2020-02-20',20,'Y','2020-02-20 14:09:15'),(679,'KARAMVEER','7307307666',NULL,NULL,NULL,NULL,NULL,NULL,NULL,'2','13','','13',NULL,7,NULL,'2020-02-20',12,'Y','2020-02-20 14:09:15'),(680,'MEHUL','8000003061',NULL,NULL,NULL,NULL,NULL,NULL,NULL,'2','13','','13',NULL,NULL,NULL,'2020-02-20',12,'Y','2020-02-20 14:09:15'),(681,'HEMISH NAGPAL','9354046761',NULL,NULL,NULL,NULL,NULL,NULL,NULL,'2','13','','13',NULL,NULL,NULL,'2020-02-20',12,'Y','2020-02-20 14:09:15'),(682,'KHUSAGRA NAGPAL','9811821985',NULL,NULL,NULL,NULL,NULL,NULL,NULL,'2','13','','13',NULL,NULL,NULL,'2020-02-20',12,'Y','2020-02-20 14:09:15'),(683,'ASHLEY','9872506088',NULL,NULL,NULL,NULL,NULL,NULL,NULL,'2','13','','8',NULL,NULL,NULL,'2020-02-20',20,'Y','2020-02-20 14:09:15'),(684,'KHANNA','9811012312',NULL,NULL,NULL,NULL,NULL,NULL,NULL,'2','13','','8',NULL,NULL,NULL,'2020-02-20',12,'Y','2020-02-20 14:09:15'),(685,'MANJEET SINGH','9779596312',NULL,NULL,NULL,NULL,NULL,NULL,NULL,'5','28','','13',NULL,NULL,NULL,'2020-02-20',17,'Y','2020-02-20 14:09:15'),(686,'ROHAN SHAH','9687002225',NULL,NULL,NULL,NULL,NULL,NULL,NULL,'2','13','','8',NULL,NULL,NULL,'2020-02-20',20,'Y','2020-02-20 14:09:15'),(687,'ADITYA','9817814301',NULL,NULL,NULL,NULL,NULL,NULL,NULL,'2','13','','13',NULL,NULL,NULL,'2020-02-20',20,'Y','2020-02-20 14:09:15'),(688,'HASIBUR REHMAN','9810828777',NULL,NULL,NULL,NULL,NULL,NULL,NULL,'2','13','','13',NULL,NULL,NULL,'2020-02-20',20,'Y','2020-02-20 14:09:15'),(689,'SURESH PRAJAPAT','9414657614',NULL,NULL,NULL,NULL,NULL,NULL,NULL,'2','13','','13',NULL,NULL,NULL,'2020-02-20',20,'Y','2020-02-20 14:09:15'),(690,'VARUN','9915555070',NULL,NULL,NULL,NULL,NULL,NULL,NULL,'17','6','','8',NULL,NULL,NULL,'2020-02-20',14,'Y','2020-02-20 14:09:15'),(691,'BALJEET SINGH','9814033812',NULL,NULL,NULL,NULL,NULL,NULL,NULL,'5','28','','6',NULL,NULL,NULL,'2020-02-20',17,'Y','2020-02-20 14:09:15'),(692,'Ankit gupta','9650078882',NULL,NULL,NULL,NULL,NULL,NULL,NULL,'1','10','','6',NULL,4,NULL,'2020-02-20',12,'Y','2020-02-20 14:09:15'),(693,'PRITAM MULAKANI','9829052303',NULL,NULL,NULL,NULL,NULL,NULL,NULL,'3','29','','8',NULL,NULL,NULL,'2020-02-20',16,'Y','2020-02-20 14:09:15'),(694,'pammi','9215180767',NULL,NULL,NULL,NULL,NULL,NULL,NULL,'81','4','','3',NULL,1,NULL,'2020-02-20',18,'Y','2020-02-20 14:09:15'),(695,'Mr. Taranpreet singh','7876200002',NULL,NULL,NULL,NULL,NULL,NULL,NULL,'652','28','','1',NULL,1,NULL,'2020-02-20',14,'Y','2020-02-20 14:09:15'),(696,'GOBIND','9876711597',NULL,NULL,NULL,NULL,NULL,NULL,NULL,'17','6','','1',NULL,3,NULL,'2020-02-20',15,'Y','2020-02-20 14:09:15'),(697,'Sunil','9041003474',NULL,NULL,NULL,NULL,NULL,NULL,NULL,'3','29','','8',NULL,NULL,NULL,'2020-02-20',16,'Y','2020-02-20 14:09:15'),(698,'samarth jain','9111006000',NULL,NULL,NULL,NULL,NULL,NULL,NULL,'3','29','','8',NULL,5,NULL,'2020-02-20',16,'Y','2020-02-20 14:09:15'),(699,'Khalid Aftab','9198232786',NULL,NULL,NULL,NULL,NULL,NULL,NULL,'3','29','','18',NULL,NULL,NULL,'2020-02-20',16,'Y','2020-02-20 14:09:15'),(700,'Pankaj Bansal','7696460361',NULL,NULL,NULL,NULL,NULL,NULL,NULL,'3','29','','8',NULL,NULL,NULL,'2020-02-20',16,'Y','2020-02-20 14:09:15'),(701,'Ishita','9811133775',NULL,NULL,NULL,NULL,NULL,NULL,NULL,'8','10','','8',NULL,4,NULL,'2020-02-20',13,'Y','2020-02-20 14:09:15'),(702,'Aman Chadha','9728872831',NULL,NULL,NULL,NULL,NULL,NULL,NULL,'8','10','','8',NULL,NULL,NULL,'2020-02-20',13,'Y','2020-02-20 14:09:15'),(703,'Anjali','7900999505',NULL,NULL,NULL,NULL,NULL,NULL,NULL,'18','35','','8',NULL,NULL,NULL,'2020-02-20',19,'Y','2020-02-20 14:09:15'),(704,'Rahul Sadana','9997109109',NULL,NULL,NULL,NULL,NULL,NULL,NULL,'18','35','','8',NULL,3,NULL,'2020-02-20',19,'Y','2020-02-20 14:09:15'),(705,'Jagtarsingh','9815750153',NULL,NULL,NULL,NULL,NULL,NULL,NULL,'5','28','','13',NULL,4,NULL,'2020-02-20',17,'Y','2020-02-20 14:09:15'),(706,'Anurag','9971069228',NULL,NULL,NULL,NULL,NULL,NULL,NULL,'5','28','','13',NULL,4,NULL,'2020-02-20',17,'Y','2020-02-20 14:09:15'),(707,'Ranjeet Kumar Gupta','9852572560',NULL,NULL,NULL,NULL,NULL,NULL,NULL,'2','13','','13',NULL,1,NULL,'2020-02-20',12,'Y','2020-02-20 14:09:15'),(708,'B K Singh','9955409999',NULL,NULL,NULL,NULL,NULL,NULL,NULL,'2','13','','13',NULL,5,NULL,'2020-02-20',12,'Y','2020-02-20 14:09:15'),(709,'Arjun Chadha','9910068608',NULL,NULL,NULL,NULL,NULL,NULL,NULL,'8','10','','8',NULL,4,NULL,'2020-02-20',13,'Y','2020-02-20 14:09:15'),(710,'Harkanwal Singh','7009056599',NULL,NULL,NULL,NULL,NULL,NULL,NULL,'17','6','','8',NULL,NULL,NULL,'2020-02-20',14,'Y','2020-02-20 14:09:15'),(711,'Munish','9466694555',NULL,NULL,NULL,NULL,NULL,NULL,NULL,'17','6','','8',NULL,NULL,NULL,'2020-02-20',14,'Y','2020-02-20 14:09:15'),(712,'Aman','8949054633',NULL,NULL,NULL,NULL,NULL,NULL,NULL,'2','13','','13',NULL,1,NULL,'2020-02-20',12,'Y','2020-02-20 14:09:15'),(713,'Anurag','9971069228',NULL,NULL,NULL,NULL,NULL,NULL,NULL,'2','13','','13',NULL,4,NULL,'2020-02-20',12,'Y','2020-02-20 14:09:15'),(714,'Gurcharan singh','8847446002',NULL,NULL,NULL,NULL,NULL,NULL,NULL,'28','28','','1',NULL,1,NULL,'2020-02-20',14,'Y','2020-02-20 14:09:15'),(715,'MANKAWAL','7009165010',NULL,NULL,NULL,NULL,NULL,NULL,NULL,'17','6','','3',NULL,3,NULL,'2020-02-20',15,'Y','2020-02-20 14:09:15'),(716,'Rajesh Kumar','9812005390',NULL,NULL,NULL,NULL,NULL,NULL,NULL,'195','13','','3',NULL,4,NULL,'2020-02-20',15,'Y','2020-02-20 14:09:15'),(717,'Skk','8178444283',NULL,NULL,NULL,NULL,NULL,NULL,NULL,'2','13','','8',NULL,NULL,NULL,'2020-02-20',20,'Y','2020-02-20 14:09:15'),(718,'J. B','8427533516',NULL,NULL,NULL,NULL,NULL,NULL,NULL,'17','6','','1',NULL,4,NULL,'2020-02-20',14,'Y','2020-02-20 14:09:15'),(719,'Yogesh','9896426285',NULL,NULL,NULL,NULL,NULL,NULL,NULL,'23','13','','1',NULL,1,NULL,'2020-02-20',15,'Y','2020-02-20 14:09:15'),(720,'KAWAL SINGH','9896400001',NULL,NULL,NULL,NULL,NULL,NULL,NULL,'23','13','','1',NULL,4,NULL,'2020-02-20',15,'Y','2020-02-20 14:09:15'),(721,'MR RITESH SHARMA','9780030260',NULL,NULL,NULL,NULL,NULL,NULL,NULL,'5','28','','1',NULL,4,NULL,'2020-02-20',17,'Y','2020-02-20 14:09:15'),(722,'VISHAL SOOD','9872967891',NULL,NULL,NULL,NULL,NULL,NULL,NULL,'191','13','','1',NULL,4,NULL,'2020-02-20',14,'Y','2020-02-20 14:09:15'),(723,'MR TARUN KHANNA','9590513000',NULL,NULL,NULL,NULL,NULL,NULL,NULL,'5','28','','3',NULL,3,NULL,'2020-02-20',17,'Y','2020-02-20 14:09:15'),(724,'ASHISH','9034500006',NULL,NULL,NULL,NULL,NULL,NULL,NULL,'192','13','','1',NULL,3,NULL,'2020-02-20',15,'Y','2020-02-20 14:09:15'),(725,'Dheeraj marwaha','9814187756',NULL,NULL,NULL,NULL,NULL,NULL,NULL,'5','28','','8',NULL,1,NULL,'2020-02-20',17,'Y','2020-02-20 14:09:15'),(726,'Bhawanpreet singh','6280687843',NULL,NULL,NULL,NULL,NULL,NULL,NULL,'5','28','','8',NULL,1,NULL,'2020-02-20',17,'Y','2020-02-20 14:09:15'),(727,'Manoj','9148883999',NULL,NULL,NULL,NULL,NULL,NULL,NULL,'8','10','','8',NULL,4,NULL,'2020-02-20',13,'Y','2020-02-20 14:09:15'),(728,'Avi','8105764978',NULL,NULL,NULL,NULL,NULL,NULL,NULL,'8','10','','8',NULL,NULL,NULL,'2020-02-20',13,'Y','2020-02-20 14:09:15'),(729,'Arun','9759736240',NULL,NULL,NULL,NULL,NULL,NULL,NULL,'8','10','','8',NULL,1,NULL,'2020-02-20',13,'Y','2020-02-20 14:09:15'),(730,'Manjeet Singh','9882444141',NULL,NULL,NULL,NULL,NULL,NULL,NULL,'145','7','','8',NULL,1,NULL,'2020-02-20',14,'Y','2020-02-20 14:09:15'),(731,'Anil','9826019197',NULL,NULL,NULL,NULL,NULL,NULL,NULL,'17','6','','8',NULL,3,NULL,'2020-02-20',14,'Y','2020-02-20 14:09:15'),(732,'Amrit Virk','8810000002',NULL,NULL,NULL,NULL,NULL,NULL,NULL,'17','6','','8',NULL,NULL,NULL,'2020-02-20',14,'Y','2020-02-20 14:09:15'),(733,'Manav','9729400045',NULL,NULL,NULL,NULL,NULL,NULL,NULL,'23','13','','8',NULL,3,NULL,'2020-02-20',18,'Y','2020-02-20 14:09:15'),(734,'Luv','7055616263',NULL,NULL,NULL,NULL,NULL,NULL,NULL,'18','35','','8',NULL,1,NULL,'2020-02-20',19,'Y','2020-02-20 14:09:15'),(735,'Pawan Kumar','8837541941',NULL,NULL,NULL,NULL,NULL,NULL,NULL,'5','28','','13',NULL,3,NULL,'2020-02-20',17,'Y','2020-02-20 14:09:15'),(736,'Puneet','9780143088',NULL,NULL,NULL,NULL,NULL,NULL,NULL,'5','28','','13',NULL,1,NULL,'2020-02-20',0,'Y','2020-02-20 14:09:15'),(737,'Harmeet Motorola','9914595915',NULL,NULL,NULL,NULL,NULL,NULL,NULL,'5','28','','13',NULL,3,NULL,'2020-02-20',17,'Y','2020-02-20 14:09:15'),(738,'Radhika','9779112200',NULL,NULL,NULL,NULL,NULL,NULL,NULL,'5','28','','13',NULL,5,NULL,'2020-02-20',0,'Y','2020-02-20 14:09:15'),(739,'Karthik','9999996019',NULL,NULL,NULL,NULL,NULL,NULL,NULL,'2','13','','13',NULL,2,NULL,'2020-02-20',12,'Y','2020-02-20 14:09:15'),(740,'Vishal','7838271864',NULL,NULL,NULL,NULL,NULL,NULL,NULL,'2','13','','13',NULL,3,NULL,'2020-02-20',12,'Y','2020-02-20 14:09:15'),(741,'Ashok Linjara','9829055950',NULL,NULL,NULL,NULL,NULL,NULL,NULL,'2','13','','13',NULL,4,NULL,'2020-02-20',12,'Y','2020-02-20 14:09:15'),(742,'Neeraj','9463314650',NULL,NULL,NULL,NULL,NULL,NULL,NULL,'5','28','','13',NULL,3,NULL,'2020-02-20',17,'Y','2020-02-20 14:09:15'),(743,'Dr Rajoo Singh Chhina','9815545318',NULL,NULL,NULL,NULL,NULL,NULL,NULL,'5','28','','13',NULL,4,NULL,'2020-02-20',17,'Y','2020-02-20 14:09:15'),(744,'Manav','7504900000',NULL,NULL,NULL,NULL,NULL,NULL,NULL,'3','29','','8',NULL,NULL,NULL,'2020-02-20',16,'Y','2020-02-20 14:09:15'),(745,'Vikas','7508789900',NULL,NULL,NULL,NULL,NULL,NULL,NULL,'5','28','','13',NULL,2,NULL,'2020-02-20',17,'Y','2020-02-20 14:09:15'),(746,'PUPESH','8725093304',NULL,NULL,NULL,NULL,NULL,NULL,NULL,'180','13','','3',NULL,1,NULL,'2020-02-20',15,'Y','2020-02-20 14:09:15'),(747,'Vikas Kumar','7470999998',NULL,NULL,NULL,NULL,NULL,NULL,NULL,'17','6','','8',NULL,NULL,NULL,'2020-02-20',14,'Y','2020-02-20 14:09:15'),(748,'ashish hooda','7027500023',NULL,NULL,NULL,NULL,NULL,NULL,NULL,'486','6','','1',NULL,1,NULL,'2020-02-20',14,'Y','2020-02-20 14:09:15'),(749,'Honey','9915041915',NULL,NULL,NULL,NULL,NULL,NULL,NULL,'5','28','','9',NULL,NULL,NULL,'2020-02-20',17,'Y','2020-02-20 14:09:15'),(750,'Parvesh sardana','9911500005',NULL,NULL,NULL,NULL,NULL,NULL,NULL,'8','10','','8',NULL,4,NULL,'2020-02-20',13,'Y','2020-02-20 14:09:15'),(751,'MR GAURAV GUPTA','9781640005',NULL,NULL,NULL,NULL,NULL,NULL,NULL,'5','28','','13',NULL,3,NULL,'2020-02-20',17,'Y','2020-02-20 14:09:15'),(752,'Aryan','9810034103',NULL,NULL,NULL,NULL,NULL,NULL,NULL,'2','13','','13',NULL,3,NULL,'2020-02-20',12,'Y','2020-02-20 14:09:15'),(753,'ANUJ','7011731935',NULL,NULL,NULL,NULL,NULL,NULL,NULL,'595','34','','1',NULL,7,NULL,'2020-02-20',18,'Y','2020-02-20 14:09:15'),(754,'AKSHEY RANA','9466493264',NULL,NULL,NULL,NULL,NULL,NULL,NULL,'23','13','','3',NULL,4,NULL,'2020-02-20',15,'Y','2020-02-20 14:09:15'),(755,'PRAKASH','9772555557',NULL,NULL,NULL,NULL,NULL,NULL,NULL,'3','29','','3',NULL,1,NULL,'2020-02-20',13,'Y','2020-02-20 14:09:15'),(756,'Sanjay Khan','8006404293',NULL,NULL,NULL,NULL,NULL,NULL,NULL,'3','29','','8',NULL,NULL,NULL,'2020-02-20',16,'Y','2020-02-20 14:09:15'),(757,'MR ABHISHEK','9906333125',NULL,NULL,NULL,NULL,NULL,NULL,NULL,'5','28','','3',NULL,3,NULL,'2020-02-20',17,'Y','2020-02-20 14:09:15'),(758,'Tanzeen','7009139799',NULL,NULL,NULL,NULL,NULL,NULL,NULL,'5','28','','8',NULL,NULL,NULL,'2020-02-20',17,'Y','2020-02-20 14:09:15'),(759,'Gurcharan Singh Lotey','9876437916',NULL,NULL,NULL,NULL,NULL,NULL,NULL,'5','28','','8',NULL,NULL,NULL,'2020-02-20',17,'Y','2020-02-20 14:09:15'),(760,'Atul','9958689889',NULL,NULL,NULL,NULL,NULL,NULL,NULL,'2','13','','8',NULL,5,NULL,'2020-02-20',20,'Y','2020-02-20 14:09:15'),(761,'Gaurav','9999963473',NULL,NULL,NULL,NULL,NULL,NULL,NULL,'8','10','','8',NULL,1,NULL,'2020-02-20',13,'Y','2020-02-20 14:09:15'),(762,'Praveen','8121725892',NULL,NULL,NULL,NULL,NULL,NULL,NULL,'8','10','','8',NULL,NULL,NULL,'2020-02-20',13,'Y','2020-02-20 14:09:15'),(763,'Pushpender','9896462922',NULL,NULL,NULL,NULL,NULL,NULL,NULL,'8','10','','8',NULL,3,NULL,'2020-02-20',13,'Y','2020-02-20 14:09:15'),(764,'Rohit','9958399881',NULL,NULL,NULL,NULL,NULL,NULL,NULL,'8','10','','8',NULL,3,NULL,'2020-02-20',13,'Y','2020-02-20 14:09:15'),(765,'Nikhil','8051137610',NULL,NULL,NULL,NULL,NULL,NULL,NULL,'8','10','','8',NULL,2,NULL,'2020-02-20',13,'Y','2020-02-20 14:09:15'),(766,'Aslam','9884010314',NULL,NULL,NULL,NULL,NULL,NULL,NULL,'8','10','','8',NULL,NULL,NULL,'2020-02-20',13,'Y','2020-02-20 14:09:15'),(767,'Parmjit','9876108020',NULL,NULL,NULL,NULL,NULL,NULL,NULL,'8','10','','8',NULL,NULL,NULL,'2020-02-20',13,'Y','2020-02-20 14:09:15'),(768,'Mathew','9946645130',NULL,NULL,NULL,NULL,NULL,NULL,NULL,'8','10','','8',NULL,4,NULL,'2020-02-20',13,'Y','2020-02-20 14:09:15'),(769,'Bhaben kalita','9706037822',NULL,NULL,NULL,NULL,NULL,NULL,NULL,'8','10','','8',NULL,2,NULL,'2020-02-20',13,'Y','2020-02-20 14:09:15'),(770,'KANU GULATI','8053000264',NULL,NULL,NULL,NULL,NULL,NULL,NULL,'187','13','','3',NULL,NULL,NULL,'2020-02-20',14,'Y','2020-02-20 14:09:15'),(771,'Ravinder','9899251525',NULL,NULL,NULL,NULL,NULL,NULL,NULL,'8','10','','8',NULL,3,NULL,'2020-02-20',13,'Y','2020-02-20 14:09:15'),(772,'Yuvi','9918415379',NULL,NULL,NULL,NULL,NULL,NULL,NULL,'584','34','','8',NULL,2,NULL,'2020-02-20',13,'Y','2020-02-20 14:09:15'),(773,'Jai Kishan','8700991544',NULL,NULL,NULL,NULL,NULL,NULL,NULL,'8','10','','8',NULL,1,NULL,'2020-02-20',14,'Y','2020-02-20 14:09:15'),(774,'S. P. Redhu','9050944311',NULL,NULL,NULL,NULL,NULL,NULL,NULL,'17','6','','8',NULL,NULL,NULL,'2020-02-20',14,'Y','2020-02-20 14:09:15'),(775,'harpreet singh','9877884180',NULL,NULL,NULL,NULL,NULL,NULL,NULL,'17','6','','8',NULL,NULL,NULL,'2020-02-20',14,'Y','2020-02-20 14:09:15'),(776,'ankush','9958449996',NULL,NULL,NULL,NULL,NULL,NULL,NULL,'8','10','','1',NULL,4,NULL,'2020-02-20',12,'Y','2020-02-20 14:09:15'),(777,'inderpal','9811608960',NULL,NULL,NULL,NULL,NULL,NULL,NULL,'8','10','','1',NULL,3,NULL,'2020-02-20',12,'Y','2020-02-20 14:09:15'),(778,'Atul','9212332733',NULL,NULL,NULL,NULL,NULL,NULL,NULL,'448','28','','8',NULL,3,NULL,'2020-02-20',14,'Y','2020-02-20 14:09:15'),(779,'gaurav saini','8520000089',NULL,NULL,NULL,NULL,NULL,NULL,NULL,'17','6','','1',NULL,3,NULL,'2020-02-20',12,'Y','2020-02-20 14:09:15'),(780,'Dinesh   9810662211','9810662211',NULL,NULL,NULL,NULL,NULL,NULL,NULL,'5','28','','13',NULL,1,NULL,'2020-02-20',17,'Y','2020-02-20 14:09:15'),(781,'Dinesh','9810662211',NULL,NULL,NULL,NULL,NULL,NULL,NULL,'5','28','','13',NULL,1,NULL,'2020-02-20',17,'Y','2020-02-20 14:09:15'),(782,'Amit Raheja','9814823401',NULL,NULL,NULL,NULL,NULL,NULL,NULL,'5','28','','13',NULL,4,NULL,'2020-02-20',17,'Y','2020-02-20 14:09:15'),(783,'Ashish','9814107300',NULL,NULL,NULL,NULL,NULL,NULL,NULL,'5','28','','13',NULL,3,NULL,'2020-02-20',17,'Y','2020-02-20 14:09:15'),(784,'Mohd Javaid','7889872938',NULL,NULL,NULL,NULL,NULL,NULL,NULL,'5','28','','13',NULL,3,NULL,'2020-02-20',17,'Y','2020-02-20 14:09:15'),(785,'Balwinder','9814025998',NULL,NULL,NULL,NULL,NULL,NULL,NULL,'5','28','','13',NULL,4,NULL,'2020-02-20',17,'Y','2020-02-20 14:09:15'),(786,'Karan Arora','9888995424',NULL,NULL,NULL,NULL,NULL,NULL,NULL,'5','28','','13',NULL,3,NULL,'2020-02-20',17,'Y','2020-02-20 14:09:15'),(787,'Jitesh Sindhwani','8860672304',NULL,NULL,NULL,NULL,NULL,NULL,NULL,'5','28','','13',NULL,3,NULL,'2020-02-20',17,'Y','2020-02-20 14:09:15'),(788,'Surinder Singh','8437979022',NULL,NULL,NULL,NULL,NULL,NULL,NULL,'5','28','','13',NULL,4,NULL,'2020-02-20',17,'Y','2020-02-20 14:09:15'),(789,'Dharmendra Kumar','9871896335',NULL,NULL,NULL,NULL,NULL,NULL,NULL,'2','13','','13',NULL,3,NULL,'2020-02-20',12,'Y','2020-02-20 14:09:15'),(790,'Rajesh','9619648349',NULL,NULL,NULL,NULL,NULL,NULL,NULL,'2','13','','13',NULL,4,NULL,'2020-02-20',12,'Y','2020-02-20 14:09:15'),(791,'Jatin','9821116270',NULL,NULL,NULL,NULL,NULL,NULL,NULL,'2','13','','13',NULL,4,NULL,'2020-02-20',12,'Y','2020-02-20 14:09:15'),(792,'Bishalkarmakar   9101807619','9101807619',NULL,NULL,NULL,NULL,NULL,NULL,NULL,'2','13','','13',NULL,2,NULL,'2020-02-20',12,'Y','2020-02-20 14:09:15'),(793,'Ravi Shoor','9914001870',NULL,NULL,NULL,NULL,NULL,NULL,NULL,'2','13','','13',NULL,2,NULL,'2020-02-20',12,'Y','2020-02-20 14:09:15'),(794,'Prabhjeet Singh','9838899999',NULL,NULL,NULL,NULL,NULL,NULL,NULL,'2','13','','13',NULL,2,NULL,'2020-02-20',12,'Y','2020-02-20 14:09:15'),(795,'Neeraj','9560000053',NULL,NULL,NULL,NULL,NULL,NULL,NULL,'2','13','','13',NULL,3,NULL,'2020-02-20',12,'Y','2020-02-20 14:09:15'),(796,'Ashish','9997601283',NULL,NULL,NULL,NULL,NULL,NULL,NULL,'2','13','','13',NULL,3,NULL,'2020-02-20',12,'Y','2020-02-20 14:09:15'),(797,'mohit jiwanpuri','9915497501',NULL,NULL,NULL,NULL,NULL,NULL,NULL,'17','6','','1',NULL,3,NULL,'2020-02-20',14,'Y','2020-02-20 14:09:15'),(798,'JANMEET SINGH','8195950085',NULL,NULL,NULL,NULL,NULL,NULL,NULL,'17','6','','1',NULL,3,NULL,'2020-02-20',14,'Y','2020-02-20 14:09:15'),(799,'SUSHANT SHARMA','7206021113',NULL,NULL,NULL,NULL,NULL,NULL,NULL,'180','13','','1',NULL,1,NULL,'2020-02-20',14,'Y','2020-02-20 14:09:15'),(800,'Sanchit Ohri','9872538015',NULL,NULL,NULL,NULL,NULL,NULL,NULL,'5','28','','8',NULL,NULL,NULL,'2020-02-20',17,'Y','2020-02-20 14:09:15'),(801,'kalloji Naveen','8639181566',NULL,NULL,NULL,NULL,NULL,NULL,NULL,'8','10','','8',NULL,1,NULL,'2020-02-20',13,'Y','2020-02-20 14:09:15'),(802,'Deepak Verma','9915264499',NULL,NULL,NULL,NULL,NULL,NULL,NULL,'5','28','','13',NULL,2,NULL,'2020-02-20',17,'Y','2020-02-20 14:09:15'),(803,'Mannat Sachdeva','9888363436',NULL,NULL,NULL,NULL,NULL,NULL,NULL,'5','28','','13',NULL,3,NULL,'2020-02-20',17,'Y','2020-02-20 14:09:15'),(804,'ASHISH VERMA','9413741400',NULL,NULL,NULL,NULL,NULL,NULL,NULL,'1','10','','10',NULL,2,NULL,'2020-02-20',12,'Y','2020-02-20 14:09:15'),(805,'Tarun','8283829211',NULL,NULL,NULL,NULL,NULL,NULL,NULL,'17','6','','10',NULL,NULL,NULL,'2020-02-20',0,'Y','2020-02-20 14:09:15'),(806,'Sanjay Singh','9451387582',NULL,NULL,NULL,NULL,NULL,NULL,NULL,'2','13','','13',NULL,2,NULL,'2020-02-20',12,'Y','2020-02-20 14:09:15'),(807,'Vaneet Verma','9814044048',NULL,NULL,NULL,NULL,NULL,NULL,NULL,'11','28','','1',NULL,2,NULL,'2020-02-20',14,'Y','2020-02-20 14:09:15'),(808,'Rahul tyagi','7838383733',NULL,NULL,NULL,NULL,NULL,NULL,NULL,'8','10','','15',NULL,3,NULL,'2020-02-20',12,'Y','2020-02-20 14:09:15'),(809,'thakur','9910112736',NULL,NULL,NULL,NULL,NULL,NULL,NULL,'8','10','','15',NULL,NULL,NULL,'2020-02-20',12,'Y','2020-02-20 14:09:15'),(810,'lalit','9999289694',NULL,NULL,NULL,NULL,NULL,NULL,NULL,'8','10','','15',NULL,NULL,NULL,'2020-02-20',12,'Y','2020-02-20 14:09:15'),(811,'AASTHA','9670443333',NULL,NULL,NULL,NULL,NULL,NULL,NULL,'23','13','','3',NULL,4,NULL,'2020-02-20',15,'Y','2020-02-20 14:09:15'),(812,'LALIT BATRA','9896302228',NULL,NULL,NULL,NULL,NULL,NULL,NULL,'23','13','','1',NULL,1,NULL,'2020-02-20',15,'Y','2020-02-20 14:09:15'),(813,'MUKESH','9355770005',NULL,NULL,NULL,NULL,NULL,NULL,NULL,'195','13','','1',NULL,3,NULL,'2020-02-20',15,'Y','2020-02-20 14:09:15'),(814,'SANDEEP KUMAR','9312907307',NULL,NULL,NULL,NULL,NULL,NULL,NULL,'1','10','','1',NULL,3,NULL,'2020-02-20',13,'Y','2020-02-20 14:09:15'),(815,'RISHAB JAIN','9161123168',NULL,NULL,NULL,NULL,NULL,NULL,NULL,'1','10','','10',NULL,NULL,NULL,'2020-02-20',13,'Y','2020-02-20 14:09:15'),(816,'Kanishka Agrawal','7987513748',NULL,NULL,NULL,NULL,NULL,NULL,NULL,'8','10','','8',NULL,NULL,NULL,'2020-02-20',13,'Y','2020-02-20 14:09:15'),(817,'Barun','9897032626',NULL,NULL,NULL,NULL,NULL,NULL,NULL,'8','10','','8',NULL,NULL,NULL,'2020-02-20',13,'Y','2020-02-20 14:09:15'),(818,'Mohit Soni','9971120204',NULL,NULL,NULL,NULL,NULL,NULL,NULL,'8','10','','8',NULL,NULL,NULL,'2020-02-20',13,'Y','2020-02-20 14:09:15'),(819,'Maninder Singh','9780610003',NULL,NULL,NULL,NULL,NULL,NULL,NULL,'5','28','','8',NULL,NULL,NULL,'2020-02-20',17,'Y','2020-02-20 14:09:15'),(820,'Mahraj Ahmad','9891229799',NULL,NULL,NULL,NULL,NULL,NULL,NULL,'17','6','','8',NULL,NULL,NULL,'2020-02-20',14,'Y','2020-02-20 14:09:15'),(821,'Raju','9812067167',NULL,NULL,NULL,NULL,NULL,NULL,NULL,'17','6','','8',NULL,NULL,NULL,'2020-02-20',14,'Y','2020-02-20 14:09:15'),(822,'Rakesh','9215000876',NULL,NULL,NULL,NULL,NULL,NULL,NULL,'23','13','','8',NULL,NULL,NULL,'2020-02-20',18,'Y','2020-02-20 14:09:15'),(823,'Ramesh','9663719400',NULL,NULL,NULL,NULL,NULL,NULL,NULL,'3','29','','8',NULL,NULL,NULL,'2020-02-20',16,'Y','2020-02-20 14:09:15'),(824,'Mohit Soni','9971120204',NULL,NULL,NULL,NULL,NULL,NULL,NULL,'3','29','','8',NULL,NULL,NULL,'2020-02-20',16,'Y','2020-02-20 14:09:15'),(825,'Chavi Gupta 9350238738','9350238738',NULL,NULL,NULL,NULL,NULL,NULL,NULL,'3','29','','8',NULL,NULL,NULL,'2020-02-20',16,'Y','2020-02-20 14:09:15'),(826,'Hardeep Singh Chahal','9876500500',NULL,NULL,NULL,NULL,NULL,NULL,NULL,'5','28','','13',NULL,1,NULL,'2020-02-20',17,'Y','2020-02-20 14:09:15'),(827,'Harinder Singh','9914083006',NULL,NULL,NULL,NULL,NULL,NULL,NULL,'5','28','','13',NULL,5,NULL,'2020-02-20',17,'Y','2020-02-20 14:09:15'),(828,'G S Chhabra','9815732000',NULL,NULL,NULL,NULL,NULL,NULL,NULL,'5','28','','13',NULL,4,NULL,'2020-02-20',17,'Y','2020-02-20 14:09:15'),(829,'Sanjay','9818099245',NULL,NULL,NULL,NULL,NULL,NULL,NULL,'5','28','','13',NULL,1,NULL,'2020-02-20',17,'Y','2020-02-20 14:09:15'),(830,'Bunty Solanki','9250533121',NULL,NULL,NULL,NULL,NULL,NULL,NULL,'2','13','','13',NULL,3,NULL,'2020-02-20',12,'Y','2020-02-20 14:09:15'),(831,'Vikas Dahiya','9810162638',NULL,NULL,NULL,NULL,NULL,NULL,NULL,'2','13','','13',NULL,4,NULL,'2020-02-20',12,'Y','2020-02-20 14:09:15'),(832,'Jasrajsingh','9810876976',NULL,NULL,NULL,NULL,NULL,NULL,NULL,'8','10','','8',NULL,NULL,NULL,'2020-02-20',13,'Y','2020-02-20 14:09:15'),(833,'Pankaj Kumar','7355044383',NULL,NULL,NULL,NULL,NULL,NULL,NULL,'5','28','','13',NULL,3,NULL,'2020-02-20',17,'Y','2020-02-20 14:09:15'),(834,'Ishaan Narang','9818583957',NULL,NULL,NULL,NULL,NULL,NULL,NULL,'2','13','','13',NULL,1,NULL,'2020-02-20',12,'Y','2020-02-20 14:09:15'),(835,'Sandeep Mittal','9814129007',NULL,NULL,NULL,NULL,NULL,NULL,NULL,'2','13','','13',NULL,1,NULL,'2020-02-20',12,'Y','2020-02-20 14:09:15'),(836,'Monu Yadav','9370092713',NULL,NULL,NULL,NULL,NULL,NULL,NULL,'2','13','','13',NULL,4,NULL,'2020-02-20',12,'Y','2020-02-20 14:09:15'),(837,'Karamveer Singh','9799198899',NULL,NULL,NULL,NULL,NULL,NULL,NULL,'2','13','','13',NULL,4,NULL,'2020-02-20',12,'Y','2020-02-20 14:09:15'),(838,'Karamveer Singh','9799198899',NULL,NULL,NULL,NULL,NULL,NULL,NULL,'2','13','','13',NULL,4,NULL,'2020-02-20',12,'Y','2020-02-20 14:09:15'),(839,'Vijay','9992840044',NULL,NULL,NULL,NULL,NULL,NULL,NULL,'2','13','','13',NULL,1,NULL,'2020-02-20',12,'Y','2020-02-20 14:09:15'),(840,'Hitesh','9999741515',NULL,NULL,NULL,NULL,NULL,NULL,NULL,'2','13','','13',NULL,NULL,NULL,'2020-02-20',12,'Y','2020-02-20 14:09:15'),(841,'RITURAJ','9334991102',NULL,NULL,NULL,NULL,NULL,NULL,NULL,'119','5','','10',NULL,NULL,NULL,'2020-02-20',12,'Y','2020-02-20 14:09:15'),(842,'MOHINDER SINGH','9215560189',NULL,NULL,NULL,NULL,NULL,NULL,NULL,'192','13','','1',NULL,1,NULL,'2020-02-20',15,'Y','2020-02-20 14:09:15'),(843,'Akhand','8287007000',NULL,NULL,NULL,NULL,NULL,NULL,NULL,'3','29','','8',NULL,NULL,NULL,'2020-02-20',16,'Y','2020-02-20 14:09:15'),(844,'Amit Sharma','8580939585',NULL,NULL,NULL,NULL,NULL,NULL,NULL,'5','28','','8',NULL,NULL,NULL,'2020-02-20',17,'Y','2020-02-20 14:09:15'),(845,'JAGJEET SINGH','9412668614',NULL,NULL,NULL,NULL,NULL,NULL,NULL,'599','34','','1',NULL,3,NULL,'2020-02-20',18,'Y','2020-02-20 14:09:15'),(846,'sumit arora','9817579384',NULL,NULL,NULL,NULL,NULL,NULL,NULL,'192','13','','3',NULL,1,NULL,'2020-02-20',15,'Y','2020-02-20 14:09:15'),(847,'Avninder Singh','8146970025',NULL,NULL,NULL,NULL,NULL,NULL,NULL,'5','28','','8',NULL,1,NULL,'2020-02-20',17,'Y','2020-02-20 14:09:15'),(848,'Satvir','8146073973',NULL,NULL,NULL,NULL,NULL,NULL,NULL,'5','28','','8',NULL,NULL,NULL,'2020-02-20',17,'Y','2020-02-20 14:09:15'),(849,'Chetan','9872446723',NULL,NULL,NULL,NULL,NULL,NULL,NULL,'5','28','','8',NULL,NULL,NULL,'2020-02-20',17,'Y','2020-02-20 14:09:15'),(850,'Rakesh','7378071822',NULL,NULL,NULL,NULL,NULL,NULL,NULL,'2','13','','8',NULL,NULL,NULL,'2020-02-20',12,'Y','2020-02-20 14:09:15'),(851,'Pardeep Kumar','9812464362',NULL,NULL,NULL,NULL,NULL,NULL,NULL,'8','10','','8',NULL,1,NULL,'2020-02-20',12,'Y','2020-02-20 14:09:15'),(852,'Ravi','9871843744',NULL,NULL,NULL,NULL,NULL,NULL,NULL,'8','10','','8',NULL,NULL,NULL,'2020-02-20',12,'Y','2020-02-20 14:09:15'),(853,'Nikhil','9068752111',NULL,NULL,NULL,NULL,NULL,NULL,NULL,'8','10','','8',NULL,NULL,NULL,'2020-02-20',12,'Y','2020-02-20 14:09:15'),(854,'Arvind Singh','9801489626',NULL,NULL,NULL,NULL,NULL,NULL,NULL,'8','10','','8',NULL,NULL,NULL,'2020-02-20',12,'Y','2020-02-20 14:09:15'),(855,'tejpal singh','9914000016',NULL,NULL,NULL,NULL,NULL,NULL,NULL,'17','6','','8',NULL,NULL,NULL,'2020-02-20',14,'Y','2020-02-20 14:09:15'),(856,'Sunny Malhotra','9815957686',NULL,NULL,NULL,NULL,NULL,NULL,NULL,'17','6','','8',NULL,1,NULL,'2020-02-20',14,'Y','2020-02-20 14:09:15'),(857,'Garry sandhu','9779289960',NULL,NULL,NULL,NULL,NULL,NULL,NULL,'17','6','','8',NULL,3,NULL,'2020-02-20',14,'Y','2020-02-20 14:09:15'),(858,'Rakesh','9215000876',NULL,NULL,NULL,NULL,NULL,NULL,NULL,'23','13','','8',NULL,NULL,NULL,'2020-02-20',20,'Y','2020-02-20 14:09:15'),(859,'Vin','8178746179',NULL,NULL,NULL,NULL,NULL,NULL,NULL,'3','29','','8',NULL,NULL,NULL,'2020-02-20',16,'Y','2020-02-20 14:09:15'),(860,'Varun Bank Manager   8558039076','8558039076',NULL,NULL,NULL,NULL,NULL,NULL,NULL,'5','28','','13',NULL,4,NULL,'2020-02-20',17,'Y','2020-02-20 14:09:15'),(861,'Baljeet Kaur','9781184336',NULL,NULL,NULL,NULL,NULL,NULL,NULL,'5','28','','13',NULL,5,NULL,'2020-02-20',17,'Y','2020-02-20 14:09:15'),(862,'Jagtar Singh','9780623933',NULL,NULL,NULL,NULL,NULL,NULL,NULL,'5','28','','13',NULL,4,NULL,'2020-02-20',17,'Y','2020-02-20 14:09:15'),(863,'Mohd Faez','9719471786',NULL,NULL,NULL,NULL,NULL,NULL,NULL,'2','13','','13',NULL,3,NULL,'2020-02-20',13,'Y','2020-02-20 14:09:15'),(864,'Alam','9161097070',NULL,NULL,NULL,NULL,NULL,NULL,NULL,'2','13','','13',NULL,3,NULL,'2020-02-20',13,'Y','2020-02-20 14:09:15'),(865,'KARTIK KHURANA','9650754057',NULL,NULL,NULL,NULL,NULL,NULL,NULL,'1','10','','6',NULL,3,NULL,'2020-02-20',13,'Y','2020-02-20 14:09:15'),(866,'TUSHAR JAIN','8699700027',NULL,NULL,NULL,NULL,NULL,NULL,NULL,'5','28','','6',NULL,1,NULL,'2020-02-20',14,'Y','2020-02-20 14:09:15'),(867,'PANKAJ KUNDRA','9872417127',NULL,NULL,NULL,NULL,NULL,NULL,NULL,'17','6','','6',NULL,NULL,NULL,'2020-02-20',14,'Y','2020-02-20 14:09:15'),(868,'RITESH MALIK','8101282828',NULL,NULL,NULL,NULL,NULL,NULL,NULL,'192','13','','3',NULL,3,NULL,'2020-02-20',15,'Y','2020-02-20 14:09:15'),(869,'ROHIT KAKKAR','8800530648',NULL,NULL,NULL,NULL,NULL,NULL,NULL,'23','13','','3',NULL,NULL,NULL,'2020-02-20',18,'Y','2020-02-20 14:09:15'),(870,'Ritesh Malik','8101282828',NULL,NULL,NULL,NULL,NULL,NULL,NULL,'2','13','','8',NULL,NULL,NULL,'2020-02-20',12,'Y','2020-02-20 14:09:15'),(871,'Nippy','9999455405',NULL,NULL,NULL,NULL,NULL,NULL,NULL,'8','10','','8',NULL,NULL,NULL,'2020-02-20',12,'Y','2020-02-20 14:09:15'),(872,'ROHIT CHOUHAN','9991961717',NULL,NULL,NULL,NULL,NULL,NULL,NULL,'192','13','','1',NULL,2,NULL,'2020-02-20',18,'Y','2020-02-20 14:09:15'),(873,'SIDHARTH','8950432721',NULL,NULL,NULL,NULL,NULL,NULL,NULL,'180','13','','1',NULL,4,NULL,'2020-02-20',18,'Y','2020-02-20 14:09:15'),(874,'MR SHIVAM SINGHAL','9784486610',NULL,NULL,NULL,NULL,NULL,NULL,NULL,'18','35','','3',NULL,NULL,NULL,'2020-02-20',19,'Y','2020-02-20 14:09:15'),(875,'MR PRAVEEN CHAUDHARY','9897210007',NULL,NULL,NULL,NULL,NULL,NULL,NULL,'18','35','','3',NULL,NULL,NULL,'2020-02-20',19,'Y','2020-02-20 14:09:15'),(876,'ANMOL SINGH','9338940009',NULL,NULL,NULL,NULL,NULL,NULL,NULL,'460','28','','3',NULL,1,NULL,'2020-02-20',14,'Y','2020-02-20 14:09:15'),(877,'Rahul','9896377719',NULL,NULL,NULL,NULL,NULL,NULL,NULL,'23','13','','3',NULL,1,NULL,'2020-02-20',15,'Y','2020-02-20 14:09:15'),(878,'Ujwal Sharma','9988323129',NULL,NULL,NULL,NULL,NULL,NULL,NULL,'5','28','','8',NULL,NULL,NULL,'2020-02-20',17,'Y','2020-02-20 14:09:15'),(879,'MR AJAY SINGH','9837359669',NULL,NULL,NULL,NULL,NULL,NULL,NULL,'586','34','','1',NULL,NULL,NULL,'2020-02-20',19,'Y','2020-02-20 14:09:15'),(880,'Ashok','9557305708',NULL,NULL,NULL,NULL,NULL,NULL,NULL,'18','35','','8',NULL,NULL,NULL,'2020-02-20',19,'Y','2020-02-20 14:09:15'),(881,'Akshay Sharma','8755884440',NULL,NULL,NULL,NULL,NULL,NULL,NULL,'18','35','','8',NULL,2,NULL,'2020-02-20',19,'Y','2020-02-20 14:09:15'),(882,'Akshat Manchanda','8437522229',NULL,NULL,NULL,NULL,NULL,NULL,NULL,'5','28','','13',NULL,NULL,NULL,'2020-02-20',17,'Y','2020-02-20 14:09:15'),(883,'VIKAS BANSAL','9212758888',NULL,NULL,NULL,NULL,NULL,NULL,NULL,'8','10','','1',NULL,3,NULL,'2020-02-20',15,'Y','2020-02-20 14:09:15'),(884,'Deepak','8571981303',NULL,NULL,NULL,NULL,NULL,NULL,NULL,'192','13','','1',NULL,3,NULL,'2020-02-20',15,'Y','2020-02-20 14:09:15'),(885,'MR SAGAR','9814212345',NULL,NULL,NULL,NULL,NULL,NULL,NULL,'5','28','','3',NULL,4,NULL,'2020-02-20',17,'Y','2020-02-20 14:09:15'),(886,'MANMEET','9654235238',NULL,NULL,NULL,NULL,NULL,NULL,NULL,'17','6','','1',NULL,3,NULL,'2020-02-20',15,'Y','2020-02-20 14:09:15'),(887,'Manmeet','9654235238',NULL,NULL,NULL,NULL,NULL,NULL,NULL,'8','10','','1',NULL,3,NULL,'2020-02-20',15,'Y','2020-02-20 14:09:15'),(888,'LALIT','9896331741',NULL,NULL,NULL,NULL,NULL,NULL,NULL,'192','13','','1',NULL,3,NULL,'2020-02-20',15,'Y','2020-02-20 14:09:15'),(889,'AMAN GUPTA','9216996130',NULL,NULL,NULL,NULL,NULL,NULL,NULL,'191','13','','3',NULL,1,NULL,'2020-02-20',15,'Y','2020-02-20 14:09:15'),(890,'Krish Grewal','8447440002',NULL,NULL,NULL,NULL,NULL,NULL,NULL,'2','13','','8',NULL,NULL,NULL,'2020-02-20',12,'Y','2020-02-20 14:09:15'),(891,'Abhishek','9911900009',NULL,NULL,NULL,NULL,NULL,NULL,NULL,'2','13','','8',NULL,NULL,NULL,'2020-02-20',12,'Y','2020-02-20 14:09:15'),(892,'Dharmender Singh','9416293126',NULL,NULL,NULL,NULL,NULL,NULL,NULL,'2','13','','8',NULL,NULL,NULL,'2020-02-20',12,'Y','2020-02-20 14:09:15'),(893,'Prafful','8105582569',NULL,NULL,NULL,NULL,NULL,NULL,NULL,'8','10','','8',NULL,4,NULL,'2020-02-20',13,'Y','2020-02-20 14:09:15'),(894,'Dhilip','9739048747',NULL,NULL,NULL,NULL,NULL,NULL,NULL,'8','10','','8',NULL,NULL,NULL,'2020-02-20',13,'Y','2020-02-20 14:09:15'),(895,'GURPREET SINGH','9501157857',NULL,NULL,NULL,NULL,NULL,NULL,NULL,'4','13','','1',NULL,1,NULL,'2020-02-20',18,'Y','2020-02-20 14:09:15'),(896,'Juginder','9780704300',NULL,NULL,NULL,NULL,NULL,NULL,NULL,'5','28','','8',NULL,NULL,NULL,'2020-02-20',17,'Y','2020-02-20 14:09:15'),(897,'Sukhjinder Singh','9053351313',NULL,NULL,NULL,NULL,NULL,NULL,NULL,'23','13','','8',NULL,NULL,NULL,'2020-02-20',15,'Y','2020-02-20 14:09:15'),(898,'Alex','9990889112',NULL,NULL,NULL,NULL,NULL,NULL,NULL,'3','29','','8',NULL,NULL,NULL,'2020-02-20',16,'Y','2020-02-20 14:09:15'),(899,'Bharat Singh Deora','9769298641',NULL,NULL,NULL,NULL,NULL,NULL,NULL,'12','21','','8',NULL,NULL,NULL,'2020-02-20',14,'Y','2020-02-20 14:09:15'),(900,'Munna','8765664423',NULL,NULL,NULL,NULL,NULL,NULL,NULL,'584','34','','8',NULL,NULL,NULL,'2020-02-20',13,'Y','2020-02-20 14:09:15'),(901,'Mayur Khan','9877400879',NULL,NULL,NULL,NULL,NULL,NULL,NULL,'5','28','','13',NULL,5,NULL,'2020-02-20',17,'Y','2020-02-20 14:09:15'),(902,'Balkar Brar','9216052560',NULL,NULL,NULL,NULL,NULL,NULL,NULL,'5','28','','13',NULL,3,NULL,'2020-02-20',17,'Y','2020-02-20 14:09:15'),(903,'Vineet Jain','9888746808',NULL,NULL,NULL,NULL,NULL,NULL,NULL,'5','28','','13',NULL,NULL,NULL,'2020-02-20',17,'Y','2020-02-20 14:09:15'),(904,'Tushar','9971886767',NULL,NULL,NULL,NULL,NULL,NULL,NULL,'2','13','','13',NULL,NULL,NULL,'2020-02-20',13,'Y','2020-02-20 14:09:15'),(905,'Nikhil Garg','8054125093',NULL,NULL,NULL,NULL,NULL,NULL,NULL,'448','28','','8',NULL,4,NULL,'2020-02-20',14,'Y','2020-02-20 14:09:15'),(906,'Sunil Kumar Garments','9465468126',NULL,NULL,NULL,NULL,NULL,NULL,NULL,'5','28','','13',NULL,NULL,NULL,'2020-02-20',17,'Y','2020-02-20 14:09:15'),(907,'MR SAURAV THAKUR','9997778660',NULL,NULL,NULL,NULL,NULL,NULL,NULL,'18','35','','1',NULL,2,NULL,'2020-02-20',19,'Y','2020-02-20 14:09:15'),(908,'Tarun Guleria','9417372225',NULL,NULL,NULL,NULL,NULL,NULL,NULL,'28','28','','1',NULL,1,NULL,'2020-02-20',14,'Y','2020-02-20 14:09:15'),(909,'VISHAL SINGH','8178336840',NULL,NULL,NULL,NULL,NULL,NULL,NULL,'1','10','','8',NULL,3,NULL,'2020-02-20',13,'Y','2020-02-20 14:09:15'),(910,'SUNNY SAINI','9818854513',NULL,NULL,NULL,NULL,NULL,NULL,NULL,'1','10','','8',NULL,NULL,NULL,'2020-02-20',13,'Y','2020-02-20 14:09:15'),(911,'AMRESH SINGH','9431130000',NULL,NULL,NULL,NULL,NULL,NULL,NULL,'21','5','','8',NULL,NULL,NULL,'2020-02-20',13,'Y','2020-02-20 14:09:15'),(912,'SANDEEP SINGH','9729028811',NULL,NULL,NULL,NULL,NULL,NULL,NULL,'192','13','','3',NULL,NULL,NULL,'2020-02-20',0,'Y','2020-02-20 14:09:15'),(913,'ROHIT','7504900000',NULL,NULL,NULL,NULL,NULL,NULL,NULL,'2','13','','8',NULL,NULL,NULL,'2020-02-20',12,'Y','2020-02-20 14:09:15'),(914,'VINAY','9999808880',NULL,NULL,NULL,NULL,NULL,NULL,NULL,'1','10','','8',NULL,NULL,NULL,'2020-02-20',12,'Y','2020-02-20 14:09:15'),(915,'MAYANK','7800100400',NULL,NULL,NULL,NULL,NULL,NULL,NULL,'2','13','','8',NULL,NULL,NULL,'2020-02-20',12,'Y','2020-02-20 14:09:15'),(916,'ISHAAN SINGH','9586800007',NULL,NULL,NULL,NULL,NULL,NULL,NULL,'17','6','','3',NULL,1,NULL,'2020-02-20',14,'Y','2020-02-20 14:09:15'),(917,'DEEPAK CHHOKER','9034025888',NULL,NULL,NULL,NULL,NULL,NULL,NULL,'192','13','','3',NULL,NULL,NULL,'2020-02-20',0,'Y','2020-02-20 14:09:15'),(918,'PAWAN GOSWAMI','8295650099',NULL,NULL,NULL,NULL,NULL,NULL,NULL,'647','26','','1',NULL,2,NULL,'2020-02-20',18,'Y','2020-02-20 14:09:15'),(919,'AMIT SHARMA','8059545454',NULL,NULL,NULL,NULL,NULL,NULL,NULL,'187','13','','12',NULL,4,NULL,'2020-02-20',18,'Y','2020-02-20 14:09:15'),(920,'DHEERAJ','8307588133',NULL,NULL,NULL,NULL,NULL,NULL,NULL,'650','13','','3',NULL,NULL,NULL,'2020-02-20',15,'Y','2020-02-20 14:09:15'),(921,'Anshul Goel','9873088568',NULL,NULL,NULL,NULL,NULL,NULL,NULL,'1','10','','9',NULL,NULL,NULL,'2020-02-20',16,'Y','2020-02-20 14:09:15'),(922,'Harman','9872721201',NULL,NULL,NULL,NULL,NULL,NULL,NULL,'5','28','','9',NULL,NULL,NULL,'2020-02-20',13,'Y','2020-02-20 14:09:15'),(923,'SUNIT','9772080701',NULL,NULL,NULL,NULL,NULL,NULL,NULL,'1','10','','9',NULL,NULL,NULL,'2020-02-20',13,'Y','2020-02-20 14:09:15'),(924,'Ram suther','9887925207',NULL,NULL,NULL,NULL,NULL,NULL,NULL,'3','29','','12',NULL,NULL,NULL,'2020-02-20',18,'Y','2020-02-20 14:09:15'),(925,'VIJAY DESHPANDEY','9623455599',NULL,NULL,NULL,NULL,NULL,NULL,NULL,'347','21','','12',NULL,1,NULL,'2020-02-20',15,'Y','2020-02-20 14:09:15'),(926,'VINOD','9582812211',NULL,NULL,NULL,NULL,NULL,NULL,NULL,'8','10','','3',NULL,NULL,NULL,'2020-02-20',14,'Y','2020-02-20 14:09:15'),(927,'SUNEET JOLLY','9810483021',NULL,NULL,NULL,NULL,NULL,NULL,NULL,'1','10','','8',NULL,NULL,NULL,'2020-02-20',13,'Y','2020-02-20 14:09:15'),(928,'PRABHAT SINGHAL','8982682974',NULL,NULL,NULL,NULL,NULL,NULL,NULL,'132','7','','12',NULL,NULL,NULL,'2020-02-20',18,'Y','2020-02-20 14:09:15'),(929,'ANIL KUMAR','7975616612',NULL,NULL,NULL,NULL,NULL,NULL,NULL,'421','26','','12',NULL,NULL,NULL,'2020-02-20',18,'Y','2020-02-20 14:09:15'),(930,'Vijay Jaiswal','9415717715',NULL,NULL,NULL,NULL,NULL,NULL,NULL,'587','34','','9',NULL,NULL,NULL,'2020-02-20',13,'Y','2020-02-20 14:09:15'),(931,'SANDEEP RANA','8019700143',NULL,NULL,NULL,NULL,NULL,NULL,NULL,'34','32','','12',NULL,NULL,NULL,'2020-02-20',15,'Y','2020-02-20 14:09:15'),(932,'abu mohd junaid','8962175770',NULL,NULL,NULL,NULL,NULL,NULL,NULL,'305','20','','12',NULL,1,NULL,'2020-02-20',15,'Y','2020-02-20 14:09:15'),(933,'Sushil Kumar','8077434467',NULL,NULL,NULL,NULL,NULL,NULL,NULL,'18','35','','9',NULL,NULL,NULL,'2020-02-20',19,'Y','2020-02-20 14:09:15'),(934,'MR MANISH KUMAR AGARWAL','9997704123',NULL,NULL,NULL,NULL,NULL,NULL,NULL,'18','35','','1',NULL,2,NULL,'2020-02-20',19,'Y','2020-02-20 14:09:15'),(935,'MR TRANPREET SINGH GABA','9760076001',NULL,NULL,NULL,NULL,NULL,NULL,NULL,'18','35','','1',NULL,3,NULL,'2020-02-20',19,'Y','2020-02-20 14:09:15'),(936,'AMRITPAL','9876501020',NULL,NULL,NULL,NULL,NULL,NULL,NULL,'461','28','','1',NULL,NULL,NULL,'2020-02-20',18,'Y','2020-02-20 14:09:15'),(937,'Deep','8810289800',NULL,NULL,NULL,NULL,NULL,NULL,NULL,'1','10','','9',NULL,NULL,NULL,'2020-02-20',13,'Y','2020-02-20 14:09:15'),(938,'Ankit','9811112430',NULL,NULL,NULL,NULL,NULL,NULL,NULL,'3','29','','9',NULL,NULL,NULL,'2020-02-20',16,'Y','2020-02-20 14:09:15'),(939,'Rishi','9055190551',NULL,NULL,NULL,NULL,NULL,NULL,NULL,'5','28','','9',NULL,NULL,NULL,'2020-02-20',17,'Y','2020-02-20 14:09:15'),(940,'Rohan','7986990911',NULL,NULL,NULL,NULL,NULL,NULL,NULL,'1','10','','8',NULL,NULL,NULL,'2020-02-20',13,'Y','2020-02-20 14:09:15'),(941,'Yogesh','9899995599',NULL,NULL,NULL,NULL,NULL,NULL,NULL,'2','13','','9',NULL,NULL,NULL,'2020-02-20',20,'Y','2020-02-20 14:09:15'),(942,'SALMAN MALIK','9700323545',NULL,NULL,NULL,NULL,NULL,NULL,NULL,'1','10','','8',NULL,NULL,NULL,'2020-02-20',13,'Y','2020-02-20 14:09:15'),(943,'Bajirao','9988813531',NULL,NULL,NULL,NULL,NULL,NULL,NULL,'17','6','','9',NULL,NULL,NULL,'2020-02-20',14,'Y','2020-02-20 14:09:15'),(944,'Gvv','9818504446',NULL,NULL,NULL,NULL,NULL,NULL,NULL,'3','29','','9',NULL,NULL,NULL,'2020-02-20',16,'Y','2020-02-20 14:09:15'),(945,'Arun','9814111975',NULL,NULL,NULL,NULL,NULL,NULL,NULL,'5','28','','9',NULL,NULL,NULL,'2020-02-20',17,'Y','2020-02-20 14:09:15'),(946,'PANKAJ','8076409576',NULL,NULL,NULL,NULL,NULL,NULL,NULL,'13','34','','3',NULL,NULL,NULL,'2020-02-20',0,'Y','2020-02-20 14:09:15'),(947,'MR SURJEET THAPLIYAL','9997335506',NULL,NULL,NULL,NULL,NULL,NULL,NULL,'18','35','','15',NULL,NULL,NULL,'2020-02-20',19,'Y','2020-02-20 14:09:15'),(948,'MR RAJIV ARORA','9897223451',NULL,NULL,NULL,NULL,NULL,NULL,NULL,'18','35','','15',NULL,NULL,NULL,'2020-02-20',19,'Y','2020-02-20 14:09:15'),(949,'MR RAJIVE','9897274151',NULL,NULL,NULL,NULL,NULL,NULL,NULL,'18','35','','15',NULL,NULL,NULL,'2020-02-20',19,'Y','2020-02-20 14:09:15'),(950,'MR SANJAY AGARWAL','9897341411',NULL,NULL,NULL,NULL,NULL,NULL,NULL,'18','35','','15',NULL,NULL,NULL,'2020-02-20',19,'Y','2020-02-20 14:09:15'),(951,'Shilpa','9212262249',NULL,NULL,NULL,NULL,NULL,NULL,NULL,'1','10','','9',NULL,NULL,NULL,'2020-02-20',13,'Y','2020-02-20 14:09:15'),(952,'MR SHYAM VERMA','9897310127',NULL,NULL,NULL,NULL,NULL,NULL,NULL,'18','35','','15',NULL,NULL,NULL,'2020-02-20',19,'Y','2020-02-20 14:09:15'),(953,'ROHIT','9871143005',NULL,NULL,NULL,NULL,NULL,NULL,NULL,'658','13','','1',NULL,NULL,NULL,'2020-02-20',15,'Y','2020-02-20 14:09:15'),(954,'DILJEET','9992078600',NULL,NULL,NULL,NULL,NULL,NULL,NULL,'187','13','','1',NULL,NULL,NULL,'2020-02-20',15,'Y','2020-02-20 14:09:15'),(955,'Rishi chaddha','9899639543',NULL,NULL,NULL,NULL,NULL,NULL,NULL,'2','13','','9',NULL,3,NULL,'2020-02-20',14,'Y','2020-02-20 14:09:15'),(956,'AJAY YADAV','8825016221',NULL,NULL,NULL,NULL,NULL,NULL,NULL,'1','10','','12',3,NULL,NULL,'2020-02-20',20,'Y','2020-02-20 14:09:15'),(957,'Raghvendra Singh','6306726250',NULL,NULL,NULL,NULL,NULL,NULL,NULL,'587','34','','9',NULL,NULL,NULL,'2020-02-20',13,'Y','2020-02-20 14:09:15'),(958,'AMIT KAMBOJ','9464827307',NULL,NULL,NULL,NULL,NULL,NULL,NULL,'455','28','','6',NULL,3,NULL,'2020-02-20',14,'Y','2020-02-20 14:09:15'),(959,'daljeet singh','9992078600',NULL,NULL,NULL,NULL,NULL,NULL,NULL,'187','13','','1',NULL,NULL,NULL,'2020-02-20',15,'Y','2020-02-20 14:09:15'),(960,'HARVEER SINGH','9144000013',NULL,NULL,NULL,NULL,NULL,NULL,NULL,'5','28','','6',NULL,NULL,NULL,'2020-02-20',17,'Y','2020-02-20 14:09:15'),(961,'RAKESH THAKUR','9999550858',NULL,NULL,NULL,NULL,NULL,NULL,NULL,'214','15','','6',NULL,NULL,NULL,'2020-02-20',18,'Y','2020-02-20 14:09:15'),(962,'DEVENDER RAO','9873764848',NULL,NULL,NULL,NULL,NULL,NULL,NULL,'2','13','','6',NULL,NULL,NULL,'2020-02-20',20,'Y','2020-02-20 14:09:15'),(963,'SHUBHAM SAHIB','9872429292',NULL,NULL,NULL,NULL,NULL,NULL,NULL,'17','6','','6',NULL,1,NULL,'2020-02-20',14,'Y','2020-02-20 14:09:15'),(964,'Humayu','7217731532',NULL,NULL,NULL,NULL,NULL,NULL,NULL,'1','10','','8',NULL,NULL,NULL,'2020-02-20',13,'Y','2020-02-20 14:09:15'),(965,'MR DILP','9997778285',NULL,NULL,NULL,NULL,NULL,NULL,NULL,'18','35','','1',NULL,2,NULL,'2020-02-20',19,'Y','2020-02-20 14:09:15'),(966,'MR ARIF','6397766755',NULL,NULL,NULL,NULL,NULL,NULL,NULL,'18','35','','1',NULL,1,NULL,'2020-02-20',19,'Y','2020-02-20 14:09:15'),(967,'MR AKASH','8266935233',NULL,NULL,NULL,NULL,NULL,NULL,NULL,'18','35','','1',NULL,1,NULL,'2020-02-20',19,'Y','2020-02-20 14:09:15'),(968,'MR TENZING LAMA','8979285571',NULL,NULL,NULL,NULL,NULL,NULL,NULL,'18','35','','1',3,NULL,NULL,'2020-02-20',19,'Y','2020-02-20 14:09:15'),(969,'MR JITENDER AHUJA','9837391631',NULL,NULL,NULL,NULL,NULL,NULL,NULL,'18','35','','1',3,1,NULL,'2020-02-20',19,'Y','2020-02-20 14:09:15'),(970,'MR ABHISHEK','8218765380',NULL,NULL,NULL,NULL,NULL,NULL,NULL,'18','35','','1',NULL,3,NULL,'2020-02-20',19,'Y','2020-02-20 14:09:15'),(971,'Ravi','9825041307',NULL,NULL,NULL,NULL,NULL,NULL,NULL,'1','10','','9',NULL,NULL,NULL,'2020-02-20',13,'Y','2020-02-20 14:09:15'),(972,'Vineet Bhati','9990510909',NULL,NULL,NULL,NULL,NULL,NULL,NULL,'1','10','','8',NULL,NULL,NULL,'2020-02-20',13,'Y','2020-02-20 14:09:15'),(973,'KRISHAN KUMAR','9812152578',NULL,NULL,NULL,NULL,NULL,NULL,NULL,'23','13','','3',NULL,NULL,NULL,'2020-02-20',18,'Y','2020-02-20 14:09:15'),(974,'Roy','7719081908',NULL,NULL,NULL,NULL,NULL,NULL,NULL,'1','10','','8',NULL,NULL,NULL,'2020-02-20',13,'Y','2020-02-20 14:09:15'),(975,'Amritpal singh','9646407484',NULL,NULL,NULL,NULL,NULL,NULL,NULL,'17','6','','8',NULL,NULL,NULL,'2020-02-20',14,'Y','2020-02-20 14:09:15'),(976,'Vijay Kumar','8130833077',NULL,NULL,NULL,NULL,NULL,NULL,NULL,'2','13','','9',NULL,NULL,NULL,'2020-02-20',20,'Y','2020-02-20 14:09:15'),(977,'vijay pal chauhan','8074224905',NULL,NULL,NULL,NULL,NULL,NULL,NULL,'2','13','','1',NULL,4,NULL,'2020-02-20',12,'Y','2020-02-20 14:09:15'),(978,'himmat','9810202037',NULL,NULL,NULL,NULL,NULL,NULL,NULL,'8','10','','1',NULL,4,NULL,'2020-02-20',12,'Y','2020-02-20 14:09:15'),(979,'KAPOORS JWELLERS PVT LTD','9358104387',NULL,NULL,NULL,NULL,NULL,NULL,NULL,'18','35','','1',NULL,NULL,NULL,'2020-02-20',19,'Y','2020-02-20 14:09:15'),(980,'Nasir Hussain','9752222404',NULL,NULL,NULL,NULL,NULL,NULL,NULL,'2','13','','8',NULL,NULL,NULL,'2020-02-20',20,'Y','2020-02-20 14:09:15'),(981,'VIKAS KAPOOR','9829020007',NULL,NULL,NULL,NULL,NULL,NULL,NULL,'485','29','','12',NULL,NULL,NULL,'2020-02-20',13,'Y','2020-02-20 14:09:15'),(982,'GANESH','9894608382',NULL,NULL,NULL,NULL,NULL,NULL,NULL,'504','31','','12',NULL,NULL,NULL,'2020-02-20',13,'Y','2020-02-20 14:09:15'),(983,'Subhash Mukhiya','7319146363',NULL,NULL,NULL,NULL,NULL,NULL,NULL,'3','29','','9',NULL,NULL,NULL,'2020-02-20',16,'Y','2020-02-20 14:09:15'),(984,'Mohd Waseem','9670727536',NULL,NULL,NULL,NULL,NULL,NULL,NULL,'587','34','','9',NULL,NULL,NULL,'2020-02-20',13,'Y','2020-02-20 14:09:15'),(985,'RAJEEV VERMA','8900421904',NULL,NULL,NULL,NULL,NULL,NULL,NULL,'5','28','','8',NULL,NULL,NULL,'2020-02-20',17,'Y','2020-02-20 14:09:15'),(986,'Omar Nail','9923313131',NULL,NULL,NULL,NULL,NULL,NULL,NULL,'374','21','','12',NULL,NULL,NULL,'2020-02-20',15,'Y','2020-02-20 14:09:15'),(987,'vikas','9810071309',NULL,NULL,NULL,NULL,NULL,NULL,NULL,'1','10','','1',NULL,4,NULL,'2020-02-20',12,'Y','2020-02-20 14:09:15'),(988,'rajesh kakkar','9810313380',NULL,NULL,NULL,NULL,NULL,NULL,NULL,'1','10','','1',NULL,4,NULL,'2020-02-20',12,'Y','2020-02-20 14:09:15'),(989,'faizal','7905456208',NULL,NULL,NULL,NULL,NULL,NULL,NULL,'1','10','','1',NULL,1,NULL,'2020-02-20',12,'Y','2020-02-20 14:09:15'),(990,'poonam kaakkar','9873764009',NULL,NULL,NULL,NULL,NULL,NULL,NULL,'1','10','','1',NULL,4,NULL,'2020-02-20',12,'Y','2020-02-20 14:09:15'),(991,'MANISH','9211111716',NULL,NULL,NULL,NULL,NULL,NULL,NULL,'16','13','','1',NULL,3,NULL,'2020-02-20',13,'Y','2020-02-20 14:09:15'),(992,'Vishal Jaiswal','7355336279',NULL,NULL,NULL,NULL,NULL,NULL,NULL,'587','34','','9',NULL,NULL,NULL,'2020-02-20',13,'Y','2020-02-20 14:09:15'),(993,'NITIN','9811992186',NULL,NULL,NULL,NULL,NULL,NULL,NULL,'8','10','','1',NULL,2,NULL,'2020-02-20',13,'Y','2020-02-20 14:09:15'),(994,'DEEP','8725812283',NULL,NULL,NULL,NULL,NULL,NULL,NULL,'455','28','','1',NULL,4,NULL,'2020-02-20',15,'Y','2020-02-20 14:09:15'),(995,'UDAY','9416026333',NULL,NULL,NULL,NULL,NULL,NULL,NULL,'656','13','','1',NULL,3,NULL,'2020-02-20',13,'Y','2020-02-20 14:09:15'),(996,'MEHUL','9911052000',NULL,NULL,NULL,NULL,NULL,NULL,NULL,'8','10','','1',NULL,3,NULL,'2020-02-20',13,'Y','2020-02-20 14:09:15'),(997,'KABIR SINGH','9873818087',NULL,NULL,NULL,NULL,NULL,NULL,NULL,'8','10','','1',NULL,3,NULL,'2020-02-20',13,'Y','2020-02-20 14:09:15'),(998,'anshul','7499999923',NULL,NULL,NULL,NULL,NULL,NULL,NULL,'17','6','','3',NULL,1,NULL,'2020-02-20',14,'Y','2020-02-20 14:09:15'),(999,'satnam singh','9814363336',NULL,NULL,NULL,NULL,NULL,NULL,NULL,'465','28','','3',NULL,2,NULL,'2020-02-20',14,'Y','2020-02-20 14:09:15'),(1000,'VINEY BANSAL','9999638149',NULL,NULL,NULL,NULL,NULL,NULL,NULL,'1','10','','3',NULL,4,NULL,'2020-02-20',13,'Y','2020-02-20 14:09:15'),(1001,'MR SUNIL KUMAR TYAGI','9627768276',NULL,NULL,NULL,NULL,NULL,NULL,NULL,'18','35','','1',NULL,NULL,NULL,'2020-02-20',19,'Y','2020-02-20 14:09:15'),(1002,'DR LALIT CHAUDHARY','9639345555',NULL,NULL,NULL,NULL,NULL,NULL,NULL,'18','35','','15',NULL,NULL,NULL,'2020-02-20',19,'Y','2020-02-20 14:09:15'),(1003,'DR. M.R GROVER','9897307852',NULL,NULL,NULL,NULL,NULL,NULL,NULL,'18','35','','15',NULL,NULL,NULL,'2020-02-20',19,'Y','2020-02-20 14:09:15'),(1004,'MR I.C SANGHAL','9897086867',NULL,NULL,NULL,NULL,NULL,NULL,NULL,'18','35','','15',NULL,NULL,NULL,'2020-02-20',19,'Y','2020-02-20 14:09:15'),(1005,'Prahlad','9636841243',NULL,NULL,NULL,NULL,NULL,NULL,NULL,'467','29','','12',NULL,NULL,NULL,'2020-02-20',13,'Y','2020-02-20 14:09:15'),(1006,'Sudheer','9985624212',NULL,NULL,NULL,NULL,NULL,NULL,NULL,'31','2','','12',NULL,1,NULL,'2020-02-20',15,'Y','2020-02-20 14:09:15'),(1007,'Harpreet Singh','9811885255',NULL,NULL,NULL,NULL,NULL,NULL,NULL,'1','10','','8',NULL,NULL,NULL,'2020-02-20',13,'Y','2020-02-20 14:09:15'),(1008,'Yogendra Dhama','9818602986',NULL,NULL,NULL,NULL,NULL,NULL,NULL,'18','35','','9',NULL,NULL,NULL,'2020-02-20',19,'Y','2020-02-20 14:09:15'),(1009,'SANJAY','9891250774',NULL,NULL,NULL,NULL,NULL,NULL,NULL,'1','10','','8',NULL,NULL,NULL,'2020-02-20',13,'Y','2020-02-20 14:09:15'),(1010,'Himanshu Bhalla','9888021748',NULL,NULL,NULL,NULL,NULL,NULL,NULL,'17','6','','9',NULL,NULL,NULL,'2020-02-20',14,'Y','2020-02-20 14:09:15'),(1011,'SALMAN MALIK','9700323545',NULL,NULL,NULL,NULL,NULL,NULL,NULL,'34','32','','8',NULL,NULL,NULL,'2020-02-20',13,'Y','2020-02-20 14:09:15'),(1012,'Shashank','9469373737',NULL,NULL,NULL,NULL,NULL,NULL,NULL,'3','29','','9',NULL,NULL,NULL,'2020-02-20',16,'Y','2020-02-20 14:09:15'),(1013,'Ankit','7678536893',NULL,NULL,NULL,NULL,NULL,NULL,NULL,'544','34','','9',NULL,NULL,NULL,'2020-02-20',13,'Y','2020-02-20 14:09:15'),(1014,'Mr ISHAAN Ahuja','9810587771',NULL,NULL,NULL,NULL,NULL,NULL,NULL,'8','10','','9',NULL,NULL,NULL,'2020-02-20',13,'Y','2020-02-20 14:09:15'),(1015,'Rishi','6306555154',NULL,NULL,NULL,NULL,NULL,NULL,NULL,'587','34','','9',NULL,NULL,NULL,'2020-02-20',13,'Y','2020-02-20 14:09:15'),(1016,'Maninderjit Singh','9988866154',NULL,NULL,NULL,NULL,NULL,NULL,NULL,'11','28','','3',NULL,3,NULL,'2020-02-20',14,'Y','2020-02-20 14:09:15'),(1017,'MR NITIN','9779717869',NULL,NULL,NULL,NULL,NULL,NULL,NULL,'5','28','','11',NULL,2,NULL,'2020-02-20',17,'Y','2020-02-20 14:09:15'),(1018,'Vijay','9868034641',NULL,NULL,NULL,NULL,NULL,NULL,NULL,'2','13','','9',NULL,NULL,NULL,'2020-02-20',20,'Y','2020-02-20 14:09:15'),(1019,'MANDEEP','7015703844',NULL,NULL,NULL,NULL,NULL,NULL,NULL,'185','13','','3',NULL,NULL,NULL,'2020-02-20',15,'Y','2020-02-20 14:09:15'),(1020,'SAHIL','7889791154',NULL,NULL,NULL,NULL,NULL,NULL,NULL,'1','10','','8',NULL,NULL,NULL,'2020-02-20',13,'Y','2020-02-20 14:09:15'),(1021,'ANUBHAV','9812200048',NULL,NULL,NULL,NULL,NULL,NULL,NULL,'1','10','','8',NULL,NULL,NULL,'2020-02-20',13,'Y','2020-02-20 14:09:15'),(1022,'Savio Fernandes','9765844667',NULL,NULL,NULL,NULL,NULL,NULL,NULL,'19','11','','8',NULL,1,NULL,'2020-02-20',13,'Y','2020-02-20 14:09:15'),(1023,'VASU','8284964747',NULL,NULL,NULL,NULL,NULL,NULL,NULL,'187','13','','3',NULL,4,NULL,'2020-02-20',15,'Y','2020-02-20 14:09:15'),(1024,'CHETAN SINGH','9999979954',NULL,NULL,NULL,NULL,NULL,NULL,NULL,'2','13','','8',NULL,NULL,NULL,'2020-02-20',20,'Y','2020-02-20 14:09:15'),(1025,'Vikram VIJ','9915546219',NULL,NULL,NULL,NULL,NULL,NULL,NULL,'446','28','','8',NULL,1,NULL,'2020-02-20',14,'Y','2020-02-20 14:09:15'),(1026,'Shivam','9811171503',NULL,NULL,NULL,NULL,NULL,NULL,NULL,'2','13','','8',NULL,NULL,NULL,'2020-02-20',20,'Y','2020-02-20 14:09:15'),(1027,'YOGESH','9876699887',NULL,NULL,NULL,NULL,NULL,NULL,NULL,'17','6','','3',NULL,3,NULL,'2020-02-20',14,'Y','2020-02-20 14:09:15'),(1028,'SHARAFAT HUSSAIN','8881726485',NULL,NULL,NULL,NULL,NULL,NULL,NULL,'12','21','','12',NULL,NULL,NULL,'2020-02-20',13,'Y','2020-02-20 14:09:15'),(1029,'KISHOR CHAUDHARY','9412129635',NULL,NULL,NULL,NULL,NULL,NULL,NULL,'657','34','','12',NULL,1,NULL,'2020-02-20',15,'Y','2020-02-20 14:09:15'),(1030,'Mayur','7737577770',NULL,NULL,NULL,NULL,NULL,NULL,NULL,'3','29','','12',NULL,NULL,NULL,'2020-02-20',16,'Y','2020-02-20 14:09:15'),(1031,'ABHISHEK GARG','9915100789',NULL,NULL,NULL,NULL,NULL,NULL,NULL,'448','28','','6',NULL,4,NULL,'2020-02-20',14,'Y','2020-02-20 14:09:15'),(1032,'NAVJOT SANDHU','7234800062',NULL,NULL,NULL,NULL,NULL,NULL,NULL,'446','28','','6',NULL,NULL,NULL,'2020-02-20',17,'Y','2020-02-20 14:09:15'),(1033,'GOLDY SANDHU','9877042118',NULL,NULL,NULL,NULL,NULL,NULL,NULL,'606','34','','6',NULL,NULL,NULL,'2020-02-20',17,'Y','2020-02-20 14:09:15'),(1034,'Satyam Singhal','9415139307',NULL,NULL,NULL,NULL,NULL,NULL,NULL,'587','34','','9',NULL,NULL,NULL,'2020-02-20',13,'Y','2020-02-20 14:09:15'),(1035,'Dr F Rahman','9795552594',NULL,NULL,NULL,NULL,NULL,NULL,NULL,'587','34','','9',NULL,NULL,NULL,'2020-02-20',13,'Y','2020-02-20 14:09:15'),(1036,'MR ATUL PRADHAN','9917117825',NULL,NULL,NULL,NULL,NULL,NULL,NULL,'18','35','','1',NULL,NULL,NULL,'2020-02-20',19,'Y','2020-02-20 14:09:15'),(1037,'Gurnam','9524300001',NULL,NULL,NULL,NULL,NULL,NULL,NULL,'3','29','','9',NULL,NULL,NULL,'2020-02-20',16,'Y','2020-02-20 14:09:15'),(1038,'Pankaj Saini','9811404542',NULL,NULL,NULL,NULL,NULL,NULL,NULL,'18','35','','9',NULL,NULL,NULL,'2020-02-20',19,'Y','2020-02-20 14:09:15'),(1039,'Dr Praveen Prashant','9812289109',NULL,NULL,NULL,NULL,NULL,NULL,NULL,'193','13','','9',NULL,NULL,NULL,'2020-02-20',18,'Y','2020-02-20 14:09:15'),(1040,'DR.DINANATH','9254106787',NULL,NULL,NULL,NULL,NULL,NULL,NULL,'23','13','','3',NULL,1,NULL,'2020-02-20',15,'Y','2020-02-20 14:09:15'),(1041,'LAKSHAY','8800530177',NULL,NULL,NULL,NULL,NULL,NULL,NULL,'1','10','','8',NULL,NULL,NULL,'2020-02-20',13,'Y','2020-02-20 14:09:15'),(1042,'HARSHIT JAIN','9811118966',NULL,NULL,NULL,NULL,NULL,NULL,NULL,'1','10','','8',NULL,NULL,NULL,'2020-02-20',13,'Y','2020-02-20 14:09:15'),(1043,'HARSHAD','7404040840',NULL,NULL,NULL,NULL,NULL,NULL,NULL,'1','10','','8',NULL,NULL,NULL,'2020-02-20',13,'Y','2020-02-20 14:09:15'),(1044,'RAJ OBERAI','9888250786',NULL,NULL,NULL,NULL,NULL,NULL,NULL,'1','10','','8',NULL,NULL,NULL,'2020-02-20',13,'Y','2020-02-20 14:09:15'),(1045,'VISHAL MAHETEHLIA','9415036911',NULL,NULL,NULL,NULL,NULL,NULL,NULL,'587','34','','8',NULL,NULL,NULL,'2020-02-20',13,'Y','2020-02-20 14:09:15'),(1046,'ROHAN','7665555540',NULL,NULL,NULL,NULL,NULL,NULL,NULL,'3','29','','8',NULL,1,NULL,'2020-02-20',13,'Y','2020-02-20 14:09:15'),(1047,'SAURABH SANYAL','9953327643',NULL,NULL,NULL,NULL,NULL,NULL,NULL,'2','13','','8',NULL,NULL,NULL,'2020-02-20',20,'Y','2020-02-20 14:09:15'),(1048,'ANIL GOYAL','9896444123',NULL,NULL,NULL,NULL,NULL,NULL,NULL,'23','13','','3',NULL,4,NULL,'2020-02-20',15,'Y','2020-02-20 14:09:15'),(1049,'Mohit Gehlawat','8930386479',NULL,NULL,NULL,NULL,NULL,NULL,NULL,'7','13','','12',NULL,NULL,NULL,'2020-02-20',18,'Y','2020-02-20 14:09:15'),(1050,'arun','9758109091',NULL,NULL,NULL,NULL,NULL,NULL,NULL,'555','34','','12',NULL,NULL,NULL,'2020-02-20',12,'Y','2020-02-20 14:09:15'),(1051,'SATYA PAL SINGH','9818129113',NULL,NULL,NULL,NULL,NULL,NULL,NULL,'1','10','','8',NULL,NULL,NULL,'2020-02-20',13,'Y','2020-02-20 14:09:15'),(1052,'JASPAL','9810119546',NULL,NULL,NULL,NULL,NULL,NULL,NULL,'2','13','','8',NULL,NULL,NULL,'2020-02-20',20,'Y','2020-02-20 14:09:15'),(1053,'BALWINDERS SINGH','8699506119',NULL,NULL,NULL,NULL,NULL,NULL,NULL,'450','28','','8',NULL,NULL,NULL,'2020-02-20',13,'Y','2020-02-20 14:09:15'),(1054,'VINAY GROVER','9872612255',NULL,NULL,NULL,NULL,NULL,NULL,NULL,'191','13','','10',NULL,3,NULL,'2020-02-20',14,'Y','2020-02-20 14:09:15'),(1055,'RANJEET SINGH','9416374551',NULL,NULL,NULL,NULL,NULL,NULL,NULL,'187','13','','8',NULL,1,NULL,'2020-02-20',15,'Y','2020-02-20 14:09:15'),(1056,'RASIK PATEL','9925233440',NULL,NULL,NULL,NULL,NULL,NULL,NULL,'2','13','','8',NULL,NULL,NULL,'2020-02-20',20,'Y','2020-02-20 14:09:15'),(1057,'SUNIL BILLA','7009195631',NULL,NULL,NULL,NULL,NULL,NULL,NULL,'17','6','','8',NULL,1,NULL,'2020-02-20',14,'Y','2020-02-20 14:09:15'),(1058,'MR SACHIN','7217351767',NULL,NULL,NULL,NULL,NULL,NULL,NULL,'18','35','','1',NULL,1,NULL,'2020-02-20',19,'Y','2020-02-20 14:09:15'),(1059,'SATINDER SHARMA','9416281366',NULL,NULL,NULL,NULL,NULL,NULL,NULL,'23','13','','3',NULL,NULL,NULL,'2020-02-20',15,'Y','2020-02-20 14:09:15'),(1060,'MR ADITYA PUNDIR','9760059007',NULL,NULL,NULL,NULL,NULL,NULL,NULL,'18','35','','1',NULL,3,NULL,'2020-02-20',19,'Y','2020-02-20 14:09:15'),(1061,'MR SIYAN EXIN','8954627888',NULL,NULL,NULL,NULL,NULL,NULL,NULL,'18','35','','1',NULL,NULL,NULL,'2020-02-20',19,'Y','2020-02-20 14:09:15'),(1062,'MR S SUNIL SURI','9259225755',NULL,NULL,NULL,NULL,NULL,NULL,NULL,'18','35','','1',NULL,1,NULL,'2020-02-20',19,'Y','2020-02-20 14:09:15'),(1063,'amit','9212414079',NULL,NULL,NULL,NULL,NULL,NULL,NULL,'2','13','','8',NULL,NULL,NULL,'2020-02-20',20,'Y','2020-02-20 14:09:15'),(1064,'Rahul','9648419000',NULL,NULL,NULL,NULL,NULL,NULL,NULL,'587','34','','8',NULL,NULL,NULL,'2020-02-20',13,'Y','2020-02-20 14:09:15'),(1065,'Rasik Patel','9925233440',NULL,NULL,NULL,NULL,NULL,NULL,NULL,'9','12','','9',NULL,NULL,NULL,'2020-02-20',13,'Y','2020-02-20 14:09:15'),(1066,'DEEPAK MEENA','9660128357',NULL,NULL,NULL,NULL,NULL,NULL,NULL,'1','10','','8',NULL,NULL,NULL,'2020-02-20',13,'Y','2020-02-20 14:09:15'),(1067,'DEEPAK SINGH','9990031131',NULL,NULL,NULL,NULL,NULL,NULL,NULL,'1','10','','8',NULL,NULL,NULL,'2020-02-20',13,'Y','2020-02-20 14:09:15'),(1068,'SHAHNAWAZ','9811021191',NULL,NULL,NULL,NULL,NULL,NULL,NULL,'1','10','','8',NULL,NULL,NULL,'2020-02-20',13,'Y','2020-02-20 14:09:15'),(1069,'RAGHUVENDRA VISHAN','6306726250',NULL,NULL,NULL,NULL,NULL,NULL,NULL,'587','34','','8',NULL,NULL,NULL,'2020-02-20',13,'Y','2020-02-20 14:09:15'),(1070,'PARVEJ','8146501505',NULL,NULL,NULL,NULL,NULL,NULL,NULL,'17','6','','8',NULL,NULL,NULL,'2020-02-20',14,'Y','2020-02-20 14:09:15'),(1071,'HARPREET','9988266748',NULL,NULL,NULL,NULL,NULL,NULL,NULL,'5','28','','8',NULL,NULL,NULL,'2020-02-20',17,'Y','2020-02-20 14:09:15'),(1072,'DINESH SHASTRI','9815952108',NULL,NULL,NULL,NULL,NULL,NULL,NULL,'5','28','','8',NULL,NULL,NULL,'2020-02-20',17,'Y','2020-02-20 14:09:15'),(1073,'AADITYA','7988801104',NULL,NULL,NULL,NULL,NULL,NULL,NULL,'2','13','','8',NULL,NULL,NULL,'2020-02-20',20,'Y','2020-02-20 14:09:15'),(1074,'PRASHANT','9810806654',NULL,NULL,NULL,NULL,NULL,NULL,NULL,'2','13','','8',NULL,NULL,NULL,'2020-02-20',20,'Y','2020-02-20 14:09:15'),(1075,'ANAND BARUA','7906879030',NULL,NULL,NULL,NULL,NULL,NULL,NULL,'539','34','','12',NULL,NULL,NULL,'2020-02-20',13,'Y','2020-02-20 14:09:15'),(1076,'VANSH TOMER','8006667101',NULL,NULL,NULL,NULL,NULL,NULL,NULL,'555','34','','12',NULL,NULL,NULL,'2020-02-20',13,'Y','2020-02-20 14:09:15'),(1077,'PRAKHAR','9899249529',NULL,NULL,NULL,NULL,NULL,NULL,NULL,'13','34','','12',NULL,NULL,NULL,'2020-02-20',13,'Y','2020-02-20 14:09:15'),(1078,'Rajesh Sharma','9988166912',NULL,NULL,NULL,NULL,NULL,NULL,NULL,'17','6','','3',NULL,1,NULL,'2020-02-20',14,'Y','2020-02-20 14:09:15'),(1079,'MR NITESH AGARWAL','9917537285',NULL,NULL,NULL,NULL,NULL,NULL,NULL,'18','35','','1',NULL,NULL,NULL,'2020-02-20',19,'Y','2020-02-20 14:09:15'),(1080,'PIYUSH','9977777263',NULL,NULL,NULL,NULL,NULL,NULL,NULL,'1','10','','8',NULL,NULL,NULL,'2020-02-20',13,'Y','2020-02-20 14:09:15'),(1081,'MR DEVENDER DHAIYA','9219588251',NULL,NULL,NULL,NULL,NULL,NULL,NULL,'18','35','','1',NULL,NULL,NULL,'2020-02-20',19,'Y','2020-02-20 14:09:15'),(1082,'MR HANSH KUMAR','9759003719',NULL,NULL,NULL,NULL,NULL,NULL,NULL,'18','35','','12',3,3,NULL,'2020-02-20',19,'Y','2020-02-20 14:09:15'),(1083,'JASWINDER KALRA','9992850000',NULL,NULL,NULL,NULL,NULL,NULL,NULL,'23','13','','3',NULL,3,NULL,'2020-02-20',18,'Y','2020-02-20 14:09:15'),(1084,'MR AKSHAY DHAHI','9997982525',NULL,NULL,NULL,NULL,NULL,NULL,NULL,'18','35','','1',NULL,NULL,NULL,'2020-02-20',19,'Y','2020-02-20 14:09:15'),(1085,'MR SAURABH','9736100091',NULL,NULL,NULL,NULL,NULL,NULL,NULL,'18','35','','1',NULL,1,NULL,'2020-02-20',19,'Y','2020-02-20 14:09:15'),(1086,'VINEET','8188996674',NULL,NULL,NULL,NULL,NULL,NULL,NULL,'587','34','','8',NULL,NULL,NULL,'2020-02-20',13,'Y','2020-02-20 14:09:15'),(1087,'RAVINDER SHARMA','7900000030',NULL,NULL,NULL,NULL,NULL,NULL,NULL,'2','13','','13',NULL,NULL,NULL,'2020-02-20',12,'Y','2020-02-20 14:09:15'),(1088,'PIYUSH','9873210501',NULL,NULL,NULL,NULL,NULL,NULL,NULL,'2','13','','13',NULL,NULL,NULL,'2020-02-20',12,'Y','2020-02-20 14:09:15'),(1089,'MOHIT KUMAR','8708505935',NULL,NULL,NULL,NULL,NULL,NULL,NULL,'17','6','','8',NULL,NULL,NULL,'2020-02-20',14,'Y','2020-02-20 14:09:15'),(1090,'RAVNEET SINGH','9717573364',NULL,NULL,NULL,NULL,NULL,NULL,NULL,'17','6','','8',NULL,NULL,NULL,'2020-02-20',14,'Y','2020-02-20 14:09:15'),(1091,'ANKIT GUPTA','9891385555',NULL,NULL,NULL,NULL,NULL,NULL,NULL,'2','13','','8',NULL,NULL,NULL,'2020-02-20',20,'Y','2020-02-20 14:09:15'),(1092,'HITESH','9419797100',NULL,NULL,NULL,NULL,NULL,NULL,NULL,'214','15','','3',NULL,NULL,NULL,'2020-02-20',18,'Y','2020-02-20 14:09:15'),(1093,'YOGESH TOMAR','9929824265',NULL,NULL,NULL,NULL,NULL,NULL,NULL,'315','20','','3',NULL,1,NULL,'2020-02-20',13,'Y','2020-02-20 14:09:15'),(1094,'KULDEEP','9873918544',NULL,NULL,NULL,NULL,NULL,NULL,NULL,'1','10','','8',NULL,NULL,NULL,'2020-02-20',20,'Y','2020-02-20 14:09:15'),(1095,'MR ASHISH CHOPRA','9837081321',NULL,NULL,NULL,NULL,NULL,NULL,NULL,'18','35','','1',NULL,NULL,NULL,'2020-02-20',19,'Y','2020-02-20 14:09:15'),(1096,'MANPREET SINGH','7404619159',NULL,NULL,NULL,NULL,NULL,NULL,NULL,'23','13','','3',NULL,2,NULL,'2020-02-20',15,'Y','2020-02-20 14:09:15'),(1097,'SANCHIT POPLI','9872538015',NULL,NULL,NULL,NULL,NULL,NULL,NULL,'5','28','','8',NULL,NULL,NULL,'2020-02-20',17,'Y','2020-02-20 14:09:15'),(1098,'MR VAIBHAV','8937889889',NULL,NULL,NULL,NULL,NULL,NULL,NULL,'18','35','','1',NULL,4,NULL,'2020-02-20',19,'Y','2020-02-20 14:09:15'),(1099,'SANIDYA JAIN','9691699000',NULL,NULL,NULL,NULL,NULL,NULL,NULL,'10','20','','8',NULL,NULL,NULL,'2020-02-20',13,'Y','2020-02-20 14:09:15'),(1100,'MR AKHIL SETHI','9411100823',NULL,NULL,NULL,NULL,NULL,NULL,NULL,'18','35','','1',NULL,1,NULL,'2020-02-20',19,'Y','2020-02-20 14:09:15'),(1101,'ashant','7734000051',NULL,NULL,NULL,NULL,NULL,NULL,NULL,'17','6','','3',NULL,1,NULL,'2020-02-20',14,'Y','2020-02-20 14:09:15'),(1102,'NARESH MEKALA','9705748090',NULL,NULL,NULL,NULL,NULL,NULL,NULL,'31','2','','8',NULL,NULL,NULL,'2020-02-20',13,'Y','2020-02-20 14:09:15'),(1103,'SARABJIT','9876000068',NULL,NULL,NULL,NULL,NULL,NULL,NULL,'1','10','','8',NULL,NULL,NULL,'2020-02-20',13,'Y','2020-02-20 14:09:15'),(1104,'DALJINDER KAUR','8527045051',NULL,NULL,NULL,NULL,NULL,NULL,NULL,'11','28','','3',NULL,3,NULL,'2020-02-20',14,'Y','2020-02-20 14:09:15'),(1105,'NIKHIL PANDAY','9953875362',NULL,NULL,NULL,NULL,NULL,NULL,NULL,'587','34','','8',NULL,NULL,NULL,'2020-02-20',13,'Y','2020-02-20 14:09:15'),(1106,'RAJ','8642888881',NULL,NULL,NULL,NULL,NULL,NULL,NULL,'17','6','','8',NULL,NULL,NULL,'2020-02-20',17,'Y','2020-02-20 14:09:15'),(1107,'TARANPREET','6280528763',NULL,NULL,NULL,NULL,NULL,NULL,NULL,'17','6','','8',NULL,NULL,NULL,'2020-02-20',17,'Y','2020-02-20 14:09:15'),(1108,'RAJINDER DHAMIJA','9872448031',NULL,NULL,NULL,NULL,NULL,NULL,NULL,'653','28','','8',NULL,1,NULL,'2020-02-20',14,'Y','2020-02-20 14:09:15'),(1109,'ADITYA SINGH RAJPUT','7518398001',NULL,NULL,NULL,NULL,NULL,NULL,NULL,'1','10','','8',NULL,NULL,NULL,'2020-02-20',13,'Y','2020-02-20 14:09:15'),(1110,'AMIT','9415359416',NULL,NULL,NULL,NULL,NULL,NULL,NULL,'587','34','','8',NULL,NULL,NULL,'2020-02-20',13,'Y','2020-02-20 14:09:15'),(1111,'SURAJ','9965933333',NULL,NULL,NULL,NULL,NULL,NULL,NULL,'1','10','','8',NULL,NULL,NULL,'2020-02-20',13,'Y','2020-02-20 14:09:15'),(1112,'SANDEEP SINGH','9988666600',NULL,NULL,NULL,NULL,NULL,NULL,NULL,'11','28','','8',NULL,4,NULL,'2020-02-20',14,'Y','2020-02-20 14:09:15'),(1113,'CHANDER PRAKASH SINGH','9811282676',NULL,NULL,NULL,NULL,NULL,NULL,NULL,'8','10','','12',3,NULL,NULL,'2020-02-20',15,'Y','2020-02-20 14:09:15'),(1114,'MALKIT SINGH','9501758111',NULL,NULL,NULL,NULL,NULL,NULL,NULL,'652','28','','1',NULL,2,NULL,'2020-02-20',14,'Y','2020-02-20 14:09:15'),(1115,'MR SAHANI','9837052664',NULL,NULL,NULL,NULL,NULL,NULL,NULL,'18','35','','1',NULL,NULL,NULL,'2020-02-20',19,'Y','2020-02-20 14:09:15'),(1116,'R .N SHARMA','7018476124',NULL,NULL,NULL,NULL,NULL,NULL,NULL,'28','28','','1',NULL,2,NULL,'2020-02-20',14,'Y','2020-02-20 14:09:15'),(1117,'RAYS','9891113888',NULL,NULL,NULL,NULL,NULL,NULL,NULL,'2','13','','8',NULL,NULL,NULL,'2020-02-20',20,'Y','2020-02-20 14:09:15'),(1118,'JATINDER MALHI','8905129708',NULL,NULL,NULL,NULL,NULL,NULL,NULL,'1','10','','8',NULL,NULL,NULL,'2020-02-20',13,'Y','2020-02-20 14:09:15'),(1119,'DHANANJAY','8837585466',NULL,NULL,NULL,NULL,NULL,NULL,NULL,'455','28','','8',NULL,NULL,NULL,'2020-02-20',14,'Y','2020-02-20 14:09:15'),(1120,'ASHISH','9855101537',NULL,NULL,NULL,NULL,NULL,NULL,NULL,'17','6','','8',NULL,3,NULL,'2020-02-20',14,'Y','2020-02-20 14:09:15'),(1121,'SANDEEP MENGI','9906082314',NULL,NULL,NULL,NULL,NULL,NULL,NULL,'214','15','','8',NULL,3,NULL,'2020-02-20',14,'Y','2020-02-20 14:09:15'),(1122,'VIMAN YADAV','9868820050',NULL,NULL,NULL,NULL,NULL,NULL,NULL,'11','28','','8',NULL,1,NULL,'2020-02-20',14,'Y','2020-02-20 14:09:15'),(1123,'AAKAH KHANEJA','9891357777',NULL,NULL,NULL,NULL,NULL,NULL,NULL,'8','10','','8',NULL,2,NULL,'2020-02-20',14,'Y','2020-02-20 14:09:15'),(1124,'AKHIL','7571855565',NULL,NULL,NULL,NULL,NULL,NULL,NULL,'587','34','','8',NULL,NULL,NULL,'2020-02-20',13,'Y','2020-02-20 14:09:15'),(1125,'MANISH','9140785587',NULL,NULL,NULL,NULL,NULL,NULL,NULL,'587','34','','8',NULL,NULL,NULL,'2020-02-20',13,'Y','2020-02-20 14:09:15'),(1126,'SANTOSH CHANDERWANI','9369188480',NULL,NULL,NULL,NULL,NULL,NULL,NULL,'587','34','','8',NULL,NULL,NULL,'2020-02-20',13,'Y','2020-02-20 14:09:15'),(1127,'YAJUWENDRA SINGH','9198277775',NULL,NULL,NULL,NULL,NULL,NULL,NULL,'587','34','','8',NULL,NULL,NULL,'2020-02-20',13,'Y','2020-02-20 14:09:15'),(1128,'SHUBH SHARMA','9888234269',NULL,NULL,NULL,NULL,NULL,NULL,NULL,'1','10','','8',NULL,NULL,NULL,'2020-02-20',13,'Y','2020-02-20 14:09:15'),(1129,'RAGHU','9911874544',NULL,NULL,NULL,NULL,NULL,NULL,NULL,'1','10','','8',NULL,NULL,NULL,'2020-02-20',13,'Y','2020-02-20 14:09:15'),(1130,'PARTH SINHA','9334387151',NULL,NULL,NULL,NULL,NULL,NULL,NULL,'1','10','','8',NULL,NULL,NULL,'2020-02-20',13,'Y','2020-02-20 14:09:15'),(1131,'SANJAY KOHLI','9811141923',NULL,NULL,NULL,NULL,NULL,NULL,NULL,'1','10','','8',NULL,NULL,NULL,'2020-02-20',13,'Y','2020-02-20 14:09:15'),(1132,'RAJIV BANSAL','9810331156',NULL,NULL,NULL,NULL,NULL,NULL,NULL,'13','34','','8',NULL,NULL,NULL,'2020-02-20',13,'Y','2020-02-20 14:09:15'),(1133,'NISHANT','9811999653',NULL,NULL,NULL,NULL,NULL,NULL,NULL,'1','10','','8',NULL,NULL,NULL,'2020-02-20',13,'Y','2020-02-20 14:09:15'),(1134,'GAURAV','9300360324',NULL,NULL,NULL,NULL,NULL,NULL,NULL,'13','34','','8',NULL,NULL,NULL,'2020-02-20',13,'Y','2020-02-20 14:09:15'),(1135,'RAJIV','9810591999',NULL,NULL,NULL,NULL,NULL,NULL,NULL,'1','10','','8',NULL,NULL,NULL,'2020-02-20',13,'Y','2020-02-20 14:09:15'),(1136,'HEMANT SINGH','9419612021',NULL,NULL,NULL,NULL,NULL,NULL,NULL,'214','15','','8',NULL,NULL,NULL,'2020-02-20',13,'Y','2020-02-20 14:09:15'),(1137,'MOHD HASSHIM','9781314440',NULL,NULL,NULL,NULL,NULL,NULL,NULL,'4','28','','8',NULL,NULL,NULL,'2020-02-20',17,'Y','2020-02-20 14:09:15'),(1138,'RAJAN','9996035016',NULL,NULL,NULL,NULL,NULL,NULL,NULL,'180','13','','8',NULL,NULL,NULL,'2020-02-20',18,'Y','2020-02-20 14:09:15'),(1139,'MR S.K BANSAL','8755572155',NULL,NULL,NULL,NULL,NULL,NULL,NULL,'18','35','','1',NULL,2,NULL,'2020-02-20',19,'Y','2020-02-20 14:09:15'),(1140,'VIJAY','9729103013',NULL,NULL,NULL,NULL,NULL,NULL,NULL,'23','13','','8',NULL,NULL,NULL,'2020-02-20',18,'Y','2020-02-20 14:09:15'),(1141,'ASHISH','8421215649',NULL,NULL,NULL,NULL,NULL,NULL,NULL,'2','13','','8',NULL,NULL,NULL,'2020-02-20',20,'Y','2020-02-20 14:09:15'),(1142,'SAN','9212878685',NULL,NULL,NULL,NULL,NULL,NULL,NULL,'2','13','','8',NULL,NULL,NULL,'2020-02-20',20,'Y','2020-02-20 14:09:15'),(1143,'MR TARUN','9935933800',NULL,NULL,NULL,NULL,NULL,NULL,NULL,'18','35','','1',NULL,NULL,NULL,'2020-02-20',19,'Y','2020-02-20 14:09:15'),(1144,'ANSHUL','9991007711',NULL,NULL,NULL,NULL,NULL,NULL,NULL,'2','13','','8',NULL,NULL,NULL,'2020-02-20',20,'Y','2020-02-20 14:09:15'),(1145,'MR AHMED KHAN','9837604912',NULL,NULL,NULL,NULL,NULL,NULL,NULL,'18','35','','1',NULL,NULL,NULL,'2020-02-20',19,'Y','2020-02-20 14:09:15'),(1146,'SUYANSH','9536615180',NULL,NULL,NULL,NULL,NULL,NULL,NULL,'18','35','','8',NULL,NULL,NULL,'2020-02-20',19,'Y','2020-02-20 14:09:15'),(1147,'FIDOUS','9419181649',NULL,NULL,NULL,NULL,NULL,NULL,NULL,'214','15','','8',NULL,NULL,NULL,'2020-02-20',18,'Y','2020-02-20 14:09:15'),(1148,'JANERI','9596427200',NULL,NULL,NULL,NULL,NULL,NULL,NULL,'1','10','','8',NULL,NULL,NULL,'2020-02-20',13,'Y','2020-02-20 14:09:15'),(1149,'ABHSIEHK GARG','9915100789',NULL,NULL,NULL,NULL,NULL,NULL,NULL,'448','28','','6',NULL,4,NULL,'2020-02-20',14,'Y','2020-02-20 14:09:15'),(1150,'AMAR SINGH','9501565656',NULL,NULL,NULL,NULL,NULL,NULL,NULL,'11','28','','3',NULL,1,NULL,'2020-02-20',14,'Y','2020-02-20 14:09:15'),(1151,'ABDUL QADIR','8377989834',NULL,NULL,NULL,NULL,NULL,NULL,NULL,'1','10','','8',NULL,NULL,NULL,'2020-02-20',13,'Y','2020-02-20 14:09:15'),(1152,'RUDRAKSH','7987389965',NULL,NULL,NULL,NULL,NULL,NULL,NULL,'315','20','','3',NULL,1,NULL,'2020-02-20',20,'Y','2020-02-20 14:09:15'),(1153,'VIRENDER','9415036666',NULL,NULL,NULL,NULL,NULL,NULL,NULL,'2','13','','8',NULL,NULL,NULL,'2020-02-20',13,'Y','2020-02-20 14:09:15'),(1154,'PUNEET','7696428501',NULL,NULL,NULL,NULL,NULL,NULL,NULL,'28','28','','1',NULL,1,NULL,'2020-02-20',14,'Y','2020-02-20 14:09:15'),(1155,'VARUN','9888020408',NULL,NULL,NULL,NULL,NULL,NULL,NULL,'191','13','','1',NULL,2,NULL,'2020-02-20',14,'Y','2020-02-20 14:09:15'),(1156,'SUNIL TIWARI','9212722201',NULL,NULL,NULL,NULL,NULL,NULL,NULL,'654','28','','1',NULL,1,NULL,'2020-02-20',14,'Y','2020-02-20 14:09:15'),(1157,'ISHWAR GUPTA','9050212821',NULL,NULL,NULL,NULL,NULL,NULL,NULL,'197','14','','1',NULL,3,NULL,'2020-02-20',14,'Y','2020-02-20 14:09:15'),(1158,'MR ABDUL MAJID','9811020957',NULL,NULL,NULL,NULL,NULL,NULL,NULL,'18','35','','1',NULL,1,NULL,'2020-02-20',19,'Y','2020-02-20 14:09:15'),(1159,'LUCKY','7888485280',NULL,NULL,NULL,NULL,NULL,NULL,NULL,'652','28','','1',NULL,2,NULL,'2020-02-20',14,'Y','2020-02-20 14:09:15'),(1160,'ANIL','9609857751',NULL,NULL,NULL,NULL,NULL,NULL,NULL,'569','34','','3',NULL,NULL,NULL,'2020-02-20',13,'Y','2020-02-20 14:09:15'),(1161,'G.S PAUL','9289782888',NULL,NULL,NULL,NULL,NULL,NULL,NULL,'187','13','','1',NULL,3,NULL,'2020-02-20',14,'Y','2020-02-20 14:09:15'),(1162,'BIJENDER','7988465739',NULL,NULL,NULL,NULL,NULL,NULL,NULL,'660','13','','3',NULL,1,NULL,'2020-02-20',15,'Y','2020-02-20 14:09:15'),(1163,'MUDDASSIR','7006108921',NULL,NULL,NULL,NULL,NULL,NULL,NULL,'1','10','','8',NULL,NULL,NULL,'2020-02-20',13,'Y','2020-02-20 14:09:15'),(1164,'MIR RAFIQ','7006967657',NULL,NULL,NULL,NULL,NULL,NULL,NULL,'1','10','','8',NULL,NULL,NULL,'2020-02-20',13,'Y','2020-02-20 14:09:15'),(1165,'RAVINDER','9899251525',NULL,NULL,NULL,NULL,NULL,NULL,NULL,'1','10','','8',NULL,NULL,NULL,'2020-02-20',13,'Y','2020-02-20 14:09:15'),(1166,'kapil kholi','9717001582',NULL,NULL,NULL,NULL,NULL,NULL,NULL,'1','10','','8',NULL,NULL,NULL,'2020-02-20',13,'Y','2020-02-20 14:09:15'),(1167,'ANUBHAV','9777599425',NULL,NULL,NULL,NULL,NULL,NULL,NULL,'421','26','','8',NULL,NULL,NULL,'2020-02-20',13,'Y','2020-02-20 14:09:15'),(1168,'RAM','7014511884',NULL,NULL,NULL,NULL,NULL,NULL,NULL,'587','34','','8',NULL,NULL,NULL,'2020-02-20',11,'Y','2020-02-20 14:09:15'),(1169,'RAM','7014511884',NULL,NULL,NULL,NULL,NULL,NULL,NULL,'3','29','','8',NULL,4,NULL,'2020-02-20',14,'Y','2020-02-20 14:09:15'),(1170,'JAGJIT SINGH','7888384603',NULL,NULL,NULL,NULL,NULL,NULL,NULL,'4','28','','8',NULL,NULL,NULL,'2020-02-20',14,'Y','2020-02-20 14:09:15'),(1171,'HARSHA','7095000090',NULL,NULL,NULL,NULL,NULL,NULL,NULL,'2','13','','8',NULL,NULL,NULL,'2020-02-20',12,'Y','2020-02-20 14:09:15'),(1172,'SARVASVA MARHOTRA','9935622960',NULL,NULL,NULL,NULL,NULL,NULL,NULL,'1','10','','8',NULL,NULL,NULL,'2020-02-20',13,'Y','2020-02-20 14:09:15'),(1173,'sachin deswal','8930616378',NULL,NULL,NULL,NULL,NULL,NULL,NULL,'192','13','','1',NULL,1,NULL,'2020-02-20',15,'Y','2020-02-20 14:09:15'),(1174,'sandeep','9914129091',NULL,NULL,NULL,NULL,NULL,NULL,NULL,'193','13','','3',NULL,NULL,NULL,'2020-02-20',18,'Y','2020-02-20 14:09:15'),(1175,'SUMIT DHAWAN','6284437545',NULL,NULL,NULL,NULL,NULL,NULL,NULL,'455','28','','8',NULL,1,NULL,'2020-02-20',14,'Y','2020-02-20 14:09:15'),(1176,'SANJEEV','9988540125',NULL,NULL,NULL,NULL,NULL,NULL,NULL,'455','28','','1',NULL,2,NULL,'2020-02-20',15,'Y','2020-02-20 14:09:15'),(1177,'MR AKASH CHAUHAN','9639315816',NULL,NULL,NULL,NULL,NULL,NULL,NULL,'18','35','','3',NULL,NULL,NULL,'2020-02-20',19,'Y','2020-02-20 14:09:15'),(1178,'MR BHUVNESH MITTAL','9715000006',NULL,NULL,NULL,NULL,NULL,NULL,NULL,'4','28','','3',NULL,NULL,NULL,'2020-02-20',19,'Y','2020-02-20 14:09:15'),(1179,'MR SALIM','8273012669',NULL,NULL,NULL,NULL,NULL,NULL,NULL,'18','35','','1',NULL,NULL,NULL,'2020-02-20',19,'Y','2020-02-20 14:09:15'),(1180,'MR RAJ SANDHU','9501686679',NULL,NULL,NULL,NULL,NULL,NULL,NULL,'5','28','','1',NULL,3,NULL,'2020-02-20',17,'Y','2020-02-20 14:09:15'),(1181,'MR RAJVIR DATTA','9560395661',NULL,NULL,NULL,NULL,NULL,NULL,NULL,'5','28','','1',NULL,3,NULL,'2020-02-20',17,'Y','2020-02-20 14:09:15'),(1182,'KHEMRAJ','8988808484',NULL,NULL,NULL,NULL,NULL,NULL,NULL,'17','6','','8',NULL,NULL,NULL,'2020-02-20',14,'Y','2020-02-20 14:09:15'),(1183,'NAVDEEP','9541688987',NULL,NULL,NULL,NULL,NULL,NULL,NULL,'214','15','','8',NULL,NULL,NULL,'2020-02-20',14,'Y','2020-02-20 14:09:15'),(1184,'GAURAV SHARMA','9855204717',NULL,NULL,NULL,NULL,NULL,NULL,NULL,'8','6','','8',NULL,NULL,NULL,'2020-02-20',14,'Y','2020-02-20 14:09:15'),(1185,'GUEST','9996000123',NULL,NULL,NULL,NULL,NULL,NULL,NULL,'187','13','','3',NULL,1,NULL,'2020-02-20',15,'Y','2020-02-20 14:09:15'),(1186,'RISHI','9999689010',NULL,NULL,NULL,NULL,NULL,NULL,NULL,'4','28','','8',NULL,NULL,NULL,'2020-02-20',17,'Y','2020-02-20 14:09:15'),(1187,'SHASHAANK','8273410490',NULL,NULL,NULL,NULL,NULL,NULL,NULL,'18','35','','8',NULL,NULL,NULL,'2020-02-20',19,'Y','2020-02-20 14:09:15'),(1188,'shivam','9050233336',NULL,NULL,NULL,NULL,NULL,NULL,NULL,'186','13','','1',NULL,1,NULL,'2020-02-20',14,'Y','2020-02-20 14:09:15'),(1189,'NAVNEET CHAHAL','9910024818',NULL,NULL,NULL,NULL,NULL,NULL,NULL,'2','13','','8',NULL,NULL,NULL,'2020-02-20',12,'Y','2020-02-20 14:09:15'),(1190,'MOHIT SIDANA','9001112111',NULL,NULL,NULL,NULL,NULL,NULL,NULL,'481','29','','6',NULL,NULL,NULL,'2020-02-20',16,'Y','2020-02-20 14:09:15'),(1191,'Raminder','9815450000',NULL,NULL,NULL,NULL,NULL,NULL,NULL,'461','28','','6',NULL,NULL,NULL,'2020-02-20',17,'Y','2020-02-20 14:09:15'),(1192,'Ankur Wadhwa','9888603004',NULL,NULL,NULL,NULL,NULL,NULL,NULL,'5','28','','6',NULL,NULL,NULL,'2020-02-20',17,'Y','2020-02-20 14:09:15'),(1193,'Sehaj Oberoi','9354308287',NULL,NULL,NULL,NULL,NULL,NULL,NULL,'180','13','','6',NULL,NULL,NULL,'2020-02-20',14,'Y','2020-02-20 14:09:15'),(1194,'Mandeep Singh','7589200180',NULL,NULL,NULL,NULL,NULL,NULL,NULL,'5','28','','6',NULL,NULL,NULL,'2020-02-20',17,'Y','2020-02-20 14:09:15'),(1195,'Sukhvinder kumar','98729 3311',NULL,NULL,NULL,NULL,NULL,NULL,NULL,'5','28','','6',NULL,NULL,NULL,'2020-02-20',17,'Y','2020-02-20 14:09:15'),(1196,'Bhavesh Aggarwal','9041950802',NULL,NULL,NULL,NULL,NULL,NULL,NULL,'456','28','','6',NULL,NULL,NULL,'2020-02-20',17,'Y','2020-02-20 14:09:15'),(1197,'Manga Khatri Arora','9896773337',NULL,NULL,NULL,NULL,NULL,NULL,NULL,'180','13','','6',NULL,2,NULL,'2020-02-20',14,'Y','2020-02-20 14:09:15'),(1198,'Mohit Mittal','9815111007',NULL,NULL,NULL,NULL,NULL,NULL,NULL,'5','28','','6',NULL,NULL,NULL,'2020-02-20',17,'Y','2020-02-20 14:09:15'),(1199,'Rupinder Singh','9878600033',NULL,NULL,NULL,NULL,NULL,NULL,NULL,'17','6','','6',NULL,NULL,NULL,'2020-02-20',17,'Y','2020-02-20 14:09:15'),(1200,'PARMENDRA','9829848986',NULL,NULL,NULL,NULL,NULL,NULL,NULL,'1','10','','8',NULL,NULL,NULL,'2020-02-20',13,'Y','2020-02-20 14:09:15'),(1201,'MR AKHILESH','9675244224',NULL,NULL,NULL,NULL,NULL,NULL,NULL,'18','35','','12',3,NULL,NULL,'2020-02-20',19,'Y','2020-02-20 14:09:15'),(1202,'VIJAY','8949540383',NULL,NULL,NULL,NULL,NULL,NULL,NULL,'652','28','','8',NULL,1,NULL,'2020-02-20',14,'Y','2020-02-20 14:09:15'),(1203,'ASHSIH SHARMA','9811415153',NULL,NULL,NULL,NULL,NULL,NULL,NULL,'191','13','','8',NULL,2,NULL,'2020-02-20',14,'Y','2020-02-20 14:09:15'),(1204,'GURMEET','9814141122',NULL,NULL,NULL,NULL,NULL,NULL,NULL,'17','6','','8',NULL,2,NULL,'2020-02-20',14,'Y','2020-02-20 14:09:15'),(1205,'GANESH','8929857009',NULL,NULL,NULL,NULL,NULL,NULL,NULL,'195','13','','3',NULL,NULL,NULL,'2020-02-20',18,'Y','2020-02-20 14:09:15'),(1206,'MR  N.K YADAV','9557538030',NULL,NULL,NULL,NULL,NULL,NULL,NULL,'18','35','','1',NULL,1,NULL,'2020-02-20',19,'Y','2020-02-20 14:09:15'),(1207,'AK SINGH','9811488499',NULL,NULL,NULL,NULL,NULL,NULL,NULL,'1','10','','8',NULL,NULL,NULL,'2020-02-20',13,'Y','2020-02-20 14:09:15'),(1208,'SUN','8826663801',NULL,NULL,NULL,NULL,NULL,NULL,NULL,'1','10','','8',NULL,NULL,NULL,'2020-02-20',13,'Y','2020-02-20 14:09:15'),(1209,'JAGBIR','8146074813',NULL,NULL,NULL,NULL,NULL,NULL,NULL,'17','6','','8',NULL,NULL,NULL,'2020-02-20',14,'Y','2020-02-20 14:09:15'),(1210,'AKHIL','9845677977',NULL,NULL,NULL,NULL,NULL,NULL,NULL,'17','6','','8',NULL,NULL,NULL,'2020-02-20',14,'Y','2020-02-20 14:09:15'),(1211,'KARAN','9815337300',NULL,NULL,NULL,NULL,NULL,NULL,NULL,'5','28','','8',NULL,NULL,NULL,'2020-02-20',17,'Y','2020-02-20 14:09:15'),(1212,'SARABJIT','9876000068',NULL,NULL,NULL,NULL,NULL,NULL,NULL,'5','28','','8',NULL,NULL,NULL,'2020-02-20',17,'Y','2020-02-20 14:09:15'),(1213,'AKHIL','9876000068',NULL,NULL,NULL,NULL,NULL,NULL,NULL,'5','28','','8',NULL,NULL,NULL,'2020-02-20',17,'Y','2020-02-20 14:09:15'),(1214,'dilbag singh','9815967101',NULL,NULL,NULL,NULL,NULL,NULL,NULL,'652','28','','1',NULL,NULL,NULL,'2020-02-20',14,'Y','2020-02-20 14:09:15'),(1215,'RAGHAV','8679999099',NULL,NULL,NULL,NULL,NULL,NULL,NULL,'134','7','','1',NULL,2,NULL,'2020-02-20',15,'Y','2020-02-20 14:09:15'),(1216,'raghav yadav','9670319058',NULL,NULL,NULL,NULL,NULL,NULL,NULL,'21','5','','3',NULL,NULL,NULL,'2020-02-20',15,'Y','2020-02-20 14:09:15'),(1217,'JATIN SINGH','8700434404',NULL,NULL,NULL,NULL,NULL,NULL,NULL,'569','34','','8',NULL,NULL,NULL,'2020-02-20',13,'Y','2020-02-20 14:09:15'),(1218,'amirul hasan ansari','7814172161',NULL,NULL,NULL,NULL,NULL,NULL,NULL,'11','28','','8',NULL,NULL,NULL,'2020-02-20',14,'Y','2020-02-20 14:09:15'),(1219,'NISHANT','9810410695',NULL,NULL,NULL,NULL,NULL,NULL,NULL,'2','13','','8',NULL,NULL,NULL,'2020-02-20',12,'Y','2020-02-20 14:09:15'),(1220,'VISHAL JAIN','9350332143',NULL,NULL,NULL,NULL,NULL,NULL,NULL,'16','13','','3',NULL,NULL,NULL,'2020-02-20',15,'Y','2020-02-20 14:09:15'),(1221,'raghav mehta','9888810920',NULL,NULL,NULL,NULL,NULL,NULL,NULL,'191','13','','1',NULL,NULL,NULL,'2020-02-20',14,'Y','2020-02-20 14:09:15'),(1222,'ARVIND MOHAN','9812141270',NULL,NULL,NULL,NULL,NULL,NULL,NULL,'192','13','','1',NULL,NULL,NULL,'2020-02-20',15,'Y','2020-02-20 14:09:15'),(1223,'SATISH SHARMA','9413366046',NULL,NULL,NULL,NULL,NULL,NULL,NULL,'659','29','','1',NULL,2,NULL,'2020-02-20',15,'Y','2020-02-20 14:09:15'),(1224,'MR GIRISH AGARWAL','8936980690',NULL,NULL,NULL,NULL,NULL,NULL,NULL,'18','35','','1',NULL,NULL,NULL,'2020-02-20',19,'Y','2020-02-20 14:09:15'),(1225,'MR GAURAV JEET SINGH','9814204236',NULL,NULL,NULL,NULL,NULL,NULL,NULL,'5','28','','1',NULL,4,NULL,'2020-02-20',17,'Y','2020-02-20 14:09:15'),(1226,'JATIN JUNEJA','7027346401',NULL,NULL,NULL,NULL,NULL,NULL,NULL,'192','13','','3',NULL,1,NULL,'2020-02-20',15,'Y','2020-02-20 14:09:15'),(1227,'LAKHWINDER SINGH','9813406633',NULL,NULL,NULL,NULL,NULL,NULL,NULL,'1','10','','8',NULL,NULL,NULL,'2020-02-20',13,'Y','2020-02-20 14:09:15'),(1228,'SHERRY SINGH','7999131313',NULL,NULL,NULL,NULL,NULL,NULL,NULL,'1','10','','8',NULL,NULL,NULL,'2020-02-20',13,'Y','2020-02-20 14:09:15'),(1229,'ADITYA','9711408708',NULL,NULL,NULL,NULL,NULL,NULL,NULL,'1','10','','8',NULL,NULL,NULL,'2020-02-20',13,'Y','2020-02-20 14:09:15'),(1230,'HARDIK KHANNA','9997763666',NULL,NULL,NULL,NULL,NULL,NULL,NULL,'587','34','','8',NULL,NULL,NULL,'2020-02-20',13,'Y','2020-02-20 14:09:15'),(1231,'AJAY','7061000009',NULL,NULL,NULL,NULL,NULL,NULL,NULL,'17','6','','8',NULL,1,NULL,'2020-02-20',14,'Y','2020-02-20 14:09:15'),(1232,'HIMANSHU BHATIA','9419101911',NULL,NULL,NULL,NULL,NULL,NULL,NULL,'214','15','','8',NULL,2,NULL,'2020-02-20',14,'Y','2020-02-20 14:09:15'),(1233,'SAFFIULLAH KHALID','9906740506',NULL,NULL,NULL,NULL,NULL,NULL,NULL,'4','28','','8',NULL,NULL,NULL,'2020-02-20',17,'Y','2020-02-20 14:09:15'),(1234,'ROHAN OBERAI','9958508900',NULL,NULL,NULL,NULL,NULL,NULL,NULL,'5','28','','8',NULL,2,NULL,'2020-02-20',14,'Y','2020-02-20 14:09:15'),(1235,'DR SUMIT TIWARI','8585947397',NULL,NULL,NULL,NULL,NULL,NULL,NULL,'1','10','','8',NULL,NULL,NULL,'2020-02-20',18,'Y','2020-02-20 14:09:15'),(1236,'VIPIN KUMAR','8890683364',NULL,NULL,NULL,NULL,NULL,NULL,NULL,'3','29','','8',NULL,NULL,NULL,'2020-02-20',16,'Y','2020-02-20 14:09:15'),(1237,'VANSH','8800333535',NULL,NULL,NULL,NULL,NULL,NULL,NULL,'1','10','','8',NULL,1,NULL,'2020-02-20',18,'Y','2020-02-20 14:09:15'),(1238,'PARVESH','8178798111',NULL,NULL,NULL,NULL,NULL,NULL,NULL,'17','6','','8',NULL,NULL,NULL,'2020-02-20',14,'Y','2020-02-20 14:09:15'),(1239,'ASHISH','9814107300',NULL,NULL,NULL,NULL,NULL,NULL,NULL,'455','28','','13',NULL,NULL,NULL,'2020-02-20',17,'Y','2020-02-20 14:09:15'),(1240,'CHINU SAHDEV','9876878101',NULL,NULL,NULL,NULL,NULL,NULL,NULL,'448','28','','13',NULL,NULL,NULL,'2020-02-20',12,'Y','2020-02-20 14:09:15'),(1241,'harwinder singh','7404660069',NULL,NULL,NULL,NULL,NULL,NULL,NULL,'658','13','','1',NULL,3,NULL,'2020-02-20',14,'Y','2020-02-20 14:09:15'),(1242,'manik','9582761769',NULL,NULL,NULL,NULL,NULL,NULL,NULL,'8','10','','3',NULL,5,NULL,'2020-02-20',15,'Y','2020-02-20 14:09:15'),(1243,'SAMBHAV','9810217702',NULL,NULL,NULL,NULL,NULL,NULL,NULL,'8','10','','1',NULL,2,NULL,'2020-02-20',18,'Y','2020-02-20 14:09:15'),(1244,'Sandeep kumar','9688768000',NULL,NULL,NULL,NULL,NULL,NULL,NULL,'196','13','','1',NULL,NULL,NULL,'2020-02-20',18,'Y','2020-02-20 14:09:15'),(1245,'tapan','8269651014',NULL,NULL,NULL,NULL,NULL,NULL,NULL,'12','21','','8',NULL,NULL,NULL,'2020-02-20',14,'Y','2020-02-20 14:09:15'),(1246,'MANISH','7404288882',NULL,NULL,NULL,NULL,NULL,NULL,NULL,'23','13','','3',NULL,1,NULL,'2020-02-20',15,'Y','2020-02-20 14:09:15'),(1247,'VIPIN KUMAR','8890683364',NULL,NULL,NULL,NULL,NULL,NULL,NULL,'3','29','','8',NULL,NULL,NULL,'2020-02-20',18,'Y','2020-02-20 14:09:15'),(1248,'MR GAURAV','9012807000',NULL,NULL,NULL,NULL,NULL,NULL,NULL,'18','35','','1',NULL,NULL,NULL,'2020-02-20',19,'Y','2020-02-20 14:09:15'),(1249,'KAWALJEET SINGH','9389000009',NULL,NULL,NULL,NULL,NULL,NULL,NULL,'11','28','','1',NULL,NULL,NULL,'2020-02-20',18,'Y','2020-02-20 14:09:15'),(1250,'SMEDEEN','9910772201',NULL,NULL,NULL,NULL,NULL,NULL,NULL,'655','13','','1',NULL,1,NULL,'2020-02-20',18,'Y','2020-02-20 14:09:15'),(1251,'NILESH','9222255557',NULL,NULL,NULL,NULL,NULL,NULL,NULL,'12','21','','8',NULL,NULL,NULL,'2020-02-20',13,'Y','2020-02-20 14:09:15'),(1252,'MR RAJESH PANT','9837007995',NULL,NULL,NULL,NULL,NULL,NULL,NULL,'18','35','','1',3,1,NULL,'2020-02-20',19,'Y','2020-02-20 14:09:15'),(1253,'VIVEK KUMAR','9017927272',NULL,NULL,NULL,NULL,NULL,NULL,NULL,'2','13','','13',NULL,NULL,NULL,'2020-02-20',20,'Y','2020-02-20 14:09:15'),(1254,'MR ARIF KHAN','9897178074',NULL,NULL,NULL,NULL,NULL,NULL,NULL,'18','35','','1',3,1,NULL,'2020-02-20',19,'Y','2020-02-20 14:09:15'),(1255,'MR NEERAJ DHYANI','8126743620',NULL,NULL,NULL,NULL,NULL,NULL,NULL,'18','35','','1',3,NULL,NULL,'2020-02-20',19,'Y','2020-02-20 14:09:15'),(1256,'Shubham chabra','7015681038',NULL,NULL,NULL,NULL,NULL,NULL,NULL,'192','13','','3',NULL,NULL,NULL,'2020-02-20',0,'Y','2020-02-20 14:09:15'),(1257,'Kunal','9416004201',NULL,NULL,NULL,NULL,NULL,NULL,NULL,'192','13','','3',NULL,3,NULL,'2020-02-20',18,'Y','2020-02-20 14:09:15'),(1258,'MR NADEEM KHAN','9997039825',NULL,NULL,NULL,NULL,NULL,NULL,NULL,'18','35','','1',NULL,1,NULL,'2020-02-20',19,'Y','2020-02-20 14:09:15'),(1259,'AMIT','7703090899',NULL,NULL,NULL,NULL,NULL,NULL,NULL,'8','10','','3',NULL,3,NULL,'2020-02-20',13,'Y','2020-02-20 14:09:15'),(1260,'MR BALBIR SINGH SAINI','9216521236',NULL,NULL,NULL,NULL,NULL,NULL,NULL,'5','28','','1',NULL,4,NULL,'2020-02-20',17,'Y','2020-02-20 14:09:15'),(1261,'SUDESH KUMAR','7407098938',NULL,NULL,NULL,NULL,NULL,NULL,NULL,'660','13','','1',NULL,NULL,NULL,'2020-02-20',15,'Y','2020-02-20 14:09:15'),(1262,'SAM','9711173383',NULL,NULL,NULL,NULL,NULL,NULL,NULL,'1','10','','8',NULL,NULL,NULL,'2020-02-20',13,'Y','2020-02-20 14:09:15'),(1263,'NISAR','7006863834',NULL,NULL,NULL,NULL,NULL,NULL,NULL,'1','10','','8',NULL,NULL,NULL,'2020-02-20',13,'Y','2020-02-20 14:09:15'),(1264,'PRASHANT','6386824141',NULL,NULL,NULL,NULL,NULL,NULL,NULL,'587','34','','8',NULL,NULL,NULL,'2020-02-20',13,'Y','2020-02-20 14:09:15'),(1265,'JITENDRA','9454670100',NULL,NULL,NULL,NULL,NULL,NULL,NULL,'587','34','','8',NULL,NULL,NULL,'2020-02-20',13,'Y','2020-02-20 14:09:15'),(1266,'VARUN BALI','9818951888',NULL,NULL,NULL,NULL,NULL,NULL,NULL,'2','13','','8',NULL,NULL,NULL,'2020-02-20',20,'Y','2020-02-20 14:09:15'),(1267,'AMIT','9212414079',NULL,NULL,NULL,NULL,NULL,NULL,NULL,'2','13','','8',NULL,NULL,NULL,'2020-02-20',12,'Y','2020-02-20 14:09:15'),(1268,'RAHAT','9810754678',NULL,NULL,NULL,NULL,NULL,NULL,NULL,'8','10','','8',NULL,NULL,NULL,'2020-02-20',15,'Y','2020-02-20 14:09:15'),(1269,'RAUNAK SINGH','9997336127',NULL,NULL,NULL,NULL,NULL,NULL,NULL,'18','35','','8',NULL,4,NULL,'2020-02-20',19,'Y','2020-02-20 14:09:15'),(1270,'gurpreet thapa','9779951551',NULL,NULL,NULL,NULL,NULL,NULL,NULL,'4','28','','13',NULL,NULL,NULL,'2020-02-20',17,'Y','2020-02-20 14:09:15'),(1271,'KRISHNA','9782066819',NULL,NULL,NULL,NULL,NULL,NULL,NULL,'2','13','','13',NULL,NULL,NULL,'2020-02-20',12,'Y','2020-02-20 14:09:15'),(1272,'PUNEET','9815217618',NULL,NULL,NULL,NULL,NULL,NULL,NULL,'2','13','','13',NULL,NULL,NULL,'2020-02-20',12,'Y','2020-02-20 14:09:15'),(1273,'MK','9810587831',NULL,NULL,NULL,NULL,NULL,NULL,NULL,'2','13','','13',NULL,NULL,NULL,'2020-02-20',12,'Y','2020-02-20 14:09:15'),(1274,'AKASH WADHWA','7355870037',NULL,NULL,NULL,NULL,NULL,NULL,NULL,'4','28','','13',NULL,NULL,NULL,'2020-02-20',17,'Y','2020-02-20 14:09:15'),(1275,'KARISHAN','9050192654',NULL,NULL,NULL,NULL,NULL,NULL,NULL,'192','13','','1',NULL,2,NULL,'2020-02-20',15,'Y','2020-02-20 14:09:15'),(1276,'MR AMIT KUMAR','9760714979',NULL,NULL,NULL,NULL,NULL,NULL,NULL,'18','35','','1',NULL,NULL,NULL,'2020-02-20',19,'Y','2020-02-20 14:09:15'),(1277,'NEERAJ SINGLA','9816627243',NULL,NULL,NULL,NULL,NULL,NULL,NULL,'191','13','','1',NULL,4,NULL,'2020-02-20',14,'Y','2020-02-20 14:09:15'),(1278,'PARMESH CHAUHAN','9996633171',NULL,NULL,NULL,NULL,NULL,NULL,NULL,'180','13','','1',NULL,NULL,NULL,'2020-02-20',14,'Y','2020-02-20 14:09:15'),(1279,'AMOL MONGA','9599506639',NULL,NULL,NULL,NULL,NULL,NULL,NULL,'1','10','','3',NULL,3,NULL,'2020-02-20',13,'Y','2020-02-20 14:09:15'),(1280,'VIKRAM','9845518550',NULL,NULL,NULL,NULL,NULL,NULL,NULL,'255','17','','3',NULL,NULL,NULL,'2020-02-20',0,'Y','2020-02-20 14:09:15'),(1281,'MR A.K SINGH','9457648661',NULL,NULL,NULL,NULL,NULL,NULL,NULL,'18','35','','1',NULL,NULL,NULL,'2020-02-20',19,'Y','2020-02-20 14:09:15'),(1282,'ROHAN OBEROI','9958508900',NULL,NULL,NULL,NULL,NULL,NULL,NULL,'4','28','','13',NULL,NULL,NULL,'2020-02-20',17,'Y','2020-02-20 14:09:15'),(1283,'SAMAR RANGA','8410100009',NULL,NULL,NULL,NULL,NULL,NULL,NULL,'17','6','','6',NULL,NULL,NULL,'2020-02-20',14,'Y','2020-02-20 14:09:15'),(1284,'Dailo','9862304139',NULL,NULL,NULL,NULL,NULL,NULL,NULL,'397','24','','8',NULL,NULL,NULL,'2020-02-20',15,'Y','2020-02-20 14:09:15'),(1285,'Sawan Verma','7529016404',NULL,NULL,NULL,NULL,NULL,NULL,NULL,'5','28','','8',NULL,NULL,NULL,'2020-02-20',17,'Y','2020-02-20 14:09:15'),(1286,'Baba','9815736202',NULL,NULL,NULL,NULL,NULL,NULL,NULL,'5','28','','8',NULL,NULL,NULL,'2020-02-20',17,'Y','2020-02-20 14:09:15'),(1287,'Sanju Nayyar','8905100001',NULL,NULL,NULL,NULL,NULL,NULL,NULL,'5','28','','8',NULL,3,NULL,'2020-02-20',17,'Y','2020-02-20 14:09:15'),(1288,'Hs Sodhi','9417054121',NULL,NULL,NULL,NULL,NULL,NULL,NULL,'5','28','','8',NULL,NULL,NULL,'2020-02-20',17,'Y','2020-02-20 14:09:15'),(1289,'Pankaj','8146557040',NULL,NULL,NULL,NULL,NULL,NULL,NULL,'5','28','','8',NULL,NULL,NULL,'2020-02-20',17,'Y','2020-02-20 14:09:15'),(1290,'MR MIRZA','9412418791',NULL,NULL,NULL,NULL,NULL,NULL,NULL,'18','35','','1',NULL,NULL,NULL,'2020-02-20',19,'Y','2020-02-20 14:09:15'),(1291,'Madhur Gosain','9888359504',NULL,NULL,NULL,NULL,NULL,NULL,NULL,'8','10','','8',NULL,NULL,NULL,'2020-02-20',13,'Y','2020-02-20 14:09:15'),(1292,'Mjkhan','9760866971',NULL,NULL,NULL,NULL,NULL,NULL,NULL,'8','10','','8',NULL,NULL,NULL,'2020-02-20',13,'Y','2020-02-20 14:09:15'),(1293,'IMRAN KHAN','9810707470',NULL,NULL,NULL,NULL,NULL,NULL,NULL,'8','10','','8',NULL,4,NULL,'2020-02-20',13,'Y','2020-02-20 14:09:15'),(1294,'VK Jain','7206016115',NULL,NULL,NULL,NULL,NULL,NULL,NULL,'17','6','','8',NULL,3,NULL,'2020-02-20',14,'Y','2020-02-20 14:09:15'),(1295,'Vivek','8218187342',NULL,NULL,NULL,NULL,NULL,NULL,NULL,'18','35','','8',NULL,NULL,NULL,'2020-02-20',19,'Y','2020-02-20 14:09:15'),(1296,'Varun Bali','9818951888',NULL,NULL,NULL,NULL,NULL,NULL,NULL,'2','13','','8',NULL,NULL,NULL,'2020-02-20',20,'Y','2020-02-20 14:09:15'),(1297,'SANDEEP SINGH','9815900781',NULL,NULL,NULL,NULL,NULL,NULL,NULL,'645','28','','6',NULL,1,NULL,'2020-02-20',14,'Y','2020-02-20 14:09:15'),(1298,'Vinod','7892455590',NULL,NULL,NULL,NULL,NULL,NULL,NULL,'2','13','','13',NULL,4,NULL,'2020-02-20',12,'Y','2020-02-20 14:09:15'),(1299,'Imran Khan','9810707470',NULL,NULL,NULL,NULL,NULL,NULL,NULL,'2','13','','13',NULL,4,NULL,'2020-02-20',12,'Y','2020-02-20 14:09:15'),(1300,'UDIT LOHIA','9999933168',NULL,NULL,NULL,NULL,NULL,NULL,NULL,'8','10','','6',NULL,NULL,NULL,'2020-02-20',13,'Y','2020-02-20 14:09:15'),(1301,'Anbar Ali Ali','7677776767',NULL,NULL,NULL,NULL,NULL,NULL,NULL,'2','13','','13',NULL,3,NULL,'2020-02-20',12,'Y','2020-02-20 14:09:15'),(1302,'Anbar Ali','7677776767',NULL,NULL,NULL,NULL,NULL,NULL,NULL,'2','13','','13',NULL,3,NULL,'2020-02-20',12,'Y','2020-02-20 14:09:15'),(1303,'Natwarsingh','8003066640',NULL,NULL,NULL,NULL,NULL,NULL,NULL,'2','13','','13',NULL,3,NULL,'2020-02-20',12,'Y','2020-02-20 14:09:15'),(1304,'Mudasir','7006108921',NULL,NULL,NULL,NULL,NULL,NULL,NULL,'2','13','','13',NULL,3,NULL,'2020-02-20',12,'Y','2020-02-20 14:09:15'),(1305,'Nitish','9996777744',NULL,NULL,NULL,NULL,NULL,NULL,NULL,'180','13','','6',NULL,3,NULL,'2020-02-20',18,'Y','2020-02-20 14:09:15'),(1306,'Prabhsimran Singh','9872621110',NULL,NULL,NULL,NULL,NULL,NULL,NULL,'5','28','','13',NULL,5,NULL,'2020-02-20',17,'Y','2020-02-20 14:09:15'),(1307,'Sandeep','8082064243',NULL,NULL,NULL,NULL,NULL,NULL,NULL,'5','28','','13',NULL,3,NULL,'2020-02-20',17,'Y','2020-02-20 14:09:15'),(1308,'Vineet Jain','9888746808',NULL,NULL,NULL,NULL,NULL,NULL,NULL,'5','28','','13',NULL,NULL,NULL,'2020-02-20',17,'Y','2020-02-20 14:09:15'),(1309,'Alby','9744199775',NULL,NULL,NULL,NULL,NULL,NULL,NULL,'5','28','','13',NULL,1,NULL,'2020-02-20',17,'Y','2020-02-20 14:09:15'),(1310,'HARKANWER SINGH','7528980000',NULL,NULL,NULL,NULL,NULL,NULL,NULL,'455','28','','6',NULL,NULL,NULL,'2020-02-20',17,'Y','2020-02-20 14:09:15'),(1311,'RAMKARAN','9053369970',NULL,NULL,NULL,NULL,NULL,NULL,NULL,'180','13','','1',NULL,1,NULL,'2020-02-20',14,'Y','2020-02-20 14:09:15'),(1312,'LALIT KUMAR','9812022100',NULL,NULL,NULL,NULL,NULL,NULL,NULL,'16','13','','10',NULL,1,NULL,'2020-02-20',18,'Y','2020-02-20 14:09:15'),(1313,'Balbir Singh','9811331144',NULL,NULL,NULL,NULL,NULL,NULL,NULL,'2','13','','8',NULL,NULL,NULL,'2020-02-20',12,'Y','2020-02-20 14:09:15'),(1314,'a Mehta','9868761042',NULL,NULL,NULL,NULL,NULL,NULL,NULL,'8','10','','8',NULL,3,NULL,'2020-02-20',13,'Y','2020-02-20 14:09:15'),(1315,'Shardul','9825005852',NULL,NULL,NULL,NULL,NULL,NULL,NULL,'23','13','','8',NULL,NULL,NULL,'2020-02-20',18,'Y','2020-02-20 14:09:15'),(1316,'Balbir Singh','9811331144',NULL,NULL,NULL,NULL,NULL,NULL,NULL,'23','13','','8',NULL,NULL,NULL,'2020-02-20',15,'Y','2020-02-20 14:09:15'),(1317,'Bhai Balbir Singh','8299160791',NULL,NULL,NULL,NULL,NULL,NULL,NULL,'23','13','','8',NULL,NULL,NULL,'2020-02-20',18,'Y','2020-02-20 14:09:15'),(1318,'anmol inder','9815088399',NULL,NULL,NULL,NULL,NULL,NULL,NULL,'4','28','','3',NULL,2,NULL,'2020-02-20',14,'Y','2020-02-20 14:09:15'),(1319,'MR  SHIVAM','8881000096',NULL,NULL,NULL,NULL,NULL,NULL,NULL,'5','28','','1',NULL,2,NULL,'2020-02-20',17,'Y','2020-02-20 14:09:15'),(1320,'Navneet Chahal','9910024818',NULL,NULL,NULL,NULL,NULL,NULL,NULL,'2','13','','8',NULL,4,NULL,'2020-02-20',12,'Y','2020-02-20 14:09:15'),(1321,'MR RAMVEER SINGH RANA','7300993562',NULL,NULL,NULL,NULL,NULL,NULL,NULL,'18','35','','1',NULL,1,NULL,'2020-02-20',19,'Y','2020-02-20 14:09:15'),(1322,'MR BIR PRAKASH','9779037778',NULL,NULL,NULL,NULL,NULL,NULL,NULL,'18','35','','1',NULL,1,NULL,'2020-02-20',19,'Y','2020-02-20 14:09:15'),(1323,'MR.GIRISH','8826806241',NULL,NULL,NULL,NULL,NULL,NULL,NULL,'193','13','','1',NULL,NULL,NULL,'2020-02-20',18,'Y','2020-02-20 14:09:15'),(1324,'MR TASREEF AHMED','9634038757',NULL,NULL,NULL,NULL,NULL,NULL,NULL,'18','35','','1',NULL,3,NULL,'2020-02-20',19,'Y','2020-02-20 14:09:15'),(1325,'Ashish','9815744700',NULL,NULL,NULL,NULL,NULL,NULL,NULL,'5','28','','13',NULL,5,NULL,'2020-02-20',17,'Y','2020-02-20 14:09:15'),(1326,'Pankaj','9216201635',NULL,NULL,NULL,NULL,NULL,NULL,NULL,'448','28','','1',NULL,3,NULL,'2020-02-20',18,'Y','2020-02-20 14:09:15'),(1327,'MR RAGHAV KUMAR','9997999782',NULL,NULL,NULL,NULL,NULL,NULL,NULL,'18','35','','1',3,NULL,NULL,'2020-02-20',19,'Y','2020-02-20 14:09:15'),(1328,'MRS RAGINI SHUKLA','8630898164',NULL,NULL,NULL,NULL,NULL,NULL,NULL,'18','35','','1',3,NULL,NULL,'2020-02-20',19,'Y','2020-02-20 14:09:15'),(1329,'sahil','9888101888',NULL,NULL,NULL,NULL,NULL,NULL,NULL,'11','28','','1',NULL,NULL,NULL,'2020-02-20',14,'Y','2020-02-20 14:09:15'),(1330,'GURPREET','9872584206',NULL,NULL,NULL,NULL,NULL,NULL,NULL,'5','28','','3',NULL,NULL,NULL,'2020-02-20',0,'Y','2020-02-20 14:09:15'),(1331,'DR MANPREET SINGH','9988730422',NULL,NULL,NULL,NULL,NULL,NULL,NULL,'5','28','','1',NULL,NULL,NULL,'2020-02-20',17,'Y','2020-02-20 14:09:15'),(1332,'MR JEEVAN','9878096667',NULL,NULL,NULL,NULL,NULL,NULL,NULL,'5','28','','1',NULL,3,NULL,'2020-02-20',17,'Y','2020-02-20 14:09:15'),(1333,'Kabir Chauhan','8006752111',NULL,NULL,NULL,NULL,NULL,NULL,NULL,'18','35','','1',NULL,1,NULL,'2020-02-20',19,'Y','2020-02-20 14:09:15'),(1334,'Shubhamn Kumar','7837284229',NULL,NULL,NULL,NULL,NULL,NULL,NULL,'18','35','','1',NULL,1,NULL,'2020-02-20',19,'Y','2020-02-20 14:09:15'),(1335,'Vineet Shrivastav','9760035108',NULL,NULL,NULL,NULL,NULL,NULL,NULL,'18','35','','1',NULL,1,NULL,'2020-02-20',19,'Y','2020-02-20 14:09:15'),(1336,'Prashant kala','9719166626',NULL,NULL,NULL,NULL,NULL,NULL,NULL,'18','35','','1',NULL,2,NULL,'2020-02-20',19,'Y','2020-02-20 14:09:15'),(1337,'Vijay Sharma','9011310453',NULL,NULL,NULL,NULL,NULL,NULL,NULL,'5','28','','8',NULL,NULL,NULL,'2020-02-20',17,'Y','2020-02-20 14:09:15'),(1338,'manoj','9876320811',NULL,NULL,NULL,NULL,NULL,NULL,NULL,'5','28','','8',NULL,4,NULL,'2020-02-20',17,'Y','2020-02-20 14:09:15'),(1339,'Goyal','9810212760',NULL,NULL,NULL,NULL,NULL,NULL,NULL,'2','13','','8',NULL,NULL,NULL,'2020-02-20',12,'Y','2020-02-20 14:09:15'),(1340,'Dibyendu Nandi','9007010761',NULL,NULL,NULL,NULL,NULL,NULL,NULL,'2','13','','8',NULL,NULL,NULL,'2020-02-20',12,'Y','2020-02-20 14:09:15'),(1341,'LAVISH','8377037270',NULL,NULL,NULL,NULL,NULL,NULL,NULL,'539','34','','8',NULL,3,NULL,'2020-02-20',13,'Y','2020-02-20 14:09:15'),(1342,'Rinku Gupta','9915753210',NULL,NULL,NULL,NULL,NULL,NULL,NULL,'17','6','','8',NULL,NULL,NULL,'2020-02-20',14,'Y','2020-02-20 14:09:15'),(1343,'Navdeep Nanda','9592400025',NULL,NULL,NULL,NULL,NULL,NULL,NULL,'17','6','','8',NULL,NULL,NULL,'2020-02-20',15,'Y','2020-02-20 14:09:15'),(1344,'Sumit','9412056157',NULL,NULL,NULL,NULL,NULL,NULL,NULL,'18','35','','8',NULL,NULL,NULL,'2020-02-20',19,'Y','2020-02-20 14:09:15'),(1345,'Vineet Jain','9888746808',NULL,NULL,NULL,NULL,NULL,NULL,NULL,'5','28','','13',NULL,3,NULL,'2020-02-20',17,'Y','2020-02-20 14:09:15'),(1346,'ncome Tax','9855825446',NULL,NULL,NULL,NULL,NULL,NULL,NULL,'5','28','','13',NULL,2,NULL,'2020-02-20',17,'Y','2020-02-20 14:09:15'),(1347,'Naresh Bansal','9501095011',NULL,NULL,NULL,NULL,NULL,NULL,NULL,'5','28','','13',NULL,1,NULL,'2020-02-20',17,'Y','2020-02-20 14:09:15'),(1348,'Mjkhan','9760866971',NULL,NULL,NULL,NULL,NULL,NULL,NULL,'2','13','','8',NULL,NULL,NULL,'2020-02-20',12,'Y','2020-02-20 14:09:15'),(1349,'Dr Arun','9810778811',NULL,NULL,NULL,NULL,NULL,NULL,NULL,'2','13','','8',NULL,NULL,NULL,'2020-02-20',12,'Y','2020-02-20 14:09:15'),(1350,'Surjeet Singh','8708977870',NULL,NULL,NULL,NULL,NULL,NULL,NULL,'658','13','','1',NULL,4,NULL,'2020-02-20',18,'Y','2020-02-20 14:09:15'),(1351,'Mayank','9213113224',NULL,NULL,NULL,NULL,NULL,NULL,NULL,'2','13','','13',NULL,4,NULL,'2020-02-20',12,'Y','2020-02-20 14:09:15'),(1352,'Kshitij Sehgal','9748931577',NULL,NULL,NULL,NULL,NULL,NULL,NULL,'2','13','','8',NULL,NULL,NULL,'2020-02-20',12,'Y','2020-02-20 14:09:15'),(1353,'Rituraj Singh','9798044556',NULL,NULL,NULL,NULL,NULL,NULL,NULL,'8','10','','8',NULL,NULL,NULL,'2020-02-20',13,'Y','2020-02-20 14:09:15'),(1354,'RAVI','9017070777',NULL,NULL,NULL,NULL,NULL,NULL,NULL,'656','13','','3',NULL,2,NULL,'2020-02-20',15,'Y','2020-02-20 14:09:15'),(1355,'MR JAGDISH','9690045284',NULL,NULL,NULL,NULL,NULL,NULL,NULL,'18','35','','1',NULL,NULL,NULL,'2020-02-20',19,'Y','2020-02-20 14:09:15'),(1356,'MR SAURABH BISHT','8171077366',NULL,NULL,NULL,NULL,NULL,NULL,NULL,'18','35','','1',NULL,3,NULL,'2020-02-20',19,'Y','2020-02-20 14:09:15'),(1357,'MR SAURABH BISHT','8171077366',NULL,NULL,NULL,NULL,NULL,NULL,NULL,'18','35','','1',NULL,3,NULL,'2020-02-20',19,'Y','2020-02-20 14:09:15'),(1358,'MR RANJIT SINGH','7906125779',NULL,NULL,NULL,NULL,NULL,NULL,NULL,'18','','','1',NULL,NULL,NULL,'2020-02-20',19,'Y','2020-02-20 14:09:15'),(1359,'REF TEJ','9050005788',NULL,NULL,NULL,NULL,NULL,NULL,NULL,'23','13','','1',NULL,2,NULL,'2020-02-20',11,'Y','2020-02-20 14:09:15'),(1360,'VIPIN','9812031131',NULL,NULL,NULL,NULL,NULL,NULL,NULL,'192','13','','1',NULL,3,NULL,'2020-02-20',15,'Y','2020-02-20 14:09:15');
/*!40000 ALTER TABLE `sales_lead_master_tbl` ENABLE KEYS */;
UNLOCK TABLES;

--
-- Table structure for table `sales_lead_source_tbl`
--

DROP TABLE IF EXISTS `sales_lead_source_tbl`;
/*!40101 SET @saved_cs_client     = @@character_set_client */;
/*!40101 SET character_set_client = utf8 */;
CREATE TABLE `sales_lead_source_tbl` (
  `lead_source_id` int(10) NOT NULL AUTO_INCREMENT,
  `source_name` varchar(20) DEFAULT NULL,
  `is_active` char(1) DEFAULT 'Y',
  `created_on` timestamp NOT NULL DEFAULT CURRENT_TIMESTAMP,
  PRIMARY KEY (`lead_source_id`)
) ENGINE=InnoDB AUTO_INCREMENT=19 DEFAULT CHARSET=latin1;
/*!40101 SET character_set_client = @saved_cs_client */;

--
-- Dumping data for table `sales_lead_source_tbl`
--

LOCK TABLES `sales_lead_source_tbl` WRITE;
/*!40000 ALTER TABLE `sales_lead_source_tbl` DISABLE KEYS */;
INSERT INTO `sales_lead_source_tbl` VALUES (1,'Walk - in','Y','2019-11-18 13:22:59'),(2,'Tele - in','Y','2019-11-18 13:22:59'),(3,'IVR','Y','2019-11-18 13:22:59'),(4,'Advertisemnt','Y','2019-11-18 13:22:59'),(5,'Web','Y','2020-01-03 05:20:15'),(6,'Facebook','Y','2020-01-03 05:20:15'),(7,'Broadcast','Y','2020-01-03 05:20:15'),(8,'Cartrade','Y','2020-01-03 05:20:16'),(9,'Carwale','Y','2020-01-03 05:20:16'),(10,'Email','Y','2020-01-03 05:20:16'),(11,'OLX','Y','2020-01-03 05:20:16'),(12,'Referal','Y','2020-01-03 05:20:16'),(13,'Cardekho','Y','2020-02-20 09:43:55'),(14,'Cold Call','Y','2020-02-20 09:45:06'),(15,'Event','Y','2020-02-20 09:45:48'),(16,'Existing Customer','Y','2020-02-20 09:46:29'),(17,'News Paper','Y','2020-02-20 09:48:52'),(18,'other','Y','2020-02-20 09:49:52');
/*!40000 ALTER TABLE `sales_lead_source_tbl` ENABLE KEYS */;
UNLOCK TABLES;

--
-- Table structure for table `sales_lead_sub_source_tbl`
--

DROP TABLE IF EXISTS `sales_lead_sub_source_tbl`;
/*!40101 SET @saved_cs_client     = @@character_set_client */;
/*!40101 SET character_set_client = utf8 */;
CREATE TABLE `sales_lead_sub_source_tbl` (
  `sub_id` int(15) NOT NULL AUTO_INCREMENT,
  `lead_source_id` int(15) DEFAULT NULL,
  `sub_source` varchar(50) DEFAULT NULL,
  `is_active` char(1) DEFAULT 'Y',
  `created_on` timestamp NOT NULL DEFAULT CURRENT_TIMESTAMP,
  PRIMARY KEY (`sub_id`)
) ENGINE=InnoDB AUTO_INCREMENT=5 DEFAULT CHARSET=latin1;
/*!40101 SET character_set_client = @saved_cs_client */;

--
-- Dumping data for table `sales_lead_sub_source_tbl`
--

LOCK TABLES `sales_lead_sub_source_tbl` WRITE;
/*!40000 ALTER TABLE `sales_lead_sub_source_tbl` DISABLE KEYS */;
INSERT INTO `sales_lead_sub_source_tbl` VALUES (1,12,'Management Referal','Y','2020-01-03 05:40:11'),(2,12,'Customer Referal','Y','2020-01-03 05:40:11'),(3,12,'Employee Referal','Y','2020-01-03 05:40:11'),(4,12,'Existing Referal','Y','2020-01-03 05:40:11');
/*!40000 ALTER TABLE `sales_lead_sub_source_tbl` ENABLE KEYS */;
UNLOCK TABLES;

--
-- Table structure for table `showroom_vehicle_assignment_tbl`
--

DROP TABLE IF EXISTS `showroom_vehicle_assignment_tbl`;
/*!40101 SET @saved_cs_client     = @@character_set_client */;
/*!40101 SET character_set_client = utf8 */;
CREATE TABLE `showroom_vehicle_assignment_tbl` (
  `assign_id` int(11) NOT NULL AUTO_INCREMENT,
  `showroom_id` int(11) NOT NULL,
  `vehicle_id` int(11) NOT NULL,
  `vehicle_images` text,
  `vehicle_Video` text,
  `final_selling_price` int(25) DEFAULT NULL,
  `rc_availability` varchar(50) DEFAULT NULL,
  `rc_valid_upto` varchar(50) DEFAULT NULL,
  `ins_valid_upto` varchar(50) DEFAULT NULL,
  `ins_service_provider` varchar(100) DEFAULT NULL,
  `ins_idv` varchar(100) DEFAULT NULL,
  `ins_comprehensive` varchar(100) DEFAULT NULL,
  `ins_dep_cap` varchar(100) DEFAULT NULL,
  `ins_3party` varchar(100) DEFAULT NULL,
  `is_active` char(1) NOT NULL DEFAULT 'Y',
  `created_on` timestamp NOT NULL DEFAULT CURRENT_TIMESTAMP,
  `last_updated_on` timestamp NOT NULL DEFAULT CURRENT_TIMESTAMP ON UPDATE CURRENT_TIMESTAMP,
  PRIMARY KEY (`assign_id`),
  KEY `FKshowroom_idx` (`showroom_id`),
  KEY `FKvehicle_idx` (`vehicle_id`),
  CONSTRAINT `FKshowroom` FOREIGN KEY (`showroom_id`) REFERENCES `showrooms_tbl` (`showroom_id`) ON DELETE NO ACTION ON UPDATE NO ACTION,
  CONSTRAINT `FKvehicle` FOREIGN KEY (`vehicle_id`) REFERENCES `vehicle_master_tbl` (`vehicle_id`) ON DELETE NO ACTION ON UPDATE NO ACTION
) ENGINE=InnoDB AUTO_INCREMENT=64 DEFAULT CHARSET=latin1;
/*!40101 SET character_set_client = @saved_cs_client */;

--
-- Dumping data for table `showroom_vehicle_assignment_tbl`
--

LOCK TABLES `showroom_vehicle_assignment_tbl` WRITE;
/*!40000 ALTER TABLE `showroom_vehicle_assignment_tbl` DISABLE KEYS */;
INSERT INTO `showroom_vehicle_assignment_tbl` VALUES (1,4,326,'[\"https://s3.us-east-2.amazonaws.com/luxury-ride-test/Inventory_Images/178369fe-a71f-fd57-1752-4c0f17111107-1582368080453.png\"]',NULL,1500000,NULL,NULL,NULL,NULL,NULL,NULL,NULL,NULL,'Y','2020-02-21 12:02:17','2020-02-22 10:47:18'),(2,3,327,'[\"https://s3.us-east-2.amazonaws.com/luxury-ride-test/Inventory_Images/178369fe-a71f-fd57-1752-4c0f17111107-1582368080453.png\"]',NULL,1700000,NULL,NULL,NULL,NULL,NULL,NULL,NULL,NULL,'Y','2020-02-21 12:02:17','2020-02-22 10:47:18'),(3,1,328,'[\"https://s3.us-east-2.amazonaws.com/luxury-ride-test/Inventory_Images/178369fe-a71f-fd57-1752-4c0f17111107-1582368080453.png\"]',NULL,1500000,NULL,NULL,NULL,NULL,NULL,NULL,NULL,NULL,'Y','2020-02-21 12:02:17','2020-02-22 10:47:18'),(4,1,329,'[\"https://s3.us-east-2.amazonaws.com/luxury-ride-test/Inventory_Images/178369fe-a71f-fd57-1752-4c0f17111107-1582368080453.png\"]',NULL,3600000,NULL,NULL,NULL,NULL,NULL,NULL,NULL,NULL,'Y','2020-02-21 12:02:17','2020-02-22 10:47:18'),(5,3,330,'[\"https://s3.us-east-2.amazonaws.com/luxury-ride-test/Inventory_Images/178369fe-a71f-fd57-1752-4c0f17111107-1582368080453.png\"]',NULL,6400000,NULL,NULL,NULL,NULL,NULL,NULL,NULL,NULL,'Y','2020-02-21 12:02:17','2020-02-22 10:47:18'),(6,3,331,'[\"https://s3.us-east-2.amazonaws.com/luxury-ride-test/Inventory_Images/178369fe-a71f-fd57-1752-4c0f17111107-1582368080453.png\"]',NULL,1900000,NULL,NULL,NULL,NULL,NULL,NULL,NULL,NULL,'Y','2020-02-21 12:02:17','2020-02-22 10:47:19'),(7,1,332,'[\"https://s3.us-east-2.amazonaws.com/luxury-ride-test/Inventory_Images/178369fe-a71f-fd57-1752-4c0f17111107-1582368080453.png\"]',NULL,2900000,NULL,NULL,NULL,NULL,NULL,NULL,NULL,NULL,'Y','2020-02-21 12:02:17','2020-02-22 10:47:19'),(8,1,333,'[\"https://s3.us-east-2.amazonaws.com/luxury-ride-test/Inventory_Images/178369fe-a71f-fd57-1752-4c0f17111107-1582368080453.png\"]',NULL,900000,NULL,NULL,NULL,NULL,NULL,NULL,NULL,NULL,'Y','2020-02-21 12:02:17','2020-02-22 10:47:19'),(9,5,334,'[\"https://s3.us-east-2.amazonaws.com/luxury-ride-test/Inventory_Images/178369fe-a71f-fd57-1752-4c0f17111107-1582368080453.png\"]',NULL,1800000,NULL,NULL,NULL,NULL,NULL,NULL,NULL,NULL,'Y','2020-02-21 12:02:17','2020-02-22 10:47:19'),(10,2,335,'[\"https://s3.us-east-2.amazonaws.com/luxury-ride-test/Inventory_Images/178369fe-a71f-fd57-1752-4c0f17111107-1582368080453.png\"]',NULL,4100000,NULL,NULL,NULL,NULL,NULL,NULL,NULL,NULL,'Y','2020-02-21 12:02:17','2020-02-22 10:47:19'),(11,7,336,'[\"https://s3.us-east-2.amazonaws.com/luxury-ride-test/Inventory_Images/178369fe-a71f-fd57-1752-4c0f17111107-1582368080453.png\"]',NULL,3400000,NULL,NULL,NULL,NULL,NULL,NULL,NULL,NULL,'Y','2020-02-21 12:02:17','2020-02-22 10:47:19'),(12,7,337,'[\"https://s3.us-east-2.amazonaws.com/luxury-ride-test/Inventory_Images/178369fe-a71f-fd57-1752-4c0f17111107-1582368080453.png\"]',NULL,4600000,NULL,NULL,NULL,NULL,NULL,NULL,NULL,NULL,'Y','2020-02-21 12:02:17','2020-02-22 10:47:19'),(13,5,338,'[\"https://s3.us-east-2.amazonaws.com/luxury-ride-test/Inventory_Images/178369fe-a71f-fd57-1752-4c0f17111107-1582368080453.png\"]',NULL,3800000,NULL,NULL,NULL,NULL,NULL,NULL,NULL,NULL,'Y','2020-02-21 12:02:17','2020-02-22 10:47:19'),(14,7,339,'[\"https://s3.us-east-2.amazonaws.com/luxury-ride-test/Inventory_Images/178369fe-a71f-fd57-1752-4c0f17111107-1582368080453.png\"]',NULL,3200000,NULL,NULL,NULL,NULL,NULL,NULL,NULL,NULL,'Y','2020-02-21 12:02:17','2020-02-22 10:47:19'),(15,1,340,'[\"https://s3.us-east-2.amazonaws.com/luxury-ride-test/Inventory_Images/178369fe-a71f-fd57-1752-4c0f17111107-1582368080453.png\"]',NULL,1250000,NULL,NULL,NULL,NULL,NULL,NULL,NULL,NULL,'Y','2020-02-21 12:02:17','2020-02-22 10:47:19'),(16,7,341,'[\"https://s3.us-east-2.amazonaws.com/luxury-ride-test/Inventory_Images/178369fe-a71f-fd57-1752-4c0f17111107-1582368080453.png\"]',NULL,4100000,NULL,NULL,NULL,NULL,NULL,NULL,NULL,NULL,'Y','2020-02-21 12:02:17','2020-02-22 10:47:20'),(17,5,342,'[\"https://s3.us-east-2.amazonaws.com/luxury-ride-test/Inventory_Images/178369fe-a71f-fd57-1752-4c0f17111107-1582368080453.png\"]',NULL,2900000,NULL,NULL,NULL,NULL,NULL,NULL,NULL,NULL,'Y','2020-02-21 12:02:17','2020-02-22 10:47:20'),(18,1,343,'[\"https://s3.us-east-2.amazonaws.com/luxury-ride-test/Inventory_Images/178369fe-a71f-fd57-1752-4c0f17111107-1582368080453.png\"]',NULL,1300000,NULL,NULL,NULL,NULL,NULL,NULL,NULL,NULL,'Y','2020-02-21 12:02:17','2020-02-22 10:47:20'),(19,1,344,'[\"https://s3.us-east-2.amazonaws.com/luxury-ride-test/Inventory_Images/178369fe-a71f-fd57-1752-4c0f17111107-1582368080453.png\"]',NULL,2700000,NULL,NULL,NULL,NULL,NULL,NULL,NULL,NULL,'Y','2020-02-21 12:02:17','2020-02-22 10:47:20'),(20,6,345,'[\"https://s3.us-east-2.amazonaws.com/luxury-ride-test/Inventory_Images/178369fe-a71f-fd57-1752-4c0f17111107-1582368080453.png\"]',NULL,2700000,NULL,NULL,NULL,NULL,NULL,NULL,NULL,NULL,'Y','2020-02-21 12:02:17','2020-02-22 10:47:20'),(21,3,346,'[\"https://s3.us-east-2.amazonaws.com/luxury-ride-test/Inventory_Images/178369fe-a71f-fd57-1752-4c0f17111107-1582368080453.png\"]',NULL,2500000,NULL,NULL,NULL,NULL,NULL,NULL,NULL,NULL,'Y','2020-02-21 12:02:17','2020-02-22 10:47:20'),(22,1,347,'[\"https://s3.us-east-2.amazonaws.com/luxury-ride-test/Inventory_Images/178369fe-a71f-fd57-1752-4c0f17111107-1582368080453.png\"]',NULL,2000000,NULL,NULL,NULL,NULL,NULL,NULL,NULL,NULL,'Y','2020-02-21 12:02:17','2020-02-22 10:47:21'),(23,6,348,'[\"https://s3.us-east-2.amazonaws.com/luxury-ride-test/Inventory_Images/178369fe-a71f-fd57-1752-4c0f17111107-1582368080453.png\"]',NULL,2700000,NULL,NULL,NULL,NULL,NULL,NULL,NULL,NULL,'Y','2020-02-21 12:02:17','2020-02-22 10:47:21'),(24,1,349,'[\"https://s3.us-east-2.amazonaws.com/luxury-ride-test/Inventory_Images/178369fe-a71f-fd57-1752-4c0f17111107-1582368080453.png\"]',NULL,2700000,NULL,NULL,NULL,NULL,NULL,NULL,NULL,NULL,'Y','2020-02-21 12:02:17','2020-02-22 10:47:21'),(25,3,350,'[\"https://s3.us-east-2.amazonaws.com/luxury-ride-test/Inventory_Images/178369fe-a71f-fd57-1752-4c0f17111107-1582368080453.png\"]',NULL,2500000,NULL,NULL,NULL,NULL,NULL,NULL,NULL,NULL,'Y','2020-02-21 12:02:17','2020-02-22 10:47:21'),(26,4,351,'[\"https://s3.us-east-2.amazonaws.com/luxury-ride-test/Inventory_Images/178369fe-a71f-fd57-1752-4c0f17111107-1582368080453.png\"]',NULL,2800000,NULL,NULL,NULL,NULL,NULL,NULL,NULL,NULL,'Y','2020-02-21 12:02:17','2020-02-22 10:47:21'),(27,2,352,'[\"https://s3.us-east-2.amazonaws.com/luxury-ride-test/Inventory_Images/178369fe-a71f-fd57-1752-4c0f17111107-1582368080453.png\"]',NULL,4300000,NULL,NULL,NULL,NULL,NULL,NULL,NULL,NULL,'Y','2020-02-21 12:02:17','2020-02-22 10:47:21'),(28,7,353,'[\"https://s3.us-east-2.amazonaws.com/luxury-ride-test/Inventory_Images/178369fe-a71f-fd57-1752-4c0f17111107-1582368080453.png\"]',NULL,4100000,NULL,NULL,NULL,NULL,NULL,NULL,NULL,NULL,'Y','2020-02-21 12:02:17','2020-02-22 10:47:21'),(29,1,354,'[\"https://s3.us-east-2.amazonaws.com/luxury-ride-test/Inventory_Images/178369fe-a71f-fd57-1752-4c0f17111107-1582368080453.png\"]',NULL,3500000,NULL,NULL,NULL,NULL,NULL,NULL,NULL,NULL,'Y','2020-02-21 12:02:17','2020-02-22 10:47:22'),(30,5,355,'[\"https://s3.us-east-2.amazonaws.com/luxury-ride-test/Inventory_Images/178369fe-a71f-fd57-1752-4c0f17111107-1582368080453.png\"]',NULL,1500000,NULL,NULL,NULL,NULL,NULL,NULL,NULL,NULL,'Y','2020-02-21 12:02:17','2020-02-22 10:47:22'),(31,2,356,'[\"https://s3.us-east-2.amazonaws.com/luxury-ride-test/Inventory_Images/178369fe-a71f-fd57-1752-4c0f17111107-1582368080453.png\"]',NULL,4500000,NULL,NULL,NULL,NULL,NULL,NULL,NULL,NULL,'Y','2020-02-21 12:02:17','2020-02-22 10:47:22'),(32,1,357,'[\"https://s3.us-east-2.amazonaws.com/luxury-ride-test/Inventory_Images/178369fe-a71f-fd57-1752-4c0f17111107-1582368080453.png\"]',NULL,6400000,NULL,NULL,NULL,NULL,NULL,NULL,NULL,NULL,'Y','2020-02-21 12:02:17','2020-02-22 10:47:22');
/*!40000 ALTER TABLE `showroom_vehicle_assignment_tbl` ENABLE KEYS */;
UNLOCK TABLES;

--
-- Table structure for table `showrooms_tbl`
--

DROP TABLE IF EXISTS `showrooms_tbl`;
/*!40101 SET @saved_cs_client     = @@character_set_client */;
/*!40101 SET character_set_client = utf8 */;
CREATE TABLE `showrooms_tbl` (
  `showroom_id` int(11) NOT NULL AUTO_INCREMENT,
  `showroom_name` varchar(200) NOT NULL,
  `city_id` int(11) NOT NULL,
  `address` text NOT NULL,
  `pincode` varchar(12) NOT NULL,
  `landmark` varchar(120) NOT NULL,
  `showroom_code` varchar(25) DEFAULT NULL,
  `is_active` char(1) NOT NULL DEFAULT 'Y',
  `created_on` timestamp NOT NULL DEFAULT CURRENT_TIMESTAMP,
  `last_updated_on` timestamp NOT NULL DEFAULT CURRENT_TIMESTAMP ON UPDATE CURRENT_TIMESTAMP,
  PRIMARY KEY (`showroom_id`),
  KEY `FKcity_idx_idx` (`city_id`),
  CONSTRAINT `FKcity_idx` FOREIGN KEY (`city_id`) REFERENCES `city_master_tbl` (`city_id`)
) ENGINE=InnoDB AUTO_INCREMENT=8 DEFAULT CHARSET=latin1;
/*!40101 SET character_set_client = @saved_cs_client */;

--
-- Dumping data for table `showrooms_tbl`
--

LOCK TABLES `showrooms_tbl` WRITE;
/*!40000 ALTER TABLE `showrooms_tbl` DISABLE KEYS */;
INSERT INTO `showrooms_tbl` VALUES (1,'Luxury Ride KARNAL',28,'118, Milestone, AH-1, Karnal, Haryana','132001','Star Tower, Sector 30','LRK','Y','2019-01-25 10:28:14','2020-01-01 12:24:18'),(2,'Luxury Ride DELHI',8,'A-84, Block KD, Phase 1, Ashok Vihar, Delhi','110052','Ashok Vihar','LRD','Y','2019-01-25 10:28:14','2020-01-01 12:24:18'),(3,'Luxury Ride CHANDIGARH',17,'118, Milestone, AH-1, Karnal','132001','AH-1, Karnal','LRC','Y','2019-01-25 10:28:14','2020-01-01 12:24:19'),(4,'Luxury Ride LUDHIANA',5,'Grand Trunk Rd, Opposite railway station, Industrial Area C, Dhandari Kalan, Ludhiana, Punjab','141014','Opp. Dhandari Railway Station Distt.','LRL','Y','2019-01-25 10:28:14','2020-01-01 12:24:19'),(5,'Luxury Ride DEHRADUN',18,'aharanpur Rd, Mohabbewala, Dehradun, Uttarakhand','248002','IDC Sector 16','LRDD','Y','2019-01-25 10:28:14','2020-01-01 12:24:19'),(6,'Luxury Ride JAIPUR',3,'B-24, Govind Marg, Gurunanakpura, Tilak Nagar, Jaipur, Rajasthan','302004','AH-1, Karnal','LRJ','Y','2020-01-01 09:04:28','2020-01-01 12:24:19'),(7,'Luxury Ride  NEW DELHI',8,'new delhi','110052','Ashok Vihar','LRND','Y','2020-02-21 10:01:12','2020-02-21 10:01:12');
/*!40000 ALTER TABLE `showrooms_tbl` ENABLE KEYS */;
UNLOCK TABLES;

--
-- Table structure for table `state_master_tbl`
--

DROP TABLE IF EXISTS `state_master_tbl`;
/*!40101 SET @saved_cs_client     = @@character_set_client */;
/*!40101 SET character_set_client = utf8 */;
CREATE TABLE `state_master_tbl` (
  `state_id` int(11) NOT NULL AUTO_INCREMENT,
  `state` varchar(120) NOT NULL,
  `is_active` char(1) NOT NULL DEFAULT 'Y',
  `created_on` timestamp NOT NULL DEFAULT CURRENT_TIMESTAMP,
  `last_updated_on` timestamp NOT NULL DEFAULT CURRENT_TIMESTAMP ON UPDATE CURRENT_TIMESTAMP,
  PRIMARY KEY (`state_id`)
) ENGINE=InnoDB AUTO_INCREMENT=37 DEFAULT CHARSET=latin1;
/*!40101 SET character_set_client = @saved_cs_client */;

--
-- Dumping data for table `state_master_tbl`
--

LOCK TABLES `state_master_tbl` WRITE;
/*!40000 ALTER TABLE `state_master_tbl` DISABLE KEYS */;
INSERT INTO `state_master_tbl` VALUES (1,'Andaman & Nicobar Islands','Y','2018-11-30 07:38:52','2018-11-30 07:38:52'),(2,'Andhra Pradesh','Y','2018-11-30 07:38:52','2018-11-30 07:38:52'),(3,'Arunachal Pradesh','Y','2018-11-30 07:38:52','2018-11-30 07:38:52'),(4,'Assam','Y','2018-11-30 07:38:52','2018-11-30 07:38:52'),(5,'Bihar','Y','2018-11-30 07:38:52','2018-11-30 07:38:52'),(6,'Chandigarh','Y','2018-11-30 07:38:52','2018-11-30 07:38:52'),(7,'Chhattisgarh','Y','2018-11-30 07:38:52','2018-11-30 07:38:52'),(8,'Dadra & Nagar Haveli','Y','2018-11-30 07:38:52','2018-11-30 07:38:52'),(9,'Daman & Diu','Y','2018-11-30 07:38:52','2018-11-30 07:38:52'),(10,'Delhi','Y','2018-11-30 07:38:52','2018-11-30 07:38:52'),(11,'Goa','Y','2018-11-30 07:38:52','2018-11-30 07:38:52'),(12,'Gujarat','Y','2018-11-30 07:38:52','2018-11-30 07:38:52'),(13,'Haryana','Y','2018-11-30 07:38:52','2018-11-30 07:38:52'),(14,'Himachal Pradesh','Y','2018-11-30 07:38:52','2018-11-30 07:38:52'),(15,'Jammu & Kashmir','Y','2018-11-30 07:38:52','2018-11-30 07:38:52'),(16,'Jharkhand','Y','2018-11-30 07:38:52','2018-11-30 07:38:52'),(17,'Karnataka','Y','2018-11-30 07:38:52','2018-11-30 07:38:52'),(18,'Kerala','Y','2018-11-30 07:38:52','2018-11-30 07:38:52'),(19,'Lakshadweep','Y','2018-11-30 07:38:52','2018-11-30 07:38:52'),(20,'Madhya Pradesh','Y','2018-11-30 07:38:52','2018-11-30 07:38:52'),(21,'Maharashtra','Y','2018-11-30 07:38:52','2018-11-30 07:38:52'),(22,'Manipur','Y','2018-11-30 07:38:52','2018-11-30 07:38:52'),(23,'Meghalaya','Y','2018-11-30 07:38:52','2018-11-30 07:38:52'),(24,'Mizoram','Y','2018-11-30 07:38:52','2018-11-30 07:38:52'),(25,'Nagaland','Y','2018-11-30 07:38:52','2018-11-30 07:38:52'),(26,'Odisha','Y','2018-11-30 07:38:52','2018-11-30 07:38:52'),(27,'Puducherry','Y','2018-11-30 07:38:52','2018-11-30 07:38:52'),(28,'Punjab','Y','2018-11-30 07:38:52','2018-11-30 07:38:52'),(29,'Rajasthan','Y','2018-11-30 07:38:52','2018-11-30 07:38:52'),(30,'Sikkim','Y','2018-11-30 07:38:52','2018-11-30 07:38:52'),(31,'Tamil Nadu','Y','2018-11-30 07:38:52','2018-11-30 07:38:52'),(32,'Telangana','Y','2018-11-30 07:38:52','2018-11-30 07:38:52'),(33,'Tripura','Y','2018-11-30 07:38:52','2018-11-30 07:38:52'),(34,'Uttar Pradesh','Y','2018-11-30 07:38:52','2018-11-30 07:38:52'),(35,'Uttarakhand','Y','2018-11-30 07:38:52','2018-11-30 07:38:52'),(36,'West Bengal','Y','2018-11-30 07:38:52','2018-11-30 07:38:52');
/*!40000 ALTER TABLE `state_master_tbl` ENABLE KEYS */;
UNLOCK TABLES;

--
-- Table structure for table `sub_details_master_tbl`
--

DROP TABLE IF EXISTS `sub_details_master_tbl`;
/*!40101 SET @saved_cs_client     = @@character_set_client */;
/*!40101 SET character_set_client = utf8 */;
CREATE TABLE `sub_details_master_tbl` (
  `sub_details_id` int(20) NOT NULL AUTO_INCREMENT,
  `sub_details` varchar(25) DEFAULT NULL,
  `details_id` int(12) DEFAULT NULL,
  `is_active` char(1) DEFAULT 'Y',
  `created_on` timestamp NOT NULL DEFAULT CURRENT_TIMESTAMP,
  PRIMARY KEY (`sub_details_id`)
) ENGINE=InnoDB AUTO_INCREMENT=51 DEFAULT CHARSET=latin1;
/*!40101 SET character_set_client = @saved_cs_client */;

--
-- Dumping data for table `sub_details_master_tbl`
--

LOCK TABLES `sub_details_master_tbl` WRITE;
/*!40000 ALTER TABLE `sub_details_master_tbl` DISABLE KEYS */;
INSERT INTO `sub_details_master_tbl` VALUES (1,'Roof',1,'Y','2019-10-10 13:22:16'),(2,'Radiator Support',1,'N','2019-10-10 13:22:16'),(3,'Headlight light',1,'Y','2019-10-10 13:22:16'),(4,'Door - LHS Front',1,'Y','2019-10-10 13:22:16'),(5,'Wind Shield  Front',1,'Y','2019-10-10 13:22:16'),(6,'Tail Light',1,'Y','2019-10-10 13:22:16'),(7,'Bonnet/Hood',1,'Y','2019-10-10 13:22:16'),(8,'Bumper - Front',1,'Y','2019-10-10 13:22:16'),(9,'ORVM LHS',1,'Y','2019-10-10 13:22:16'),(10,'Spare Tyre',1,'Y','2019-10-10 13:22:16'),(11,'Dickey Door/Boot Door',1,'Y','2019-10-10 13:22:16'),(12,'Quarter Panel LHS',1,'Y','2019-10-10 13:22:16'),(13,'Quarter Panel RHS',1,'Y','2019-10-10 13:22:16'),(14,'Fender RHS',1,'Y','2019-10-10 13:22:16'),(15,'Door - RHS Front',1,'Y','2019-10-10 13:22:16'),(16,'Door - LHS Rear',1,'Y','2019-10-10 13:22:16'),(17,'Door - RHS Rear',1,'Y','2019-10-10 13:22:16'),(18,'Bumper - Rear',1,'Y','2019-10-10 13:22:16'),(19,'Wind Shield  Rear',1,'Y','2019-10-10 13:22:16'),(20,'ORVM RHS',1,'Y','2019-10-10 13:22:16'),(21,'Tyre LHS Front',1,'Y','2019-10-10 13:22:16'),(22,'Fender LHS',1,'Y','2019-10-10 13:22:16'),(23,'Tyre LHS Rear',1,'Y','2019-10-10 13:22:16'),(24,'Tyre RHS Rear',1,'Y','2019-10-10 13:22:16'),(25,'Tyre RHS Front',1,'Y','2019-10-10 13:22:16'),(26,'Engine Sound',2,'Y','2019-10-10 13:22:16'),(27,'Exhaust Smoke',2,'Y','2019-10-10 13:22:16'),(28,'Engine Mounting',2,'Y','2019-10-10 13:22:16'),(29,'Clutch',2,'Y','2019-10-10 13:22:16'),(30,'Gear Shifting',2,'Y','2019-10-10 13:22:16'),(31,'Engine oil',2,'Y','2019-10-10 13:22:16'),(32,'Battery',2,'Y','2019-10-10 13:22:16'),(33,'Coolant',2,'Y','2019-10-10 13:22:16'),(34,'AC Cooling',3,'Y','2019-10-10 13:22:16'),(35,'Heater',3,'Y','2019-10-10 13:22:16'),(36,'Climate Control AC',3,'Y','2019-10-10 13:22:16'),(37,'Power Windows',4,'Y','2019-10-10 13:22:16'),(38,'Music System',4,'Y','2019-10-10 13:22:16'),(39,'Sun Roof',4,'Y','2019-10-10 13:22:16'),(40,'Reverse Camera',4,'Y','2019-10-10 13:22:16'),(41,'Seat',4,'Y','2019-10-10 13:22:16'),(42,'Steering',5,'Y','2019-10-10 13:22:16'),(43,'Suspension',5,'Y','2019-10-10 13:22:16'),(44,'Brake',5,'Y','2019-10-10 13:22:16'),(45,'Stepny & tools',1,'Y','2019-11-15 07:10:03'),(46,'Fuel cap',1,'Y','2019-11-15 07:10:04'),(47,'Head Rest',4,'Y','2019-11-15 07:11:05'),(48,'Buttons',4,'Y','2019-11-15 07:11:05'),(49,'Steering Condition',4,'Y','2019-11-15 07:11:05'),(50,'Roof Cloth',4,'Y','2019-11-15 07:11:05');
/*!40000 ALTER TABLE `sub_details_master_tbl` ENABLE KEYS */;
UNLOCK TABLES;

--
-- Table structure for table `vehicle_complete_status_tbl`
--

DROP TABLE IF EXISTS `vehicle_complete_status_tbl`;
/*!40101 SET @saved_cs_client     = @@character_set_client */;
/*!40101 SET character_set_client = utf8 */;
CREATE TABLE `vehicle_complete_status_tbl` (
  `id` int(12) NOT NULL AUTO_INCREMENT,
  `vehicle_id` int(10) DEFAULT NULL,
  `purchased` char(1) DEFAULT 'N',
  `is_refurbished` char(1) DEFAULT 'N',
  `In_showroom` char(1) DEFAULT 'N',
  `token_recieve` char(1) DEFAULT 'N',
  `is_sold` char(1) DEFAULT 'N',
  `is_active` char(1) DEFAULT 'Y',
  `purchased_on` varchar(50) DEFAULT NULL,
  `refurbished_on` varchar(25) DEFAULT NULL,
  `showroom_on` varchar(50) DEFAULT NULL,
  `Negotiation_on` varchar(50) DEFAULT NULL,
  `sold_on` varchar(50) DEFAULT NULL,
  PRIMARY KEY (`id`)
) ENGINE=InnoDB AUTO_INCREMENT=65 DEFAULT CHARSET=latin1;
/*!40101 SET character_set_client = @saved_cs_client */;

--
-- Dumping data for table `vehicle_complete_status_tbl`
--

LOCK TABLES `vehicle_complete_status_tbl` WRITE;
/*!40000 ALTER TABLE `vehicle_complete_status_tbl` DISABLE KEYS */;
INSERT INTO `vehicle_complete_status_tbl` VALUES (1,326,'Y','Y','Y','N','N','Y','2020-02-21 17:28:32','2020-02-21 17:28:32','2020-02-21 17:28:32',NULL,NULL),(2,327,'Y','Y','Y','N','N','Y','2020-02-21 17:28:32','2020-02-21 17:28:32','2020-02-21 17:28:32',NULL,NULL),(3,328,'Y','Y','Y','N','N','Y','2020-02-21 17:28:32','2020-02-21 17:28:32','2020-02-21 17:28:32',NULL,NULL),(4,329,'Y','Y','Y','N','N','Y','2020-02-21 17:28:32','2020-02-21 17:28:32','2020-02-21 17:28:32',NULL,NULL),(5,330,'Y','Y','Y','N','N','Y','2020-02-21 17:28:32','2020-02-21 17:28:32','2020-02-21 17:28:32',NULL,NULL),(6,331,'Y','Y','Y','N','N','Y','2020-02-21 17:28:32','2020-02-21 17:28:32','2020-02-21 17:28:32',NULL,NULL),(7,332,'Y','Y','Y','N','N','Y','2020-02-21 17:28:32','2020-02-21 17:28:32','2020-02-21 17:28:32',NULL,NULL),(8,333,'Y','Y','Y','N','N','Y','2020-02-21 17:28:32','2020-02-21 17:28:32','2020-02-21 17:28:32',NULL,NULL),(9,334,'Y','Y','Y','N','N','Y','2020-02-21 17:28:32','2020-02-21 17:28:32','2020-02-21 17:28:32',NULL,NULL),(10,335,'Y','Y','Y','N','N','Y','2020-02-21 17:28:32','2020-02-21 17:28:32','2020-02-21 17:28:32',NULL,NULL),(11,336,'Y','Y','Y','N','N','Y','2020-02-21 17:28:32','2020-02-21 17:28:32','2020-02-21 17:28:32',NULL,NULL),(12,337,'Y','Y','Y','N','N','Y','2020-02-21 17:28:32','2020-02-21 17:28:32','2020-02-21 17:28:32',NULL,NULL),(13,338,'Y','Y','Y','N','N','Y','2020-02-21 17:28:32','2020-02-21 17:28:32','2020-02-21 17:28:32',NULL,NULL),(14,339,'Y','Y','Y','N','N','Y','2020-02-21 17:28:32','2020-02-21 17:28:32','2020-02-21 17:28:32',NULL,NULL),(15,340,'Y','Y','Y','N','N','Y','2020-02-21 17:28:32','2020-02-21 17:28:32','2020-02-21 17:28:32',NULL,NULL),(16,341,'Y','Y','Y','N','N','Y','2020-02-21 17:28:32','2020-02-21 17:28:32','2020-02-21 17:28:32',NULL,NULL),(17,342,'Y','Y','Y','N','N','Y','2020-02-21 17:28:32','2020-02-21 17:28:32','2020-02-21 17:28:32',NULL,NULL),(18,343,'Y','Y','Y','N','N','Y','2020-02-21 17:28:32','2020-02-21 17:28:32','2020-02-21 17:28:32',NULL,NULL),(19,344,'Y','Y','Y','N','N','Y','2020-02-21 17:28:32','2020-02-21 17:28:32','2020-02-21 17:28:32',NULL,NULL),(20,345,'Y','Y','Y','N','N','Y','2020-02-21 17:28:32','2020-02-21 17:28:32','2020-02-21 17:28:32',NULL,NULL),(21,346,'Y','Y','Y','N','N','Y','2020-02-21 17:28:32','2020-02-21 17:28:32','2020-02-21 17:28:32',NULL,NULL),(22,347,'Y','Y','Y','N','N','Y','2020-02-21 17:28:32','2020-02-21 17:28:32','2020-02-21 17:28:32',NULL,NULL),(23,348,'Y','Y','Y','N','N','Y','2020-02-21 17:28:32','2020-02-21 17:28:32','2020-02-21 17:28:32',NULL,NULL),(24,349,'Y','Y','Y','N','N','Y','2020-02-21 17:28:32','2020-02-21 17:28:32','2020-02-21 17:28:32',NULL,NULL),(25,350,'Y','Y','Y','N','N','Y','2020-02-21 17:28:32','2020-02-21 17:28:32','2020-02-21 17:28:32',NULL,NULL),(26,351,'Y','Y','Y','N','N','Y','2020-02-21 17:28:32','2020-02-21 17:28:32','2020-02-21 17:28:32',NULL,NULL),(27,352,'Y','Y','Y','N','N','Y','2020-02-21 17:28:32','2020-02-21 17:28:32','2020-02-21 17:28:32',NULL,NULL),(28,353,'Y','Y','Y','N','N','Y','2020-02-21 17:28:32','2020-02-21 17:28:32','2020-02-21 17:28:32',NULL,NULL),(29,354,'Y','Y','Y','N','N','Y','2020-02-21 17:28:32','2020-02-21 17:28:32','2020-02-21 17:28:32',NULL,NULL),(30,355,'Y','Y','Y','N','N','Y','2020-02-21 17:28:32','2020-02-21 17:28:32','2020-02-21 17:28:32',NULL,NULL),(31,356,'Y','Y','Y','N','N','Y','2020-02-21 17:28:32','2020-02-21 17:28:32','2020-02-21 17:28:32',NULL,NULL),(32,357,'Y','Y','Y','N','N','Y','2020-02-21 17:28:32','2020-02-21 17:28:32','2020-02-21 17:28:32',NULL,NULL),(64,118,'Y','N','N','N','N','Y','2020-02-22 12:44:10',NULL,NULL,NULL,NULL);
/*!40000 ALTER TABLE `vehicle_complete_status_tbl` ENABLE KEYS */;
UNLOCK TABLES;

--
-- Table structure for table `vehicle_condition_details_tbl`
--

DROP TABLE IF EXISTS `vehicle_condition_details_tbl`;
/*!40101 SET @saved_cs_client     = @@character_set_client */;
/*!40101 SET character_set_client = utf8 */;
CREATE TABLE `vehicle_condition_details_tbl` (
  `id` int(11) NOT NULL AUTO_INCREMENT,
  `vehicle_id` int(11) NOT NULL,
  `sub_details_id` int(20) DEFAULT NULL,
  `status_id` int(12) DEFAULT NULL,
  `images` text,
  `comments` varchar(200) DEFAULT NULL,
  `is_active` char(1) NOT NULL DEFAULT 'Y',
  `created_on` timestamp NOT NULL DEFAULT CURRENT_TIMESTAMP,
  `last_updated_on` timestamp NOT NULL DEFAULT CURRENT_TIMESTAMP ON UPDATE CURRENT_TIMESTAMP,
  PRIMARY KEY (`id`),
  KEY `vehicle_id` (`vehicle_id`),
  CONSTRAINT `vehicle_condition_details_tbl_ibfk_1` FOREIGN KEY (`vehicle_id`) REFERENCES `vehicle_master_tbl` (`vehicle_id`)
) ENGINE=InnoDB AUTO_INCREMENT=428 DEFAULT CHARSET=latin1;
/*!40101 SET character_set_client = @saved_cs_client */;

--
-- Dumping data for table `vehicle_condition_details_tbl`
--

LOCK TABLES `vehicle_condition_details_tbl` WRITE;
/*!40000 ALTER TABLE `vehicle_condition_details_tbl` DISABLE KEYS */;
INSERT INTO `vehicle_condition_details_tbl` VALUES (1,10,1,1,NULL,NULL,'Y','2019-12-11 08:24:23','2019-12-11 08:24:23'),(2,10,3,1,NULL,NULL,'Y','2019-12-11 08:24:23','2019-12-11 08:24:23'),(3,10,4,1,NULL,NULL,'Y','2019-12-11 08:24:23','2019-12-11 08:24:23'),(4,10,5,1,NULL,NULL,'Y','2019-12-11 08:24:23','2019-12-11 08:24:23'),(5,10,6,1,NULL,NULL,'Y','2019-12-11 08:24:23','2019-12-11 08:24:23'),(6,10,7,1,NULL,NULL,'Y','2019-12-11 08:24:23','2019-12-11 08:24:23'),(7,10,8,1,NULL,NULL,'Y','2019-12-11 08:24:23','2019-12-11 08:24:23'),(8,10,9,1,NULL,NULL,'Y','2019-12-11 08:24:23','2019-12-11 08:24:23'),(9,10,10,1,NULL,NULL,'Y','2019-12-11 08:24:23','2019-12-11 08:24:23'),(10,10,11,1,NULL,NULL,'Y','2019-12-11 08:24:23','2019-12-11 08:24:23'),(11,10,12,1,NULL,NULL,'Y','2019-12-11 08:24:23','2019-12-11 08:24:23'),(12,10,13,1,NULL,NULL,'Y','2019-12-11 08:24:23','2019-12-11 08:24:23'),(13,10,14,1,NULL,NULL,'Y','2019-12-11 08:24:23','2019-12-11 08:24:23'),(14,10,15,1,NULL,NULL,'Y','2019-12-11 08:24:23','2019-12-11 08:24:23'),(15,10,16,1,NULL,NULL,'Y','2019-12-11 08:24:23','2019-12-11 08:24:23'),(16,10,17,1,NULL,NULL,'Y','2019-12-11 08:24:23','2019-12-11 08:24:23'),(17,10,18,1,NULL,NULL,'Y','2019-12-11 08:24:23','2019-12-11 08:24:23'),(18,10,19,1,NULL,NULL,'Y','2019-12-11 08:24:23','2019-12-11 08:24:23'),(19,10,20,1,NULL,NULL,'Y','2019-12-11 08:24:23','2019-12-11 08:24:23'),(20,10,21,1,NULL,NULL,'Y','2019-12-11 08:24:23','2019-12-11 08:24:23'),(21,10,22,1,NULL,NULL,'Y','2019-12-11 08:24:23','2019-12-11 08:24:23'),(22,10,23,1,NULL,NULL,'Y','2019-12-11 08:24:23','2019-12-11 08:24:23'),(23,10,24,1,NULL,NULL,'Y','2019-12-11 08:24:23','2019-12-11 08:24:23'),(24,10,25,1,NULL,NULL,'Y','2019-12-11 08:24:23','2019-12-11 08:24:23'),(25,10,45,1,NULL,NULL,'Y','2019-12-11 08:24:23','2019-12-11 08:24:23'),(26,10,46,1,NULL,NULL,'Y','2019-12-11 08:24:23','2019-12-11 08:24:23'),(27,10,26,1,NULL,NULL,'Y','2019-12-11 08:24:35','2019-12-11 08:24:35'),(28,10,27,15,NULL,NULL,'Y','2019-12-11 08:24:35','2019-12-11 08:24:35'),(29,10,28,1,NULL,NULL,'Y','2019-12-11 08:24:35','2019-12-11 08:24:35'),(30,10,29,18,NULL,NULL,'Y','2019-12-11 08:24:35','2019-12-11 08:24:35'),(31,10,30,18,NULL,NULL,'Y','2019-12-11 08:24:35','2019-12-11 08:24:35'),(32,10,31,12,NULL,NULL,'Y','2019-12-11 08:24:35','2019-12-11 08:24:35'),(33,10,32,1,NULL,NULL,'Y','2019-12-11 08:24:35','2019-12-11 08:24:35'),(34,10,33,12,NULL,NULL,'Y','2019-12-11 08:24:35','2019-12-11 08:24:35'),(35,10,34,1,NULL,NULL,'Y','2019-12-11 08:24:42','2019-12-11 08:24:42'),(36,10,35,1,NULL,NULL,'Y','2019-12-11 08:24:42','2019-12-11 08:24:42'),(37,10,36,1,NULL,NULL,'Y','2019-12-11 08:24:42','2019-12-11 08:24:42'),(38,10,37,1,NULL,NULL,'Y','2019-12-11 08:26:24','2019-12-11 08:26:24'),(39,10,38,1,NULL,NULL,'Y','2019-12-11 08:26:24','2019-12-11 08:26:24'),(40,10,39,1,NULL,NULL,'Y','2019-12-11 08:26:24','2019-12-11 08:26:24'),(41,10,40,1,NULL,NULL,'Y','2019-12-11 08:26:24','2019-12-11 08:26:24'),(42,10,41,1,NULL,NULL,'Y','2019-12-11 08:26:24','2019-12-11 08:26:24'),(43,10,47,1,NULL,NULL,'Y','2019-12-11 08:26:24','2019-12-11 08:26:24'),(44,10,48,1,NULL,NULL,'Y','2019-12-11 08:26:24','2019-12-11 08:26:24'),(45,10,49,1,NULL,NULL,'Y','2019-12-11 08:26:24','2019-12-11 08:26:24'),(46,10,50,1,NULL,NULL,'Y','2019-12-11 08:26:24','2019-12-11 08:26:24'),(47,10,42,17,NULL,NULL,'Y','2019-12-11 08:31:16','2019-12-11 08:31:16'),(48,10,43,1,NULL,NULL,'Y','2019-12-11 08:31:16','2019-12-11 08:31:16'),(49,10,44,1,NULL,NULL,'Y','2019-12-11 08:31:16','2019-12-11 08:31:16'),(50,118,34,1,NULL,NULL,'Y','2019-12-17 13:07:27','2019-12-17 13:07:27'),(51,118,35,1,NULL,NULL,'Y','2019-12-17 13:07:27','2019-12-17 13:07:27'),(52,118,36,1,NULL,NULL,'Y','2019-12-17 13:07:27','2019-12-17 13:07:27'),(53,118,37,1,NULL,NULL,'Y','2019-12-17 13:07:41','2019-12-17 13:07:41'),(54,118,38,1,NULL,NULL,'Y','2019-12-17 13:07:41','2019-12-17 13:07:41'),(55,118,39,1,NULL,NULL,'Y','2019-12-17 13:07:41','2019-12-17 13:07:41'),(56,118,40,1,NULL,NULL,'Y','2019-12-17 13:07:41','2019-12-17 13:07:41'),(57,118,41,1,NULL,NULL,'Y','2019-12-17 13:07:41','2019-12-17 13:07:41'),(58,118,47,1,NULL,NULL,'Y','2019-12-17 13:07:41','2019-12-17 13:07:41'),(59,118,48,1,NULL,NULL,'Y','2019-12-17 13:07:41','2019-12-17 13:07:41'),(60,118,49,1,NULL,NULL,'Y','2019-12-17 13:07:41','2019-12-17 13:07:41'),(61,118,50,1,NULL,NULL,'Y','2019-12-17 13:07:41','2019-12-17 13:07:41'),(62,118,26,1,NULL,NULL,'Y','2019-12-17 13:07:57','2019-12-17 13:07:57'),(63,118,27,15,NULL,NULL,'Y','2019-12-17 13:07:57','2019-12-17 13:07:57'),(64,118,28,1,NULL,NULL,'Y','2019-12-17 13:07:57','2019-12-17 13:07:57'),(65,118,29,18,NULL,NULL,'Y','2019-12-17 13:07:57','2019-12-17 13:07:57'),(66,118,30,18,NULL,NULL,'Y','2019-12-17 13:07:57','2019-12-17 13:07:57'),(67,118,31,12,NULL,NULL,'Y','2019-12-17 13:07:57','2019-12-17 13:07:57'),(68,118,32,1,NULL,NULL,'Y','2019-12-17 13:07:57','2019-12-17 13:07:57'),(69,118,33,12,NULL,NULL,'Y','2019-12-17 13:07:57','2019-12-17 13:07:57'),(200,118,42,17,NULL,NULL,'Y','2019-12-17 13:11:31','2019-12-17 13:11:31'),(201,118,43,1,NULL,NULL,'Y','2019-12-17 13:11:31','2019-12-17 13:11:31'),(202,118,44,1,NULL,NULL,'Y','2019-12-17 13:11:31','2019-12-17 13:11:31'),(229,107,34,1,NULL,NULL,'Y','2019-12-17 13:21:27','2019-12-17 13:21:27'),(230,107,35,1,NULL,NULL,'Y','2019-12-17 13:21:27','2019-12-17 13:21:27'),(231,107,36,1,NULL,NULL,'Y','2019-12-17 13:21:27','2019-12-17 13:21:27'),(232,107,37,1,NULL,NULL,'Y','2019-12-17 13:21:46','2019-12-17 13:21:46'),(233,107,38,1,NULL,NULL,'Y','2019-12-17 13:21:46','2019-12-17 13:21:46'),(234,107,39,1,NULL,NULL,'Y','2019-12-17 13:21:46','2019-12-17 13:21:46'),(235,107,40,1,NULL,NULL,'Y','2019-12-17 13:21:46','2019-12-17 13:21:46'),(236,107,41,1,NULL,NULL,'Y','2019-12-17 13:21:46','2019-12-17 13:21:46'),(237,107,47,1,NULL,NULL,'Y','2019-12-17 13:21:46','2019-12-17 13:21:46'),(238,107,48,1,NULL,NULL,'Y','2019-12-17 13:21:46','2019-12-17 13:21:46'),(239,107,49,1,NULL,NULL,'Y','2019-12-17 13:21:46','2019-12-17 13:21:46'),(240,107,50,1,NULL,NULL,'Y','2019-12-17 13:21:46','2019-12-17 13:21:46'),(241,107,26,1,NULL,NULL,'Y','2019-12-17 13:21:56','2019-12-17 13:21:56'),(242,107,27,15,NULL,NULL,'Y','2019-12-17 13:21:56','2019-12-17 13:21:56'),(243,107,28,1,NULL,NULL,'Y','2019-12-17 13:21:56','2019-12-17 13:21:56'),(244,107,29,17,NULL,NULL,'Y','2019-12-17 13:21:56','2019-12-17 13:21:56'),(245,107,30,18,NULL,NULL,'Y','2019-12-17 13:21:56','2019-12-17 13:21:56'),(246,107,31,12,NULL,NULL,'Y','2019-12-17 13:21:56','2019-12-17 13:21:56'),(247,107,32,1,NULL,NULL,'Y','2019-12-17 13:21:56','2019-12-17 13:21:56'),(248,107,33,12,NULL,NULL,'Y','2019-12-17 13:21:56','2019-12-17 13:21:56'),(249,107,1,1,NULL,NULL,'Y','2019-12-17 13:22:17','2019-12-17 13:22:17'),(250,107,3,1,NULL,NULL,'Y','2019-12-17 13:22:17','2019-12-17 13:22:17'),(251,107,4,1,NULL,NULL,'Y','2019-12-17 13:22:17','2019-12-17 13:22:17'),(252,107,5,1,NULL,NULL,'Y','2019-12-17 13:22:17','2019-12-17 13:22:17'),(253,107,6,1,NULL,NULL,'Y','2019-12-17 13:22:17','2019-12-17 13:22:17'),(254,107,7,1,NULL,NULL,'Y','2019-12-17 13:22:17','2019-12-17 13:22:17'),(255,107,8,1,NULL,NULL,'Y','2019-12-17 13:22:17','2019-12-17 13:22:17'),(256,107,9,1,NULL,NULL,'Y','2019-12-17 13:22:17','2019-12-17 13:22:17'),(257,107,10,1,NULL,NULL,'Y','2019-12-17 13:22:17','2019-12-17 13:22:17'),(258,107,11,1,NULL,NULL,'Y','2019-12-17 13:22:17','2019-12-17 13:22:17'),(259,107,12,1,NULL,NULL,'Y','2019-12-17 13:22:17','2019-12-17 13:22:17'),(260,107,13,1,NULL,NULL,'Y','2019-12-17 13:22:17','2019-12-17 13:22:17'),(261,107,14,1,NULL,NULL,'Y','2019-12-17 13:22:17','2019-12-17 13:22:17'),(262,107,15,1,NULL,NULL,'Y','2019-12-17 13:22:17','2019-12-17 13:22:17'),(263,107,16,1,NULL,NULL,'Y','2019-12-17 13:22:17','2019-12-17 13:22:17'),(264,107,17,1,NULL,NULL,'Y','2019-12-17 13:22:17','2019-12-17 13:22:17'),(265,107,18,1,NULL,NULL,'Y','2019-12-17 13:22:17','2019-12-17 13:22:17'),(266,107,19,1,NULL,NULL,'Y','2019-12-17 13:22:17','2019-12-17 13:22:17'),(267,107,20,1,NULL,NULL,'Y','2019-12-17 13:22:17','2019-12-17 13:22:17'),(268,107,21,1,NULL,NULL,'Y','2019-12-17 13:22:17','2019-12-17 13:22:17'),(269,107,22,1,NULL,NULL,'Y','2019-12-17 13:22:17','2019-12-17 13:22:17'),(270,107,23,1,NULL,NULL,'Y','2019-12-17 13:22:17','2019-12-17 13:22:17'),(271,107,24,1,NULL,NULL,'Y','2019-12-17 13:22:17','2019-12-17 13:22:17'),(272,107,25,1,NULL,NULL,'Y','2019-12-17 13:22:17','2019-12-17 13:22:17'),(273,107,45,1,NULL,NULL,'Y','2019-12-17 13:22:17','2019-12-17 13:22:17'),(274,107,46,1,NULL,NULL,'Y','2019-12-17 13:22:17','2019-12-17 13:22:17'),(275,107,42,17,NULL,NULL,'Y','2019-12-17 13:22:40','2019-12-17 13:22:40'),(276,107,43,1,NULL,NULL,'Y','2019-12-17 13:22:40','2019-12-17 13:22:40'),(277,107,44,1,NULL,NULL,'Y','2019-12-17 13:22:40','2019-12-17 13:22:40'),(278,117,34,1,NULL,NULL,'Y','2019-12-17 18:16:24','2019-12-17 18:16:24'),(279,117,35,1,NULL,NULL,'Y','2019-12-17 18:16:24','2019-12-17 18:16:24'),(280,117,36,1,NULL,NULL,'Y','2019-12-17 18:16:24','2019-12-17 18:16:24'),(281,117,37,1,NULL,NULL,'Y','2019-12-17 18:16:42','2019-12-17 18:16:42'),(282,117,38,1,NULL,NULL,'Y','2019-12-17 18:16:42','2019-12-17 18:16:42'),(283,117,39,1,NULL,NULL,'Y','2019-12-17 18:16:42','2019-12-17 18:16:42'),(284,117,40,1,NULL,NULL,'Y','2019-12-17 18:16:42','2019-12-17 18:16:42'),(285,117,41,1,NULL,NULL,'Y','2019-12-17 18:16:42','2019-12-17 18:16:42'),(286,117,47,1,NULL,NULL,'Y','2019-12-17 18:16:42','2019-12-17 18:16:42'),(287,117,48,1,NULL,NULL,'Y','2019-12-17 18:16:42','2019-12-17 18:16:42'),(288,117,49,1,NULL,NULL,'Y','2019-12-17 18:16:42','2019-12-17 18:16:42'),(289,117,50,1,NULL,NULL,'Y','2019-12-17 18:16:42','2019-12-17 18:16:42'),(290,117,26,1,NULL,NULL,'Y','2019-12-17 18:17:11','2019-12-17 18:17:11'),(291,117,27,1,NULL,NULL,'Y','2019-12-17 18:17:11','2019-12-17 18:17:11'),(292,117,28,1,NULL,NULL,'Y','2019-12-17 18:17:11','2019-12-17 18:17:11'),(293,117,29,17,NULL,NULL,'Y','2019-12-17 18:17:11','2019-12-17 18:17:11'),(294,117,30,17,NULL,NULL,'Y','2019-12-17 18:17:11','2019-12-17 18:17:11'),(295,117,31,12,NULL,NULL,'Y','2019-12-17 18:17:11','2019-12-17 18:17:11'),(296,117,32,1,NULL,NULL,'Y','2019-12-17 18:17:11','2019-12-17 18:17:11'),(297,117,33,12,NULL,NULL,'Y','2019-12-17 18:17:11','2019-12-17 18:17:11'),(298,117,1,1,NULL,NULL,'Y','2019-12-17 18:17:53','2019-12-17 18:17:53'),(299,117,3,1,NULL,NULL,'Y','2019-12-17 18:17:53','2019-12-17 18:17:53'),(300,117,4,1,NULL,NULL,'Y','2019-12-17 18:17:53','2019-12-17 18:17:53'),(301,117,5,1,NULL,NULL,'Y','2019-12-17 18:17:53','2019-12-17 18:17:53'),(302,117,6,1,NULL,NULL,'Y','2019-12-17 18:17:53','2019-12-17 18:17:53'),(303,117,7,24,NULL,NULL,'Y','2019-12-17 18:17:53','2019-12-17 18:17:53'),(304,117,8,1,NULL,NULL,'Y','2019-12-17 18:17:53','2019-12-17 18:17:53'),(305,117,9,1,NULL,NULL,'Y','2019-12-17 18:17:53','2019-12-17 18:17:53'),(306,117,10,1,NULL,NULL,'Y','2019-12-17 18:17:53','2019-12-17 18:17:53'),(307,117,11,1,NULL,NULL,'Y','2019-12-17 18:17:53','2019-12-17 18:17:53'),(308,117,12,1,NULL,NULL,'Y','2019-12-17 18:17:53','2019-12-17 18:17:53'),(309,117,13,1,NULL,NULL,'Y','2019-12-17 18:17:53','2019-12-17 18:17:53'),(310,117,14,1,NULL,NULL,'Y','2019-12-17 18:17:53','2019-12-17 18:17:53'),(311,117,15,1,NULL,NULL,'Y','2019-12-17 18:17:53','2019-12-17 18:17:53'),(312,117,16,1,NULL,NULL,'Y','2019-12-17 18:17:53','2019-12-17 18:17:53'),(313,117,17,1,NULL,NULL,'Y','2019-12-17 18:17:53','2019-12-17 18:17:53'),(314,117,18,1,NULL,NULL,'Y','2019-12-17 18:17:53','2019-12-17 18:17:53'),(315,117,19,1,NULL,NULL,'Y','2019-12-17 18:17:53','2019-12-17 18:17:53'),(316,117,20,1,NULL,NULL,'Y','2019-12-17 18:17:53','2019-12-17 18:17:53'),(317,117,21,1,NULL,NULL,'Y','2019-12-17 18:17:53','2019-12-17 18:17:53'),(318,117,22,1,NULL,NULL,'Y','2019-12-17 18:17:53','2019-12-17 18:17:53'),(319,117,23,1,NULL,NULL,'Y','2019-12-17 18:17:53','2019-12-17 18:17:53'),(320,117,24,1,NULL,NULL,'Y','2019-12-17 18:17:53','2019-12-17 18:17:53'),(321,117,25,1,NULL,NULL,'Y','2019-12-17 18:17:53','2019-12-17 18:17:53'),(322,117,45,1,NULL,NULL,'Y','2019-12-17 18:17:53','2019-12-17 18:17:53'),(323,117,46,1,NULL,NULL,'Y','2019-12-17 18:17:53','2019-12-17 18:17:53'),(324,117,42,17,NULL,NULL,'Y','2019-12-17 18:18:05','2019-12-17 18:18:05'),(325,117,43,1,NULL,NULL,'Y','2019-12-17 18:18:05','2019-12-17 18:18:05'),(326,117,44,1,NULL,NULL,'Y','2019-12-17 18:18:05','2019-12-17 18:18:05'),(353,115,34,1,NULL,NULL,'Y','2019-12-18 10:54:39','2019-12-18 10:54:39'),(354,115,35,1,NULL,NULL,'Y','2019-12-18 10:54:39','2019-12-18 10:54:39'),(355,115,36,1,NULL,NULL,'Y','2019-12-18 10:54:39','2019-12-18 10:54:39'),(356,115,37,1,NULL,NULL,'Y','2019-12-18 10:54:49','2019-12-18 10:54:49'),(357,115,38,1,NULL,NULL,'Y','2019-12-18 10:54:49','2019-12-18 10:54:49'),(358,115,39,1,NULL,NULL,'Y','2019-12-18 10:54:49','2019-12-18 10:54:49'),(359,115,40,1,NULL,NULL,'Y','2019-12-18 10:54:49','2019-12-18 10:54:49'),(360,115,41,1,NULL,NULL,'Y','2019-12-18 10:54:49','2019-12-18 10:54:49'),(361,115,47,1,NULL,NULL,'Y','2019-12-18 10:54:49','2019-12-18 10:54:49'),(362,115,48,1,NULL,NULL,'Y','2019-12-18 10:54:49','2019-12-18 10:54:49'),(363,115,49,1,NULL,NULL,'Y','2019-12-18 10:54:49','2019-12-18 10:54:49'),(364,115,50,1,NULL,NULL,'Y','2019-12-18 10:54:49','2019-12-18 10:54:49'),(365,115,26,1,NULL,NULL,'Y','2019-12-18 10:55:28','2019-12-18 10:55:28'),(366,115,27,1,NULL,NULL,'Y','2019-12-18 10:55:28','2019-12-18 10:55:28'),(367,115,28,1,NULL,NULL,'Y','2019-12-18 10:55:28','2019-12-18 10:55:28'),(368,115,29,17,NULL,NULL,'Y','2019-12-18 10:55:28','2019-12-18 10:55:28'),(369,115,30,17,NULL,NULL,'Y','2019-12-18 10:55:28','2019-12-18 10:55:28'),(370,115,31,12,NULL,NULL,'Y','2019-12-18 10:55:28','2019-12-18 10:55:28'),(371,115,32,11,NULL,NULL,'Y','2019-12-18 10:55:28','2019-12-18 10:55:28'),(372,115,33,13,NULL,NULL,'Y','2019-12-18 10:55:28','2019-12-18 10:55:28'),(373,115,1,1,NULL,NULL,'Y','2019-12-18 10:56:59','2019-12-18 10:56:59'),(374,115,3,1,NULL,NULL,'Y','2019-12-18 10:56:59','2019-12-18 10:56:59'),(375,115,4,1,NULL,NULL,'Y','2019-12-18 10:56:59','2019-12-18 10:56:59'),(376,115,5,1,NULL,NULL,'Y','2019-12-18 10:56:59','2019-12-18 10:56:59'),(377,115,6,1,NULL,NULL,'Y','2019-12-18 10:56:59','2019-12-18 10:56:59'),(378,115,7,1,NULL,NULL,'Y','2019-12-18 10:56:59','2019-12-18 10:56:59'),(379,115,8,1,NULL,NULL,'Y','2019-12-18 10:56:59','2019-12-18 10:56:59'),(380,115,9,1,NULL,NULL,'Y','2019-12-18 10:56:59','2019-12-18 10:56:59'),(381,115,10,1,NULL,NULL,'Y','2019-12-18 10:56:59','2019-12-18 10:56:59'),(382,115,11,1,NULL,NULL,'Y','2019-12-18 10:56:59','2019-12-18 10:56:59'),(383,115,12,1,NULL,NULL,'Y','2019-12-18 10:56:59','2019-12-18 10:56:59'),(384,115,13,1,NULL,NULL,'Y','2019-12-18 10:56:59','2019-12-18 10:56:59'),(385,115,14,1,NULL,NULL,'Y','2019-12-18 10:56:59','2019-12-18 10:56:59'),(386,115,15,1,NULL,NULL,'Y','2019-12-18 10:56:59','2019-12-18 10:56:59'),(387,115,16,1,NULL,NULL,'Y','2019-12-18 10:56:59','2019-12-18 10:56:59'),(388,115,17,1,NULL,NULL,'Y','2019-12-18 10:56:59','2019-12-18 10:56:59'),(389,115,18,1,NULL,NULL,'Y','2019-12-18 10:56:59','2019-12-18 10:56:59'),(390,115,19,1,NULL,NULL,'Y','2019-12-18 10:56:59','2019-12-18 10:56:59'),(391,115,20,1,NULL,NULL,'Y','2019-12-18 10:56:59','2019-12-18 10:56:59'),(392,115,21,1,NULL,NULL,'Y','2019-12-18 10:56:59','2019-12-18 10:56:59'),(393,115,22,1,NULL,NULL,'Y','2019-12-18 10:56:59','2019-12-18 10:56:59'),(394,115,23,1,NULL,NULL,'Y','2019-12-18 10:56:59','2019-12-18 10:56:59'),(395,115,24,1,NULL,NULL,'Y','2019-12-18 10:56:59','2019-12-18 10:56:59'),(396,115,25,1,NULL,NULL,'Y','2019-12-18 10:56:59','2019-12-18 10:56:59'),(397,115,45,1,NULL,NULL,'Y','2019-12-18 10:56:59','2019-12-18 10:56:59'),(398,115,46,1,NULL,NULL,'Y','2019-12-18 10:56:59','2019-12-18 10:56:59'),(399,115,42,17,NULL,NULL,'Y','2019-12-18 10:57:19','2019-12-18 10:57:19'),(400,115,43,1,NULL,NULL,'Y','2019-12-18 10:57:19','2019-12-18 10:57:19'),(401,115,44,19,NULL,NULL,'Y','2019-12-18 10:57:19','2019-12-18 10:57:19'),(402,118,1,1,NULL,NULL,'Y','2019-12-19 08:06:51','2019-12-19 08:06:51'),(403,118,3,1,NULL,NULL,'Y','2019-12-19 08:06:51','2019-12-19 08:06:51'),(404,118,4,1,NULL,NULL,'Y','2019-12-19 08:06:51','2019-12-19 08:06:51'),(405,118,5,1,NULL,NULL,'Y','2019-12-19 08:06:51','2019-12-19 08:06:51'),(406,118,6,1,NULL,NULL,'Y','2019-12-19 08:06:51','2019-12-19 08:06:51'),(407,118,7,1,NULL,NULL,'Y','2019-12-19 08:06:52','2019-12-19 08:06:52'),(408,118,8,1,NULL,NULL,'Y','2019-12-19 08:06:52','2019-12-19 08:06:52'),(409,118,9,1,NULL,NULL,'Y','2019-12-19 08:06:52','2019-12-19 08:06:52'),(410,118,10,1,NULL,NULL,'Y','2019-12-19 08:06:52','2019-12-19 08:06:52'),(411,118,11,1,NULL,NULL,'Y','2019-12-19 08:06:52','2019-12-19 08:06:52'),(412,118,12,1,NULL,NULL,'Y','2019-12-19 08:06:52','2019-12-19 08:06:52'),(413,118,13,1,NULL,NULL,'Y','2019-12-19 08:06:52','2019-12-19 08:06:52'),(414,118,14,1,NULL,NULL,'Y','2019-12-19 08:06:52','2019-12-19 08:06:52'),(415,118,15,1,NULL,NULL,'Y','2019-12-19 08:06:52','2019-12-19 08:06:52'),(416,118,16,1,NULL,NULL,'Y','2019-12-19 08:06:52','2019-12-19 08:06:52'),(417,118,17,1,NULL,NULL,'Y','2019-12-19 08:06:52','2019-12-19 08:06:52'),(418,118,18,1,NULL,NULL,'Y','2019-12-19 08:06:52','2019-12-19 08:06:52'),(419,118,19,1,NULL,NULL,'Y','2019-12-19 08:06:52','2019-12-19 08:06:52'),(420,118,20,1,NULL,NULL,'Y','2019-12-19 08:06:52','2019-12-19 08:06:52'),(421,118,21,1,NULL,NULL,'Y','2019-12-19 08:06:52','2019-12-19 08:06:52'),(422,118,22,1,NULL,NULL,'Y','2019-12-19 08:06:53','2019-12-19 08:06:53'),(423,118,23,1,NULL,NULL,'Y','2019-12-19 08:06:53','2019-12-19 08:06:53'),(424,118,24,1,NULL,NULL,'Y','2019-12-19 08:06:53','2019-12-19 08:06:53'),(425,118,25,1,NULL,NULL,'Y','2019-12-19 08:06:53','2019-12-19 08:06:53'),(426,118,45,1,NULL,NULL,'Y','2019-12-19 08:06:53','2019-12-19 08:06:53'),(427,118,46,1,NULL,NULL,'Y','2019-12-19 08:06:53','2019-12-19 08:06:53');
/*!40000 ALTER TABLE `vehicle_condition_details_tbl` ENABLE KEYS */;
UNLOCK TABLES;

--
-- Table structure for table `vehicle_condition_images_lable_tbl`
--

DROP TABLE IF EXISTS `vehicle_condition_images_lable_tbl`;
/*!40101 SET @saved_cs_client     = @@character_set_client */;
/*!40101 SET character_set_client = utf8 */;
CREATE TABLE `vehicle_condition_images_lable_tbl` (
  `id` int(12) NOT NULL AUTO_INCREMENT,
  `lable_name` varchar(75) DEFAULT NULL,
  `is_active` char(1) DEFAULT 'Y',
  `created_on` timestamp NOT NULL DEFAULT CURRENT_TIMESTAMP,
  PRIMARY KEY (`id`)
) ENGINE=InnoDB AUTO_INCREMENT=13 DEFAULT CHARSET=latin1;
/*!40101 SET character_set_client = @saved_cs_client */;

--
-- Dumping data for table `vehicle_condition_images_lable_tbl`
--

LOCK TABLES `vehicle_condition_images_lable_tbl` WRITE;
/*!40000 ALTER TABLE `vehicle_condition_images_lable_tbl` DISABLE KEYS */;
INSERT INTO `vehicle_condition_images_lable_tbl` VALUES (1,'Front View','Y','2019-12-02 13:47:07'),(2,'Rear View','Y','2019-12-02 13:47:07'),(3,'Right View','Y','2019-12-02 13:47:07'),(4,'Left View','Y','2019-12-02 13:47:07'),(5,'Digital Meter','Y','2019-12-02 13:47:07'),(6,'Dashboard','Y','2019-12-02 13:47:07'),(7,'Front Right Tyre','Y','2019-12-02 13:47:07'),(8,'Front Left tyre','Y','2019-12-02 13:47:08'),(9,'Back Right Tyre','Y','2019-12-02 13:47:08'),(10,'Back Left Tyre','Y','2019-12-02 13:47:08'),(11,'Interior Front','Y','2019-12-02 13:47:08'),(12,'Interior Back','Y','2019-12-02 13:47:08');
/*!40000 ALTER TABLE `vehicle_condition_images_lable_tbl` ENABLE KEYS */;
UNLOCK TABLES;

--
-- Table structure for table `vehicle_condition_images_tbl`
--

DROP TABLE IF EXISTS `vehicle_condition_images_tbl`;
/*!40101 SET @saved_cs_client     = @@character_set_client */;
/*!40101 SET character_set_client = utf8 */;
CREATE TABLE `vehicle_condition_images_tbl` (
  `image_id` int(10) NOT NULL AUTO_INCREMENT,
  `vehicle_id` int(10) DEFAULT NULL,
  `vehicle_images` text,
  `front_view` text,
  `rear_view` text,
  `right_view` text,
  `left_view` text,
  `digital_meter` text,
  `dashboard` text,
  `front_right_tyre` text,
  `front_left_tyre` text,
  `back_right_tyre` text,
  `back_left_tyre` text,
  `interior_front` text,
  `interior_back` text,
  `comments` varchar(250) DEFAULT NULL,
  `is_active` char(1) DEFAULT 'Y',
  `created_on` timestamp NOT NULL DEFAULT CURRENT_TIMESTAMP,
  PRIMARY KEY (`image_id`)
) ENGINE=InnoDB AUTO_INCREMENT=9 DEFAULT CHARSET=latin1;
/*!40101 SET character_set_client = @saved_cs_client */;

--
-- Dumping data for table `vehicle_condition_images_tbl`
--

LOCK TABLES `vehicle_condition_images_tbl` WRITE;
/*!40000 ALTER TABLE `vehicle_condition_images_tbl` DISABLE KEYS */;
INSERT INTO `vehicle_condition_images_tbl` VALUES (1,48,'[\"https://luxury-ride-test.s3.us-east-2.amazonaws.com/FinalImages/DL8CAL5974_AUDI-A6_2019-12-09%3A22-06-58.jpg\",\"https://luxury-ride-test.s3.us-east-2.amazonaws.com/FinalImages/DL8CAL5974_AUDI-A6_2019-12-09%3A22-07-22.jpg\"]','https://luxury-ride-test.s3.us-east-2.amazonaws.com/FinalImages/DL8CAL5974_AUDI-A6_2019-12-09%3A22-06-58.jpg','https://luxury-ride-test.s3.us-east-2.amazonaws.com/FinalImages/DL8CAL5974_AUDI-A6_2019-12-09%3A22-07-22.jpg',NULL,NULL,NULL,NULL,NULL,NULL,NULL,NULL,NULL,NULL,NULL,'Y','2019-12-09 16:37:22'),(2,10,'[\"https://luxury-ride-test.s3.us-east-2.amazonaws.com/FinalImages/HR26CG7041_AUDI-A4_2019-12-11:12-36-29.jpg\",\"https://luxury-ride-test.s3.us-east-2.amazonaws.com/FinalImages/HR26CG7041_AUDI-A4_2019-12-11:12-36-43.jpg\",\"https://luxury-ride-test.s3.us-east-2.amazonaws.com/FinalImages/HR26CG7041_AUDI-A4_2019-12-11:12-36-43.jpg\",\"https://luxury-ride-test.s3.us-east-2.amazonaws.com/FinalImages/HR26CG7041_AUDI-A4_2019-12-11:12-36-53.jpg\",\"https://luxury-ride-test.s3.us-east-2.amazonaws.com/FinalImages/HR26CG7041_AUDI-A4_2019-12-11:12-37-22.jpg\",\"https://luxury-ride-test.s3.us-east-2.amazonaws.com/FinalImages/HR26CG7041_AUDI-A4_2019-12-11:12-37-22.jpg\",\"https://luxury-ride-test.s3.us-east-2.amazonaws.com/FinalImages/HR26CG7041_AUDI-A4_2019-12-11:12-37-35.jpg\",\"https://luxury-ride-test.s3.us-east-2.amazonaws.com/FinalImages/HR26CG7041_AUDI-A4_2019-12-11:12-37-35.jpg\",\"https://luxury-ride-test.s3.us-east-2.amazonaws.com/FinalImages/HR26CG7041_AUDI-A4_2019-12-11:12-37-35.jpg\",\"https://luxury-ride-test.s3.us-east-2.amazonaws.com/FinalImages/HR26CG7041_AUDI-A4_2019-12-11:12-38-09.jpg\"]','https://luxury-ride-test.s3.us-east-2.amazonaws.com/FinalImages/HR26CG7041_AUDI-A4_2019-12-11:12-36-29.jpg','https://luxury-ride-test.s3.us-east-2.amazonaws.com/FinalImages/HR26CG7041_AUDI-A4_2019-12-11:12-38-09.jpg',NULL,'https://luxury-ride-test.s3.us-east-2.amazonaws.com/FinalImages/HR26CG7041_AUDI-A4_2019-12-11:12-36-29.jpg','https://luxury-ride-test.s3.us-east-2.amazonaws.com/FinalImages/HR26CG7041_AUDI-A4_2019-12-11:12-36-43.jpg','https://luxury-ride-test.s3.us-east-2.amazonaws.com/FinalImages/HR26CG7041_AUDI-A4_2019-12-11:12-37-22.jpg',NULL,NULL,NULL,NULL,'https://luxury-ride-test.s3.us-east-2.amazonaws.com/FinalImages/HR26CG7041_AUDI-A4_2019-12-11:12-36-53.jpg','https://luxury-ride-test.s3.us-east-2.amazonaws.com/FinalImages/HR26CG7041_AUDI-A4_2019-12-11:12-37-35.jpg','Good car, \n\n2014 A4 WITHOUT SUNROOF 53000KMS @ 12-12.50 LAC\n\n\nALMOST COMPLETE CAR REPAINT . BUT PAINT IS GOOD. TYRERS IS GOOD','Y','2019-12-11 07:14:00'),(3,59,'[\"https://luxury-ride-test.s3.us-east-2.amazonaws.com/FinalImages/HR26DT0273_JAGUAR-XJ_L_2019-12-11:13-45-42.jpg\"]',NULL,NULL,NULL,NULL,NULL,NULL,NULL,NULL,NULL,NULL,NULL,'https://luxury-ride-test.s3.us-east-2.amazonaws.com/FinalImages/HR26DT0273_JAGUAR-XJ_L_2019-12-11:13-45-42.jpg','Yfgg','Y','2019-12-11 08:15:54'),(4,118,'[\"https://luxury-ride-test.s3.us-east-2.amazonaws.com/FinalImages/UP160000_BMW-5_SERIES_2019-12-17:18-42-23.jpg\",\"https://luxury-ride-test.s3.us-east-2.amazonaws.com/FinalImages/UP160000_BMW-5_SERIES_2019-12-17:18-42-35.jpg\",\"https://luxury-ride-test.s3.us-east-2.amazonaws.com/FinalImages/UP160000_BMW-5_SERIES_2019-12-17:18-42-44.jpg\",\"https://luxury-ride-test.s3.us-east-2.amazonaws.com/FinalImages/UP160000_BMW-5_SERIES_2019-12-17:18-43-20.jpg\"]','https://luxury-ride-test.s3.us-east-2.amazonaws.com/FinalImages/UP160000_BMW-5_SERIES_2019-12-17:18-42-23.jpg','https://luxury-ride-test.s3.us-east-2.amazonaws.com/FinalImages/UP160000_BMW-5_SERIES_2019-12-17:18-42-44.jpg','https://luxury-ride-test.s3.us-east-2.amazonaws.com/FinalImages/UP160000_BMW-5_SERIES_2019-12-17:18-43-20.jpg','https://luxury-ride-test.s3.us-east-2.amazonaws.com/FinalImages/UP160000_BMW-5_SERIES_2019-12-17:18-42-35.jpg',NULL,NULL,NULL,NULL,NULL,NULL,NULL,NULL,'Boot repainted','Y','2019-12-17 13:14:16'),(5,107,'[\"https://luxury-ride-test.s3.us-east-2.amazonaws.com/FinalImages/HR26CS4346_MINI-COOPER_2019-12-17:18-52-50.jpg\",\"https://luxury-ride-test.s3.us-east-2.amazonaws.com/FinalImages/HR26CS4346_MINI-COOPER_2019-12-17:18-53-02.jpg\",\"https://luxury-ride-test.s3.us-east-2.amazonaws.com/FinalImages/HR26CS4346_MINI-COOPER_2019-12-17:18-53-10.jpg\",\"https://luxury-ride-test.s3.us-east-2.amazonaws.com/FinalImages/HR26CS4346_MINI-COOPER_2019-12-17:18-53-22.jpg\",\"https://luxury-ride-test.s3.us-east-2.amazonaws.com/FinalImages/HR26CS4346_MINI-COOPER_2019-12-17:18-53-33.jpg\",\"https://luxury-ride-test.s3.us-east-2.amazonaws.com/FinalImages/HR26CS4346_MINI-COOPER_2019-12-17:18-53-42.jpg\",\"https://luxury-ride-test.s3.us-east-2.amazonaws.com/FinalImages/HR26CS4346_MINI-COOPER_2019-12-17:18-54-20.jpg\"]','https://luxury-ride-test.s3.us-east-2.amazonaws.com/FinalImages/HR26CS4346_MINI-COOPER_2019-12-17:18-53-10.jpg','https://luxury-ride-test.s3.us-east-2.amazonaws.com/FinalImages/HR26CS4346_MINI-COOPER_2019-12-17:18-54-20.jpg','https://luxury-ride-test.s3.us-east-2.amazonaws.com/FinalImages/HR26CS4346_MINI-COOPER_2019-12-17:18-53-42.jpg','https://luxury-ride-test.s3.us-east-2.amazonaws.com/FinalImages/HR26CS4346_MINI-COOPER_2019-12-17:18-53-02.jpg',NULL,'https://luxury-ride-test.s3.us-east-2.amazonaws.com/FinalImages/HR26CS4346_MINI-COOPER_2019-12-17:18-53-33.jpg',NULL,NULL,NULL,NULL,NULL,NULL,'Good car , 14800kms done','Y','2019-12-17 13:24:42'),(6,117,'[\"https://luxury-ride-test.s3.us-east-2.amazonaws.com/FinalImages/UP160000_AUDI-A4_2019-12-17:23-48-29.jpg\",\"https://luxury-ride-test.s3.us-east-2.amazonaws.com/FinalImages/UP160000_AUDI-A4_2019-12-17:23-48-38.jpg\",\"https://luxury-ride-test.s3.us-east-2.amazonaws.com/FinalImages/UP160000_AUDI-A4_2019-12-17:23-48-45.jpg\",\"https://luxury-ride-test.s3.us-east-2.amazonaws.com/FinalImages/UP160000_AUDI-A4_2019-12-17:23-48-57.jpg\",\"https://luxury-ride-test.s3.us-east-2.amazonaws.com/FinalImages/UP160000_AUDI-A4_2019-12-17:23-49-05.jpg\",\"https://luxury-ride-test.s3.us-east-2.amazonaws.com/FinalImages/UP160000_AUDI-A4_2019-12-17:23-49-15.jpg\",\"https://luxury-ride-test.s3.us-east-2.amazonaws.com/FinalImages/UP160000_AUDI-A4_2019-12-17:23-49-26.jpg\"]','https://luxury-ride-test.s3.us-east-2.amazonaws.com/FinalImages/UP160000_AUDI-A4_2019-12-17:23-48-57.jpg','https://luxury-ride-test.s3.us-east-2.amazonaws.com/FinalImages/UP160000_AUDI-A4_2019-12-17:23-49-26.jpg','https://luxury-ride-test.s3.us-east-2.amazonaws.com/FinalImages/UP160000_AUDI-A4_2019-12-17:23-49-15.jpg','https://luxury-ride-test.s3.us-east-2.amazonaws.com/FinalImages/UP160000_AUDI-A4_2019-12-17:23-49-05.jpg',NULL,NULL,NULL,NULL,NULL,NULL,'https://luxury-ride-test.s3.us-east-2.amazonaws.com/FinalImages/UP160000_AUDI-A4_2019-12-17:23-48-29.jpg','https://luxury-ride-test.s3.us-east-2.amazonaws.com/FinalImages/UP160000_AUDI-A4_2019-12-17:23-48-38.jpg','BONNET , left side fender and front left door REPAINTED.','Y','2019-12-17 18:20:20'),(7,115,'[\"https://luxury-ride-test.s3.us-east-2.amazonaws.com/FinalImages/DL2CAP6714_AUDI-A6_2019-12-18:16-19-12.jpg\",\"https://luxury-ride-test.s3.us-east-2.amazonaws.com/FinalImages/DL2CAP6714_AUDI-A6_2019-12-18:16-19-29.jpg\",\"https://luxury-ride-test.s3.us-east-2.amazonaws.com/FinalImages/DL2CAP6714_AUDI-A6_2019-12-18:16-19-45.jpg\",\"https://luxury-ride-test.s3.us-east-2.amazonaws.com/FinalImages/DL2CAP6714_AUDI-A6_2019-12-18:16-19-57.jpg\",\"https://luxury-ride-test.s3.us-east-2.amazonaws.com/FinalImages/DL2CAP6714_AUDI-A6_2019-12-18:16-20-07.jpg\",\"https://luxury-ride-test.s3.us-east-2.amazonaws.com/FinalImages/DL2CAP6714_AUDI-A6_2019-12-18:16-20-24.jpg\",\"https://luxury-ride-test.s3.us-east-2.amazonaws.com/FinalImages/DL2CAP6714_AUDI-A6_2019-12-18:16-20-50.jpg\",\"https://luxury-ride-test.s3.us-east-2.amazonaws.com/FinalImages/DL2CAP6714_AUDI-A6_2019-12-18:16-21-15.jpg\",\"https://luxury-ride-test.s3.us-east-2.amazonaws.com/FinalImages/DL2CAP6714_AUDI-A6_2019-12-18:16-21-31.jpg\"]','https://luxury-ride-test.s3.us-east-2.amazonaws.com/FinalImages/DL2CAP6714_AUDI-A6_2019-12-18:16-19-29.jpg','https://luxury-ride-test.s3.us-east-2.amazonaws.com/FinalImages/DL2CAP6714_AUDI-A6_2019-12-18:16-19-57.jpg','https://luxury-ride-test.s3.us-east-2.amazonaws.com/FinalImages/DL2CAP6714_AUDI-A6_2019-12-18:16-19-45.jpg','https://luxury-ride-test.s3.us-east-2.amazonaws.com/FinalImages/DL2CAP6714_AUDI-A6_2019-12-18:16-19-12.jpg','https://luxury-ride-test.s3.us-east-2.amazonaws.com/FinalImages/DL2CAP6714_AUDI-A6_2019-12-18:16-20-24.jpg','https://luxury-ride-test.s3.us-east-2.amazonaws.com/FinalImages/DL2CAP6714_AUDI-A6_2019-12-18:16-20-50.jpg','https://luxury-ride-test.s3.us-east-2.amazonaws.com/FinalImages/DL2CAP6714_AUDI-A6_2019-12-18:16-20-07.jpg',NULL,NULL,NULL,'https://luxury-ride-test.s3.us-east-2.amazonaws.com/FinalImages/DL2CAP6714_AUDI-A6_2019-12-18:16-21-15.jpg','https://luxury-ride-test.s3.us-east-2.amazonaws.com/FinalImages/DL2CAP6714_AUDI-A6_2019-12-18:16-21-31.jpg','RHS FENDER AND BONNET REPAINT','Y','2019-12-18 10:52:18'),(8,134,'[\"https://luxury-ride-test.s3.us-east-2.amazonaws.com/FinalImages/UP84S0099_BMW-3_SERIES_2019-12-19:12-05-28.jpg\",\"https://luxury-ride-test.s3.us-east-2.amazonaws.com/FinalImages/UP84S0099_BMW-3_SERIES_2019-12-19:12-05-28.jpg\",\"https://luxury-ride-test.s3.us-east-2.amazonaws.com/FinalImages/UP84S0099_BMW-3_SERIES_2019-12-19:12-05-28.jpg\",\"https://luxury-ride-test.s3.us-east-2.amazonaws.com/FinalImages/UP84S0099_BMW-3_SERIES_2019-12-19:12-05-28.jpg\",\"https://luxury-ride-test.s3.us-east-2.amazonaws.com/FinalImages/UP84S0099_BMW-3_SERIES_2019-12-19:12-05-28.jpg\"]','https://luxury-ride-test.s3.us-east-2.amazonaws.com/FinalImages/UP84S0099_BMW-3_SERIES_2019-12-19:12-05-28.jpg',NULL,NULL,NULL,'https://luxury-ride-test.s3.us-east-2.amazonaws.com/FinalImages/UP84S0099_BMW-3_SERIES_2019-12-19:12-05-28.jpg',NULL,NULL,NULL,NULL,NULL,NULL,NULL,'Complete car repainted. Non accident','Y','2019-12-19 06:48:58');
/*!40000 ALTER TABLE `vehicle_condition_images_tbl` ENABLE KEYS */;
UNLOCK TABLES;

--
-- Table structure for table `vehicle_condition_mapping_tbl`
--

DROP TABLE IF EXISTS `vehicle_condition_mapping_tbl`;
/*!40101 SET @saved_cs_client     = @@character_set_client */;
/*!40101 SET character_set_client = utf8 */;
CREATE TABLE `vehicle_condition_mapping_tbl` (
  `mapping_id` int(20) NOT NULL AUTO_INCREMENT,
  `sub_details_id` int(20) DEFAULT NULL,
  `status_id` int(20) DEFAULT NULL,
  `is_active` char(1) DEFAULT 'Y',
  `created_on` timestamp NOT NULL DEFAULT CURRENT_TIMESTAMP,
  PRIMARY KEY (`mapping_id`)
) ENGINE=InnoDB AUTO_INCREMENT=199 DEFAULT CHARSET=latin1;
/*!40101 SET character_set_client = @saved_cs_client */;

--
-- Dumping data for table `vehicle_condition_mapping_tbl`
--

LOCK TABLES `vehicle_condition_mapping_tbl` WRITE;
/*!40000 ALTER TABLE `vehicle_condition_mapping_tbl` DISABLE KEYS */;
INSERT INTO `vehicle_condition_mapping_tbl` VALUES (1,1,1,'Y','2019-10-11 05:25:48'),(2,1,24,'Y','2019-10-11 05:25:48'),(3,1,3,'N','2019-10-11 05:25:48'),(4,1,5,'N','2019-10-11 05:25:49'),(5,1,6,'N','2019-10-11 05:25:49'),(6,1,7,'N','2019-10-11 05:25:49'),(7,1,8,'N','2019-10-11 05:25:49'),(8,4,1,'Y','2019-10-11 05:25:49'),(9,4,24,'Y','2019-10-11 05:25:49'),(10,4,3,'N','2019-10-11 05:25:49'),(11,4,5,'N','2019-10-11 05:25:49'),(12,4,6,'N','2019-10-11 05:25:49'),(13,4,7,'N','2019-10-11 05:25:49'),(14,4,8,'N','2019-10-11 05:25:49'),(15,5,1,'Y','2019-10-11 05:25:49'),(16,5,24,'Y','2019-10-11 05:25:50'),(17,5,3,'N','2019-10-11 05:25:50'),(18,5,4,'N','2019-10-11 05:25:50'),(22,7,1,'Y','2019-10-11 05:25:50'),(23,7,24,'Y','2019-10-11 05:25:50'),(24,7,3,'N','2019-10-11 05:25:50'),(25,7,5,'N','2019-10-11 05:25:50'),(26,7,6,'N','2019-10-11 05:25:50'),(27,7,7,'N','2019-10-11 05:25:51'),(28,7,8,'N','2019-10-11 05:25:51'),(29,8,1,'Y','2019-10-11 05:25:51'),(30,8,24,'Y','2019-10-11 05:25:51'),(31,8,3,'N','2019-10-11 05:25:51'),(32,8,4,'N','2019-10-11 05:25:51'),(33,9,1,'Y','2019-10-11 05:25:51'),(34,9,24,'Y','2019-10-11 05:25:51'),(35,9,3,'N','2019-10-11 05:25:51'),(36,9,5,'N','2019-10-11 05:25:51'),(37,9,6,'N','2019-10-11 05:25:51'),(38,9,7,'N','2019-10-11 05:25:52'),(39,9,8,'N','2019-10-11 05:25:52'),(40,10,1,'Y','2019-10-11 05:25:52'),(41,10,24,'Y','2019-10-11 05:25:52'),(42,10,10,'N','2019-10-11 05:25:52'),(43,11,1,'Y','2019-10-11 05:25:52'),(44,11,24,'Y','2019-10-11 05:25:52'),(45,11,3,'N','2019-10-11 05:25:52'),(46,11,5,'N','2019-10-11 05:25:52'),(47,11,6,'N','2019-10-11 05:25:52'),(48,11,7,'N','2019-10-11 05:25:52'),(49,11,8,'N','2019-10-11 05:25:53'),(50,12,1,'Y','2019-10-11 05:25:53'),(51,12,24,'Y','2019-10-11 05:25:53'),(52,12,3,'N','2019-10-11 05:25:53'),(53,12,5,'N','2019-10-11 05:25:53'),(54,12,6,'N','2019-10-11 05:25:53'),(55,12,7,'N','2019-10-11 05:25:53'),(56,12,8,'N','2019-10-11 05:25:53'),(57,13,1,'Y','2019-10-11 05:25:53'),(58,13,24,'Y','2019-10-11 05:25:53'),(59,13,3,'N','2019-10-11 05:25:53'),(60,13,5,'N','2019-10-11 05:25:54'),(61,13,6,'N','2019-10-11 05:25:54'),(62,13,7,'N','2019-10-11 05:25:54'),(63,13,8,'N','2019-10-11 05:25:54'),(64,14,1,'Y','2019-10-11 05:25:54'),(65,14,24,'Y','2019-10-11 05:25:54'),(66,14,3,'N','2019-10-11 05:25:54'),(67,14,5,'N','2019-10-11 05:25:54'),(68,14,6,'N','2019-10-11 05:25:54'),(69,14,7,'N','2019-10-11 05:25:54'),(70,14,8,'N','2019-10-11 05:25:54'),(71,15,1,'Y','2019-10-11 06:00:51'),(72,15,24,'Y','2019-10-11 06:00:51'),(73,15,3,'N','2019-10-11 06:00:51'),(74,15,5,'N','2019-10-11 06:00:52'),(75,15,6,'N','2019-10-11 06:00:52'),(76,15,7,'N','2019-10-11 06:00:52'),(77,15,8,'N','2019-10-11 06:00:52'),(78,16,1,'Y','2019-10-11 06:00:52'),(79,16,24,'Y','2019-10-11 06:00:52'),(80,16,3,'N','2019-10-11 06:00:52'),(81,16,5,'N','2019-10-11 06:00:52'),(82,16,6,'N','2019-10-11 06:00:52'),(83,16,7,'N','2019-10-11 06:00:52'),(84,16,8,'N','2019-10-11 06:00:52'),(85,17,1,'Y','2019-10-11 06:00:53'),(86,17,24,'Y','2019-10-11 06:00:53'),(87,17,3,'N','2019-10-11 06:00:53'),(88,17,5,'N','2019-10-11 06:00:53'),(89,17,6,'N','2019-10-11 06:00:53'),(90,17,7,'N','2019-10-11 06:00:53'),(91,17,8,'N','2019-10-11 06:00:53'),(92,18,1,'Y','2019-10-11 06:00:53'),(93,18,24,'Y','2019-10-11 06:00:53'),(94,18,3,'N','2019-10-11 06:00:53'),(95,18,4,'N','2019-10-11 06:00:53'),(96,19,1,'Y','2019-10-11 06:00:54'),(97,19,24,'Y','2019-10-11 06:00:54'),(98,19,3,'N','2019-10-11 06:00:54'),(99,19,4,'N','2019-10-11 06:00:54'),(100,20,1,'Y','2019-10-11 06:00:54'),(101,20,24,'Y','2019-10-11 06:00:54'),(102,20,3,'N','2019-10-11 06:00:54'),(103,20,5,'N','2019-10-11 06:00:55'),(104,20,6,'N','2019-10-11 06:00:55'),(105,20,7,'N','2019-10-11 06:00:55'),(106,20,8,'N','2019-10-11 06:00:55'),(107,3,1,'Y','2019-10-11 06:00:55'),(108,3,24,'Y','2019-10-11 06:00:55'),(109,3,7,'N','2019-10-11 06:00:55'),(110,3,9,'N','2019-10-11 06:00:55'),(111,6,1,'Y','2019-10-11 06:00:55'),(112,6,24,'Y','2019-10-11 06:00:55'),(113,6,7,'N','2019-10-11 06:00:55'),(114,6,9,'N','2019-10-11 06:00:56'),(115,21,1,'Y','2019-10-11 06:00:56'),(116,21,24,'Y','2019-10-11 06:00:56'),(117,21,19,'N','2019-10-11 06:00:56'),(118,22,1,'Y','2019-10-11 06:00:56'),(119,22,24,'Y','2019-10-11 06:00:56'),(120,22,3,'N','2019-10-11 06:00:56'),(121,22,5,'N','2019-10-11 06:00:56'),(122,22,6,'N','2019-10-11 06:00:56'),(123,22,7,'N','2019-10-11 06:00:56'),(124,22,8,'N','2019-10-11 06:00:56'),(125,23,1,'Y','2019-10-11 06:00:57'),(126,23,24,'Y','2019-10-11 06:00:57'),(127,23,19,'N','2019-10-11 06:00:57'),(128,24,1,'Y','2019-10-11 06:00:57'),(129,24,24,'Y','2019-10-11 06:00:57'),(130,24,19,'N','2019-10-11 06:00:57'),(131,25,1,'Y','2019-10-11 06:00:57'),(132,25,24,'Y','2019-10-11 06:00:57'),(133,25,19,'N','2019-10-11 06:00:57'),(134,26,1,'Y','2019-10-11 06:00:57'),(135,26,14,'Y','2019-10-11 06:00:57'),(136,27,1,'Y','2019-10-11 06:00:58'),(137,27,15,'Y','2019-10-11 06:00:58'),(138,27,16,'Y','2019-10-11 06:00:58'),(139,28,1,'Y','2019-10-11 06:00:58'),(140,28,14,'Y','2019-10-11 06:00:58'),(141,29,17,'Y','2019-10-11 06:00:58'),(142,29,18,'Y','2019-10-11 06:00:58'),(143,30,17,'Y','2019-10-11 06:00:58'),(144,30,18,'Y','2019-10-11 06:00:58'),(145,31,12,'Y','2019-10-11 06:00:58'),(146,31,13,'Y','2019-10-11 06:00:58'),(147,32,1,'Y','2019-10-11 06:00:59'),(148,32,10,'Y','2019-10-11 06:00:59'),(149,32,11,'Y','2019-10-11 06:00:59'),(150,33,12,'Y','2019-10-11 06:00:59'),(151,33,13,'Y','2019-10-11 06:00:59'),(152,34,1,'Y','2019-10-11 06:00:59'),(153,34,11,'Y','2019-10-11 06:00:59'),(154,34,14,'Y','2019-10-11 06:00:59'),(155,35,1,'Y','2019-10-11 06:00:59'),(156,35,11,'Y','2019-10-11 06:00:59'),(157,35,14,'Y','2019-10-11 06:00:59'),(158,36,1,'Y','2019-10-11 06:01:00'),(159,36,11,'Y','2019-10-11 06:01:00'),(160,36,14,'Y','2019-10-11 06:01:00'),(161,37,1,'Y','2019-10-11 06:01:00'),(162,37,24,'Y','2019-10-11 06:01:00'),(163,37,14,'N','2019-10-11 06:01:00'),(164,38,1,'Y','2019-10-11 06:01:00'),(165,38,24,'Y','2019-10-11 06:01:00'),(166,38,14,'N','2019-10-11 06:01:00'),(167,39,1,'Y','2019-10-11 06:01:00'),(168,39,24,'Y','2019-10-11 06:01:00'),(169,39,14,'N','2019-10-11 06:01:01'),(170,39,22,'N','2019-10-11 06:01:01'),(171,39,23,'N','2019-10-11 06:01:01'),(172,40,1,'Y','2019-10-11 06:01:01'),(173,40,24,'Y','2019-10-11 06:01:01'),(174,40,11,'N','2019-10-11 06:01:01'),(175,41,1,'Y','2019-10-11 06:01:01'),(176,41,24,'Y','2019-10-11 06:01:01'),(177,42,14,'Y','2019-10-11 06:01:01'),(178,42,17,'Y','2019-10-11 06:01:01'),(179,42,18,'Y','2019-10-11 06:01:01'),(180,43,1,'Y','2019-10-11 06:01:02'),(181,43,14,'Y','2019-10-11 06:01:02'),(182,43,19,'Y','2019-10-11 06:01:02'),(183,43,20,'Y','2019-10-11 06:01:02'),(184,44,1,'Y','2019-10-11 06:01:02'),(185,44,14,'Y','2019-10-11 06:01:02'),(186,44,19,'Y','2019-10-11 06:01:02'),(187,45,1,'Y','2019-11-15 07:20:40'),(188,45,24,'Y','2019-11-15 07:20:40'),(189,46,1,'Y','2019-11-15 07:20:40'),(190,46,24,'Y','2019-11-15 07:20:40'),(191,47,1,'Y','2019-11-15 07:20:40'),(192,47,24,'Y','2019-11-15 07:20:40'),(193,48,1,'Y','2019-11-15 07:20:40'),(194,48,24,'Y','2019-11-15 07:20:40'),(195,49,1,'Y','2019-11-15 07:20:41'),(196,49,24,'Y','2019-11-15 07:20:41'),(197,50,1,'Y','2019-11-15 07:20:41'),(198,50,24,'Y','2019-11-15 07:20:41');
/*!40000 ALTER TABLE `vehicle_condition_mapping_tbl` ENABLE KEYS */;
UNLOCK TABLES;

--
-- Table structure for table `vehicle_condition_status_master_tbl`
--

DROP TABLE IF EXISTS `vehicle_condition_status_master_tbl`;
/*!40101 SET @saved_cs_client     = @@character_set_client */;
/*!40101 SET character_set_client = utf8 */;
CREATE TABLE `vehicle_condition_status_master_tbl` (
  `status_id` int(20) NOT NULL AUTO_INCREMENT,
  `condition_name` varchar(25) DEFAULT NULL,
  `is_active` char(1) DEFAULT 'Y',
  `created_on` timestamp NOT NULL DEFAULT CURRENT_TIMESTAMP,
  PRIMARY KEY (`status_id`)
) ENGINE=InnoDB AUTO_INCREMENT=25 DEFAULT CHARSET=latin1;
/*!40101 SET character_set_client = @saved_cs_client */;

--
-- Dumping data for table `vehicle_condition_status_master_tbl`
--

LOCK TABLES `vehicle_condition_status_master_tbl` WRITE;
/*!40000 ALTER TABLE `vehicle_condition_status_master_tbl` DISABLE KEYS */;
INSERT INTO `vehicle_condition_status_master_tbl` VALUES (1,'Good','Y','2019-09-20 05:46:44'),(2,'Scratched','Y','2019-09-20 05:46:45'),(3,'Dented','Y','2019-09-20 05:46:45'),(4,'Crack','Y','2019-09-20 05:46:46'),(5,'Repainted','Y','2019-09-20 05:46:46'),(6,'Rusted','Y','2019-09-20 05:46:47'),(7,'Replaced','Y','2019-09-20 05:46:48'),(8,'Repair','Y','2019-09-20 05:46:48'),(9,'Damaged','Y','2019-09-20 05:46:49'),(10,'Missing','Y','2019-09-20 05:46:49'),(11,'Not Working','Y','2019-09-20 05:46:50'),(12,'Max','Y','2019-09-20 05:46:51'),(13,'Min','Y','2019-09-20 05:46:51'),(14,'Noise','Y','2019-09-20 05:46:52'),(15,'Black','Y','2019-09-20 05:46:52'),(16,'White','Y','2019-09-20 05:46:53'),(17,'Soft','Y','2019-09-20 05:46:54'),(18,'Hard','Y','2019-09-20 05:46:54'),(19,'Weak','Y','2019-09-20 05:46:55'),(20,'Abnormal','Y','2019-09-20 05:46:55'),(21,'spot','Y','2019-10-07 06:05:12'),(22,'Cabriolet','Y','2019-10-07 06:35:30'),(23,'Without sunroof','Y','2019-10-07 06:36:26'),(24,'Not Good','Y','2019-11-15 07:16:04');
/*!40000 ALTER TABLE `vehicle_condition_status_master_tbl` ENABLE KEYS */;
UNLOCK TABLES;

--
-- Table structure for table `vehicle_details_master_tbl`
--

DROP TABLE IF EXISTS `vehicle_details_master_tbl`;
/*!40101 SET @saved_cs_client     = @@character_set_client */;
/*!40101 SET character_set_client = utf8 */;
CREATE TABLE `vehicle_details_master_tbl` (
  `details_id` int(11) NOT NULL AUTO_INCREMENT,
  `details` varchar(200) NOT NULL,
  `is_active` char(1) NOT NULL DEFAULT 'Y',
  `created_on` timestamp NOT NULL DEFAULT CURRENT_TIMESTAMP,
  `last_updated_on` timestamp NOT NULL DEFAULT CURRENT_TIMESTAMP ON UPDATE CURRENT_TIMESTAMP,
  PRIMARY KEY (`details_id`)
) ENGINE=InnoDB AUTO_INCREMENT=6 DEFAULT CHARSET=latin1;
/*!40101 SET character_set_client = @saved_cs_client */;

--
-- Dumping data for table `vehicle_details_master_tbl`
--

LOCK TABLES `vehicle_details_master_tbl` WRITE;
/*!40000 ALTER TABLE `vehicle_details_master_tbl` DISABLE KEYS */;
INSERT INTO `vehicle_details_master_tbl` VALUES (1,'Exterior + Tyres','Y','2018-12-13 13:49:30','2018-12-13 13:49:30'),(2,'Engine + Trasmission','Y','2018-12-13 13:49:30','2018-12-13 13:49:30'),(3,'Air Conditioning','Y','2018-12-13 13:49:30','2018-12-13 13:49:30'),(4,'Electricals + Interiors','Y','2018-12-13 13:49:30','2018-12-13 13:49:30'),(5,'Steering + Suspension + Brakes','Y','2018-12-13 13:49:30','2019-09-23 05:40:34');
/*!40000 ALTER TABLE `vehicle_details_master_tbl` ENABLE KEYS */;
UNLOCK TABLES;

--
-- Table structure for table `vehicle_document_details_tbl`
--

DROP TABLE IF EXISTS `vehicle_document_details_tbl`;
/*!40101 SET @saved_cs_client     = @@character_set_client */;
/*!40101 SET character_set_client = utf8 */;
CREATE TABLE `vehicle_document_details_tbl` (
  `document_details_id` int(11) NOT NULL AUTO_INCREMENT,
  `vehicle_id` int(11) NOT NULL,
  `manufacturing_year` varchar(50) DEFAULT NULL,
  `chasis_no` varchar(100) DEFAULT NULL,
  `engine_no` varchar(25) DEFAULT NULL,
  `insurance_expiry` date DEFAULT NULL,
  `insurance_image` text,
  `rc_availability` varchar(50) DEFAULT NULL,
  `rc_image` text,
  `inter_state` char(10) DEFAULT 'No',
  `inter_state_noc_issued` char(10) DEFAULT 'No',
  `inter_state_road_tax_paid` char(10) DEFAULT 'No',
  `under_hypothecation` char(10) DEFAULT 'No',
  `is_active` char(1) NOT NULL DEFAULT 'Y',
  `created_on` timestamp NOT NULL DEFAULT CURRENT_TIMESTAMP,
  `last_updated_on` timestamp NOT NULL DEFAULT CURRENT_TIMESTAMP ON UPDATE CURRENT_TIMESTAMP,
  PRIMARY KEY (`document_details_id`)
) ENGINE=InnoDB AUTO_INCREMENT=11 DEFAULT CHARSET=latin1;
/*!40101 SET character_set_client = @saved_cs_client */;

--
-- Dumping data for table `vehicle_document_details_tbl`
--

LOCK TABLES `vehicle_document_details_tbl` WRITE;
/*!40000 ALTER TABLE `vehicle_document_details_tbl` DISABLE KEYS */;
INSERT INTO `vehicle_document_details_tbl` VALUES (1,10,'10/2017','Gxhhggggg',NULL,'2019-12-11',NULL,'Not-Expired',NULL,NULL,NULL,NULL,'YES','Y','2019-12-11 08:26:08','2019-12-11 08:26:08'),(2,118,'06/2017','Wbajc3702hwa10024',NULL,'2020-08-30',NULL,'Not-Expired','https://luxury-ride-test.s3.us-east-2.amazonaws.com/VehicleDocumentDetails/UP160000_BMW-5_SERIES_2019-12-17:18-34-12.jpg',NULL,NULL,NULL,'YES','Y','2019-12-17 13:07:20','2019-12-17 13:07:20'),(3,107,'05/2014','Wmwxt32060t855608',NULL,'2020-09-25',NULL,'Not-Expired','https://luxury-ride-test.s3.us-east-2.amazonaws.com/VehicleDocumentDetails/HR26CS4346_MINI-COOPER_2019-12-17:18-51-17.jpg',NULL,NULL,NULL,'NO','Y','2019-12-17 13:21:22','2019-12-17 13:21:22'),(4,117,'09/2018','Wauzgjf46jy701094',NULL,'2020-02-07','https://luxury-ride-test.s3.us-east-2.amazonaws.com/VehicleDocumentDetails/UP160000_AUDI-A4_2019-12-17:23-44-07.jpg','Expired','https://luxury-ride-test.s3.us-east-2.amazonaws.com/VehicleDocumentDetails/UP160000_AUDI-A4_2019-12-17:23-44-53.jpg',NULL,NULL,NULL,'YES','Y','2019-12-17 18:16:17','2019-12-17 18:16:17'),(6,115,'01/2015','Wauzaf4g1fy001194',NULL,'2019-03-31','https://luxury-ride-test.s3.us-east-2.amazonaws.com/VehicleDocumentDetails/DL2CAP6714_AUDI-A6_2019-12-18:16-23-54.jpg','Not-Expired','https://luxury-ride-test.s3.us-east-2.amazonaws.com/VehicleDocumentDetails/DL2CAP6714_AUDI-A6_2019-12-18:16-24-11.jpg',NULL,NULL,NULL,'NO','Y','2019-12-18 10:54:29','2019-12-18 10:54:29'),(7,131,'10/2014','Wba3y37070d455852',NULL,'2020-10-26',NULL,'Not-Expired',NULL,NULL,NULL,NULL,'NO','Y','2019-12-19 10:04:15','2019-12-19 10:04:15'),(8,154,'01/2017','Wbawx970xhla04843',NULL,'2020-03-31','https://luxuryride-prod.s3.us-east-2.amazonaws.com/VehicleDocumentDetails/DL0000_BMW-X3_2019-12-21:13-02-47.jpg','Not-Expired',NULL,NULL,NULL,NULL,'YES','Y','2019-12-21 07:33:16','2019-12-21 07:33:16'),(9,2,'12/2019','sadfwer',NULL,'2019-12-17','https://luxuryride-prod.s3.us-east-2.amazonaws.com/VehicleDocumentDetails/RJ140000_BMW-3_SERIES_2019-12-23:17-16-17.jpg','Expired',NULL,NULL,NULL,NULL,'YES','Y','2019-12-23 11:46:59','2019-12-23 11:46:59'),(10,33,'1/2020','1234567','123456787','2020-01-08','https://luxury-ride-test.s3.us-east-2.amazonaws.com/VehicleDocumentDetails/RJ13-AUDI-A6-1578462341.863367.jpg','Expired','https://luxury-ride-test.s3.us-east-2.amazonaws.com/VehicleDocumentDetails/RJ13-AUDI-A6-1578462323.047395.jpg',NULL,NULL,NULL,'Yes','Y','2020-01-08 05:59:38','2020-01-08 05:59:38');
/*!40000 ALTER TABLE `vehicle_document_details_tbl` ENABLE KEYS */;
UNLOCK TABLES;

--
-- Table structure for table `vehicle_final_price_change_tbl`
--

DROP TABLE IF EXISTS `vehicle_final_price_change_tbl`;
/*!40101 SET @saved_cs_client     = @@character_set_client */;
/*!40101 SET character_set_client = utf8 */;
CREATE TABLE `vehicle_final_price_change_tbl` (
  `change_id` int(25) NOT NULL AUTO_INCREMENT,
  `vehicle_id` int(25) DEFAULT NULL,
  `price` varchar(30) DEFAULT NULL,
  `changed_by` int(15) DEFAULT NULL,
  `is_active` char(1) DEFAULT 'Y',
  `changed_on` timestamp NOT NULL DEFAULT CURRENT_TIMESTAMP,
  PRIMARY KEY (`change_id`)
) ENGINE=InnoDB DEFAULT CHARSET=latin1;
/*!40101 SET character_set_client = @saved_cs_client */;

--
-- Dumping data for table `vehicle_final_price_change_tbl`
--

LOCK TABLES `vehicle_final_price_change_tbl` WRITE;
/*!40000 ALTER TABLE `vehicle_final_price_change_tbl` DISABLE KEYS */;
/*!40000 ALTER TABLE `vehicle_final_price_change_tbl` ENABLE KEYS */;
UNLOCK TABLES;

--
-- Table structure for table `vehicle_full_details_tbl`
--

DROP TABLE IF EXISTS `vehicle_full_details_tbl`;
/*!40101 SET @saved_cs_client     = @@character_set_client */;
/*!40101 SET character_set_client = utf8 */;
CREATE TABLE `vehicle_full_details_tbl` (
  `model_id` int(12) NOT NULL AUTO_INCREMENT,
  `car_id` int(20) DEFAULT NULL,
  `car_model` varchar(50) NOT NULL,
  `created_on` timestamp NOT NULL DEFAULT CURRENT_TIMESTAMP,
  `is_active` char(1) NOT NULL DEFAULT 'Y',
  `car_type` varchar(25) DEFAULT NULL,
  `car_varient` varchar(50) DEFAULT NULL,
  PRIMARY KEY (`model_id`)
) ENGINE=InnoDB AUTO_INCREMENT=109 DEFAULT CHARSET=latin1;
/*!40101 SET character_set_client = @saved_cs_client */;

--
-- Dumping data for table `vehicle_full_details_tbl`
--

LOCK TABLES `vehicle_full_details_tbl` WRITE;
/*!40000 ALTER TABLE `vehicle_full_details_tbl` DISABLE KEYS */;
INSERT INTO `vehicle_full_details_tbl` VALUES (1,1,'A4','2019-11-25 12:30:16','Y','2',NULL),(2,1,'A6','2019-11-25 12:30:16','Y','2',NULL),(3,1,'Q5','2019-11-25 12:30:16','Y','3',NULL),(4,1,'A8','2019-11-25 12:30:16','Y','2',NULL),(5,1,'Q3','2019-11-25 12:30:16','Y','3',NULL),(6,1,'Q7','2019-11-25 12:30:16','Y','3',NULL),(7,1,'A3','2019-11-25 12:30:16','Y','8',NULL),(8,1,'A5','2019-11-25 12:30:16','Y','4',NULL),(9,1,'R8','2019-11-25 12:30:16','Y','4',NULL),(10,2,'Flying Spur','2019-11-25 12:30:16','Y','4',NULL),(11,3,'3 Series','2019-11-25 12:30:16','Y','2',NULL),(12,3,'5 Series','2019-11-25 12:30:16','Y','2',NULL),(13,3,'1 Series','2019-11-25 12:30:16','Y','9',NULL),(14,3,'3 Series GT','2019-11-25 12:30:16','Y','2',NULL),(15,3,'X5','2019-11-25 12:30:16','Y','3',NULL),(16,3,'6 Series','2019-11-25 12:30:16','Y','4',NULL),(17,3,'X3','2019-11-25 12:30:16','Y','3',NULL),(18,3,'Z4','2019-11-25 12:30:17','Y','10',NULL),(19,3,'X1','2019-11-25 12:30:17','Y','3',NULL),(20,3,'7 Series','2019-11-25 12:30:17','Y','2',NULL),(21,3,'M5','2019-11-25 12:30:17','Y','4',NULL),(22,3,'X6','2019-11-25 12:30:17','Y','4',NULL),(23,4,'Avanti','2019-11-25 12:30:17','Y','4',NULL),(24,6,'Endeavour','2019-11-25 12:30:17','Y','3',NULL),(25,6,'Mustang','2019-11-25 12:30:17','Y','4',NULL),(26,7,'Elantra','2019-11-25 12:30:17','Y','2',NULL),(27,7,'Verna','2019-11-25 12:30:17','Y','2',NULL),(28,8,'XF','2019-11-25 12:30:17','Y','2',NULL),(29,8,'XJ L','2019-11-25 12:30:17','Y','2',NULL),(30,8,'F PACE','2019-11-25 12:30:17','Y','3',NULL),(31,8,'XJ','2019-11-25 12:30:17','Y','4',NULL),(32,8,'XE','2019-11-25 12:30:17','Y','2',NULL),(33,9,'Range Rover Sport','2019-11-25 12:30:17','Y','3',NULL),(34,9,'Range Rover Evoque','2019-11-25 12:30:17','Y','3',NULL),(35,9,'Range Rover','2019-11-25 12:30:18','Y','3',NULL),(36,9,'Discovery Sport','2019-11-25 12:30:18','Y','3',NULL),(37,9,'Freelander 2','2019-11-25 12:30:18','Y','3',NULL),(38,9,'Discovery','2019-11-25 12:30:18','Y','3',NULL),(39,10,'Thar','2019-11-25 12:30:18','Y','3',NULL),(40,11,'Swift Dzire','2019-11-25 12:30:18','Y','2',NULL),(41,11,'Swift','2019-11-25 12:30:18','Y','2',NULL),(42,12,'E CLASS','2019-11-25 12:30:18','Y','2',NULL),(43,12,'GLA CLASS','2019-11-25 12:30:18','Y','3',NULL),(44,12,'C CLASS','2019-11-25 12:30:18','Y','2',NULL),(45,12,'GL','2019-11-25 12:30:18','Y','3',NULL),(46,12,'S CLASS','2019-11-25 12:30:18','Y','2',NULL),(47,12,'CLA CLASS','2019-11-25 12:30:18','Y','8',NULL),(48,12,'M CLASS','2019-11-25 12:30:18','Y','3',NULL),(49,12,'GLE','2019-11-25 12:30:18','Y','3',NULL),(50,12,'GLS','2019-11-25 12:30:19','Y','3',NULL),(51,12,'S450','2019-11-25 12:30:19','Y','4',NULL),(52,12,'GLC CLASS','2019-11-25 12:30:19','Y','3',NULL),(53,12,'B CLASS','2019-11-25 12:30:19','Y','9',NULL),(54,12,'GLE CLASS','2019-11-25 12:30:19','Y','3',NULL),(55,12,'A CLASS','2019-11-25 12:30:19','Y','2',NULL),(56,13,'Cooper','2019-11-25 12:30:19','Y','1',NULL),(57,13,'Countryman','2019-11-25 12:30:19','Y','3',NULL),(58,13,'Convertible','2019-11-25 12:30:19','Y','1',NULL),(59,14,'Pajero','2019-11-25 12:30:19','Y','3',NULL),(60,16,'Macan','2019-11-25 12:30:19','Y','3',NULL),(61,16,'Panamera','2019-11-25 12:30:19','Y','4',NULL),(62,16,'Cayenne S','2019-11-25 12:30:19','Y','3',NULL),(63,16,'911','2019-11-25 12:30:20','Y','12',NULL),(64,16,'Carrera','2019-11-25 12:30:20','Y','11',NULL),(65,16,'Boxster','2019-11-25 12:30:20','Y','4',NULL),(66,18,'Rapid','2019-11-25 12:30:20','Y','2',NULL),(67,19,'Fortuner','2019-11-25 12:30:20','Y','3',NULL),(68,19,'Corolla Altis','2019-11-25 12:30:20','Y','2',NULL),(69,19,'Camry','2019-11-25 12:30:20','Y','2',NULL),(70,20,'V90 Cross Country','2019-11-25 12:30:20','Y','3',NULL),(71,20,'S60 Cross Country','2019-11-25 12:30:20','Y','2',NULL),(72,20,'S60','2019-11-25 12:30:20','Y','2',NULL),(73,20,'XC90','2019-11-25 12:30:20','Y','3',NULL),(74,20,'XC60','2019-11-25 12:30:20','Y','3',NULL),(75,20,'S90','2019-11-25 12:30:20','Y','2',NULL),(76,20,'V40','2019-11-25 12:30:20','Y','9',NULL),(77,20,'V90','2019-11-25 12:30:20','Y','2',NULL),(78,3,'3 series 4-door','2019-11-28 09:07:21','Y','2',NULL),(79,3,'3 series 2-door','2019-11-28 09:07:21','Y','4',NULL),(80,3,'3 series 5-door','2019-11-28 09:07:21','Y','1',NULL),(81,3,'3 series 3-door','2019-11-28 09:07:21','Y','1',NULL),(82,3,'1 series','2019-11-28 09:07:21','Y','4',NULL),(83,6,'Mustang 3 door','2019-11-28 09:07:21','Y','1',NULL),(84,8,'XF','2019-11-28 09:07:21','N','4',NULL),(85,12,'A CLASS','2019-11-28 09:07:21','Y','9',NULL),(86,1,'S5','2019-12-03 13:04:16','Y','2',NULL),(87,20,'V40 Cross Country','2019-12-03 13:10:04','Y','1',NULL),(88,12,'C43/CLA45 AMG','2019-12-03 13:19:12','Y','2',NULL),(89,3,'X6 35I M sport','2019-12-03 13:28:11','Y','3',NULL),(90,12,'GLC43/GLE43 AMG','2019-12-03 13:29:49','Y','3',NULL),(91,8,'EVOQUE','2019-12-03 13:31:07','Y','3',NULL),(92,8,'DISCOVERY & DISCOVERY SPORTS','2019-12-03 13:31:07','Y','3',NULL),(93,8,'VELAR','2019-12-03 13:31:07','Y','3',NULL),(94,8,'RR SPORT','2019-12-03 13:31:07','Y','3',NULL),(95,20,'XC40','2019-12-03 13:31:51','Y','3',NULL),(96,16,'MACAN TURBO','2019-12-03 13:32:44','Y','3',NULL),(97,20,'V40 Cross','2019-12-03 13:36:33','Y','9',NULL),(98,1,'TT','2019-12-03 13:37:13','Y','10',NULL),(99,1,'RS7','2019-12-03 13:39:55','Y','4',NULL),(100,3,'M5','2019-12-03 13:40:53','Y','4',NULL),(101,3,'M3','2019-12-03 13:40:53','Y','4',NULL),(102,3,'M6','2019-12-03 13:40:53','Y','12',NULL),(103,12,'SLK AMG','2019-12-03 13:43:19','Y','12',NULL),(104,12,'G63 AMG','2019-12-03 13:43:48','Y','13',NULL),(105,8,'F TYPE','2019-12-03 13:45:08','Y','12',NULL),(106,8,'RR VOGUE','2019-12-03 13:45:08','Y','13',NULL),(107,11,'Ertiga','2020-02-20 11:59:40','Y','1',NULL),(108,9,'Range Rover velar','2020-02-20 12:04:52','Y','3',NULL);
/*!40000 ALTER TABLE `vehicle_full_details_tbl` ENABLE KEYS */;
UNLOCK TABLES;

--
-- Table structure for table `vehicle_gatepass_details_tbl`
--

DROP TABLE IF EXISTS `vehicle_gatepass_details_tbl`;
/*!40101 SET @saved_cs_client     = @@character_set_client */;
/*!40101 SET character_set_client = utf8 */;
CREATE TABLE `vehicle_gatepass_details_tbl` (
  `gatepass_id` int(15) NOT NULL AUTO_INCREMENT,
  `from_showroom_id` int(15) DEFAULT NULL,
  `to_showroom_id` int(15) DEFAULT NULL,
  `vehicle_id` int(25) DEFAULT NULL,
  `km_in` varchar(50) DEFAULT NULL,
  `km_out` varchar(30) DEFAULT NULL,
  `date_time` varchar(30) DEFAULT NULL,
  `attachments` text,
  `remarks` varchar(300) DEFAULT NULL,
  `is_active` char(1) DEFAULT 'Y',
  `created_on` timestamp NOT NULL DEFAULT CURRENT_TIMESTAMP,
  PRIMARY KEY (`gatepass_id`)
) ENGINE=InnoDB DEFAULT CHARSET=latin1;
/*!40101 SET character_set_client = @saved_cs_client */;

--
-- Dumping data for table `vehicle_gatepass_details_tbl`
--

LOCK TABLES `vehicle_gatepass_details_tbl` WRITE;
/*!40000 ALTER TABLE `vehicle_gatepass_details_tbl` DISABLE KEYS */;
/*!40000 ALTER TABLE `vehicle_gatepass_details_tbl` ENABLE KEYS */;
UNLOCK TABLES;

--
-- Table structure for table `vehicle_master_tbl`
--

DROP TABLE IF EXISTS `vehicle_master_tbl`;
/*!40101 SET @saved_cs_client     = @@character_set_client */;
/*!40101 SET character_set_client = utf8 */;
CREATE TABLE `vehicle_master_tbl` (
  `vehicle_id` int(11) NOT NULL AUTO_INCREMENT,
  `purchase_lead_id` int(20) NOT NULL,
  `vehicle_no` varchar(25) DEFAULT NULL,
  `manufactured_year` varchar(20) DEFAULT NULL,
  `vehicle_type` varchar(25) DEFAULT NULL,
  `vehicle_varient` varchar(25) DEFAULT NULL,
  `car_make` varchar(50) DEFAULT NULL,
  `car_model` varchar(50) DEFAULT NULL,
  `city` varchar(50) DEFAULT NULL,
  `color` varchar(50) DEFAULT NULL,
  `fuel_type` varchar(20) DEFAULT NULL,
  `registration_year` varchar(25) DEFAULT NULL,
  `pincode` varchar(15) DEFAULT NULL,
  `no_of_owners` varchar(20) DEFAULT NULL,
  `vehicle_condition` varchar(25) DEFAULT NULL,
  `expected_selling_price` varchar(10) DEFAULT NULL,
  `odometer` varchar(20) DEFAULT NULL,
  `transmission` varchar(25) DEFAULT NULL,
  `vehicle_video` text,
  `is_active` char(1) NOT NULL DEFAULT 'Y',
  `added_on` timestamp NOT NULL DEFAULT CURRENT_TIMESTAMP,
  `last_updated_on` timestamp NOT NULL DEFAULT CURRENT_TIMESTAMP ON UPDATE CURRENT_TIMESTAMP,
  PRIMARY KEY (`vehicle_id`),
  KEY `purchase_lead_id` (`purchase_lead_id`),
  CONSTRAINT `vehicle_master_tbl_ibfk_1` FOREIGN KEY (`purchase_lead_id`) REFERENCES `purchase_lead_tbl` (`purchase_lead_id`)
) ENGINE=InnoDB AUTO_INCREMENT=417 DEFAULT CHARSET=latin1;
/*!40101 SET character_set_client = @saved_cs_client */;

--
-- Dumping data for table `vehicle_master_tbl`
--

LOCK TABLES `vehicle_master_tbl` WRITE;
/*!40000 ALTER TABLE `vehicle_master_tbl` DISABLE KEYS */;
INSERT INTO `vehicle_master_tbl` VALUES (1,1,'DL1CKJLK22','03/2015','1','57','1','7','2','Silver','Diesel',NULL,'122001','First Owner','Good','2900000','11000',NULL,NULL,'Y','2019-11-28 06:05:02','2019-12-09 14:17:27'),(2,2,'RJ140000','0/2014','2','67','3','11','3','White','Diesel',NULL,'122001','Second Owner','Good','1951000','51000',NULL,NULL,'Y','2019-11-28 06:48:20','2019-12-09 14:17:29'),(3,3,'RJ140000','03/2014','1',NULL,'20','76','3','Red','Diesel',NULL,'122001','First Owner','Good','1500000','91000',NULL,NULL,'Y','2019-11-28 06:56:33','2019-12-17 18:46:12'),(4,4,'rj140000','0/2015','1','43','1','5','3','Gray','Diesel',NULL,'302001','Second Owner','Good','2200000','54000',NULL,NULL,'Y','2019-11-28 07:11:08','2019-12-09 14:17:29'),(5,5,'DL8CZ5272','0/2013','1',NULL,'12','4','1','Silver','Diesel',NULL,'110000','Second Owner','Good','1600000','70000',NULL,NULL,'Y','2019-11-28 07:44:00','2019-12-17 18:46:12'),(6,6,'DL0000','01/2015','3','92','3','12','8','White','Diesel',NULL,'110000','First Owner','Good','2800000','20000',NULL,NULL,'Y','2019-11-28 10:19:16','2019-12-09 14:17:26'),(7,7,'PB10HA5005','12/2018','2','115','3','19','5','White','Diesel',NULL,'141001','First Owner','Good','31500000','7500',NULL,NULL,'Y','2019-11-28 10:24:39','2019-12-09 14:17:29'),(8,8,'pb10000','12/2017','3',NULL,'16','62','5','Black','Diesel','0','141002','First Owner','Good','8500000','18000',NULL,NULL,'Y','2019-11-28 10:28:23','2019-12-17 18:46:13'),(9,9,'DL9CAA7931','03/2015','2','9','1','3','15','White','Diesel',NULL,'123401','First Owner','Good','2400000','48000',NULL,NULL,'Y','2019-11-28 10:33:57','2019-12-09 14:17:30'),(10,10,'HR26CG7041','01/2014','2','7','1','1','2','Blue','Diesel',NULL,'122001','Second Owner','Good','13500000','52300',NULL,NULL,'Y','2019-11-28 10:58:39','2019-12-09 14:17:27'),(11,11,'HR260000','07/2017','2','115','3','19','2','Blue','Diesel',NULL,'122001','First Owner','Good','2600000','26000',NULL,NULL,'Y','2019-11-28 11:18:09','2019-12-09 14:17:27'),(12,12,'HR260000','03/2016','3','34','1','3','2','White','Diesel','0','122001','First Owner','Good','2600000','40000',NULL,NULL,'Y','2019-11-29 09:01:42','2019-12-09 14:17:28'),(13,13,'HR26DY0055','06/2018','3',NULL,'9','34','2','White','Diesel','2019','122001','First Owner','Good','4500000','14000',NULL,NULL,'Y','2019-11-29 09:04:47','2019-12-17 18:46:13'),(14,14,'UP14000','02/2018','3',NULL,'9','34','12','White','Diesel','2018','?20130','First Owner','Good','4000000','29000',NULL,NULL,'Y','2019-11-29 10:43:33','2019-12-17 18:46:13'),(15,15,'HR26DL1667','11/2017','2','1','1','1','2','Blue','Diesel','2018','122001','First Owner','Good','3200000','14500',NULL,NULL,'Y','2019-11-29 11:45:45','2019-12-09 14:17:28'),(16,16,'HR51','12/2012','3','34','1','3','9','White','Diesel','2013','110001','Second Owner','Good','2100000','50000',NULL,NULL,'Y','2019-11-30 11:49:12','2019-12-09 14:17:27'),(17,17,'HR26000','07/2016','2','63','3','11','2','Blue','Diesel','2016','122001','First Owner','Good','2200000','32000',NULL,NULL,'Y','2019-11-30 11:51:35','2019-12-09 14:17:28'),(18,18,'HP120000','04/2017','2',NULL,'8','28','15','White','Diesel','2018','123401','First Owner','Good','4600000','8300',NULL,NULL,'Y','2019-11-30 11:54:58','2019-12-17 18:46:13'),(19,19,'UP1400000','06/2018','3',NULL,'9','34','12','White','Diesel','2018','201301','First Owner','Good','40000000','29000',NULL,NULL,'Y','2019-11-30 11:57:22','2019-12-17 18:46:13'),(20,20,'HR700000','08/2016','3','100','3','15','5','White','Diesel','2016',NULL,'Second Owner','Good','4000000','75000',NULL,NULL,'Y','2019-11-30 12:02:54','2019-12-09 14:17:29'),(21,21,'DL00000','02/2015','2',NULL,'12','46','8','White','Petrol','2015','110001','Second Owner','Good','4000000','25000',NULL,NULL,'Y','2019-12-03 10:20:53','2019-12-17 18:46:13'),(22,22,'HR26DC6500','01/2016','2','79','3','12','12','Blue','Diesel','2017','400047','First Owner','Good','2800000','45000',NULL,NULL,'Y','2019-12-03 10:25:12','2019-12-09 14:17:30'),(23,23,'MP030000','09/2017','3','50','1','6','10','White','Petrol','2017','452001','First Owner','Good','5300000','13000',NULL,NULL,'Y','2019-12-03 10:28:15','2019-12-09 14:17:29'),(24,24,'UK073333','05/2018','3','249','20','73','8','White','Diesel','2018','110001','First Owner','Good','7000000','3500',NULL,NULL,'Y','2019-12-03 10:30:54','2019-12-09 14:17:26'),(25,25,'HR26CT6473','03/2015','3','34','1','3','2','White','Diesel','2016','122001','First Owner','Good','2600000','40000',NULL,NULL,'Y','2019-12-03 10:43:51','2019-12-09 14:17:28'),(26,26,'HR260000','03/2015','2','4','1','1','2','White','Petrol','2016','120001','First Owner','Good','2500000','52000',NULL,NULL,'Y','2019-12-03 11:38:00','2019-12-09 14:17:28'),(27,27,'PB100000','0/2016','3','217','12','49','5','Black','Diesel','2016','140412','First Owner','Good','3600000','50000',NULL,NULL,'Y','2019-12-03 11:46:51','2019-12-09 14:17:29'),(28,28,'UP32KH8800','08/2018','2',NULL,'12','42','8','White','Diesel','2019','110001','First Owner','Good','2750000','30000',NULL,NULL,'Y','2019-12-03 12:16:50','2019-12-17 18:46:13'),(29,29,NULL,'04/2018','2','79','3','12','7','Blue','Diesel','2019','131028','First Owner','Good','4100000','27000',NULL,NULL,'Y','2019-12-03 12:29:06','2019-12-09 14:17:29'),(30,30,'MH43AT8284','0/0','3','217','12','49','8','Black','Diesel','0','110001','First Owner','Good','3900000','50000',NULL,NULL,'Y','2019-12-03 12:32:05','2019-12-09 14:17:26'),(31,31,'DL2CAQ7585','08/2015','2','160','12','42','8','Red','Diesel','2016','110001','First Owner','Good','2300000','22000',NULL,NULL,'Y','2019-12-03 12:35:21','2019-12-09 14:17:26'),(32,32,'UK07BD5369','04/2014','3','33','1','3','4','White','Diesel','2014','364000','First Owner','Good','1800000','67000',NULL,NULL,'Y','2019-12-04 11:18:27','2019-12-09 14:17:29'),(33,33,'HR100000','02/2018','2','79','3','12','16','Blue','Diesel','2018','131001','First Owner','Good','4100000','27300',NULL,NULL,'Y','2019-12-04 11:21:31','2019-12-09 14:17:30'),(34,34,'PB020000','03/2016','2','18','1','2','446','Black','Diesel','2016','131001','Second Owner','Good','2600000','60000',NULL,NULL,'Y','2019-12-04 11:25:36','2020-01-03 10:15:10'),(35,35,'DL00000','10/2016','2','76','3','12','8','Blue','Diesel','2016','110001','First Owner','Average','32400000','43000',NULL,NULL,'Y','2019-12-04 11:27:48','2019-12-09 14:17:26'),(36,36,'MH310000','07/2014','2','75','3','12','367','White','Diesel','2014',NULL,'Second Owner','Good','2200000','55000',NULL,NULL,'Y','2019-12-04 11:31:10','2020-01-03 10:15:10'),(37,37,'RJ280000','10/2015','2','4','1','1','6','White','Petrol','2015','323031','Second Owner','Good','1800000','45000',NULL,NULL,'Y','2019-12-04 11:38:20','2019-12-09 14:17:29'),(38,38,'PB03A0008','06/2014','2','2','1','1','448','White','Diesel','2014','131001','First Owner','Good','2200000','34000',NULL,NULL,'Y','2019-12-04 11:41:24','2020-01-03 10:15:11'),(39,39,'dl00000','07/2013','2','6','1','1','8','Black','Diesel','2014','110001','First Owner','Good','1500000','18800',NULL,NULL,'Y','2019-12-04 12:08:19','2019-12-09 14:17:26'),(40,40,'DL2CAP6714','05/2015','2','18','1','2','2','Silver','Diesel','2015','122001','First Owner','Good','2200000','44000',NULL,NULL,'Y','2019-12-05 07:34:31','2019-12-09 14:17:28'),(41,41,'DL2CAT2474','03/2014','3','46','1','6','24','White','Diesel','2014','700001','First Owner','Good','2000000','112000',NULL,NULL,'Y','2019-12-05 08:30:04','2019-12-09 14:17:29'),(42,42,'HR5100000','06/2016','3',NULL,'9','34','2','Blue','Diesel','2016','122001','First Owner','Good','3500000','22000',NULL,NULL,'Y','2019-12-05 08:32:16','2019-12-17 18:46:13'),(43,43,'RJ1400000','04/2018','2','174','12','44','3','White','Diesel','2018','302001','First Owner','Good','3170000','29500',NULL,NULL,'Y','2019-12-05 08:36:38','2019-12-09 14:17:29'),(44,44,'UP16BC1270','08/2015','3','167','12','43','8','White','Diesel','2015','110001','Second Owner','Good','1850000','50000',NULL,NULL,'Y','2019-12-05 08:39:00','2019-12-09 14:17:26'),(45,45,'HR2600000','05/2017','2','75','3','12','2','Blue','Diesel','2017','122001','First Owner','Good','3500000','11000',NULL,NULL,'Y','2019-12-05 08:41:43','2019-12-09 14:17:28'),(46,46,'DL3C0000','06/2017','2','173','12','44','8','Silver','Petrol','2017','110001','First Owner','Good','2450000','14000',NULL,NULL,'Y','2019-12-05 09:10:22','2019-12-09 14:17:27'),(47,47,'HR260000','12/0002','2','172','12','44','8','Red','Diesel','0001','110001','First Owner','Good','2100000','11500',NULL,NULL,'Y','2019-12-05 12:18:05','2019-12-09 14:17:27'),(48,48,'DL8CAL5974','05/2016','2','21','1','2','8','White','Diesel','2016','110001','Second Owner','Good','2700000','16000',NULL,NULL,'Y','2019-12-06 06:33:52','2019-12-09 14:17:27'),(49,49,'HR26CC9800','09/2013','3','33','1','3','2','White','Diesel','2013','122001','First Owner','Good','1900000','55000',NULL,NULL,'Y','2019-12-06 07:28:36','2019-12-09 14:17:28'),(50,50,'UK070000','07/2015','2','21','1','2','18','Black','Diesel','2015','248001','Second Owner','Good','3000000','56000',NULL,NULL,'Y','2019-12-06 07:51:18','2019-12-09 14:17:26'),(51,51,'UP32KB9991','05/2018','2','null','20','77','20','White','Diesel','2018','273001','First Owner','Good','6500000','24000',NULL,NULL,'Y','2019-12-06 09:03:57','2019-12-17 18:46:14'),(52,52,'UK080000','02/2016','2','2','1','1','25','White','Diesel','2016','273001','Second Owner','Good','1800000','75000',NULL,NULL,'Y','2019-12-06 09:06:52','2019-12-09 14:17:28'),(53,53,'GJ0600000','06/2015','2','75','3','12','173','Brown','Diesel','2015','382340','First Owner','Good','2400000','43000',NULL,NULL,'Y','2019-12-06 10:50:55','2020-01-03 10:15:11'),(54,54,NULL,'0/0','2','65','3','11','10','White','Diesel','0','452001','First Owner','Good','1900000','57000',NULL,NULL,'Y','2019-12-06 10:53:34','2019-12-09 14:17:29'),(55,55,'HP140000','06/2015','2','199','12','46','2','Black','Diesel','2016','122001','First Owner','Good','6000000','29000',NULL,NULL,'Y','2019-12-06 10:55:53','2019-12-09 14:17:28'),(56,56,'HR260000','11/2015','3',NULL,'12','50','2','White','Diesel','2015','122001','First Owner','Good','5100000','47000',NULL,NULL,'Y','2019-12-06 10:58:02','2019-12-17 18:46:14'),(57,57,'HR26CJ5005','02/2014','2','145','12','42','2','White','Diesel','2014','122001','Second Owner','Good','2050000','58000',NULL,NULL,'Y','2019-12-06 11:00:10','2019-12-09 14:17:27'),(58,58,'HR260000','07/2014','2','196','12','46','25','White','Diesel','2014','281001','First Owner','Good','4500000','51000',NULL,NULL,'Y','2019-12-06 11:12:25','2019-12-09 14:17:30'),(59,59,'HR26DT0273','03/2018','2','129','8','29','25','White','Diesel','2018','281001','First Owner','Good','7800000','1800',NULL,NULL,'Y','2019-12-06 11:14:18','2019-12-09 14:17:30'),(60,60,'DL2CAT1099','06/2014','2','18','1','2','8','White','Diesel','2014','110075',NULL,'Good','2200000','32300',NULL,NULL,'Y','2019-12-07 10:08:26','2019-12-09 14:17:27'),(61,61,'UK07BN5000','09/2014','2','3','1','1','23','Brown','Diesel','2015','132001','First Owner','Good','1495000','61000',NULL,NULL,'Y','2019-12-07 10:11:23','2019-12-09 14:17:29'),(62,62,'MH03CS1619','08/2017','2','175','12','44','2','Blue','Diesel','2017','122001','First Owner','Good','3200000','12000',NULL,NULL,'Y','2019-12-07 12:23:16','2019-12-09 14:17:28'),(63,63,'MH14EC6063','09/2014','2','175','12','44','26','White','Diesel','2015','111045','First Owner','Good','2400000','50000',NULL,NULL,'Y','2019-12-07 12:25:21','2019-12-09 14:17:30'),(64,64,'CH00000','09/2018','2','161','12','42','8','Blue','Diesel','2018','110001','First Owner','Good','4951000','13510',NULL,NULL,'Y','2019-12-07 12:27:19','2019-12-09 14:17:27'),(65,65,'HR2600000','0/0','3','226','16','62','2','Blue','Petrol','0','122001','First Owner','Good','5000000','35000',NULL,NULL,'Y','2019-12-09 08:31:24','2019-12-09 14:17:28'),(66,66,'HR91 TEMP0000','03/2019','2','154','12','42','8','Black','Diesel','2019','110001','First Owner','Good','5700000','6500',NULL,NULL,'Y','2019-12-09 10:32:23','2019-12-09 14:17:27'),(67,67,'HR26CW0000','01/2018','2','161','12','42','19','White','Diesel','2018','403110','First Owner','Good','4900000','5118',NULL,NULL,'Y','2019-12-09 10:38:17','2019-12-09 14:17:27'),(68,68,'CH01AX0000','08/2013','2','148','12','42','17','Silver','Diesel','2014',NULL,'Second Owner','Good','30000000','10000',NULL,NULL,'Y','2019-12-09 12:37:39','2019-12-09 14:17:26'),(69,69,'CH01AZ9292','5/2014','2','17','1','1','17','White','Diesel','2015',NULL,'Second Owner','Good','1700000','60000',NULL,NULL,'Y','2019-12-09 12:40:02','2019-12-17 18:47:03'),(70,70,'CH101(T)0973','11/2018','2','21','1','2','17','White','Diesel','2018',NULL,'First Owner','Good','3800000','56000',NULL,NULL,'Y','2019-12-09 12:42:16','2019-12-09 14:17:26'),(71,71,'CHAX10000','02/2013','2','63','3','11','17','White','Diesel','2013',NULL,'First Owner','Good','2000000','46000',NULL,NULL,'Y','2019-12-09 12:44:29','2019-12-09 14:17:26'),(72,72,'PY050088','0/0','3','249','20','73','15','White','Diesel','0',NULL,'Third Owner','Good','3900000','46000',NULL,NULL,'Y','2019-12-10 07:19:32','2019-12-10 07:19:32'),(73,73,'OD02BB1100','12/2018','2','133','8','32','8','White','Diesel','2018',NULL,'First Owner','Good','3000000','17000',NULL,NULL,'Y','2019-12-10 07:21:39','2019-12-17 18:31:46'),(74,74,'HR2600000','07/2017','2','119','3','20','8','White','Diesel','2018','110001','First Owner','Good','8400000','15000',NULL,NULL,'Y','2019-12-10 07:23:46','2019-12-10 07:23:46'),(75,75,'DL8CA00000','02/2015','3','32','1','3','8','Gray','Diesel','2015','110001','First Owner','Good','2200000','53500',NULL,NULL,'Y','2019-12-10 10:53:58','2019-12-10 10:53:58'),(76,76,'UNREGISTRED','0/2018','3',NULL,'9','38','12','Silver','Petrol','2018',NULL,'Many','Good','44500000','10919',NULL,NULL,'Y','2019-12-10 10:57:32','2019-12-17 18:46:14'),(77,77,'CH0000','07/2017','3',NULL,'9','38','8','Blue','Diesel','2017','110001','First Owner','Good','3250000','50000',NULL,NULL,'Y','2019-12-10 11:01:43','2019-12-17 18:46:14'),(78,78,'DL0000','09/2019','3',NULL,'12','50','8','Blue','Diesel','2019','110001',NULL,'Good','6825000','5150',NULL,NULL,'Y','2019-12-10 11:04:03','2019-12-17 18:46:14'),(79,79,'DL00000','07/2016','3','32','1','3','8','White','Diesel','2016','110001','First Owner','Good','2650000','65000',NULL,NULL,'Y','2019-12-11 08:45:39','2019-12-11 11:31:03'),(80,80,'HR26DC3739','01/2016','2','62','3','11','27','Blue','Diesel','2017',NULL,'Second Owner','Good','2500000','30000',NULL,NULL,'N','2019-12-11 09:23:13','2019-12-11 12:28:56'),(81,81,'HR26DC3739','0/0','2','62','3','11','27','Blue','Diesel','0',NULL,'Second Owner','Good','2500000','30000',NULL,NULL,'Y','2019-12-11 09:26:40','2019-12-11 11:31:03'),(82,82,'HR100000','08/2016','3','115','3','19','8','Blue','Diesel','2016','110001','First Owner','Good','1900000','70000',NULL,NULL,'Y','2019-12-11 09:29:18','2019-12-11 11:31:03'),(83,83,'DL7CT0000','06/2014','2','62','3','11','8','White','Diesel','2014',NULL,'First Owner','Good','1900000','35000',NULL,NULL,'Y','2019-12-11 09:31:13','2019-12-11 11:31:03'),(84,84,'DL6CM5628','0/0','2',NULL,'8','28','8','Black','Diesel','0',NULL,'First Owner','Good','2300000','57000',NULL,NULL,'Y','2019-12-11 09:32:45','2019-12-17 18:46:14'),(85,85,'DL3CCF0600','10/2011','2',NULL,'1','4','8','White','Petrol','2011',NULL,'First Owner','Good','2200000','50000',NULL,NULL,'Y','2019-12-11 09:34:32','2019-12-17 18:46:14'),(86,86,'UK07BL5151','03/2015','3','167','12','43','2','White','Diesel','2015',NULL,'First Owner','Good','1500000','54000',NULL,NULL,'Y','2019-12-11 09:36:58','2019-12-11 11:31:03'),(87,87,'up160000','04/2015','2','62','3','11','13','Black','Diesel','2015',NULL,'First Owner','Good','3000000','28000',NULL,NULL,'Y','2019-12-11 11:40:25','2019-12-11 13:30:40'),(88,88,'hr00000','06/2016','3','115','3','19','23','White','Diesel','2016',NULL,'First Owner','Good','2500000','45000',NULL,NULL,'Y','2019-12-11 11:42:38','2019-12-11 13:30:40'),(89,89,'DL2CAT5747','11/2014','2','20','1','2','8','White','Diesel','2015',NULL,'First Owner','Good','2500000','37000',NULL,NULL,'Y','2019-12-11 11:45:08','2019-12-11 13:30:40'),(90,90,'DL2CAT5262','08/2015','3','36','1','5','13','White','Diesel','2015',NULL,'First Owner','Good','2090000','40000',NULL,NULL,'Y','2019-12-11 11:47:20','2019-12-11 13:30:41'),(91,91,'up160000','06/2017','2',NULL,'8','28','8','White','Diesel','2017',NULL,'First Owner','Good','5500000','20000',NULL,NULL,'Y','2019-12-11 12:31:30','2019-12-17 18:46:15'),(92,92,'HR26CP0531','07/2015','8','55','1','7','2','Blue','Diesel','2015','122001','First Owner','Good','1450000','50000',NULL,NULL,'Y','2019-12-12 11:47:15','2019-12-12 11:47:15'),(93,93,'UK070000','10/2014','2',NULL,'12','46','5','White','Diesel','2014',NULL,'First Owner','Good','700000','95000',NULL,NULL,'Y','2019-12-12 11:49:44','2019-12-17 18:46:15'),(94,94,'HR260000','11/2015','3',NULL,'16','62','17','White','Diesel','2015',NULL,'First Owner','Good','4500000','54000',NULL,NULL,'Y','2019-12-12 12:18:43','2019-12-17 18:46:15'),(95,95,'HR260000','09/2017','2','170','12','44','2','Blue','Petrol','2017',NULL,'First Owner','Good','2850000','11637',NULL,NULL,'Y','2019-12-12 12:20:53','2019-12-12 12:20:53'),(96,96,'UP320000','10/2018','2','149','12','42','8','Blue','Diesel','2018',NULL,'First Owner','Good','5800000','1900',NULL,NULL,'Y','2019-12-12 12:23:54','2019-12-17 18:31:46'),(97,97,'HR260000','07/2015','2','21','1','2','2','Gray','Diesel','2015',NULL,'First Owner','Good','2550000','55000',NULL,NULL,'Y','2019-12-12 12:25:44','2019-12-12 12:25:44'),(98,98,'HR26CJ7288','4/2014','8','52','1','7','2','Silver','Diesel','2014','122001','First Owner','Good','1500000','47000',NULL,NULL,'Y','2019-12-13 12:47:01','2019-12-13 12:47:01'),(99,99,'UK070000','08/2014','3','46','1','6','12','White','Diesel','2014',NULL,'First Owner','Good','3500000','35000',NULL,NULL,'Y','2019-12-13 12:48:58','2019-12-13 12:48:58'),(100,100,'UK07BS2200','09/2016','9','219','12','53','18','White','Diesel','2016',NULL,'First Owner','Good','1650000','57500',NULL,NULL,'Y','2019-12-13 12:52:55','2019-12-13 12:52:55'),(101,101,'HR26CD6507','09/2013','2','145','12','42','18','White','Diesel','2014','NA','First Owner','Good','2400000','48500',NULL,NULL,'Y','2019-12-13 12:58:18','2019-12-13 12:58:18'),(102,102,'PB100000','06/2014','9',NULL,'12','85','5','Black','Diesel','2014',NULL,'First Owner','Good','1500000','41000',NULL,NULL,'Y','2019-12-13 13:03:03','2019-12-17 18:46:15'),(103,103,'PB100000','08/2016','2','75','3','12','5','White','Diesel','2016',NULL,'Second Owner','Good','3000000','16000',NULL,NULL,'Y','2019-12-13 13:05:32','2019-12-13 13:05:32'),(104,104,'PB100000','03/2016','2','96','3','14','5','Black','Diesel','2017',NULL,'First Owner','Good','3200000','13500',NULL,NULL,'Y','2019-12-13 13:09:57','2019-12-13 13:09:57'),(105,105,'CH010000','09/2015','3','217','12','49','5','White','Diesel','2016',NULL,'First Owner','Good','5000000','38000',NULL,NULL,'Y','2019-12-13 13:12:30','2019-12-13 13:12:30'),(106,106,'GJ01RS0343','11/2013','9','219','12','53','154','White','Diesel','2014',NULL,'Second Owner','Good','1500000','34000',NULL,NULL,'Y','2019-12-13 13:15:41','2020-01-03 10:15:11'),(107,107,'HR26CS4346','01/2014','1',NULL,'13','56','8','Gray','Diesel','2015','110001','Second Owner','Good','1900000','14800',NULL,NULL,'Y','2019-12-14 09:56:51','2019-12-17 18:46:15'),(108,108,'MP09CS1233','08/2015','2','171','12','44','10','White','Diesel','2016',NULL,'Second Owner','Good','2300000','43000',NULL,NULL,'Y','2019-12-14 09:58:54','2019-12-14 09:58:54'),(109,109,'DL8CA00000','07/2014','2','147','12','42','8','White','Diesel','2014','110001','First Owner','Good','2050000','34100',NULL,NULL,'Y','2019-12-14 10:00:52','2019-12-14 10:00:52'),(110,110,'CH010000','09/2016','3',NULL,'9','38','17','Blue','Diesel','2016',NULL,'First Owner','Good','3100000','70000',NULL,NULL,'Y','2019-12-14 10:21:40','2019-12-17 18:46:15'),(111,111,'CH010000','07/2015','3',NULL,'9','34','5','Red','Diesel','2015',NULL,'First Owner','Good','3350000','22000',NULL,NULL,'Y','2019-12-14 10:31:06','2019-12-17 18:46:15'),(112,112,'RJ14ZC2361','08/2017','3','36','1','5','3','Blue','Diesel','2018',NULL,'First Owner','Good','2500000','33500',NULL,NULL,'Y','2019-12-14 11:54:04','2019-12-14 11:54:04'),(113,113,'HR51BB9054','11/2014','2','25','1','2','1','Black','Diesel','2014',NULL,'First Owner','Good','2300000','25000',NULL,NULL,'Y','2019-12-14 11:58:11','2019-12-14 11:58:11'),(114,114,'UP160000','11/2018','3','48','1','6','25','White','Diesel','2018',NULL,'First Owner','Good','5800000','18000',NULL,NULL,'Y','2019-12-14 12:18:23','2019-12-14 12:18:23'),(115,115,'DL2CAP6714','06/2016','2','25','1','2','2','Silver','Diesel','2015','122001','First Owner','Good','2200000','44000',NULL,NULL,'Y','2019-12-16 10:04:45','2019-12-16 10:04:45'),(116,116,'UK070000','10/2016','2','1','1','1','8','White','Diesel','2016',NULL,'First Owner','Good','2500000','21000',NULL,NULL,'Y','2019-12-16 10:40:07','2019-12-17 18:47:03'),(117,117,'UP160000','09/2018','2','1','1','1','13','Red','Diesel','2019',NULL,'First Owner','Good','3500000','11000',NULL,NULL,'Y','2019-12-16 11:29:33','2019-12-16 11:29:33'),(118,118,'UP160000','08/2017','2','75','3','12','8','White','Diesel','2017',NULL,'First Owner','Good','4000000','28000',NULL,NULL,'Y','2019-12-16 11:32:39','2019-12-16 11:32:39'),(119,119,'HR260000','11/2017','2','120','3','20','8','White','Diesel','2018',NULL,'First Owner','Good','7500000','15000',NULL,NULL,'Y','2019-12-16 11:36:53','2019-12-16 11:36:53'),(120,120,'HR','09/2015','2','62','3','11','23','White','Diesel','2015',NULL,'First Owner','Good','2200002','15000',NULL,NULL,'Y','2019-12-16 12:02:10','2019-12-16 12:02:10'),(121,121,'HR00000','05/2014','2','25','1','2','8','Silver','Diesel','2014',NULL,'First Owner','Good','1999999','21000',NULL,NULL,'Y','2019-12-16 12:04:23','2019-12-16 12:04:23'),(122,122,'up320000','08/2018','2','1','1','1','8','White','Diesel','2018',NULL,'First Owner','Good','3300000','16500',NULL,NULL,'Y','2019-12-16 12:45:43','2019-12-17 18:31:47'),(123,123,'HR260000','09/2014','3','46','1','6','2','White','Diesel','2014',NULL,'First Owner','Good','2800000','50000',NULL,NULL,'Y','2019-12-16 13:11:59','2019-12-16 13:11:59'),(124,124,'UP320000','09/2018','2','1','1','1','23','White','Diesel','2018',NULL,'First Owner','Good','3300000','16500',NULL,NULL,'Y','2019-12-16 13:15:26','2019-12-16 13:15:26'),(125,125,'CH00000','08/2015','2','171','12','44','17','White','Diesel','2015',NULL,NULL,'Good','3000000','55000',NULL,NULL,'Y','2019-12-16 13:17:37','2019-12-16 13:17:37'),(126,126,'MH06BB8886','07/2013','2','16','1','1','12','Black','Petrol','2013',NULL,'First Owner','Good','1400000','68000',NULL,NULL,'Y','2019-12-17 11:26:03','2019-12-17 11:26:03'),(127,127,'WB20AG1370','07/2014','3','48','1','6','8','Blue','Diesel','2014','NA','Second Owner','Good','2250000','49000',NULL,NULL,'Y','2019-12-17 11:32:17','2019-12-17 11:32:17'),(128,128,'MH04GJ5072','10/2014','2','4','1','1','8','White','Diesel','2014',NULL,'First Owner','Good','2000000','50000',NULL,NULL,'Y','2019-12-17 11:53:23','2019-12-17 11:53:23'),(129,129,'DL7CK4749','7/2010','2',NULL,'1','1','8','White','Petrol','2010',NULL,'First Owner','Good','1000000','42000',NULL,NULL,'Y','2019-12-17 12:39:06','2019-12-17 18:47:03'),(130,130,'DL8CA0000','04/2011','2','149','12','42','8','Silver','Diesel','2011',NULL,'First Owner','Good','1100000','80000',NULL,NULL,'Y','2019-12-17 12:41:25','2019-12-17 12:41:25'),(131,131,'NA','04/2014','2','96','3','14','8','White','Diesel','2014','NA','First Owner','Good','2500000','12500',NULL,NULL,'Y','2019-12-17 12:43:18','2019-12-17 12:43:18'),(132,132,'DL1CU6940','08/2012','2','null','1','4','8','Gray','Diesel','2012','NA','Second Owner','Good','1500000','50000',NULL,NULL,'Y','2019-12-17 12:45:36','2019-12-17 18:47:04'),(133,133,'dfghgh4555','01/2019','1','null','6','83','1','Beige','Diesel','2010','560066','Second Owner','Good','563256536','560066','Manual',NULL,'N','2019-12-17 17:04:21','2019-12-18 04:35:35'),(134,134,'UP84S0099','09/2016','2','64','3','11','2','Black','Diesel','2016','122001','First Owner','Good','2000000','57000','Automatic',NULL,'Y','2019-12-18 09:33:40','2019-12-18 09:33:40'),(135,135,'HR269616','05/2014','3','36','1','5','2','White','Diesel','2014','122001','Second Owner','Good','1600000','50000','Automatic',NULL,'Y','2019-12-18 09:36:18','2019-12-18 09:36:18'),(136,136,'HR51AB1441','06/2011','3','48','1','6','2','Silver','Diesel','2012','122001','Second Owner','Good','1500000','96000','Automatic',NULL,'Y','2019-12-18 09:39:01','2019-12-18 09:39:01'),(137,137,'DL1CZ7450','10/2018','3','','12','50','8','Blue','Diesel','2018','110001','First Owner','Good','7900000','6000','Automatic',NULL,'Y','2019-12-18 09:40:52','2019-12-18 09:40:52'),(138,138,'DL7CN3301','09/2012','2','2','1','1','8','Black','Diesel','2012','110001','First Owner','Good','1200000','60000','Automatic',NULL,'Y','2019-12-18 09:43:32','2019-12-18 09:43:32'),(139,139,'HR26CX0011','09/2016','2','21','1','2','2','Blue','Diesel','2016','122001','First Owner','Good','3000000','49000','Automatic',NULL,'Y','2019-12-18 12:24:30','2019-12-18 12:24:30'),(140,140,'HR260000','10/2015','2','175','12','44','2','Blue','Diesel','2016','122001','First Owner','Good','3200000','22000','Automatic',NULL,'Y','2019-12-18 12:53:32','2019-12-18 12:53:32'),(141,141,'UP320000','09/2018','2','3','1','1','20','White','Diesel','2018',NULL,'First Owner','Good','3100000','16500','Automatic',NULL,'Y','2019-12-18 13:11:53','2019-12-18 13:11:53'),(142,142,'DL0000','08/2014','2','148','12','42','8','White','Diesel','2014',NULL,'Second Owner','Good','1800000','62000','Automatic',NULL,'Y','2019-12-18 13:15:19','2019-12-18 13:15:19'),(143,143,'HR100000','06/2018','2','79','3','12','16','Blue','Diesel','2018',NULL,'First Owner','Good','4100000','27300','Automatic',NULL,'Y','2019-12-19 06:03:00','2019-12-19 06:03:00'),(144,144,'UK07BN5000','05/2014','2','3','1','1','23','Brown','Diesel','2014','NA','First Owner','Good','1495000','61000','Automatic',NULL,'Y','2019-12-19 06:05:27','2019-12-19 06:05:27'),(145,145,'UP320000','10/2018','2','161','12','42','18','Blue','Diesel','2018',NULL,'First Owner','Good','5800000','1900','Automatic',NULL,'Y','2019-12-19 11:59:10','2019-12-19 11:59:10'),(146,146,'UP78DX0006','10/2015','2','62','3','11','22','White','Diesel','2015',NULL,'First Owner','Good','1800000','15000','Automatic',NULL,'Y','2019-12-19 12:01:26','2019-12-19 12:01:26'),(147,147,'UP16AY0999','01/2015','2','147','12','42','20','White','Diesel','2015',NULL,'Second Owner','Good','2599999','29000','Automatic',NULL,'Y','2019-12-19 12:08:19','2019-12-19 12:08:19'),(148,148,'HR26CP5476','08/2015','2','79','3','12','2','Black','Diesel','2015','122001','First Owner','Good','2600000','26000','Automatic',NULL,'Y','2019-12-19 12:10:15','2019-12-19 12:10:15'),(149,149,'HR260000','06/2011','3','32','1','3','2','White','Diesel','2012','NA','null','Good','1200000','700000','Automatic',NULL,'Y','2019-12-19 12:12:14','2019-12-19 12:12:14'),(150,150,'CH0073','08/2012','3','32','1','3','8','Black','Diesel','2012',NULL,'Second Owner','Good','1500000','45000','Automatic',NULL,'Y','2019-12-19 12:14:25','2019-12-19 12:14:25'),(151,151,'UP78 EF 0101','06/2016','2','62','3','11','20','White','Diesel','2016',NULL,'First Owner','Good','2500000','25000','Automatic',NULL,'Y','2019-12-19 12:16:29','2019-12-19 12:16:29'),(152,152,'pb10','06/2016','3','33','1','3','5','White','Diesel','2016',NULL,'First Owner','Good','2599000','60500','Automatic',NULL,'Y','2019-12-19 12:34:45','2019-12-19 12:34:45'),(153,153,'dl00000','05/2016','3','167','12','43','8','Silver','Diesel','2016',NULL,'Second Owner','Good','2600000','16000','Automatic',NULL,'Y','2019-12-20 11:06:16','2019-12-20 11:06:16'),(154,154,'dl0000','06/2017','3','108','3','17','2','Blue','Diesel','2017',NULL,'First Owner','Good','3400000','26500','Automatic',NULL,'Y','2019-12-20 11:08:53','2019-12-20 11:08:53'),(155,155,'CH01BQ','10/2017','2','21','1','2','5','Black','Diesel','2017',NULL,'First Owner','Good','3550000','25000','Automatic',NULL,'Y','2019-12-20 11:50:22','2019-12-20 11:50:22'),(156,156,'UK07','07/2014','3','34','1','3','4','White','Diesel','2014',NULL,'First Owner','Good','2150000','67000','Automatic',NULL,'Y','2019-12-20 11:52:45','2019-12-20 11:52:45'),(157,157,'CH01BF2943','07/2015','3','98','3','15','2','White','Diesel','2016',NULL,'First Owner','Good','4500000','29300','Automatic',NULL,'Y','2019-12-20 11:54:34','2019-12-20 11:54:34'),(158,158,'CH01BH1115','06/2016','2','76','3','12','17','Black','Diesel','2016',NULL,'First Owner','Good','2800000','40000','Automatic',NULL,'Y','2019-12-20 11:56:41','2019-12-20 11:56:41'),(159,159,'HR5AD8208','08/2009','2','','3','11','18','Gray','Petrol','2009',NULL,'Second Owner','Good','600000','70000','Automatic',NULL,'Y','2019-12-20 11:58:49','2019-12-20 11:58:49'),(160,160,'HR510000','08/2011','2','','3','11','8','Black','Petrol','2011',NULL,'Second Owner','Good','1200000','64000','Automatic',NULL,'Y','2019-12-20 12:01:06','2019-12-20 12:01:06'),(161,161,'dl0000','07/2014','3','228','16','62','8','White','Diesel','2014',NULL,'First Owner','Good','3500000','400000','Automatic',NULL,'Y','2019-12-20 12:10:32','2019-12-20 12:10:32'),(162,162,'up140000','07/2014','2','96','3','14','13','Black','Diesel','2015',NULL,'First Owner','Good','2500000','68000','Automatic',NULL,'Y','2019-12-20 12:13:45','2019-12-20 12:13:45'),(163,163,'UP17K9000','06/2014','3','46','1','6','8','White','Diesel','2015',NULL,'First Owner','Good','3700000','45000','Automatic',NULL,'Y','2019-12-23 05:57:50','2019-12-23 05:57:50'),(164,164,NULL,'07/2010','2','78','3','12','27','Silver','Diesel','2010',NULL,'First Owner','Good','900000','100000','Automatic',NULL,'Y','2019-12-23 05:59:41','2019-12-23 05:59:41'),(165,165,'HR05AM0051','02/2014','2','2','1','1','23','White','Diesel','0',NULL,'First Owner','Good','1600000','53000','Automatic',NULL,'Y','2019-12-23 06:01:52','2019-12-23 06:01:52'),(166,166,'CH010000','09/2015','2','2','1','1','17','Red','Diesel','2014',NULL,'First Owner','Good','2400000','21000','Automatic',NULL,'Y','2019-12-23 07:50:41','2019-12-23 07:50:41'),(167,167,'PB020000','06/2014','2','','12','88','5','Silver','Diesel','2015',NULL,'Second Owner','Good','2099999','28000','Automatic',NULL,'Y','2019-12-23 07:53:32','2019-12-23 07:53:32'),(168,168,'CH01AX0608','04/2014','3','108','3','17','17','White','Diesel','2015',NULL,'Second Owner','Good','2185000','67000','Automatic',NULL,'Y','2019-12-23 08:41:45','2019-12-23 08:41:45'),(169,169,'HR26AK9091','08/2011','3','113','3','19','2','Red','Diesel','2011',NULL,'First Owner','Good','1300000','53000','Automatic',NULL,'Y','2019-12-23 08:50:23','2019-12-23 08:50:23'),(170,170,'HR26BH1668','05/2012','3','113','3','19','2','Blue','Diesel','2012',NULL,'First Owner','Good','1000000','54000','Automatic',NULL,'Y','2019-12-23 08:53:19','2019-12-23 08:53:19'),(171,171,NULL,'07/2012','2','75','3','12','8','White','Diesel','2012',NULL,'First Owner','Good','1300000','75000','Automatic',NULL,'Y','2019-12-23 12:10:45','2019-12-23 12:10:45'),(172,172,'HR260000','07/2016','2','147','12','42','2','White','Diesel','2017',NULL,'First Owner','Good','3250000','47500','Automatic',NULL,'Y','2019-12-23 12:13:04','2019-12-23 12:13:04'),(173,173,'CH010000','09/2019','2','75','3','12','17','Blue','Diesel','2019',NULL,'First Owner','Good','4500000','100000','Automatic',NULL,'Y','2019-12-23 12:16:46','2019-12-23 12:16:46'),(174,174,'PB02AA2424','04/2014','2','175','12','44','5','White','Diesel','2014',NULL,'First Owner','Good','2350000','13500','Automatic',NULL,'Y','2019-12-23 12:18:36','2019-12-23 12:18:36'),(175,175,'HR0200','08/2014','3','36','1','5','15','White','Diesel','2014',NULL,'First Owner','Good','1600000','64000','Automatic',NULL,'Y','2019-12-23 12:22:39','2019-12-23 12:22:39'),(176,176,'PB10','09/2016','3','33','1','3','5','White','Diesel','2016',NULL,'First Owner','Good','2599999','60500','Automatic',NULL,'Y','2019-12-23 12:32:33','2019-12-23 12:32:33'),(177,177,'DL4CAY2323','05/2018','3','139','9','35','2','Brown','Diesel','2018',NULL,'First Owner','Good','5700000','8000','Automatic',NULL,'Y','2019-12-24 05:28:01','2019-12-24 05:28:01'),(178,178,'UP38L1111','08/2018','2','96','3','14','26','Black','Diesel','2018',NULL,'First Owner','Good','4200000','19000','Automatic',NULL,'Y','2019-12-24 06:18:40','2019-12-24 06:18:40'),(179,179,'DL6CM6320','05/2013','3','209','12','48','2','Gray','Diesel','2014',NULL,'Second Owner','Good','2875000','67572','Automatic',NULL,'Y','2019-12-24 06:20:50','2019-12-24 06:20:50'),(180,180,'DL02','08/2015','3','140','9','36','13','White','Diesel','2016',NULL,'First Owner','Good','3200000','29000','Automatic',NULL,'Y','2019-12-24 11:42:11','2019-12-24 11:42:11'),(181,181,'UP16','09/2016','2','67','3','11','13','Black','Diesel','2016',NULL,'First Owner','Good','3950000','35000','Automatic',NULL,'Y','2019-12-24 11:44:35','2019-12-24 11:44:35'),(182,182,'UP16BB000','06/2015','2','62','3','11','13','Blue','Diesel','2015',NULL,'First Owner','Good','1650000','62700','Automatic',NULL,'Y','2019-12-24 12:05:02','2019-12-24 12:05:02'),(183,183,'DL0000','08/2017','2','74','3','12','8','Blue','Petrol','2017',NULL,'First Owner','Good','3950000','11000','Automatic',NULL,'Y','2019-12-24 12:07:10','2019-12-24 12:07:10'),(184,184,'UP16BS1087','07/2018','3','163','12','43','13','Red','Diesel','2018',NULL,'First Owner','Good','2999999','13000','Automatic',NULL,'Y','2019-12-24 12:09:11','2019-12-24 12:09:11'),(185,185,'DL0000','05/2019','8','203','12','47','8','Red','Petrol','2019',NULL,'First Owner','Good','3600000','5200','Automatic',NULL,'Y','2019-12-25 11:42:59','2019-12-25 11:42:59'),(186,186,'HR26CU2231','06/2016','2','2','1','1','8','Black','Diesel','2016',NULL,'Second Owner','Good','2000000','16000','Automatic',NULL,'Y','2019-12-25 11:47:15','2019-12-25 11:47:15'),(187,187,'UP16CC4552','07/2018','2','3','1','1','8','Red','Diesel','2019',NULL,'First Owner','Good','3200000','12500','Automatic',NULL,'Y','2019-12-25 11:49:52','2019-12-25 11:49:52'),(188,188,'UP320000','06/2016','3','100','3','15','23','Brown','Diesel','2016',NULL,'Second Owner','Good','4300000','52000','Automatic',NULL,'Y','2019-12-25 11:57:07','2019-12-25 11:57:07'),(189,189,'CH010000','09/2016','2','145','12','42','17','Silver','Diesel','2017',NULL,'First Owner','Good','3550000','37500','Automatic',NULL,'Y','2019-12-25 11:58:50','2019-12-25 11:58:50'),(190,190,'PB02000','03/2016','2','175','12','44','11','White','Diesel','2016',NULL,'First Owner','Good','1985000','46000','Automatic',NULL,'Y','2019-12-25 12:04:56','2020-01-03 10:15:11'),(191,191,'UK070000','09/2017','3','36','1','5','18','White','Diesel','2017',NULL,'First Owner','Good','2410000','65000','Automatic',NULL,'Y','2019-12-25 12:07:39','2019-12-25 12:07:39'),(192,192,NULL,'07/2013','2','145','12','42','18','White','Diesel','2014',NULL,'Second Owner','Good','2350000','59000','Automatic',NULL,'Y','2019-12-26 10:45:15','2019-12-26 10:45:15'),(193,193,'MH101BT6766','08/2015','2','145','12','42','8','Black','Diesel','2015',NULL,NULL,'Good','2500000','58000','Automatic',NULL,'Y','2019-12-26 10:47:01','2019-12-26 10:47:01'),(194,194,'DL1CS8177','06/2014','2','20','1','2','2','Gray','Diesel','2014',NULL,'First Owner','Good','1700000','50000','Automatic',NULL,'Y','2019-12-26 10:50:16','2019-12-26 10:50:16'),(195,195,'UP16CT9999','03/2014','3','38','1','5','20','White','Diesel','2014',NULL,'First Owner','Good','2100000','18000','Automatic',NULL,'Y','2019-12-26 12:18:39','2019-12-26 12:18:39'),(196,196,'UK08AK8686','08/2016','3','101','3','15','8','White','Diesel','2017',NULL,'Second Owner','Good','4400000','51000','Automatic',NULL,'Y','2019-12-27 06:39:57','2019-12-27 06:39:57'),(197,197,'UK074BT3685','10/2016','3','','9','38','25','Blue','Diesel','2016',NULL,'First Owner','Good','380000','29000','Automatic',NULL,'Y','2019-12-27 06:44:17','2019-12-27 06:44:17'),(198,198,'UP23S5555','09/2015','3','39','1','5','18','White','Diesel','2015',NULL,'First Owner','Good','1750000','55000','Automatic',NULL,'Y','2019-12-27 06:46:30','2019-12-27 06:46:30'),(199,199,'HR510000','08/2014','3','48','1','6','27','White','Diesel','2015',NULL,'First Owner','Good','2000000','59000','Automatic',NULL,'Y','2019-12-27 06:49:04','2019-12-27 06:49:04'),(200,200,'DL1CQ8961','07/2014','3','36','1','5','8','White','Diesel','2014',NULL,'First Owner','Good','1632000','73000','Automatic',NULL,'Y','2019-12-27 06:51:15','2019-12-27 06:51:15'),(201,201,'UP140000','09/2013','2','12','1','1','1','White','Diesel','2013',NULL,'First Owner','Good','1400000','48000','Automatic',NULL,'Y','2019-12-27 10:35:10','2019-12-27 10:35:10'),(202,202,'DL2CAT3680','05/2014','2','18','1','2','13','Gray','Diesel','2014',NULL,'First Owner','Good','2200000','40000','Automatic',NULL,'Y','2019-12-27 10:37:01','2019-12-27 10:37:01'),(203,203,'DL00000','09/2014','2','15','1','1','8','White','Diesel','2014',NULL,'Second Owner','Good','2200000','41000','Automatic',NULL,'Y','2019-12-27 10:38:42','2019-12-27 10:38:42'),(204,204,'HR26000','09/2013','2','2','1','1','8','White','Diesel','2014',NULL,'First Owner','Good','1400000','65000','Automatic',NULL,'Y','2019-12-27 10:40:06','2019-12-27 10:40:06'),(205,205,'DD03AA0060','07/2013','2','63','3','11','3','White','Diesel','2013',NULL,'First Owner','Good','1620000','66000','Automatic',NULL,'Y','2019-12-28 09:52:49','2019-12-28 09:52:49'),(206,206,'HP73A2145','09/2014','3','108','3','17','454','Black','Diesel','2014',NULL,'First Owner','Good','2790000','40000','Automatic',NULL,'Y','2019-12-28 09:54:40','2020-01-03 10:15:11'),(207,207,'PB11AT0074','08/2015','2','64','3','11','5','White','Diesel','2015',NULL,'First Owner','Good','2150000','59000','Automatic',NULL,'Y','2019-12-28 09:58:19','2019-12-28 09:58:19'),(208,208,NULL,'09/2016','2','96','3','14','5','Black','Diesel','2016',NULL,'First Owner','Good','2500000','43000','Automatic',NULL,'Y','2019-12-28 09:59:54','2019-12-28 09:59:54'),(209,209,'PB10','03/2016','2','62','3','11','5','White','Diesel','2016',NULL,'First Owner','Good','2250000','28000','Automatic',NULL,'Y','2019-12-28 10:01:43','2019-12-28 10:01:43'),(210,210,'DL01C0000','09/2013','4','','3','82','8','Red','Diesel','2013',NULL,'First Owner','Good','13750000','70000','Automatic',NULL,'Y','2019-12-31 12:10:55','2019-12-31 12:10:55'),(211,211,'UP16BS2643','09/2018','2','8','1','1','2','Black','Diesel','2018','NA','First Owner','Good','2700000','10000','Automatic',NULL,'Y','2019-12-31 12:17:41','2019-12-31 12:17:41'),(212,212,'RJ450000','09/2017','3','166','12','43','3','Black','Diesel','2017',NULL,'First Owner','Good','4500000','40000','Automatic',NULL,'Y','2019-12-31 12:20:15','2019-12-31 12:20:15'),(213,213,'RJ140000','07/2015','2','171','12','44','3','White','Diesel','2015',NULL,'First Owner','Good','1750000','59000','Automatic',NULL,'Y','2019-12-31 12:22:22','2019-12-31 12:22:22'),(214,214,NULL,'05/2015','3','41','1','5','3','Gray','Diesel','2015',NULL,'First Owner','Good','2600000','55000','Automatic',NULL,'Y','2019-12-31 12:23:45','2019-12-31 12:23:45'),(215,215,NULL,'05/2014','3','209','12','48','3','White','Diesel','2014',NULL,'Second Owner','Good','3200000','54000','Automatic',NULL,'Y','2019-12-31 12:25:10','2019-12-31 12:25:10'),(216,216,'RJ14','08/2015','3','163','12','43','3','White','Diesel','2014',NULL,'Second Owner','Good','2100000','90000','Automatic',NULL,'Y','2019-12-31 12:27:02','2019-12-31 12:27:02'),(217,217,'HR05AK9500','05/2013','2','2','1','1','23','White','Diesel','2014',NULL,'Second Owner','Good','1300000','70000','Automatic',NULL,'Y','2020-01-02 10:10:48','2020-01-02 10:10:48'),(218,218,'UP15CD7308','10/2017','2','7','1','1','25','Black','Diesel','2017',NULL,'First Owner','Good','1500000','20000','Automatic',NULL,'Y','2020-01-02 10:34:09','2020-01-02 10:34:09'),(219,219,'MO09','09/2014','2','63','3','11','10','White','Diesel','2014',NULL,'First Owner','Good','1900000','57000','Automatic',NULL,'Y','2020-01-03 12:32:26','2020-01-03 12:32:26'),(220,220,'MP090000','09/2014','3','37','1','5','10','White','Diesel','2014',NULL,'First Owner','Good','1400000','60500','Automatic',NULL,'Y','2020-01-04 06:38:02','2020-01-04 06:38:02'),(221,221,'DL0000','10/2014','2','62','3','11','2','Blue','Diesel','2014',NULL,'Second Owner','Good','1800000','47000','Automatic',NULL,'Y','2020-01-06 12:40:46','2020-01-06 12:40:46'),(222,222,'CH0000','10/2014','2','175','12','44','17','Silver','Diesel','2014',NULL,'Second Owner','Good','2100000','90000','Automatic',NULL,'Y','2020-01-06 12:44:07','2020-01-06 12:44:07'),(223,223,'DL0000','0/0','2','79','3','12','13','Blue','Diesel','0',NULL,'Second Owner','Good','3000000','33000','Automatic',NULL,'Y','2020-01-06 12:46:13','2020-01-06 12:46:13'),(224,224,'UK074444','11/2014','3','','9','34','18','White','Diesel','2014',NULL,'First Owner','Good','2900000','33000','Automatic',NULL,'Y','2020-01-06 12:49:18','2020-01-06 12:49:18'),(225,225,'HR51BV0011','08/2018','3','140','9','36','2','White','Diesel','2018',NULL,'First Owner','Good','4250000','27000','Automatic',NULL,'Y','2020-01-06 12:51:03','2020-01-06 12:51:03'),(226,226,'HR260000','12/2013','3','36','1','5','8','White','Diesel','2013','110001','First Owner','Good','1200000','45000','Automatic',NULL,'Y','2020-01-15 05:01:04','2020-01-15 05:01:04'),(227,227,'DL0000','10/2016','2','4','1','1','27','Red','Diesel','2017',NULL,'First Owner','Good','2800000','20000','Automatic',NULL,'Y','2020-01-15 09:42:43','2020-01-15 09:42:43'),(228,228,'CH01BH1115','04/2016','2','79','3','12','2','Blue','Diesel','2016',NULL,'Second Owner','Good','2800000','40000','Automatic',NULL,'Y','2020-01-15 09:53:32','2020-01-15 09:53:32'),(229,229,'UP13AN0061','11/2015','3','36','1','5','116','White','Diesel','2015',NULL,'First Owner','Good','1800000','65000','Automatic',NULL,'Y','2020-01-15 10:19:56','2020-01-15 10:19:56'),(230,230,'CH01BR0690','03/2013','2','','8','28','17','Silver','Diesel','2013',NULL,NULL,'Good','2785000','21800','Automatic',NULL,'Y','2020-01-15 10:21:44','2020-01-15 10:21:44'),(231,231,'PB100000','04/2016','8','56','1','7','17','White','Diesel','2016',NULL,'First Owner','Good','1900000','10000','Automatic',NULL,'Y','2020-01-15 10:23:55','2020-01-15 10:23:55'),(232,232,'PB10000','08/2018','3','130','8','30','17','White','Diesel','2018',NULL,'First Owner','Good','5500000','21000','Automatic',NULL,'Y','2020-01-15 10:25:54','2020-01-15 10:25:54'),(233,233,'UK070000','04/2013','2','175','12','44','18','Black','Diesel','2013',NULL,'First Owner','Good','1550000','36700','Automatic',NULL,'Y','2020-01-15 11:44:05','2020-01-15 11:44:05'),(234,234,'CH01BN0034','08/2017','2','145','12','42','17','Silver','Diesel','2017',NULL,'First Owner','Good','3550000','38000','Automatic',NULL,'Y','2020-01-15 11:46:12','2020-01-15 11:46:12'),(235,235,'DL0000','09/2016','3','162','12','43','633','Red','Diesel','2016',NULL,'First Owner','Good','2600000','40000','Automatic',NULL,'Y','2020-01-15 11:49:47','2020-01-15 11:49:47'),(236,236,'UP650000','06/2013','2','79','3','12','223','White','Diesel','2013',NULL,'Second Owner','Good','2000000','42000','Automatic',NULL,'Y','2020-01-15 11:59:55','2020-01-15 11:59:55'),(237,237,'UP32JF2715','09/2017','8','205','12','47','584','White','Diesel','2017',NULL,'First Owner','Good','2500000','14500','Automatic',NULL,'Y','2020-01-17 11:59:03','2020-01-17 11:59:03'),(238,238,'HR26CP7247','05/2015','2','120','3','20','3','Brown','Diesel','2015',NULL,'Second Owner','Good','2000000','70000','Automatic',NULL,'Y','2020-01-18 07:39:34','2020-01-18 07:39:34'),(239,239,'HR26','07/2015','2','75','3','12','3','Brown','Diesel','2015',NULL,'Second Owner','Good','2500000','60000','Automatic',NULL,'Y','2020-01-18 07:41:59','2020-01-18 07:41:59'),(240,240,'DL6CM6320','05/2013','3','209','12','48','2','Gray','Diesel','2014',NULL,'Second Owner','Good','2875000','67572','Automatic',NULL,'Y','2020-01-21 11:43:09','2020-01-21 11:43:09'),(241,241,'DL0000','06/2014','2','154','12','42','8','White','Petrol','2014',NULL,'First Owner','Good','1700000','25000','Automatic',NULL,'Y','2020-01-21 11:46:02','2020-01-21 11:46:02'),(242,242,'DL00000','08/2016','2','147','12','42','8','Silver','Diesel','2017',NULL,'First Owner','Good','2975000','11400','Automatic',NULL,'Y','2020-01-21 12:00:20','2020-01-21 12:00:20'),(243,243,'HR26DP5012','05/2018','3','113','3','19','2','Blue','Diesel','2018',NULL,'First Owner','Good','2700000','12000','Automatic',NULL,'Y','2020-01-21 12:04:55','2020-01-21 12:04:55'),(244,244,'HR26','06/2016','3','','12','52','2','Black','Petrol','2017',NULL,'First Owner','Good','3950000','3000','Automatic',NULL,'Y','2020-01-21 12:06:27','2020-01-21 12:06:27'),(245,245,'HR26CN3442','06/2015','2','','8','28','2','Black','Diesel','2015','122001','Second Owner','Good','1892000','47578','Automatic',NULL,'Y','2020-02-06 04:43:36','2020-02-06 04:43:36'),(246,246,'DL8C','08/2014','2','120','3','20','1','Gray','Diesel','2015','110001','First Owner','Good','2575000','54377','Automatic',NULL,'Y','2020-02-06 04:57:18','2020-02-06 04:57:18'),(247,247,'unreg','04/2019','3','','12','52','5','White','Diesel','2020',NULL,'First Owner','Good','4950000','700','Automatic',NULL,'Y','2020-02-06 05:00:56','2020-02-06 05:00:56'),(248,248,'hr26','04/2016','2','63','3','11','2','Blue','Diesel','2016',NULL,'First Owner','Good','1850000','33000','Automatic',NULL,'Y','2020-02-06 05:03:32','2020-02-06 05:03:32'),(249,249,'ML10C2111','06/2012','3','206','12','48','1','Black','Diesel','2012',NULL,'Second Owner','Good','1300000','87000','Automatic',NULL,'Y','2020-02-06 05:06:26','2020-02-06 05:06:26'),(250,250,'UK07BR0166','07/2016','2','171','12','44','18','White','Diesel','2016',NULL,'First Owner','Good','3500000','17000','Automatic',NULL,'Y','2020-02-06 05:08:42','2020-02-06 05:08:42'),(251,251,'HR26','07/2016','3','36','1','5','2','White','Diesel','2016',NULL,'Second Owner','Good','1950000','58000','Automatic',NULL,'Y','2020-02-06 05:31:08','2020-02-06 05:31:08'),(252,252,'UP15','09/2018','3','113','3','19','586','Black','Diesel','2018',NULL,'First Owner','Good','3000000','26000','Automatic',NULL,'Y','2020-02-06 05:34:28','2020-02-06 05:34:28'),(253,253,'HR51BV0011','11/2018','3','140','9','36','2','White','Diesel','2018',NULL,'First Owner','Good','4250000','33000','Automatic',NULL,'Y','2020-02-06 05:36:40','2020-02-06 05:36:40'),(254,254,'UP23','08/2016','3','115','3','19','1','White','Diesel','2016',NULL,'First Owner','Good','2300000','45000','Automatic',NULL,'Y','2020-02-06 05:38:37','2020-02-06 05:38:37'),(255,255,'DL6C','05/2013','2','','8','28','1','Silver','Diesel','2013',NULL,'Third Owner','Good','1050000','21611','Automatic',NULL,'Y','2020-02-06 05:40:58','2020-02-06 05:40:58'),(256,256,'HR','05/2015','3','','12','45','1','Black','Diesel','2015',NULL,'First Owner','Good','4000000','47000','Automatic',NULL,'Y','2020-02-06 05:43:30','2020-02-06 05:43:30'),(257,257,'HR05','11/2013','3','226','16','62','2','White','Diesel','2013',NULL,'First Owner','Good','2892000','72294','Automatic',NULL,'Y','2020-02-06 05:45:35','2020-02-06 05:45:35'),(258,258,'DL','08/2013','2','244','20','72','2','White','Diesel','2013',NULL,'Second Owner','Good','1050000','88452','Automatic',NULL,'Y','2020-02-06 05:49:05','2020-02-06 05:49:05'),(259,259,'DL','05/0','3','','12','45','1','Silver','Diesel','0',NULL,'First Owner','Good','3600000','60000','Automatic',NULL,'Y','2020-02-06 05:51:18','2020-02-06 05:51:18'),(260,260,'HR26','07/2017','3','36','1','5','2','Black','Diesel','2017',NULL,'First Owner','Good','2650000','31000','Automatic',NULL,'Y','2020-02-06 05:53:17','2020-02-06 05:53:17'),(261,261,'PB08','09/2017','2','1','1','1','5','Blue','Diesel','2017',NULL,'First Owner','Good','3500000','8000','Automatic',NULL,'Y','2020-02-06 05:56:10','2020-02-06 05:56:10'),(262,262,'CH01BP5333','08/2017','3','36','1','5','17','White','Diesel','2017',NULL,'First Owner','Good','3000000','30000','Automatic',NULL,'Y','2020-02-06 05:58:11','2020-02-06 05:58:11'),(263,263,'CH','06/2017','2','1','1','1','17','White','Diesel','2017',NULL,'First Owner','Good','2900000','25000','Automatic',NULL,'Y','2020-02-06 06:00:56','2020-02-06 06:00:56'),(264,264,'HR29','09/2013','3','34','1','3','1','White','Diesel','2014',NULL,'First Owner','Good','1495000','54643','Automatic',NULL,'Y','2020-02-06 06:04:36','2020-02-06 06:04:36'),(265,265,'UP13AN0061','07/2015','3','36','1','5','586','White','Diesel','2015',NULL,'First Owner','Good','1700000','65000','Automatic',NULL,'Y','2020-02-06 06:08:07','2020-02-06 06:08:07'),(266,266,'HR26','08/2015','2','5','1','1','1','White','Diesel','2016',NULL,'First Owner','Good','1500000','60257','Automatic',NULL,'Y','2020-02-06 06:25:40','2020-02-06 06:25:40'),(267,267,'HR51BV0011','06/2014','2','181','12','44','1','Blue','Diesel','2015',NULL,'First Owner','Good','2000000','25672','Automatic',NULL,'Y','2020-02-06 06:28:07','2020-02-06 06:28:07'),(268,268,'PB65','09/2016','2','62','3','11','2','White','Diesel','2017',NULL,'First Owner','Good','1900000','32800','Automatic',NULL,'Y','2020-02-06 06:31:32','2020-02-06 06:31:32'),(269,269,'DL','05/2016','3','217','12','49','1','Gray','Diesel','2017',NULL,'First Owner','Good','3620000','25702','Automatic',NULL,'Y','2020-02-07 09:17:25','2020-02-07 09:17:25'),(270,270,'CH01','08/2013','3','46','1','6','2','Blue','Diesel','2013',NULL,'Second Owner','Good','1400000','55227','Automatic',NULL,'Y','2020-02-07 09:20:32','2020-02-07 09:20:32'),(271,271,'UL07','08/2014','3','36','1','5','18','White','Diesel','2015',NULL,'First Owner','Good','1800000','100000','Automatic',NULL,'Y','2020-02-07 09:22:46','2020-02-07 09:22:46'),(272,272,'DL8CZ5852','0/0','3','37','1','5','18','Silver','Diesel','0',NULL,'Second Owner','Good','2000000','26000','Automatic',NULL,'Y','2020-02-07 09:25:41','2020-02-07 09:25:41'),(273,273,'UK07BE5315','07/2014','2','18','1','2','18','Gray','Diesel','2014',NULL,'First Owner','Good','2700000','9100','Automatic',NULL,'Y','2020-02-07 09:27:48','2020-02-07 09:27:48'),(274,274,'CH01BA1707','03/2014','2','1','1','1','4','White','Diesel','2014',NULL,'First Owner','Good','1575000','44000','Automatic',NULL,'Y','2020-02-07 09:29:33','2020-02-07 09:29:33'),(275,275,'HR26CA0088','07/2015','3','41','1','5','13','Silver','Diesel','2015',NULL,'Second Owner','Good','1900000','48000','Automatic',NULL,'Y','2020-02-07 09:32:02','2020-02-07 09:32:02'),(276,276,'DL1CP','07/2012','2','62','3','11','1','Gray','Diesel','2013',NULL,'First Owner','Good','1400000','70000','Automatic',NULL,'Y','2020-02-07 09:33:54','2020-02-07 09:33:54'),(277,277,'KA04MT1300','10/2017','2','','20','75','255','Blue','Diesel','2017',NULL,'First Owner','Good','4300000','170000','Automatic',NULL,'Y','2020-02-07 09:39:14','2020-02-07 09:39:14'),(278,278,'DL','09/2016','2','145','12','42','1','Silver','Diesel','2017',NULL,'First Owner','Good','2950000','11400','Automatic',NULL,'Y','2020-02-07 09:42:59','2020-02-07 09:42:59'),(279,279,'UP16','07/2013','2','20','1','2','13','Black','Diesel','2013',NULL,'First Owner','Good','1800000','37000','Automatic',NULL,'Y','2020-02-07 09:45:23','2020-02-07 09:45:23'),(280,280,'UK17F6000','09/2016','3','36','1','5','1','White','Diesel','2017',NULL,'Second Owner','Good','2300000','55000','Automatic',NULL,'Y','2020-02-07 09:47:19','2020-02-07 09:47:19'),(281,281,'HR26','08/2015','2','2','1','1','2','Black','Diesel','2015',NULL,'First Owner','Good','1700000','5135','Automatic',NULL,'Y','2020-02-07 09:49:03','2020-02-07 09:49:03'),(282,282,'DL','08/2013','2','22','1','2','2','White','Diesel','2013',NULL,'Second Owner','Good','1661000','65095','Automatic',NULL,'Y','2020-02-07 09:51:59','2020-02-07 09:51:59'),(283,283,'HR26','03/2015','2','12','1','1','2','White','Diesel','2016',NULL,'First Owner','Good','1761000','17010','Automatic',NULL,'Y','2020-02-07 09:55:59','2020-02-07 09:55:59'),(284,284,'HR51','09/2015','3','108','3','17','2','Black','Diesel','2015',NULL,'First Owner','Good','1400000','98916','Automatic',NULL,'Y','2020-02-07 09:58:06','2020-02-07 09:58:06'),(285,285,'DL','0/0','3','46','1','6','1','White','Diesel','0',NULL,'First Owner','Good','2211000','60872','Automatic',NULL,'Y','2020-02-07 10:00:01','2020-02-07 10:00:01'),(286,286,'RJ01','07/2018','3','217','12','49','2','Blue','Diesel','2019',NULL,'First Owner','Good','4257000','17513','Automatic',NULL,'Y','2020-02-07 10:02:49','2020-02-07 10:02:49'),(287,287,'UK07','07/2013','2','7','1','1','1','Red','Diesel','2014',NULL,'Second Owner','Good','900000','68949','Automatic',NULL,'Y','2020-02-07 10:05:10','2020-02-07 10:05:10'),(288,288,'HR26','07/2015','2','1','1','1','1','White','Diesel','2016',NULL,'First Owner','Good','1435000','60257','Automatic',NULL,'Y','2020-02-07 10:07:39','2020-02-07 10:07:39'),(289,289,'DL','07/2014','2','1','1','1','2','White','Petrol','2015',NULL,'First Owner','Good','1000000','79499','Automatic',NULL,'Y','2020-02-07 10:09:29','2020-02-07 10:09:29'),(290,290,NULL,'05/2014','2','195','12','46','1','Gray','Petrol','2014',NULL,'Second Owner','Good','3500000','7700','Automatic',NULL,'Y','2020-02-07 10:11:41','2020-02-07 10:11:41'),(291,291,'HR51','06/2016','3','','9','34','27','Blue','Diesel','2016',NULL,'First Owner','Good','3500000','22000','Automatic',NULL,'Y','2020-02-07 10:13:34','2020-02-07 10:13:34'),(292,292,NULL,'10/2017','2','1','1','1','3','White','Diesel','2017',NULL,'First Owner','Good','2900000','35000','Automatic',NULL,'Y','2020-02-07 10:15:10','2020-02-07 10:15:10'),(293,293,'CH01BU2100','09/2014','2','75','3','12','5','Black','Diesel','2014',NULL,'Second Owner','Good','2150000','85000','Automatic',NULL,'Y','2020-02-07 10:16:57','2020-02-07 10:16:57'),(294,294,'RJ45','06/2018','2','145','12','42','3','Blue','Diesel','2018',NULL,'First Owner','Good','5200000','19000','Automatic',NULL,'Y','2020-02-12 06:09:31','2020-02-12 06:09:31'),(295,295,'HR26','09/2013','2','62','3','11','8','White','Diesel','2013',NULL,'First Owner','Good','738000','94572','Automatic',NULL,'Y','2020-02-12 06:12:23','2020-02-12 06:12:23'),(296,296,'up16','09/2016','2','21','1','2','569','Blue','Diesel','2016',NULL,'First Owner','Good','3200000','22000','Automatic',NULL,'Y','2020-02-13 05:38:41','2020-02-13 05:38:41'),(297,297,'DL6CM5135','05/2013','9','','12','85','1','White','Diesel','0',NULL,'First Owner','Good','950000','54000','Automatic',NULL,'Y','2020-02-13 05:50:00','2020-02-13 05:50:00'),(298,298,'UK07','0/0','3','217','12','49','8','Black','Diesel','0',NULL,'First Owner','Good','4200000','21295','Automatic',NULL,'Y','2020-02-13 05:51:58','2020-02-13 05:51:58'),(299,299,'HR51','05/2015','2','244','20','72','2','White','Diesel','2015',NULL,'First Owner','Good','1250000','62397','Automatic',NULL,'Y','2020-02-13 05:54:02','2020-02-13 05:54:02'),(300,300,NULL,'05/2018','2','1','1','1','2','White','Petrol','2018',NULL,'First Owner','Good','2322000','9224','Automatic',NULL,'Y','2020-02-13 05:56:14','2020-02-13 05:56:14'),(301,301,'DL','07/2014','3','48','1','6','2','White','Diesel','2014',NULL,'First Owner','Good','1925000','97964','Automatic',NULL,'Y','2020-02-13 05:58:03','2020-02-13 05:58:03'),(302,302,'DL','09/2013','3','36','1','5','2','White','Diesel','2014',NULL,'First Owner','Good','1391000','25694','Automatic',NULL,'Y','2020-02-13 05:59:45','2020-02-13 05:59:45'),(303,303,'TEMP99','08/2018','2','154','12','42','1','Blue','Petrol','2018',NULL,'First Owner','Good','4850000','4000','Automatic',NULL,'Y','2020-02-13 06:03:57','2020-02-13 06:03:57'),(304,304,'DL8C','07/2013','2','18','1','2','2','Gray','Diesel','2013',NULL,'Second Owner','Good','1150000','65104','Automatic',NULL,'Y','2020-02-13 06:13:16','2020-02-13 06:13:16'),(305,305,'UNREG','09/2020','2','154','12','42','1','Blue','Petrol','0',NULL,'First Owner','Good','5500000','10','Automatic',NULL,'Y','2020-02-13 06:15:27','2020-02-13 06:15:27'),(306,306,'DL1CAA6422','09/2018','2','144','12','42','1','Blue','Diesel','2019',NULL,'First Owner','Good','6500000','1300','Automatic',NULL,'Y','2020-02-13 06:19:17','2020-02-13 06:19:17'),(307,307,'DL','11/2011','2','62','3','11','2','Black','Diesel','2011',NULL,'First Owner','Good','384000','62959','Automatic',NULL,'Y','2020-02-13 06:21:01','2020-02-13 06:21:01'),(308,308,NULL,'07/2013','3','115','3','19','2','Black','Diesel','2013',NULL,'Second Owner','Good','1000000','67896','Automatic',NULL,'Y','2020-02-13 06:23:13','2020-02-13 06:23:13'),(309,309,'HR26','05/2014','2','25','1','2','2','White','Diesel','2015',NULL,'Second Owner','Good','1500000','67636','Automatic',NULL,'Y','2020-02-13 06:25:36','2020-02-13 06:25:36'),(310,310,'PB11','05/2013','3','38','1','5','2','White','Diesel','2014',NULL,'Second Owner','Good','1100000','99810','Automatic',NULL,'Y','2020-02-13 06:33:32','2020-02-13 06:33:32'),(311,311,'PB10','03/2018','3','100','3','15','5','White','Diesel','2018',NULL,'First Owner','Good','5500000','25000','Automatic',NULL,'Y','2020-02-13 06:54:04','2020-02-13 06:54:04'),(312,312,'PB10','07/2013','3','115','3','19','5','White','Diesel','2013',NULL,'First Owner','Good','1425000','60000','Automatic',NULL,'Y','2020-02-13 06:55:56','2020-02-13 06:55:56'),(313,313,'DL1C','06/2013','3','36','1','5','2','White','Diesel','2013',NULL,'First Owner','Good','1200000','44595','Automatic',NULL,'Y','2020-02-13 06:58:01','2020-02-13 06:58:01'),(314,314,'DL12VN8094','06/2018','3','38','1','5','1','White','Petrol','2018',NULL,'First Owner','Good','2000000','13000','Automatic',NULL,'Y','2020-02-13 07:00:12','2020-02-13 07:00:12'),(315,315,'CH','04/2014','3','106','3','17','17','White','Diesel','2015',NULL,'First Owner','Good','2175000','68000','Automatic',NULL,'Y','2020-02-13 07:35:21','2020-02-13 07:35:21'),(316,316,'HR26','07/2012','2','120','3','20','2','White','Diesel','2012',NULL,'Second Owner','Good','3500000','80000','Automatic',NULL,'Y','2020-02-13 07:40:12','2020-02-13 07:40:12'),(317,317,'CH','09/2015','2','62','3','11','2','White','Diesel','2015',NULL,'Second Owner','Good','2000000','48870','Automatic',NULL,'Y','2020-02-13 07:42:08','2020-02-13 07:42:08'),(318,318,'UP15','0/0','3','34','1','3','2','Black','Diesel','0',NULL,'First Owner','Good','1700000','59227','Automatic',NULL,'Y','2020-02-13 07:44:59','2020-02-13 07:44:59'),(319,319,'RJ14','09/2016','3','36','1','5','2','White','Diesel','2016',NULL,'First Owner','Good','1600000','90543','Automatic',NULL,'Y','2020-02-13 07:46:49','2020-02-13 07:46:49'),(320,320,'CH','04/2018','3','36','1','5','17','Black','Diesel','2018',NULL,'First Owner','Good','2600000','9000','Automatic',NULL,'Y','2020-02-13 07:48:42','2020-02-13 07:48:42'),(321,321,'HR26','08/2015','2','120','3','20','17','Brown','Diesel','2015',NULL,'First Owner','Good','4000000','75000','Automatic',NULL,'Y','2020-02-13 07:53:22','2020-02-13 07:53:22'),(322,322,'PB10','08/2017','3','109','3','17','5','White','Diesel','2017',NULL,'Second Owner','Good','3250000','42000','Automatic',NULL,'Y','2020-02-13 10:02:37','2020-02-13 10:02:37'),(323,323,'CH1AR8075','07/2013','3','','9','34','5','Blue','Diesel','2013',NULL,'First Owner','Good','2500000','42000','Automatic',NULL,'Y','2020-02-13 10:07:13','2020-02-13 10:07:13'),(324,324,'UK07','06/2017','3','113','3','19','18','White','Diesel','2017',NULL,'First Owner','Good','2900000','26000','Automatic',NULL,'Y','2020-02-13 10:10:02','2020-02-13 10:10:02'),(325,325,'CH','05/2012','3','32','1','3','5','White','Diesel','2013',NULL,'Second Owner','Good','2300000','80000','Automatic',NULL,'Y','2020-02-13 10:13:43','2020-02-13 10:13:43'),(326,326,'CH01','2/2012',NULL,NULL,'1','1','5','WHITE','Diesel',NULL,NULL,'First Owner',NULL,'1500000','79000',NULL,NULL,'Y','2020-02-21 10:29:19','2020-02-21 13:07:01'),(327,327,'CH01AR3642','2/2012',NULL,NULL,'1','2','17','SILVER','Diesel',NULL,NULL,'First Owner',NULL,'1700000','72000',NULL,NULL,'Y','2020-02-21 10:29:19','2020-02-21 13:07:01'),(328,328,'HR06','2/2013',NULL,NULL,'1','5','23','WHITE','Diesel',NULL,NULL,'First Owner',NULL,'1500000','120120',NULL,NULL,'Y','2020-02-21 10:29:19','2020-02-21 13:07:02'),(329,329,'PB10','2/2014',NULL,NULL,'1','6','23','WHITE','Diesel',NULL,NULL,'First Owner',NULL,'3600000','46000',NULL,NULL,'Y','2020-02-21 10:29:19','2020-02-21 13:07:02'),(330,330,'HP','2/2018',NULL,NULL,'1','6','17','BLACK','Diesel',NULL,NULL,'First Owner',NULL,'6400000','28000',NULL,NULL,'Y','2020-02-21 10:29:19','2020-02-21 13:07:02'),(331,331,'HR70R0013','2/2015',NULL,NULL,'3','11','17','BLACK','Diesel',NULL,NULL,'First Owner',NULL,'1900000','90000',NULL,NULL,'Y','2020-02-21 10:29:19','2020-02-21 13:07:02'),(332,332,'PB10','2/2016',NULL,NULL,'3','11','23','WHITE','Diesel',NULL,NULL,'First Owner',NULL,'2900000','38000',NULL,NULL,'Y','2020-02-21 10:29:19','2020-02-21 13:07:03'),(333,333,'DL8CP5100','2/2009',NULL,NULL,'3','12','23','WHITE','Diesel',NULL,NULL,'First Owner',NULL,'900000','85000',NULL,NULL,'Y','2020-02-21 10:29:19','2020-02-21 13:07:03'),(334,334,'UK06AB0577','2/2013',NULL,NULL,'3','12','18','BLACK','Diesel',NULL,NULL,'First Owner',NULL,'1800000','60000',NULL,NULL,'Y','2020-02-21 10:29:19','2020-02-21 13:07:03'),(335,335,'UP16BP9595','2/2017',NULL,NULL,'3','12','8','WHITE','Diesel',NULL,NULL,'First Owner',NULL,'4100000','29000',NULL,NULL,'Y','2020-02-21 10:29:19','2020-02-21 13:07:04'),(336,336,'UP32JJ2225','2/2017',NULL,NULL,'3','17','1','WHITE','Diesel',NULL,NULL,'First Owner',NULL,'3400000','25000',NULL,NULL,'Y','2020-02-21 10:29:19','2020-02-21 13:07:04'),(337,337,'UP16','2/2017',NULL,NULL,'8','30','1','WHITE','Diesel',NULL,NULL,'Second Owner',NULL,'4600000','32432',NULL,NULL,'Y','2020-02-21 10:29:19','2020-02-21 13:07:04'),(338,338,'UK07H 0011','2/2017',NULL,NULL,'9','36','18','WHITE','Diesel',NULL,NULL,'First Owner',NULL,'3800000','26000',NULL,NULL,'Y','2020-02-21 10:29:19','2020-02-21 13:07:05'),(339,339,'DL1CV1461','2/2016',NULL,NULL,'9','36','1','BLUE','Petrol',NULL,NULL,'First Owner',NULL,'3200000','52000',NULL,NULL,'Y','2020-02-21 10:29:19','2020-02-21 13:07:05'),(340,340,'HR70DO530','2/2011',NULL,NULL,'9','37','23','SILVER','Diesel',NULL,NULL,'Third More Owners',NULL,'1250000','120000',NULL,NULL,'Y','2020-02-21 10:29:19','2020-02-21 13:07:06'),(341,341,'HR26DQ6168','2/2018',NULL,NULL,'9','34','1','WHITE','Diesel',NULL,NULL,'First Owner',NULL,'4100000','26000',NULL,NULL,'Y','2020-02-21 10:29:19','2020-02-21 13:07:06'),(342,342,'UK07BV0009','2/2016',NULL,NULL,'9','34','18','WHITE','Diesel',NULL,NULL,'First Owner',NULL,'2900000','112000',NULL,NULL,'Y','2020-02-21 10:29:19','2020-02-21 13:07:06'),(343,343,'DL6CM6179','2/2013',NULL,NULL,'12','53','23','WHITE','Petrol',NULL,NULL,'First Owner',NULL,'1300000','14000',NULL,NULL,'Y','2020-02-21 10:29:19','2020-02-21 13:07:07'),(344,344,'UP32JF2715','2/2017',NULL,NULL,'12','47','23','WHITE','Diesel',NULL,NULL,'First Owner',NULL,'2700000','15000',NULL,NULL,'Y','2020-02-21 10:29:19','2020-02-21 13:07:07'),(345,345,'RJ45CF 1333','2/2017',NULL,NULL,'12','47','3','SILVER','Diesel',NULL,NULL,'First Owner',NULL,'2700000','34000',NULL,NULL,'Y','2020-02-21 10:29:19','2020-02-21 13:07:07'),(346,346,'HP07D5152','2/2016',NULL,NULL,'12','47','17','RED','Diesel',NULL,NULL,'First Owner',NULL,'2500000','21000',NULL,NULL,'Y','2020-02-21 10:29:19','2020-02-21 13:07:07'),(347,347,'RJ14CW0990','2/2013',NULL,NULL,'12','42','23','BROWN','Diesel',NULL,NULL,'First Owner',NULL,'2000000','60000',NULL,NULL,'Y','2020-02-21 10:29:19','2020-02-21 13:07:07'),(348,348,'RJ14AC0101','2/2015',NULL,NULL,'12','42','3','WHITE','Diesel',NULL,NULL,'First Owner',NULL,'2700000','18000',NULL,NULL,'Y','2020-02-21 10:29:19','2020-02-21 13:07:08'),(349,349,'DL2CAT6450','2/2014',NULL,NULL,'12','42','23','BROWN','Diesel',NULL,NULL,'First Owner',NULL,'2700000','32000',NULL,NULL,'Y','2020-02-21 10:29:19','2020-02-21 13:07:08'),(350,350,'HR27H0019','2/2017',NULL,NULL,'12','43','17','WHITE','',NULL,NULL,'First Owner',NULL,'2500000','38000',NULL,NULL,'Y','2020-02-21 10:29:19','2020-02-21 13:07:08'),(351,351,'PB65AS4766','2/2017',NULL,NULL,'12','43','5','WHITE','Diesel',NULL,NULL,'First Owner',NULL,'2800000','16000',NULL,NULL,'Y','2020-02-21 10:29:19','2020-02-21 13:07:08'),(352,352,'UK04','2/2018',NULL,NULL,'12','52','8','WHITE','Diesel',NULL,NULL,'First Owner',NULL,'4300000','24000',NULL,NULL,'Y','2020-02-21 10:29:19','2020-02-21 13:07:08'),(353,353,'DL1CV5005','2/2016',NULL,NULL,'12','49','1','BROWN','Diesel',NULL,NULL,'First Owner',NULL,'4100000','56000',NULL,NULL,'Y','2020-02-21 10:29:19','2020-02-21 13:07:08'),(354,354,'HR','2/2013',NULL,NULL,'12','46','23','WHITE','Diesel',NULL,NULL,'Second Owner',NULL,'3500000','70000',NULL,NULL,'Y','2020-02-21 10:29:19','2020-02-21 13:07:09'),(355,355,'HR','2/2007',NULL,NULL,'12','46','18','WHITE','Diesel',NULL,NULL,'First Owner',NULL,'1500000','90000',NULL,NULL,'Y','2020-02-21 10:29:19','2020-02-21 13:07:09'),(356,356,'HR05AZ0099','2/2017',NULL,NULL,'20','77','8','BROWN','Diesel',NULL,NULL,'First Owner',NULL,'4500000','27000',NULL,NULL,'Y','2020-02-21 10:29:19','2020-02-21 13:07:09'),(357,357,'MP09WB1786','2/2019',NULL,NULL,'20','73','23','WHITE','Diesel',NULL,NULL,'First Owner',NULL,'6400000','18000',NULL,NULL,'Y','2020-02-21 10:29:19','2020-02-21 13:07:09'),(389,358,'JH','08/2017','3','100','3','15','2','Blue','Diesel','2018',NULL,'First Owner','Good','4500000','30000','Automatic',NULL,'Y','2020-02-21 11:27:17','2020-02-21 11:27:17'),(390,359,'hr26','06/2015','3','','20','74','2','Black','Diesel','2015',NULL,'Second Owner','Good','1200000','35501','Automatic',NULL,'Y','2020-02-22 07:43:59','2020-02-22 07:43:59'),(391,360,'pb02','07/2017','2','3','1','1','2','Black','Diesel','2017',NULL,'First Owner','Good','2300000','48457','Automatic',NULL,'Y','2020-02-22 07:46:20','2020-02-22 07:46:20'),(392,361,'DL','08/2016','8','202','12','47','2','Silver','Petrol','2016',NULL,'First Owner','Good','2000000','11389','Automatic',NULL,'Y','2020-02-22 07:50:44','2020-02-22 07:50:44'),(393,362,'CH01','09/2015','2','62','3','11','2','Black','Diesel','2015',NULL,'First Owner','Good','1600000','42609','Automatic',NULL,'Y','2020-02-22 07:52:56','2020-02-22 07:52:56'),(394,363,'UP14','04/2014','2','18','1','2','2','White','Diesel','2014',NULL,'First Owner','Good','1600000','11701','Automatic',NULL,'Y','2020-02-22 07:55:13','2020-02-22 07:55:13'),(395,364,'UK07','03/2015','2','17','1','1','2','White','Diesel','2016',NULL,'Second Owner','Good','1400000','64646','Automatic',NULL,'Y','2020-02-22 08:00:00','2020-02-22 08:00:00'),(396,365,'DL','0/2016','2','62','3','11','2','Black','Diesel','2016',NULL,'First Owner','Good','1900000','12816','Automatic',NULL,'Y','2020-02-22 09:12:33','2020-02-22 09:12:33'),(397,366,'DL','03/2013','4','','3','82','2','Red','Diesel','2013',NULL,'First Owner','Good','1050000','70000','Automatic',NULL,'Y','2020-02-22 09:15:30','2020-02-22 09:15:30'),(398,367,'HR','0/2017','2','63','3','11','2','White','Diesel','2017','122001','First Owner','Good','3050000','5500','Automatic',NULL,'Y','2020-02-22 09:21:16','2020-02-22 09:21:16'),(399,368,'CH','0/0','2','63','3','11','5','Brown','Diesel','2013',NULL,NULL,'Good','1500000','47000','Automatic',NULL,'Y','2020-02-22 09:25:49','2020-02-22 09:25:49'),(400,369,'DL','0/2014','9','93','3','13','455','White','Diesel','2014',NULL,'First Owner','Good','1285000','53000','Automatic',NULL,'Y','2020-02-22 09:31:18','2020-02-22 09:31:18'),(401,370,'UP','0/2016','3','108','3','17','2','Black','Diesel','2016','122001','First Owner','Good','2150000','50431','Automatic',NULL,'Y','2020-02-22 09:35:39','2020-02-22 09:35:39'),(402,371,'UP','0/2015','2','22','1','2','2','White','Diesel','2015','122001','Second Owner','Good','1700000','39918','Automatic',NULL,'Y','2020-02-22 09:40:23','2020-02-22 09:40:23'),(403,372,NULL,'0/2013','1','222','13','56','8','Red','Diesel','2013',NULL,'First Owner','Good','1700000','1428','Automatic',NULL,'Y','2020-02-22 09:44:59','2020-02-22 09:44:59'),(404,373,'UP','0/2014','2','246','20','72','2','Silver','Diesel','2014','122001','First Owner','Good','1850000','37598','Automatic',NULL,'Y','2020-02-22 09:49:35','2020-02-22 09:49:35'),(405,374,'HR','0/0','3','','12','52','2','Silver','Diesel','0','122001','First Owner','Good','3150000','15807','Automatic',NULL,'Y','2020-02-22 09:53:19','2020-02-22 09:53:19'),(406,375,'HR','0/0','8','55','1','7','2','Black','Diesel','0','122001','Second Owner','Good','1250000','51663','Automatic',NULL,'Y','2020-02-22 09:59:00','2020-02-22 09:59:00'),(407,376,'UP','0/2015','3','210','12','48','2','White','Diesel','2015','122001','First Owner','Good','2650000','35090','Automatic',NULL,'Y','2020-02-22 10:02:07','2020-02-22 10:02:07'),(408,377,'up16','08/2015','2','1','1','1','2','White','Diesel','2016',NULL,'First Owner','Good','1400000','34683','Automatic',NULL,'Y','2020-02-22 10:05:30','2020-02-22 10:05:30'),(409,378,'dl1c','07/2012','3','116','3','19','8','Brown','Diesel','2012',NULL,'First Owner','Good','900000','52575','Automatic',NULL,'Y','2020-02-22 10:08:04','2020-02-22 10:08:04'),(410,379,'hr','08/2015','2','96','3','14','2','White','Diesel','2015',NULL,'Second Owner','Good','2200000','64500','Automatic',NULL,'Y','2020-02-22 10:10:16','2020-02-22 10:10:16'),(411,380,'HR26','10/2017','3','233','19','67','2','White','Diesel','2017',NULL,'First Owner','Good','2500000','24135','Automatic',NULL,'Y','2020-02-22 11:28:11','2020-02-22 11:28:11'),(412,381,'JK','07/2018','2','79','3','12','17','Blue','Diesel','2018',NULL,'First Owner','Good','3700000','23000','Automatic',NULL,'Y','2020-02-22 11:29:29','2020-02-22 11:29:29'),(413,382,'JK','07/2018','2','91','3','12','17','Blue','Diesel','2018',NULL,'First Owner','Good','3700000','23000','Automatic',NULL,'Y','2020-02-22 11:50:22','2020-02-22 11:50:22'),(414,383,'PB13','06/2014','2','79','3','12','11','White','Diesel','2014',NULL,'Second Owner','Good','2800000','68000','Automatic',NULL,'Y','2020-02-22 11:52:03','2020-02-22 11:52:03'),(415,384,'DL','10/2012','3','113','3','19','2','Black','Diesel','2012',NULL,'First Owner','Damaged','800000','46296','Automatic',NULL,'Y','2020-02-22 12:21:00','2020-02-22 12:21:00'),(416,385,'up14','09/2015','3','38','1','5','2','White','Diesel','2016',NULL,NULL,'Good','1650000','47717','Automatic',NULL,'Y','2020-02-22 12:35:28','2020-02-22 12:35:28');
/*!40000 ALTER TABLE `vehicle_master_tbl` ENABLE KEYS */;
UNLOCK TABLES;

--
-- Table structure for table `vehicle_payment_transaction_tbl`
--

DROP TABLE IF EXISTS `vehicle_payment_transaction_tbl`;
/*!40101 SET @saved_cs_client     = @@character_set_client */;
/*!40101 SET character_set_client = utf8 */;
CREATE TABLE `vehicle_payment_transaction_tbl` (
  `payment_id` int(11) NOT NULL AUTO_INCREMENT,
  `vehicle_id` int(11) NOT NULL,
  `transaction_type` int(11) NOT NULL,
  `txn_id` varchar(200) DEFAULT NULL,
  `other_details` varchar(1000) DEFAULT NULL,
  `payment_mode` int(11) NOT NULL,
  `amount` double(12,2) NOT NULL,
  `bank_name` varchar(200) DEFAULT NULL,
  `payment_recipt` varchar(200) DEFAULT NULL,
  `reason` varchar(100) NOT NULL,
  `transaction_date` date DEFAULT NULL,
  `is_active` char(1) NOT NULL DEFAULT 'Y',
  `added_on` timestamp NOT NULL DEFAULT CURRENT_TIMESTAMP,
  `last_updated_on` timestamp NOT NULL DEFAULT CURRENT_TIMESTAMP ON UPDATE CURRENT_TIMESTAMP,
  `done_by` int(11) DEFAULT NULL,
  PRIMARY KEY (`payment_id`),
  KEY `FKtransaction_type_idx_idx` (`transaction_type`),
  KEY `FKpayment_mode_idx_idx` (`payment_mode`),
  CONSTRAINT `FKpayment_mode_idx` FOREIGN KEY (`payment_mode`) REFERENCES `payment_mode_master_tbl` (`mode_id`) ON DELETE CASCADE ON UPDATE CASCADE,
  CONSTRAINT `FKtransaction_type_idx` FOREIGN KEY (`transaction_type`) REFERENCES `purchase_vehicle_onboard_status_tbl` (`onboard_id`) ON DELETE CASCADE ON UPDATE CASCADE
) ENGINE=InnoDB DEFAULT CHARSET=latin1;
/*!40101 SET character_set_client = @saved_cs_client */;

--
-- Dumping data for table `vehicle_payment_transaction_tbl`
--

LOCK TABLES `vehicle_payment_transaction_tbl` WRITE;
/*!40000 ALTER TABLE `vehicle_payment_transaction_tbl` DISABLE KEYS */;
/*!40000 ALTER TABLE `vehicle_payment_transaction_tbl` ENABLE KEYS */;
UNLOCK TABLES;

--
-- Table structure for table `vehicle_rc_details_tbl`
--

DROP TABLE IF EXISTS `vehicle_rc_details_tbl`;
/*!40101 SET @saved_cs_client     = @@character_set_client */;
/*!40101 SET character_set_client = utf8 */;
CREATE TABLE `vehicle_rc_details_tbl` (
  `rc_details_id` int(11) NOT NULL AUTO_INCREMENT,
  `transfer_name` varchar(200) DEFAULT NULL,
  `s_w_d_of` varchar(200) DEFAULT NULL,
  `dob` date DEFAULT NULL,
  `address_line_1` varchar(200) DEFAULT NULL,
  `address_line_2` varchar(200) DEFAULT NULL,
  `location` varchar(120) DEFAULT NULL,
  `district` varchar(120) DEFAULT NULL,
  `state` int(11) DEFAULT NULL,
  `pincode` varchar(20) DEFAULT NULL,
  `temp_address_line_1` varchar(200) DEFAULT NULL,
  `temp_address_line_2` varchar(200) DEFAULT NULL,
  `temp_location` varchar(120) DEFAULT NULL,
  `temp_district` varchar(120) DEFAULT NULL,
  `temp_state` int(11) DEFAULT NULL,
  `temp_pincode` varchar(20) DEFAULT NULL,
  `driving_licence_no` varchar(100) DEFAULT NULL,
  `driving_licence_image` varchar(500) DEFAULT NULL,
  `pan_card_no` varchar(100) DEFAULT NULL,
  `pan_card_image` varchar(500) DEFAULT NULL,
  `aadhar_card_no` varchar(100) DEFAULT NULL,
  `aadhar_card_image` varchar(500) DEFAULT NULL,
  `passport_size_image` varchar(500) DEFAULT NULL,
  `vehicle_id` int(11) NOT NULL,
  `is_active` char(1) NOT NULL DEFAULT 'Y',
  `added_on` timestamp NOT NULL DEFAULT CURRENT_TIMESTAMP,
  `last_updated_on` timestamp NOT NULL DEFAULT CURRENT_TIMESTAMP ON UPDATE CURRENT_TIMESTAMP,
  PRIMARY KEY (`rc_details_id`)
) ENGINE=InnoDB DEFAULT CHARSET=latin1;
/*!40101 SET character_set_client = @saved_cs_client */;

--
-- Dumping data for table `vehicle_rc_details_tbl`
--

LOCK TABLES `vehicle_rc_details_tbl` WRITE;
/*!40000 ALTER TABLE `vehicle_rc_details_tbl` DISABLE KEYS */;
/*!40000 ALTER TABLE `vehicle_rc_details_tbl` ENABLE KEYS */;
UNLOCK TABLES;

--
-- Table structure for table `vehicle_sales_details_tbl`
--

DROP TABLE IF EXISTS `vehicle_sales_details_tbl`;
/*!40101 SET @saved_cs_client     = @@character_set_client */;
/*!40101 SET character_set_client = utf8 */;
CREATE TABLE `vehicle_sales_details_tbl` (
  `sale_id` int(11) NOT NULL AUTO_INCREMENT,
  `vehicle_id` int(11) NOT NULL,
  `customer_id` int(11) NOT NULL,
  `sold_by` int(10) DEFAULT NULL,
  `commited_payment_date` date DEFAULT NULL,
  `final_price` varchar(25) DEFAULT NULL,
  `is_active` char(1) NOT NULL DEFAULT 'Y',
  `sold_on` timestamp NOT NULL DEFAULT CURRENT_TIMESTAMP,
  PRIMARY KEY (`sale_id`),
  KEY `FKcustomer_id_idx` (`customer_id`),
  KEY `FKvehicle_id_idx` (`vehicle_id`)
) ENGINE=InnoDB DEFAULT CHARSET=latin1;
/*!40101 SET character_set_client = @saved_cs_client */;

--
-- Dumping data for table `vehicle_sales_details_tbl`
--

LOCK TABLES `vehicle_sales_details_tbl` WRITE;
/*!40000 ALTER TABLE `vehicle_sales_details_tbl` DISABLE KEYS */;
/*!40000 ALTER TABLE `vehicle_sales_details_tbl` ENABLE KEYS */;
UNLOCK TABLES;

--
-- Table structure for table `vehicle_status_master_tbl`
--

DROP TABLE IF EXISTS `vehicle_status_master_tbl`;
/*!40101 SET @saved_cs_client     = @@character_set_client */;
/*!40101 SET character_set_client = utf8 */;
CREATE TABLE `vehicle_status_master_tbl` (
  `status_id` int(11) NOT NULL AUTO_INCREMENT,
  `status` varchar(100) NOT NULL,
  `is_active` char(1) NOT NULL DEFAULT 'Y',
  `created_on` timestamp NOT NULL DEFAULT CURRENT_TIMESTAMP,
  `last_updated_on` timestamp NOT NULL DEFAULT CURRENT_TIMESTAMP ON UPDATE CURRENT_TIMESTAMP,
  PRIMARY KEY (`status_id`)
) ENGINE=InnoDB AUTO_INCREMENT=8 DEFAULT CHARSET=latin1;
/*!40101 SET character_set_client = @saved_cs_client */;

--
-- Dumping data for table `vehicle_status_master_tbl`
--

LOCK TABLES `vehicle_status_master_tbl` WRITE;
/*!40000 ALTER TABLE `vehicle_status_master_tbl` DISABLE KEYS */;
INSERT INTO `vehicle_status_master_tbl` VALUES (1,'Lead Created','Y','2018-12-13 08:11:21','2018-12-13 08:11:21'),(2,'Evaluator Assigned','Y','2018-12-13 08:11:21','2018-12-13 08:11:21'),(3,'Vehicle Archived','Y','2018-12-13 08:11:21','2018-12-19 11:38:37'),(4,'Vehicle Evaluated','Y','2018-12-13 08:11:21','2018-12-13 08:11:21'),(5,'Vehicles Sent to Garage','Y','2018-12-13 08:11:21','2018-12-13 08:11:21'),(6,'On Sale','Y','2018-12-13 08:11:21','2018-12-13 08:11:21'),(7,'Vehicle Sold','Y','2018-12-13 08:11:21','2018-12-13 08:11:21');
/*!40000 ALTER TABLE `vehicle_status_master_tbl` ENABLE KEYS */;
UNLOCK TABLES;

--
-- Table structure for table `vehicle_type_master_tbl`
--

DROP TABLE IF EXISTS `vehicle_type_master_tbl`;
/*!40101 SET @saved_cs_client     = @@character_set_client */;
/*!40101 SET character_set_client = utf8 */;
CREATE TABLE `vehicle_type_master_tbl` (
  `car_type_id` int(10) NOT NULL AUTO_INCREMENT,
  `car_type` varchar(100) DEFAULT NULL,
  `is_active` char(1) DEFAULT 'Y',
  `created_on` timestamp NOT NULL DEFAULT CURRENT_TIMESTAMP,
  PRIMARY KEY (`car_type_id`)
) ENGINE=InnoDB AUTO_INCREMENT=14 DEFAULT CHARSET=latin1;
/*!40101 SET character_set_client = @saved_cs_client */;

--
-- Dumping data for table `vehicle_type_master_tbl`
--

LOCK TABLES `vehicle_type_master_tbl` WRITE;
/*!40000 ALTER TABLE `vehicle_type_master_tbl` DISABLE KEYS */;
INSERT INTO `vehicle_type_master_tbl` VALUES (1,'HATCHBACK','Y','2019-11-24 10:40:14'),(2,'SEDAN','Y','2019-11-24 10:40:14'),(3,'SUV','Y','2019-11-24 10:40:14'),(4,'COUPE STYLE','Y','2019-11-28 07:51:44'),(8,'ENTRY LEVEL SEDAN','Y','2019-12-03 13:16:05'),(9,'PRIMIUM HATCHBACK','Y','2019-12-03 13:16:05'),(10,'COUP CUM SPORTS CAR','Y','2019-12-03 13:16:05'),(11,'CONVERTIBLE','Y','2019-12-03 13:16:06'),(12,'SPORTS CAR','Y','2019-12-03 13:16:06'),(13,'LUXURY SUV','Y','2019-12-03 13:16:06');
/*!40000 ALTER TABLE `vehicle_type_master_tbl` ENABLE KEYS */;
UNLOCK TABLES;

--
-- Table structure for table `vehicle_varient_master_tbl`
--

DROP TABLE IF EXISTS `vehicle_varient_master_tbl`;
/*!40101 SET @saved_cs_client     = @@character_set_client */;
/*!40101 SET character_set_client = utf8 */;
CREATE TABLE `vehicle_varient_master_tbl` (
  `varient_id` int(10) NOT NULL AUTO_INCREMENT,
  `model_id` int(10) DEFAULT NULL,
  `varient_name` varchar(100) DEFAULT NULL,
  `is_active` char(1) DEFAULT 'Y',
  `created_on` timestamp NOT NULL DEFAULT CURRENT_TIMESTAMP,
  PRIMARY KEY (`varient_id`)
) ENGINE=InnoDB AUTO_INCREMENT=254 DEFAULT CHARSET=latin1;
/*!40101 SET character_set_client = @saved_cs_client */;

--
-- Dumping data for table `vehicle_varient_master_tbl`
--

LOCK TABLES `vehicle_varient_master_tbl` WRITE;
/*!40000 ALTER TABLE `vehicle_varient_master_tbl` DISABLE KEYS */;
INSERT INTO `vehicle_varient_master_tbl` VALUES (1,1,'35 TDI Technology Pack','Y','2019-11-25 12:58:06'),(2,1,'PREMIUM PLUS','Y','2019-11-25 12:58:06'),(3,1,'TECHOLONGY','Y','2019-11-25 12:58:06'),(4,1,'Premium plus/Sunroof','Y','2019-11-25 12:58:06'),(5,1,'35 TDI Sport Sunroof/Premium','Y','2019-11-25 12:58:06'),(6,1,'PREMIUME PLUS','Y','2019-11-25 12:58:06'),(7,1,'2.0 TDI Premium','Y','2019-11-25 12:58:07'),(8,1,'35 Tdi Premium  Plus + Sunroof','Y','2019-11-25 12:58:07'),(9,1,'35 Tdi Premium + Sunroof','Y','2019-11-25 12:58:07'),(10,1,'PREMIUM WITHOUT SUNROOF','Y','2019-11-25 12:58:07'),(11,1,'PREM PLUS+SUNROOF','Y','2019-11-25 12:58:07'),(12,1,'2.0 TDI Premium Plus/Sline','Y','2019-11-25 12:58:07'),(13,1,'premium /Sunrof','Y','2019-11-25 12:58:07'),(14,1,'PREMIUM WITH SUNROOF','Y','2019-11-25 12:58:07'),(15,1,'2.0 TDI Premium Plus With Sunroof','Y','2019-11-25 12:58:07'),(16,1,'BUSSINESS EDITION','Y','2019-11-25 12:58:07'),(17,1,'Sline','Y','2019-11-25 12:58:07'),(18,2,'2.0 TDI Premium With Sunroof','Y','2019-11-25 12:58:07'),(19,2,'TECHNOLOGY','Y','2019-11-25 12:58:07'),(20,2,'2.0 TDI','Y','2019-11-25 12:58:07'),(21,2,'MATRIX','Y','2019-11-25 12:58:07'),(22,2,'2.0TDI Premium','Y','2019-11-25 12:58:07'),(23,2,'TFSI MATRIX','Y','2019-11-25 12:58:07'),(24,2,'2.0TDI Premium/ SUNROOF','Y','2019-11-25 12:58:07'),(25,2,'2.0 TDI Premium Plus','Y','2019-11-25 12:58:08'),(26,2,'2.0 TDI Premium  Plus  /Big  Screen /LED','Y','2019-11-25 12:58:08'),(27,2,'3.0 Premium With Sunroof','Y','2019-11-25 12:58:08'),(28,2,'2.8 Luxury interior','Y','2019-11-25 12:58:08'),(29,2,'Premium Plus With Bose Sunrround Sound System','Y','2019-11-25 12:58:08'),(30,2,'PREMIUM +','Y','2019-11-25 12:58:08'),(31,2,'PREM+PLUS','Y','2019-11-25 12:58:08'),(32,3,'PRIMIUM','Y','2019-11-25 12:58:08'),(33,3,'3.0 TDI Premium','Y','2019-11-25 12:58:08'),(34,3,'3.0 TDI QUATTRO','Y','2019-11-25 12:58:08'),(35,3,'30  TDI','Y','2019-11-25 12:58:08'),(36,5,'35 TDI QUATTRO  PREMIUM PLUS','Y','2019-11-25 12:58:08'),(37,5,'2.0 TDI Premium/Sunroof','Y','2019-11-25 12:58:08'),(38,5,'2.0 TDI Premium Plus/ sunroof','Y','2019-11-25 12:58:08'),(39,5,'Q3 2.0 TDI','Y','2019-11-25 12:58:08'),(40,5,'without sunroof menual','Y','2019-11-25 12:58:08'),(41,5,'QUATTRO TECHNOLOGY','Y','2019-11-25 12:58:08'),(42,5,'2.0 TDI Premium Plus/Sunroof','Y','2019-11-25 12:58:09'),(43,5,'Technology Pack','Y','2019-11-25 12:58:09'),(44,5,'SUNROOF','Y','2019-11-25 12:58:09'),(45,5,'29000','Y','2019-11-25 12:58:09'),(46,6,'3.0 TDI Premium Plus','Y','2019-11-25 12:58:09'),(47,6,'CORPORATE','Y','2019-11-25 12:58:09'),(48,6,'35 Premium Plus','Y','2019-11-25 12:58:09'),(49,6,'3.0 TDI Technology Pack','Y','2019-11-25 12:58:09'),(50,6,'NEW SHAPE','Y','2019-11-25 12:58:09'),(51,6,'45tdi(New Shape)','Y','2019-11-25 12:58:09'),(52,7,'CONVERTABLE','Y','2019-11-25 12:58:09'),(53,7,'35 TDI','Y','2019-11-25 12:58:09'),(54,7,'S LINE','Y','2019-11-25 12:58:09'),(55,7,'35 TDI Premium/Sunroof','Y','2019-11-25 12:58:09'),(56,7,'PREMIUM','Y','2019-11-25 12:58:09'),(57,7,'CABRIOLET','Y','2019-11-25 12:58:09'),(58,7,'Premium /Sunroof','Y','2019-11-25 12:58:09'),(59,7,'TECHNOLOGY PLUS','Y','2019-11-25 12:58:09'),(60,9,'50 TDI','Y','2019-11-25 12:58:10'),(61,11,'320d Highline','Y','2019-11-25 12:58:10'),(62,11,'320d Luxury','Y','2019-11-25 12:58:10'),(63,11,'320d','Y','2019-11-25 12:58:10'),(64,11,'PRESTIGE','Y','2019-11-25 12:58:10'),(65,11,'320d luxury line sunroof','Y','2019-11-25 12:58:10'),(66,11,'330d Convertible','Y','2019-11-25 12:58:10'),(67,11,'320d luxury line','Y','2019-11-25 12:58:10'),(68,11,'SPORTS','Y','2019-11-25 12:58:10'),(69,11,'320d Pure','Y','2019-11-25 12:58:10'),(70,11,'Highline','Y','2019-11-25 12:58:10'),(71,11,'BUSINESS EDITION','Y','2019-11-25 12:58:10'),(72,11,'LUXURY LINE','Y','2019-11-25 12:58:10'),(73,11,'320d Luxury Line With Sunroof','Y','2019-11-25 12:58:10'),(74,12,'530d','Y','2019-11-25 12:58:10'),(75,12,'520d','Y','2019-11-25 12:58:10'),(76,12,'525d','Y','2019-11-25 12:58:10'),(77,12,'530i Highline','Y','2019-11-25 12:58:11'),(78,12,'530 D M SPORT','Y','2019-11-25 12:58:11'),(79,12,'520d Luxury Line','Y','2019-11-25 12:58:11'),(80,12,'M Sports','Y','2019-11-25 12:58:11'),(81,12,'520 D With M5 Kit','Y','2019-11-25 12:58:11'),(82,12,'520i Luxury line','Y','2019-11-25 12:58:11'),(83,12,'520','Y','2019-11-25 12:58:11'),(84,12,'530d M Sport','Y','2019-11-25 12:58:11'),(85,12,'520 Highline','Y','2019-11-25 12:58:11'),(86,12,'520D Highline/Sunroof','Y','2019-11-25 12:58:11'),(87,12,'520 LUXURY','Y','2019-11-25 12:58:11'),(88,12,'530 d Highline sedan','Y','2019-11-25 12:58:11'),(89,12,'Luxury Line (TopModel)','Y','2019-11-25 12:58:11'),(90,12,'520d Luxury  Line','Y','2019-11-25 12:58:11'),(91,12,'530d luxury line','Y','2019-11-25 12:58:11'),(92,12,'520 Luxuri Line','Y','2019-11-25 12:58:11'),(93,13,'118 D 2015','Y','2019-11-25 12:58:11'),(94,13,'118 sport line','Y','2019-11-25 12:58:11'),(95,14,'Luxury Line  Topo model','Y','2019-11-25 12:58:12'),(96,14,'320 GT','Y','2019-11-25 12:58:12'),(97,14,'LUXURY','Y','2019-11-25 12:58:12'),(98,15,'DPE 5 seater top model','Y','2019-11-25 12:58:12'),(99,15,'30D DPE','Y','2019-11-25 12:58:12'),(100,15,'X DRIVE','Y','2019-11-25 12:58:12'),(101,15,'DPE 5 seater','Y','2019-11-25 12:58:12'),(102,15,'Xdrive 30d pure experience','Y','2019-11-25 12:58:12'),(103,16,'640d 3.0 6 Cylinder','Y','2019-11-25 12:58:12'),(104,16,'640d','Y','2019-11-25 12:58:12'),(105,16,'GT 630i','Y','2019-11-25 12:58:12'),(106,17,'X3 S LINE','Y','2019-11-25 12:58:12'),(107,17,'30 d With Sunroof','Y','2019-11-25 12:58:12'),(108,17,'xDrive 20d','Y','2019-11-25 12:58:12'),(109,17,'X LINE 20D','Y','2019-11-25 12:58:12'),(110,18,'Convertoble sDrive35i','Y','2019-11-25 12:58:12'),(111,18,'SDRIVE WITH  NAVIGATION','Y','2019-11-25 12:58:12'),(112,18,'Roadstar35i','Y','2019-11-25 12:58:13'),(113,19,'sDrive20d','Y','2019-11-25 12:58:13'),(114,19,'COARPORATE','Y','2019-11-25 12:58:13'),(115,19,'X1 DRIVE','Y','2019-11-25 12:58:13'),(116,19,'sDrive 18i','Y','2019-11-25 12:58:13'),(117,19,'XPEDITION','Y','2019-11-25 12:58:13'),(118,20,'730d Prestige Modal','Y','2019-11-25 12:58:13'),(119,20,'730Ld','Y','2019-11-25 12:58:13'),(120,20,'730d','Y','2019-11-25 12:58:13'),(121,20,'730 ld','Y','2019-11-25 12:58:13'),(122,20,'730 D','Y','2019-11-25 12:58:13'),(123,22,'xDrive 30d','Y','2019-11-25 12:58:13'),(124,24,'3.2 AT/Sunroof/top model','Y','2019-11-25 12:58:13'),(125,24,'3.2Titanium','Y','2019-11-25 12:58:13'),(126,25,'5.0 Ltr','Y','2019-11-25 12:58:13'),(127,26,'OPTIONAL','Y','2019-11-25 12:58:13'),(128,27,'SX O','Y','2019-11-25 12:58:13'),(129,29,'3.0 Diesel','Y','2019-11-25 12:58:13'),(130,30,'20d AWD','Y','2019-11-25 12:58:14'),(131,31,'XJ L 3.0 V6 PORTFOLIO','Y','2019-11-25 12:58:14'),(132,32,'Portfolio','Y','2019-11-25 12:58:14'),(133,32,'20D Prestige With Sunroof','Y','2019-11-25 12:58:14'),(134,32,'2.2 Ltr','Y','2019-11-25 12:58:14'),(135,32,'JAGUAR XF 2.2','Y','2019-11-25 12:58:14'),(136,32,'S 3.0 ltr','Y','2019-11-25 12:58:14'),(137,32,'XF 2.2 Ltr','Y','2019-11-25 12:58:14'),(138,32,'XF WITHOUT SUNROOF','Y','2019-11-25 12:58:14'),(139,35,'Sport SE','Y','2019-11-25 12:58:14'),(140,36,'SE','Y','2019-11-25 12:58:14'),(141,37,'HSE','Y','2019-11-25 12:58:14'),(142,37,'HSE Model(Top Model)','Y','2019-11-25 12:58:14'),(143,41,'LXI','Y','2019-11-25 12:58:14'),(144,42,'E350 CDI','Y','2019-11-25 12:58:14'),(145,42,'E250 CDI','Y','2019-11-25 12:58:14'),(146,42,'E229','Y','2019-11-25 12:58:14'),(147,42,'E250 CDI Avantgarde','Y','2019-11-25 12:58:14'),(148,42,'250 CDI','Y','2019-11-25 12:58:15'),(149,42,'220 CDI Elegance','Y','2019-11-25 12:58:15'),(150,42,'CDI Elegance','Y','2019-11-25 12:58:15'),(151,42,'E350 CDI EDITION','Y','2019-11-25 12:58:15'),(152,42,'E250','Y','2019-11-25 12:58:15'),(153,42,'E350','Y','2019-11-25 12:58:15'),(154,42,'E200','Y','2019-11-25 12:58:15'),(155,42,'350d','Y','2019-11-25 12:58:15'),(156,42,'E250 CDI  AVANTAGRADE','Y','2019-11-25 12:58:15'),(157,42,'E 250 Avantgarde/Panaromic Sunrrof','Y','2019-11-25 12:58:15'),(158,42,'250 AVANTGRADE','Y','2019-11-25 12:58:15'),(159,42,'350','Y','2019-11-25 12:58:15'),(160,42,'250','Y','2019-11-25 12:58:15'),(161,42,'E220','Y','2019-11-25 12:58:15'),(162,43,'200 CGI','Y','2019-11-25 12:58:15'),(163,43,'200d Sport','Y','2019-11-25 12:58:15'),(164,43,'200 CDI Sport / Top Model','Y','2019-11-25 12:58:16'),(165,43,'45 AMG','Y','2019-11-25 12:58:16'),(166,43,'AMG','Y','2019-11-25 12:58:16'),(167,43,'220D sports Top model','Y','2019-11-25 12:58:16'),(168,43,'progresive','Y','2019-11-25 12:58:16'),(169,43,'220 Sports','Y','2019-11-25 12:58:16'),(170,44,'C 220','Y','2019-11-25 12:58:16'),(171,44,'c220d','Y','2019-11-25 12:58:16'),(172,44,'220d','Y','2019-11-25 12:58:16'),(173,44,'200','Y','2019-11-25 12:58:16'),(174,44,'CDI with sunroof','Y','2019-11-25 12:58:16'),(175,44,'C220 CDI AVANTGRADE','Y','2019-11-25 12:58:16'),(176,44,'C220 CDI Avantigarde','Y','2019-11-25 12:58:16'),(177,44,'220','Y','2019-11-25 12:58:16'),(178,44,'AVANTGARDE','Y','2019-11-25 12:58:16'),(179,44,'C 200 Avantgarde','Y','2019-11-25 12:58:17'),(180,44,'C220 CDI','Y','2019-11-25 12:58:17'),(181,44,'c200','Y','2019-11-25 12:58:17'),(182,44,'AVANTGARD','Y','2019-11-25 12:58:17'),(183,44,'220 CDI','Y','2019-11-25 12:58:17'),(184,44,'220cdi','Y','2019-11-25 12:58:17'),(185,44,'250CDI','Y','2019-11-25 12:58:17'),(186,44,'220 CDI Corporate','Y','2019-11-25 12:58:17'),(187,44,'C220','Y','2019-11-25 12:58:17'),(188,44,'AVANTGRADE','Y','2019-11-25 12:58:17'),(189,44,'C250 Cdi','Y','2019-11-25 12:58:17'),(190,44,'CDI TOP MODEL','Y','2019-11-25 12:58:17'),(191,44,'C200 Avantgarde','Y','2019-11-25 12:58:17'),(192,44,'C250','Y','2019-11-25 12:58:17'),(193,44,'220 AVANTGRADE','Y','2019-11-25 12:58:17'),(194,44,'C220 Avantgrade','Y','2019-11-25 12:58:17'),(195,46,'300','Y','2019-11-25 12:58:17'),(196,46,'S 350d','Y','2019-11-25 12:58:18'),(197,46,'cdi 320','Y','2019-11-25 12:58:18'),(198,46,'320 CDI','Y','2019-11-25 12:58:18'),(199,46,'S350 CDI','Y','2019-11-25 12:58:18'),(200,47,'200d','Y','2019-11-25 12:58:18'),(201,47,'CLA200 CDI','Y','2019-11-25 12:58:18'),(202,47,'CLA 200','Y','2019-11-25 12:58:18'),(203,47,'200CDISport','Y','2019-11-25 12:58:18'),(204,47,'200cdi','Y','2019-11-25 12:58:18'),(205,47,'200 CDI','Y','2019-11-25 12:58:18'),(206,48,'ML 350','Y','2019-11-25 12:58:18'),(207,48,'ML 250','Y','2019-11-25 12:58:18'),(208,48,'350CDI ML','Y','2019-11-25 12:58:18'),(209,48,'ML350','Y','2019-11-25 12:58:18'),(210,48,'ML250','Y','2019-11-25 12:58:18'),(211,48,'ML250CDI','Y','2019-11-25 12:58:18'),(212,48,'Ml Class','Y','2019-11-25 12:58:18'),(213,48,'ML350CDI','Y','2019-11-25 12:58:18'),(214,48,'350CDI','Y','2019-11-25 12:58:19'),(215,48,'350 CDI/Sunroof','Y','2019-11-25 12:58:19'),(216,48,'350 CDI','Y','2019-11-25 12:58:19'),(217,49,'250d','Y','2019-11-25 12:58:19'),(218,51,'SLK 350 CONVERTEBLE','Y','2019-11-25 12:58:19'),(219,53,'180','Y','2019-11-25 12:58:19'),(220,53,'B180','Y','2019-11-25 12:58:19'),(221,56,'Countryman','Y','2019-11-25 12:58:19'),(222,56,'Convertoble','Y','2019-11-25 12:58:19'),(223,56,'2 Door Top Model','Y','2019-11-25 12:58:19'),(224,57,'PENAROMOC SUNROOF','Y','2019-11-25 12:58:19'),(225,59,'sport 4*2 AT','Y','2019-11-25 12:58:19'),(226,62,'Turbo','Y','2019-11-25 12:58:19'),(227,62,'Turbo 550 BHP','Y','2019-11-25 12:58:19'),(228,62,'V6','Y','2019-11-25 12:58:19'),(229,63,'Carrera','Y','2019-11-25 12:58:19'),(230,65,'Boxter Convertible','Y','2019-11-25 12:58:20'),(231,65,'Boxter','Y','2019-11-25 12:58:20'),(232,67,'4*4 Auto','Y','2019-11-25 12:58:20'),(233,67,'4/4 AT','Y','2019-11-25 12:58:20'),(234,67,'4*2','Y','2019-11-25 12:58:20'),(235,67,'4*2 AUTO','Y','2019-11-25 12:58:20'),(236,67,'4/2 at','Y','2019-11-25 12:58:20'),(237,67,'SIGMA 4','Y','2019-11-25 12:58:20'),(238,67,'4*4 MANNUAL','Y','2019-11-25 12:58:20'),(239,67,'4/2 Automatic','Y','2019-11-25 12:58:20'),(240,67,'4*2 M/T','Y','2019-11-25 12:58:20'),(241,67,'4*2  MT','Y','2019-11-25 12:58:20'),(242,68,'VL','Y','2019-11-25 12:58:20'),(243,69,'HYBRIDE','Y','2019-11-25 12:58:20'),(244,72,'D4','Y','2019-11-25 12:58:20'),(245,72,'Momentum','Y','2019-11-25 12:58:20'),(246,72,'Cross Country','Y','2019-11-25 12:58:20'),(247,72,'D5','Y','2019-11-25 12:58:21'),(248,73,'Momentum with inscription grill','Y','2019-11-25 12:58:21'),(249,73,'XC90','Y','2019-11-25 12:58:21'),(250,73,'INSCRIPTION','Y','2019-11-25 12:58:21'),(251,76,'R design','Y','2019-11-25 12:58:21'),(252,76,'D3','Y','2019-11-25 12:58:21'),(253,76,'V40 R-Design','Y','2019-11-25 12:58:21');
/*!40000 ALTER TABLE `vehicle_varient_master_tbl` ENABLE KEYS */;
UNLOCK TABLES;

--
-- Table structure for table `web_session_tbl`
--

DROP TABLE IF EXISTS `web_session_tbl`;
/*!40101 SET @saved_cs_client     = @@character_set_client */;
/*!40101 SET character_set_client = utf8 */;
CREATE TABLE `web_session_tbl` (
  `id` int(11) NOT NULL AUTO_INCREMENT,
  `employee_id` int(11) NOT NULL,
  `session_id` varchar(100) NOT NULL,
  `auth_key` varchar(100) NOT NULL,
  `expired_on` timestamp NOT NULL DEFAULT CURRENT_TIMESTAMP ON UPDATE CURRENT_TIMESTAMP,
  `is_active` char(1) NOT NULL DEFAULT 'Y',
  `created_on` timestamp NULL DEFAULT CURRENT_TIMESTAMP,
  PRIMARY KEY (`id`)
) ENGINE=InnoDB AUTO_INCREMENT=166 DEFAULT CHARSET=latin1;
/*!40101 SET character_set_client = @saved_cs_client */;

--
-- Dumping data for table `web_session_tbl`
--

LOCK TABLES `web_session_tbl` WRITE;
/*!40000 ALTER TABLE `web_session_tbl` DISABLE KEYS */;
INSERT INTO `web_session_tbl` VALUES (1,3,'182422aa-1293-4e78-b5c4-777493c774c2','0f3c8c33-3f42-42e0-99a0-867caed0c93f','2019-11-28 12:45:44','Y','2019-11-27 12:45:44'),(2,3,'7d0589d5-8c18-2e14-9ece-bc160d34598d','48d2fb39-1c91-4935-9d87-209ae3dafc34','2019-11-28 12:46:02','Y','2019-11-27 12:46:02'),(3,3,'5b3b6ef0-586a-f608-cbcd-2d1d6db335a7','b72b8ad2-23d4-46d5-945d-a9f48b794810','2019-11-28 13:04:13','Y','2019-11-27 13:04:13'),(4,3,'b6f47cf6-bd2d-3eda-03bb-8d713cc33aa2','37300dcb-6c63-46a0-96c9-4a9e857f5e51','2019-11-28 13:14:30','Y','2019-11-27 13:14:30'),(5,3,'904c3591-5995-53f9-69f6-cb4d7b370c4d','a00071f4-5c95-401f-9c36-4a66256c53ee','2019-11-28 13:31:15','Y','2019-11-27 13:31:15'),(6,3,'69ded9c6-d6e1-848b-0a0c-7b27c61845a0','d56289ae-46db-4b3d-b3a4-ee556d707d93','2019-11-28 14:03:51','Y','2019-11-27 14:03:51'),(7,3,'b8f03eeb-032e-f90a-94a7-20508d971bba','82b20ec7-c3b7-434e-a555-4b2446433766','2019-11-28 14:03:58','Y','2019-11-27 14:03:58'),(8,3,'e8532592-8c36-66f7-a145-4abcec9485a7','41767155-597e-401e-af6e-da2f0505d3ba','2019-11-29 04:55:23','Y','2019-11-28 04:55:23'),(9,3,'9ed0bfb1-b7d0-8631-50ec-e2d3a1126d9f','7a07981f-bbf8-4fb9-9e79-f27a8245c628','2019-11-29 04:56:54','Y','2019-11-28 04:56:54'),(10,3,'bff27420-5ea0-4a54-e88c-df20c24eb328','328baea2-1281-4979-b4f7-23667ba84e8d','2019-11-29 05:19:34','Y','2019-11-28 05:19:34'),(11,3,'018848eb-9ace-b3f5-86cf-32aaec4fa5fe','f18914c1-df65-4704-bc9d-3836dcf7d252','2019-11-29 05:37:07','Y','2019-11-28 05:37:07'),(12,3,'cdbdc0b6-cad0-0d17-b050-85f4c4a9a3cb','17b3406d-b07f-4e76-bc09-6014592d39d3','2019-11-29 05:54:32','Y','2019-11-28 05:54:32'),(13,3,'e4d5f6e2-506d-5f33-8133-65b3c837493d','d2554aa7-65ec-4386-b901-963c6f7d2385','2019-11-30 05:02:09','Y','2019-11-29 05:02:09'),(14,3,'05c35c1a-526a-e83e-46a9-9d0f858893fd','67cd4f08-1171-46fe-9484-7ab7c3286aca','2019-11-30 06:04:19','Y','2019-11-29 06:04:19'),(15,3,'27b80815-90ea-6e34-0644-bf23b93e369e','7ef8b304-26c1-427f-91ba-047b949ef0a1','2019-11-30 11:47:21','Y','2019-11-29 11:47:21'),(16,3,'f5cc4720-a084-ee51-feb4-4919e3fab678','82f3e8ad-7d02-4f8c-8d85-8091f4e662fc','2019-11-30 11:47:21','Y','2019-11-29 11:47:21'),(17,3,'d33e794b-35b6-f046-348a-200923747522','be141dbf-0675-4e4a-a5f0-f44618adaf42','2019-12-01 11:27:51','Y','2019-11-30 11:27:51'),(18,3,'13f17e0f-5e02-6449-5d6a-f15b6cb44d4b','697931f9-6779-433d-b6d9-cfcab8dfb201','2019-12-01 16:08:07','Y','2019-11-30 16:08:07'),(19,3,'0fb37ef3-32ad-53f5-a832-0464a0a2a9b4','af7d0513-3bf4-4420-af50-ab5f4e669ebb','2019-12-02 10:34:19','Y','2019-12-01 10:34:19'),(20,3,'ae03a6e9-ce76-4e00-587f-90e3bb65d52a','af6edcd0-1bfa-49e1-936f-fa7ceee1976d','2019-12-03 05:33:39','Y','2019-12-02 05:33:39'),(21,3,'bb96a190-4c28-ed83-6725-5a1ae6849c8e','4ff1d46f-3d1b-479e-93cb-4b5edb10cd61','2019-12-04 08:00:26','Y','2019-12-03 08:00:26'),(22,3,'d5970039-d0da-e73a-0598-146e8e3bbef2','07e7878a-d3ee-4c40-b7a3-bb23e56938d7','2019-12-04 12:30:06','Y','2019-12-03 12:30:06'),(23,3,'f8d18e58-963b-d5c5-fa75-9939170f2739','bc0760f2-a5c7-4bab-8d89-87c2f3f2e4bf','2019-12-05 06:21:17','Y','2019-12-04 06:21:17'),(24,3,'21e25b76-2bec-b65e-8a57-d6ce1e60f0c3','83ee9605-d8c7-46ff-926f-e6cd9098af4b','2019-12-05 11:14:13','Y','2019-12-04 11:14:13'),(25,3,'555a5db9-8756-e716-e393-6418587b53aa','11e6f91b-b682-42f2-90b7-411b75e6aa5b','2019-12-06 07:22:20','Y','2019-12-05 07:22:20'),(26,3,'5a116b32-db8f-f649-4b5e-22db0373a97e','0a935de0-e260-474d-a90c-4e7eb4490776','2019-12-06 09:01:52','Y','2019-12-05 09:01:52'),(27,3,'cf9f9c7d-16d5-63dc-fac5-7a3d18b43f6a','d6d497ea-ff45-4908-80fe-f9f2b68ee229','2019-12-06 12:10:14','Y','2019-12-05 12:10:14'),(28,3,'d29feae3-7d45-86d7-692e-d8662e726057','b3c1c502-c2a9-4cb5-b6ee-cee6d30d9ee0','2019-12-07 05:12:27','Y','2019-12-06 05:12:27'),(29,3,'625a9bb8-5e95-1584-5a49-fdfc2a675a1c','b8f1be61-28a9-40b3-984d-3b5ce31f05f6','2019-12-07 06:20:34','Y','2019-12-06 06:20:34'),(30,3,'b3d76d80-1c80-34ad-ab14-4433589fcf7d','4a770254-085d-4e36-92b3-43d358d1c0bf','2019-12-07 08:34:17','Y','2019-12-06 08:34:17'),(31,3,'186f6a19-8af7-133b-d39c-3816d55823e6','2865b5cd-1da3-4ce7-8e6b-cfe358d72f47','2019-12-08 08:33:18','Y','2019-12-07 08:33:18'),(32,3,'022deedc-eab9-b504-e738-66d73e92dbe0','b205a386-67b8-4bfe-9a9d-c31feb973f6b','2019-12-10 05:00:02','Y','2019-12-09 05:00:02'),(33,3,'ada73ff5-ea64-609e-02d5-f9dbc14e2f28','ab2843ec-ca8e-4e77-a0eb-4ee9137b589f','2019-12-10 06:08:18','Y','2019-12-09 06:08:18'),(34,3,'7686b6d7-ef36-8993-8e1d-e4e2788c0c7a','9023fd3e-92f9-4dfe-88fa-495d7f3794dc','2019-12-10 13:08:52','Y','2019-12-09 13:08:52'),(35,3,'c278dacd-8d5d-67f4-9bef-e7a980a2df84','a3c8b7bd-ddac-40ab-8838-b69b336210c0','2019-12-10 13:31:27','Y','2019-12-09 13:31:27'),(36,3,'e64744a5-6d8e-0e47-cfe0-b6f88b07c7ab','7d23b22d-0caa-41cc-98e7-9053e1973940','2019-12-10 13:46:03','Y','2019-12-09 13:46:03'),(37,3,'de9ddbbb-d325-c1ea-3f84-1678ee068370','d656c9f3-9eed-44fc-9425-dac2b5648530','2019-12-11 05:06:35','Y','2019-12-10 05:06:35'),(38,3,'5e478815-facb-07f1-3c7b-bb35351f1922','7248a19c-7083-480b-ad9f-fba9147a9392','2019-12-11 06:49:05','Y','2019-12-10 06:49:05'),(39,3,'cc33ab2c-ab4e-ed2a-8322-ca7da90d2b3c','ddeb6354-d0c3-4ed2-92d6-f19ca7764e58','2019-12-12 05:20:14','Y','2019-12-11 05:20:14'),(40,3,'72ee9160-cec5-8f6a-bf1c-1749330981ac','dea37252-cb3f-4c6b-95f4-1daa775038b3','2019-12-12 06:55:20','Y','2019-12-11 06:55:20'),(41,3,'256ed68f-f4b8-58dd-28a9-1c97900f7645','ebed9f17-d3b5-4e34-827d-1af89b1c9e12','2019-12-12 08:20:14','Y','2019-12-11 08:20:14'),(42,3,'3d723096-c423-923d-cb31-973e23346c16','67666288-b4e2-4b85-949b-63bb967257ed','2019-12-12 08:35:21','Y','2019-12-11 08:35:21'),(43,3,'42ee4e8c-3e3e-5a44-8eb4-6a6bb965aa36','a6545a1f-cd42-449f-b2c4-f5228545c73a','2019-12-12 12:26:31','Y','2019-12-11 12:26:31'),(44,3,'f52c6ad5-73f1-875d-8f70-8a13735bd5b9','334b6907-5b90-4b46-ad84-da5ef7d23b24','2019-12-12 12:33:23','Y','2019-12-11 12:33:23'),(45,3,'d8b201b4-15d4-2003-e8c0-ad78982ee645','e769b6f3-04fc-4930-9f09-09663169cfa3','2019-12-12 13:16:40','Y','2019-12-11 13:16:40'),(46,3,'be15f5b7-f38d-036d-e4cf-c48101214409','2dfbb990-1a41-4873-8ef5-6ef7225ef060','2019-12-13 04:36:48','Y','2019-12-12 04:36:48'),(47,3,'42ce3e26-b455-812f-bc99-6b97895599fe','eb381793-3d8d-456c-8bfb-1fc3726fec17','2019-12-13 05:09:01','Y','2019-12-12 05:09:01'),(48,3,'63a01daa-cb73-c63a-3c60-6d9cfab8e689','75ff27cd-2c76-480e-8556-e041ffe17b3b','2019-12-14 12:44:45','Y','2019-12-13 12:44:45'),(49,3,'40533e41-6bd3-5237-879a-7e6598baf812','73146a47-3e90-4a38-b6cd-ecdeaa8938c4','2019-12-15 05:42:24','Y','2019-12-14 05:42:24'),(50,3,'d6940955-3baa-3922-3527-885e9d07ab3f','a50dc991-0296-43c7-bc78-10e588ecbe8f','2019-12-17 06:12:40','Y','2019-12-16 06:12:40'),(51,3,'6abc5a34-c94a-0c3f-c8f4-86166f23b488','9d1fdf99-23e1-4c5c-ae70-4c95cb96b4cf','2019-12-17 09:48:07','Y','2019-12-16 09:48:07'),(52,3,'1c13aed3-88cf-ca4f-283c-0f62eab2f676','b290dc7c-3711-441f-864d-969ff47e0acc','2019-12-17 13:12:10','Y','2019-12-16 13:12:10'),(53,3,'b371cf4d-bf76-9b00-d03a-c217642feb6b','e75bf28b-01ab-4149-838d-f2721a581c43','2019-12-18 05:03:15','Y','2019-12-17 05:03:15'),(54,3,'f336e9e0-febf-21cd-1f01-b86ad3a64e61','5d178ab4-8476-4fdd-8fdc-53ea9aece960','2019-12-18 13:02:01','Y','2019-12-17 13:02:01'),(55,3,'3c95473c-bf58-f37a-311c-e592ea01424a','b0ffade7-6b75-41e9-b698-82c404d03226','2019-12-18 13:13:27','Y','2019-12-17 13:13:27'),(56,3,'5c18c43b-2f01-f56c-fffa-a6e767a5c9a9','66b1e79c-c357-4df8-bebe-5368cfc7f1a0','2019-12-18 15:54:06','Y','2019-12-17 15:54:06'),(57,3,'afeb55a4-c443-b503-a1e5-e13898be0868','140ed17d-b468-4841-a0bb-6d3a7bf18440','2019-12-18 17:01:27','Y','2019-12-17 17:01:27'),(58,3,'647d5ac8-69b0-c05c-e2af-7769303747d7','91519750-e475-4e8f-919d-fbff09f8c7e8','2019-12-19 04:39:33','Y','2019-12-18 04:39:33'),(59,3,'e323e95c-6d9a-4f71-04e4-85e338f5350e','dab3cbf3-386f-439f-98cd-521b12d7daf5','2019-12-19 04:44:11','Y','2019-12-18 04:44:11'),(60,3,'405dd625-b31e-5005-8226-f0570e833d20','9a79e35b-5378-4bd5-8893-205842c9fe2d','2019-12-19 10:08:36','Y','2019-12-18 10:08:36'),(61,3,'bf5ff3ff-c528-ce73-8741-a04a97d9e470','eb055cd7-65e7-4366-83a7-05b2adb9008f','2019-12-20 05:59:59','Y','2019-12-19 05:59:59'),(62,3,'a66e5a33-422c-339c-b747-16b29e7536e2','0931a485-9c7e-47dd-959d-d61377a4c4a6','2019-12-20 07:23:49','Y','2019-12-19 07:23:49'),(63,3,'382b5214-32ce-4c95-6ceb-db9b8999e444','a76d259a-ce3f-4ecb-9c37-a1bde5f9f601','2019-12-20 09:27:27','Y','2019-12-19 09:27:27'),(64,3,'6e7a2952-c8df-faa3-6c88-3f32dbc4ecd8','7bf0f9c8-2c96-4ccc-ac6c-cd235a6ffe68','2019-12-20 13:24:49','Y','2019-12-19 13:24:49'),(65,3,'77285fee-6ee2-5de9-f3f1-3a504925d5e0','3c928ffc-b363-45fa-b9ca-710b5175aae4','2019-12-21 04:47:46','Y','2019-12-20 04:47:46'),(66,3,'5214bea4-de80-e501-e9da-aec4362fd707','b34cff6c-c141-49ab-b660-328030914411','2019-12-21 10:34:13','Y','2019-12-20 10:34:13'),(67,3,'1b412577-f43c-c368-5112-73c7a8c636c0','e63f554e-5f78-4690-9c91-5c1821f8dd36','2019-12-21 14:16:10','Y','2019-12-20 14:16:10'),(68,3,'c2be2a63-be35-b5f5-6e69-711164b0481b','f84fb916-3d0e-4c01-8332-d3480123bd5e','2019-12-22 05:51:53','Y','2019-12-21 05:51:53'),(69,3,'e408b1f7-2e78-e134-f7ec-1b5ab3fcc064','4401a4d1-c0d5-4150-ae7b-bdc0d2b53c60','2019-12-22 08:14:33','Y','2019-12-21 08:14:33'),(70,3,'b08113ee-0332-bf4a-4c34-cccd6fae1707','6b4dd359-79d5-4a42-a14a-6a52eb630581','2019-12-24 04:59:35','Y','2019-12-23 04:59:35'),(71,3,'bd8d9f4d-e938-7cc8-2c27-546b82e038a1','ca1d1a78-837e-4cfe-a69c-3cc2757cb41f','2019-12-24 05:06:12','Y','2019-12-23 05:06:12'),(72,3,'1aed4c8c-d26a-f7d9-04d2-7c00f446acf3','7bcb624f-ff39-4280-8b3c-19036f666b67','2019-12-24 05:20:17','Y','2019-12-23 05:20:17'),(73,3,'61949e12-acf7-ae86-340a-88ebef66ad07','39ba14c8-7aea-4833-91a5-b3f34dd22281','2019-12-24 05:23:00','Y','2019-12-23 05:23:00'),(74,3,'11af4403-e2a9-5ed7-6c97-b26be309f10d','7c6d3510-0b15-4f5a-b0b4-039ceb7c115b','2019-12-24 05:54:11','Y','2019-12-23 05:54:11'),(75,3,'7254a2eb-aa11-d986-9d3e-75487f143414','4da99b08-e5ed-466b-bafa-570f31f8cf39','2019-12-24 12:29:35','Y','2019-12-23 12:29:35'),(76,3,'25cd9218-cc91-8893-4b5b-72ec6334cf34','d30480be-eeea-465f-8930-dd15a093150a','2019-12-25 05:19:34','Y','2019-12-24 05:19:34'),(77,3,'32aacfe9-6a3d-2841-304b-bf08ca9d1376','dc3e0947-efa4-406d-82c1-5280d298bee2','2019-12-25 05:36:09','Y','2019-12-24 05:36:09'),(78,3,'195d948a-b894-dafa-f690-e45b4d146b70','97250b12-e8ad-48af-a566-e718189d7333','2019-12-26 05:16:55','Y','2019-12-25 05:16:55'),(79,3,'415620c7-e9a4-38c9-ced7-c2cf42effedf','b82b1dad-396d-463b-ab95-7f17fc4529ae','2019-12-27 04:33:43','Y','2019-12-26 04:33:43'),(80,3,'6c5f6111-c857-76d1-7282-deec14a0cae4','51739a1e-e2c5-4e2e-ae43-2da82dddf793','2019-12-27 05:24:39','Y','2019-12-26 05:24:39'),(81,3,'9f76473a-1fed-c704-5c00-56ef62c42305','ab4c0271-c399-4db4-8da6-a89835b2a464','2019-12-28 06:30:30','Y','2019-12-27 06:30:30'),(82,3,'8394a3b4-1db8-aa6b-1908-62f4bee26f6d','c310d0f7-2de6-4140-a760-618bd7b875ca','2019-12-28 12:45:46','Y','2019-12-27 12:45:46'),(83,3,'6d8b0f40-2f13-90bb-6c8d-b4eef341feaf','58f81ecf-ae1b-4574-8172-ec6f4239d48b','2019-12-29 09:45:50','Y','2019-12-28 09:45:50'),(84,3,'710abd77-11f1-b2f9-f9f3-17d9f97c1a2b','eec8d4ac-9c5d-46e2-8bf7-6a7f6def685f','2020-01-01 12:08:48','Y','2019-12-31 12:08:48'),(85,3,'57a23ce6-555d-78e1-6f03-835cfbdf7da0','8b4dd679-b64c-4e1e-83f9-15862e07b905','2020-01-01 12:42:42','Y','2019-12-31 12:42:42'),(86,3,'81f59640-fcf1-de53-8af3-bea985a8f278','89756d37-2de4-4281-8449-de5286b2ff03','2020-01-02 07:27:31','Y','2020-01-01 07:27:31'),(87,3,'026e6765-af5d-842f-d8bc-e3bf69b13c41','eb52d412-33d2-4e11-b38f-076e2171f3f2','2020-01-03 05:16:43','Y','2020-01-02 05:16:43'),(88,3,'ad154556-8634-b3cb-7aae-7eb5e0ea289e','04a549fe-b32e-4e95-8e23-81166b165b11','2020-01-03 07:00:32','Y','2020-01-02 07:00:32'),(89,3,'b1f976df-4eaa-f959-78b9-25e337ccb8ce','f0f37990-181c-4a77-a0d4-f31345befa18','2020-01-03 07:03:01','Y','2020-01-02 07:03:01'),(90,3,'3948696f-bd1c-c690-a614-019bca68dca8','f4fdd2de-7bd9-4835-a716-c3fd2b82ff6a','2020-01-03 07:08:04','Y','2020-01-02 07:08:04'),(91,3,'2dd3ed66-a42b-f9d8-c665-0cef19631a83','a110c214-7e5f-4e54-9d99-f70770f7d7b0','2020-01-03 09:57:23','Y','2020-01-02 09:57:23'),(92,3,'bec9ffbc-9673-0b31-ba9a-1c54d5035702','afb7c0a5-15d6-4725-9d9c-1ffb9156916e','2020-01-04 09:55:00','Y','2020-01-03 09:55:00'),(93,3,'9ad35adb-0300-6128-961d-8e284a3f8759','28299c67-d688-40e1-b3e4-71841b2b321f','2020-01-04 12:30:21','Y','2020-01-03 12:30:21'),(94,3,'71d14804-ba08-8b7f-53a6-9f55648e3e6c','c37f8840-99de-4be5-aa31-9af33586d831','2020-01-05 06:28:47','Y','2020-01-04 06:28:47'),(95,3,'44d25abf-0a54-4282-c020-c569233d0fde','fe89f1d0-f5a4-4f7f-bbb5-afa67126e03d','2020-01-07 12:38:36','Y','2020-01-06 12:38:36'),(96,3,'222d9c73-a2d2-ef99-fd25-d9cfa45de91c','4fa62c7d-5b75-4dfd-a695-6384fbdb8a87','2020-01-08 05:26:34','Y','2020-01-07 05:26:34'),(97,3,'2725ca38-947f-ccff-7784-0bb6dbdca8c3','cf90b048-4f3a-4adf-8744-048933e6e052','2020-01-10 08:38:50','Y','2020-01-09 08:38:50'),(98,3,'f65b21a7-b6d1-45e2-1290-a9907387f870','85bf6eba-710e-4008-bc5e-531f3d71c150','2020-01-10 09:58:58','Y','2020-01-09 09:58:58'),(99,3,'9d4b43a9-ad58-e2fd-49cf-e74ad10b421f','058579cb-e2d6-44bf-b1a4-d9b8588c1b78','2020-01-10 11:33:51','Y','2020-01-09 11:33:51'),(100,3,'d80dce66-e896-e646-05bd-c5b5372b266d','f726ab2e-ea96-486f-bcea-fe5302f8a766','2020-01-10 12:55:23','Y','2020-01-09 12:55:23'),(101,3,'ec9285ff-4707-7e7b-15c2-9ed5efffa60e','5d4da283-0d8d-4bf3-ad99-70d606bec5a6','2020-01-11 07:32:39','Y','2020-01-10 07:32:39'),(102,3,'56baa67e-de2b-243e-a37a-dfade4955373','21a26848-51a2-4909-9553-e5ffbc6dcdb0','2020-01-11 10:24:54','Y','2020-01-10 10:24:54'),(103,3,'1e9fd3f4-4b7c-ec12-deef-a57a777ddacb','e2b531c6-3ff4-4429-a967-17123ac90837','2020-01-11 10:26:40','Y','2020-01-10 10:26:40'),(104,3,'5f226e51-3dfc-f18c-b746-0f3c5e94cb0a','c01be49b-85aa-4a6f-a7db-f4d67bad7489','2020-01-11 10:29:06','Y','2020-01-10 10:29:06'),(105,3,'35d6fc33-b974-1be5-a2cf-cb81e1403fe5','a05a8461-8cec-4949-b56b-f8cd5e28e682','2020-01-11 10:30:30','Y','2020-01-10 10:30:30'),(106,3,'f4300a39-c117-e192-ff32-52a07fb52f3e','5232976d-f123-478d-96a5-63abc6e6ed16','2020-01-11 10:31:02','Y','2020-01-10 10:31:02'),(107,3,'6525dbfa-8171-2cf3-c841-eb0d207f732a','2ef40f32-41ff-4196-949b-10b82fd9595d','2020-01-11 11:01:24','Y','2020-01-10 11:01:24'),(108,8,'3e573479-0841-53c7-e64d-9d3be6cbe966','ae914a50-523c-453f-bf0c-216279188774','2020-01-11 11:02:14','Y','2020-01-10 11:02:14'),(109,3,'77b12a86-f5ff-0b01-fe65-e36831725b56','f7ab221e-6cf3-4e90-970d-1e418b3af393','2020-01-11 11:03:16','Y','2020-01-10 11:03:16'),(110,3,'c8f20409-0995-3ce8-091c-578055e0fbfb','f8cc1ef3-4985-425d-8686-ef939eabb60a','2020-01-11 11:36:35','Y','2020-01-10 11:36:35'),(111,3,'03f8e137-7485-deb1-f35c-a6e08c21bf5e','815cf2df-323e-421c-9495-0307cf6052aa','2020-01-11 11:37:20','Y','2020-01-10 11:37:20'),(112,3,'b0cade29-3d37-4cb5-4f96-f1eed5f1e503','6be6bda8-db9c-48ca-897d-e75e5b3afa5e','2020-01-11 11:38:20','Y','2020-01-10 11:38:20'),(113,3,'497e68fa-3638-e8af-a207-abfb7736408f','9f81cdd5-3d49-4ec2-9ccd-0c6931300c98','2020-01-11 11:39:44','Y','2020-01-10 11:39:44'),(114,8,'d766a15c-ee33-1da5-4fc5-f603d5002516','a97ec40f-81c7-4699-8541-e613d46a7af6','2020-01-11 11:41:31','Y','2020-01-10 11:41:31'),(115,3,'80effa6e-8e22-244e-16a1-e9a1f18bf6a4','35edcd78-eed4-4001-90e4-9f7fddf873af','2020-01-11 11:43:35','Y','2020-01-10 11:43:35'),(116,3,'cb5e1508-92bd-bf0c-9962-799f2b3ba21e','a9317130-606d-4354-87a7-803c0b995f52','2020-01-12 05:07:14','Y','2020-01-11 05:07:14'),(117,8,'3aae6f6e-c72f-1dfa-c110-952af80106e3','64507e90-e5a8-486f-9de2-e1c8d8bb1fe5','2020-01-14 07:02:59','Y','2020-01-13 07:02:59'),(118,3,'dd49f2a8-f138-1af7-e60f-42a47950ddfb','2c6ea1f7-383a-4616-a60a-5df7175b1cbd','2020-01-15 09:56:33','Y','2020-01-14 09:56:33'),(119,3,'c0fb0e05-cf4e-53d1-235b-02b56f059939','fb7d5d0d-7d47-4c65-ae4d-81c1a48da8d0','2020-01-16 04:58:31','Y','2020-01-15 04:58:31'),(120,8,'67647aa9-ee1e-2962-624a-c76ea68a4a71','9fbfbbdc-a77b-4f76-b260-cd4fc65f36aa','2020-01-16 05:07:41','Y','2020-01-15 05:07:41'),(121,8,'8f6dd5c8-33c0-fe7e-c4ad-5b189c858fc7','29cce77b-d013-4618-9411-0fda7f4f306a','2020-01-16 05:13:19','Y','2020-01-15 05:13:19'),(122,7,'2c17ce0b-f671-940d-aa21-1aaf50ad45fa','f6e3c05d-6644-4375-9161-817458b326c2','2020-01-16 05:51:39','Y','2020-01-15 05:51:39'),(123,7,'290e626a-6159-b1df-b969-7c98b2b163aa','c62019a2-146f-4bdb-a4c0-b42df8a515d0','2020-01-16 05:55:30','Y','2020-01-15 05:55:30'),(124,3,'b10f1fb8-f8dd-0188-d18d-47e95ce81ad3','e83362bd-bd45-4cc8-ae01-8c237908ecfc','2020-01-16 06:00:50','Y','2020-01-15 06:00:50'),(125,3,'4c404eff-4748-b8be-ee2f-7f40c05d172e','f4434c7e-5d2d-46ed-a148-6934585b3894','2020-01-16 06:13:17','Y','2020-01-15 06:13:17'),(126,3,'8f526960-13fa-3400-cbaf-7b0135e58ec4','dc1bcd80-a4ec-4041-b485-3aba4a03f705','2020-01-16 06:30:13','Y','2020-01-15 06:30:13'),(127,3,'d2ff0966-cec4-6037-9c68-4071e3d83849','75b40b0b-49e0-4059-a576-0e3160a02846','2020-01-16 06:37:33','Y','2020-01-15 06:37:33'),(128,3,'4da8ab8b-c6dc-7574-acf7-8b04d9a69278','610bb47d-9ddd-4afb-acbf-05cd1335569b','2020-01-16 06:42:42','Y','2020-01-15 06:42:42'),(129,3,'1646835e-4dc2-d908-45d0-7637fdc71c7d','7f28ee48-8e1f-4f39-bc8c-04bf2877ad0d','2020-01-16 07:06:31','Y','2020-01-15 07:06:31'),(130,8,'c41c0fd5-71c2-b514-fbbf-c61e974d7fe8','8913feba-f238-4368-96d0-1a9ec548c9f5','2020-01-17 05:36:56','Y','2020-01-16 05:36:56'),(131,8,'58286f73-d40a-1cea-01e4-3c554f9f02e1','5a521dbe-3a72-48c1-8989-43944a982898','2020-01-18 07:49:11','Y','2020-01-17 07:49:11'),(132,3,'af8b2dab-2a46-6548-bd9f-72705b14184e','8e704c1b-90c7-4192-91ee-6f96553c5e64','2020-01-18 13:08:21','Y','2020-01-17 13:08:21'),(133,8,'fa3f8d55-fb3e-da95-a378-9e72831c6f2e','4bf7b592-a922-420f-8c4e-bb092c87117d','2020-01-19 07:32:29','Y','2020-01-18 07:32:29'),(134,8,'44840072-8add-80a0-0974-0ec9633ea549','0449ae10-d5a7-4d8e-a6b7-27b21c114f75','2020-01-22 11:38:48','Y','2020-01-21 11:38:48'),(135,8,'1da55c21-b619-6b5c-b0ce-4279213b7e0b','43f6a0ad-53b7-43df-b2e1-8165e7beca31','2020-01-23 05:01:52','Y','2020-01-22 05:01:52'),(136,8,'f90df9e5-e421-0e4a-4326-b671fae177fe','6dab70ac-b1e1-4ce9-82b7-9f5671355ff5','2020-02-05 05:50:38','Y','2020-02-04 05:50:38'),(137,8,'2c29a680-2602-5926-e3b8-75b2cda1fd35','faf38dab-342e-4434-adb8-0fc8ab01123e','2020-02-05 07:23:22','Y','2020-02-04 07:23:22'),(138,8,'d24d38c2-a21e-02ca-63cb-2d6921ca268e','1265a327-9317-4c5b-a930-c15c6da068b2','2020-02-07 04:40:45','Y','2020-02-06 04:40:45'),(139,8,'de22e954-8acc-337e-96d1-47720e659366','03e56d62-178f-453a-8191-6327e103582e','2020-02-08 05:18:07','Y','2020-02-07 05:18:07'),(140,8,'d346af47-93be-188b-1c56-821d0b7fd1b3','b968f0e7-8b23-4abd-9326-15a576ad6084','2020-02-13 04:38:24','Y','2020-02-12 04:38:24'),(141,8,'81b47562-e96c-dd40-630a-24d42c6c7ef4','d1c08a63-5773-4292-9667-3bd5867c519c','2020-02-13 11:17:20','Y','2020-02-12 11:17:20'),(142,8,'ae3a9a5c-2ec0-0c37-2515-7589c6349d4b','d9c44d98-2749-4fab-8c9d-355b580f0687','2020-02-14 05:25:48','Y','2020-02-13 05:25:48'),(143,3,'7d853ba4-cd6c-43bc-ee21-15e0a84727d3','d289da07-8708-43b5-b05e-f9b3fe435ab9','2020-02-21 11:32:36','Y','2020-02-20 11:32:36'),(144,3,'f4227951-94f8-c971-e9c1-d5d4627b24d7','b4ac4ca4-4317-4589-a1d0-a932c6503d4e','2020-02-21 11:48:22','Y','2020-02-20 11:48:22'),(145,3,'cb51c349-49d7-32d6-32a0-151cab6314f7','43c5aae7-9f30-4acb-a6ab-fd6554889b78','2020-02-21 12:02:41','Y','2020-02-20 12:02:41'),(146,9,'04231f16-66d1-6ba5-aa77-8ee2f91acb58','eba35a34-cf4b-4828-8fb2-92adef6e5faf','2020-02-21 12:03:55','Y','2020-02-20 12:03:55'),(147,9,'bd38cd83-19f7-00cd-232c-d86711752e76','d9adbe4b-77e8-43d5-9b21-20f6e440f465','2020-02-21 12:05:18','Y','2020-02-20 12:05:18'),(148,10,'b8180684-779f-8f5e-0b2c-caa996a1ba76','d05df430-aa99-47a1-9e44-4bb909afeac8','2020-02-21 12:07:42','Y','2020-02-20 12:07:42'),(149,10,'24f02983-b585-67f2-44d5-61589cec8496','35548781-2d42-4d79-bcc8-7e9d8989dd2f','2020-02-21 12:09:40','Y','2020-02-20 12:09:40'),(150,9,'def41054-c59c-9243-535b-1489684e95bf','943ecbc3-72ba-48ac-b43d-671c34456746','2020-02-21 12:54:30','Y','2020-02-20 12:54:30'),(151,3,'19871feb-66d9-3171-95a3-b65c22e0d9e4','3a25c89d-3850-44ba-922e-f71051a898a0','2020-02-21 13:50:33','Y','2020-02-20 13:50:33'),(152,3,'34a941a6-3a46-5a83-be5d-b3c8333ea8ac','8eabdfa2-c32d-4f5c-b20d-08f77984f6e7','2020-02-22 05:05:27','Y','2020-02-21 05:05:27'),(153,11,'fa4bc3c6-8d79-4772-93cd-0cacc02ad601','4236cad7-cdc9-4ca9-b805-2a087f7a5bcb','2020-02-22 05:11:25','Y','2020-02-21 05:11:25'),(154,3,'50b5e7a2-e340-73ec-eec2-2fccf7dea860','278d0f1a-ec4b-4f81-ab95-14aaab4e72a8','2020-02-22 10:57:58','Y','2020-02-21 10:57:58'),(155,8,'08670e79-c91f-9eaf-a2ab-24c7b810c1ea','cf175e67-6cd3-4bef-840c-2cb963728540','2020-02-22 11:05:37','Y','2020-02-21 11:05:37'),(156,8,'1ea6a960-a32b-69da-eb31-19b302ec0705','ae8e2376-1c15-4b19-b69b-387b7375d29c','2020-02-22 11:06:14','Y','2020-02-21 11:06:14'),(157,3,'f55c4a47-042b-72dc-903a-da33f6ea073f','18bd87e5-62d5-4e37-818c-7cae9b4eedce','2020-02-22 11:08:17','Y','2020-02-21 11:08:17'),(158,3,'2e7154ed-1a63-0733-a58c-cd1c79e1aed5','7d025dc3-8915-470a-b367-8cfd94a10156','2020-02-22 11:13:33','Y','2020-02-21 11:13:33'),(159,3,'7a42068a-9224-3a0e-1bfd-1cedd3efeedb','e217d761-2b75-4da1-bdc3-0cd652158785','2020-02-22 12:05:09','Y','2020-02-21 12:05:09'),(160,11,'a6f0d4f7-7d6b-baca-5f16-ec4024b4d4b5','0674ce59-ec07-4487-991c-2d44e82bee48','2020-02-22 12:34:48','Y','2020-02-21 12:34:48'),(161,8,'b7a1f45f-8a22-096d-5586-d8fb23255236','16da290a-378b-446a-916c-5b670a3b722e','2020-02-22 12:49:35','Y','2020-02-21 12:49:35'),(162,11,'01611527-9ce2-12e2-ac9a-6c47303e27b9','55a3b670-94c2-4f01-ab9c-35bba7ebe775','2020-02-22 13:07:23','Y','2020-02-21 13:07:23'),(163,3,'6fdc79d3-5aeb-cd74-a82c-ed412a639fb0','3baedd0e-3546-49b3-9bc3-ac42b390fb9a','2020-02-23 06:54:17','Y','2020-02-22 06:54:17'),(164,3,'f7f1ce8c-dfc6-088c-9a1a-bfe322ce2c93','be516111-af3d-49ce-9567-47275da7096c','2020-02-23 10:30:08','Y','2020-02-22 10:30:08'),(165,3,'8c33d283-0a81-8e2c-cfea-7c9281debf92','a8ba0874-2328-416e-b49d-7e4342cbd785','2020-02-25 05:33:02','Y','2020-02-24 05:33:02');
/*!40000 ALTER TABLE `web_session_tbl` ENABLE KEYS */;
UNLOCK TABLES;

--
-- Dumping events for database 'luxury_ride_db'
--
/*!50106 SET @save_time_zone= @@TIME_ZONE */ ;
/*!50106 DROP EVENT IF EXISTS `employee_vehicle_assignment_event` */;
DELIMITER ;;
/*!50003 SET @saved_cs_client      = @@character_set_client */ ;;
/*!50003 SET @saved_cs_results     = @@character_set_results */ ;;
/*!50003 SET @saved_col_connection = @@collation_connection */ ;;
/*!50003 SET character_set_client  = utf8mb4 */ ;;
/*!50003 SET character_set_results = utf8mb4 */ ;;
/*!50003 SET collation_connection  = utf8mb4_general_ci */ ;;
/*!50003 SET @saved_sql_mode       = @@sql_mode */ ;;
/*!50003 SET sql_mode              = 'STRICT_TRANS_TABLES,ERROR_FOR_DIVISION_BY_ZERO,NO_AUTO_CREATE_USER,NO_ENGINE_SUBSTITUTION' */ ;;
/*!50003 SET @saved_time_zone      = @@time_zone */ ;;
/*!50003 SET time_zone             = '+05:30' */ ;;
/*!50106 CREATE*/ /*!50117 DEFINER=`root`@`%`*/ /*!50106 EVENT `employee_vehicle_assignment_event` ON SCHEDULE EVERY 10 MINUTE STARTS '2019-10-15 00:00:00' ON COMPLETION NOT PRESERVE DISABLE DO CALL EmployeeVehicleAssignment */ ;;
/*!50003 SET time_zone             = @saved_time_zone */ ;;
/*!50003 SET sql_mode              = @saved_sql_mode */ ;;
/*!50003 SET character_set_client  = @saved_cs_client */ ;;
/*!50003 SET character_set_results = @saved_cs_results */ ;;
/*!50003 SET collation_connection  = @saved_col_connection */ ;;
/*!50106 DROP EVENT IF EXISTS `InActiveInvesterInterestsEvent` */;;
DELIMITER ;;
/*!50003 SET @saved_cs_client      = @@character_set_client */ ;;
/*!50003 SET @saved_cs_results     = @@character_set_results */ ;;
/*!50003 SET @saved_col_connection = @@collation_connection */ ;;
/*!50003 SET character_set_client  = utf8mb4 */ ;;
/*!50003 SET character_set_results = utf8mb4 */ ;;
/*!50003 SET collation_connection  = utf8mb4_general_ci */ ;;
/*!50003 SET @saved_sql_mode       = @@sql_mode */ ;;
/*!50003 SET sql_mode              = 'STRICT_TRANS_TABLES,ERROR_FOR_DIVISION_BY_ZERO,NO_AUTO_CREATE_USER,NO_ENGINE_SUBSTITUTION' */ ;;
/*!50003 SET @saved_time_zone      = @@time_zone */ ;;
/*!50003 SET time_zone             = '+05:30' */ ;;
/*!50106 CREATE*/ /*!50117 DEFINER=`root`@`%`*/ /*!50106 EVENT `InActiveInvesterInterestsEvent` ON SCHEDULE EVERY 1 MINUTE STARTS '2019-01-11 23:02:15' ON COMPLETION NOT PRESERVE ENABLE DO BEGIN
  	CALL InActiveInterestsScheduler();
  END */ ;;
/*!50003 SET time_zone             = @saved_time_zone */ ;;
/*!50003 SET sql_mode              = @saved_sql_mode */ ;;
/*!50003 SET character_set_client  = @saved_cs_client */ ;;
/*!50003 SET character_set_results = @saved_cs_results */ ;;
/*!50003 SET collation_connection  = @saved_col_connection */ ;;
DELIMITER ;
/*!50106 SET TIME_ZONE= @save_time_zone */ ;

--
-- Dumping routines for database 'luxury_ride_db'
--
/*!50003 DROP FUNCTION IF EXISTS `CheckoutCalculationNew` */;
/*!50003 SET @saved_cs_client      = @@character_set_client */ ;
/*!50003 SET @saved_cs_results     = @@character_set_results */ ;
/*!50003 SET @saved_col_connection = @@collation_connection */ ;
/*!50003 SET character_set_client  = utf8mb4 */ ;
/*!50003 SET character_set_results = utf8mb4 */ ;
/*!50003 SET collation_connection  = utf8mb4_general_ci */ ;
/*!50003 SET @saved_sql_mode       = @@sql_mode */ ;
/*!50003 SET sql_mode              = 'STRICT_TRANS_TABLES,ERROR_FOR_DIVISION_BY_ZERO,NO_AUTO_CREATE_USER,NO_ENGINE_SUBSTITUTION' */ ;
DELIMITER ;;
CREATE DEFINER=`root`@`%` FUNCTION `CheckoutCalculationNew`(
purchase_amount_set double(10,2),
invester_id int(15),
date_set datetime 
) RETURNS varchar(500) CHARSET latin1
BEGIN
declare invester_ids varchar(200);
declare penalty_amount_set varchar(200);
declare package_amount_shown varchar(200);
declare penalty_amount varchar(200);
declare tax double;
declare final_package_mount double;
declare finalAmount varchar(200);

set penalty_amount_set=0;
set penalty_amount_set = ( select IFNULL(SUM(IF(iit.is_active='N' and iit.penalty_paid='N' , iit.penalty_amount, 0)),0) 
 from invester_vehicle_interest_tbl iit where iit.penalty_date<=date_set and  iit.invester_id=invester_id);

case
when penalty_amount_set >=0 then 
set penalty_amount =penalty_amount_set;
set package_amount_shown = purchase_amount_set;
/*set tax = (package_amount_shown * 0.18);*/
set final_package_mount = (package_amount_shown + penalty_amount);

RETURN json_object('purchase_price',package_amount_shown,'penalty',penalty_amount,'Total_price',final_package_mount);
 
end case;
end ;;
DELIMITER ;
/*!50003 SET sql_mode              = @saved_sql_mode */ ;
/*!50003 SET character_set_client  = @saved_cs_client */ ;
/*!50003 SET character_set_results = @saved_cs_results */ ;
/*!50003 SET collation_connection  = @saved_col_connection */ ;
/*!50003 DROP FUNCTION IF EXISTS `Getshowrmid` */;
/*!50003 SET @saved_cs_client      = @@character_set_client */ ;
/*!50003 SET @saved_cs_results     = @@character_set_results */ ;
/*!50003 SET @saved_col_connection = @@collation_connection */ ;
/*!50003 SET character_set_client  = utf8mb4 */ ;
/*!50003 SET character_set_results = utf8mb4 */ ;
/*!50003 SET collation_connection  = utf8mb4_general_ci */ ;
/*!50003 SET @saved_sql_mode       = @@sql_mode */ ;
/*!50003 SET sql_mode              = 'STRICT_TRANS_TABLES,ERROR_FOR_DIVISION_BY_ZERO,NO_AUTO_CREATE_USER,NO_ENGINE_SUBSTITUTION' */ ;
DELIMITER ;;
CREATE DEFINER=`root`@`%` FUNCTION `Getshowrmid`(id int) RETURNS varchar(1000) CHARSET latin1
BEGIN

declare showroomIds varchar(1000);
declare showroom_id_get int;

if id is null then
set showroom_id_get = 0;
else 
set showroom_id_get = id;
end if;

if showroom_id_get = 0 then 
select concat('\'',group_concat(showroom_id),'\'') into showroomIds from showrooms_tbl;
else 
set showroomIds = concat('\'',showroom_id_get,'\'');
end if;


set showroomIds = replace(showroomIds,'\'','');
 
RETURN showroomIds;
END ;;
DELIMITER ;
/*!50003 SET sql_mode              = @saved_sql_mode */ ;
/*!50003 SET character_set_client  = @saved_cs_client */ ;
/*!50003 SET character_set_results = @saved_cs_results */ ;
/*!50003 SET collation_connection  = @saved_col_connection */ ;
/*!50003 DROP FUNCTION IF EXISTS `UCFirst` */;
/*!50003 SET @saved_cs_client      = @@character_set_client */ ;
/*!50003 SET @saved_cs_results     = @@character_set_results */ ;
/*!50003 SET @saved_col_connection = @@collation_connection */ ;
/*!50003 SET character_set_client  = utf8 */ ;
/*!50003 SET character_set_results = utf8 */ ;
/*!50003 SET collation_connection  = utf8_general_ci */ ;
/*!50003 SET @saved_sql_mode       = @@sql_mode */ ;
/*!50003 SET sql_mode              = 'STRICT_TRANS_TABLES,NO_ZERO_IN_DATE,NO_ZERO_DATE,ERROR_FOR_DIVISION_BY_ZERO,NO_AUTO_CREATE_USER,NO_ENGINE_SUBSTITUTION' */ ;
DELIMITER ;;
CREATE DEFINER=`root`@`localhost` FUNCTION `UCFirst`(val varchar(1000)) RETURNS varchar(1000) CHARSET latin1
BEGIN
RETURN CONCAT(UCASE(LEFT(val, 1)), 
                             SUBSTRING(val, 2));
END ;;
DELIMITER ;
/*!50003 SET sql_mode              = @saved_sql_mode */ ;
/*!50003 SET character_set_client  = @saved_cs_client */ ;
/*!50003 SET character_set_results = @saved_cs_results */ ;
/*!50003 SET collation_connection  = @saved_col_connection */ ;
/*!50003 DROP FUNCTION IF EXISTS `uc_first` */;
/*!50003 SET @saved_cs_client      = @@character_set_client */ ;
/*!50003 SET @saved_cs_results     = @@character_set_results */ ;
/*!50003 SET @saved_col_connection = @@collation_connection */ ;
/*!50003 SET character_set_client  = utf8 */ ;
/*!50003 SET character_set_results = utf8 */ ;
/*!50003 SET collation_connection  = utf8_general_ci */ ;
/*!50003 SET @saved_sql_mode       = @@sql_mode */ ;
/*!50003 SET sql_mode              = 'STRICT_TRANS_TABLES,ERROR_FOR_DIVISION_BY_ZERO,NO_AUTO_CREATE_USER,NO_ENGINE_SUBSTITUTION' */ ;
DELIMITER ;;
CREATE DEFINER=`root`@`%` FUNCTION `uc_first`(str VARCHAR(200)) RETURNS varchar(200) CHARSET latin1
BEGIN
    set str:= lcase(str);
    set str:= CONCAT(UCASE(LEFT(str, 1)),SUBSTRING(str, 2));
    set str:= REPLACE(str, ' a', ' A');
    set str:= REPLACE(str, ' b', ' B');
    set str:= REPLACE(str, ' c', ' C');
    set str:= REPLACE(str, ' d', ' D');
    set str:= REPLACE(str, ' e', ' E');
    set str:= REPLACE(str, ' f', ' F');
    set str:= REPLACE(str, ' g', ' G');
    set str:= REPLACE(str, ' h', ' H');
    set str:= REPLACE(str, ' i', ' I');
    set str:= REPLACE(str, ' j', ' J');
    set str:= REPLACE(str, ' k', ' K');
    set str:= REPLACE(str, ' l', ' L');
    set str:= REPLACE(str, ' m', ' M');
    set str:= REPLACE(str, ' n', ' N');
    set str:= REPLACE(str, ' o', ' O');
    set str:= REPLACE(str, ' p', ' P');
    set str:= REPLACE(str, ' q', ' Q');
    set str:= REPLACE(str, ' r', ' R');
    set str:= REPLACE(str, ' s', ' S');
    set str:= REPLACE(str, ' t', ' T');
    set str:= REPLACE(str, ' u', ' U');
    set str:= REPLACE(str, ' v', ' V');
    set str:= REPLACE(str, ' w', ' W');
    set str:= REPLACE(str, ' x', ' X');
    set str:= REPLACE(str, ' y', ' Y');
    set str:= REPLACE(str, ' z', ' Z');
    return  str;
END ;;
DELIMITER ;
/*!50003 SET sql_mode              = @saved_sql_mode */ ;
/*!50003 SET character_set_client  = @saved_cs_client */ ;
/*!50003 SET character_set_results = @saved_cs_results */ ;
/*!50003 SET collation_connection  = @saved_col_connection */ ;
/*!50003 DROP PROCEDURE IF EXISTS `EmployeeVehicleAssignment` */;
/*!50003 SET @saved_cs_client      = @@character_set_client */ ;
/*!50003 SET @saved_cs_results     = @@character_set_results */ ;
/*!50003 SET @saved_col_connection = @@collation_connection */ ;
/*!50003 SET character_set_client  = utf8 */ ;
/*!50003 SET character_set_results = utf8 */ ;
/*!50003 SET collation_connection  = utf8_general_ci */ ;
/*!50003 SET @saved_sql_mode       = @@sql_mode */ ;
/*!50003 SET sql_mode              = 'STRICT_TRANS_TABLES,ERROR_FOR_DIVISION_BY_ZERO,NO_AUTO_CREATE_USER,NO_ENGINE_SUBSTITUTION' */ ;
DELIMITER ;;
CREATE DEFINER=`root`@`%` PROCEDURE `EmployeeVehicleAssignment`()
BEGIN
  DECLARE done INT DEFAULT FALSE;
    DECLARE employee int(12);
    DECLARE vehicle int(12);
    Declare assign varchar(10);
    DECLARE cur1 CURSOR FOR select ept.evaluator_id,vmt.vehicle_id
                            from vehicle_master_tbl vmt inner join evaluator_pincode_tabl ept
                            on vmt.pincode=ept.pincode 
                            and vmt.is_active='Y' group by vmt.vehicle_id;
      DECLARE CONTINUE HANDLER FOR NOT FOUND SET done = TRUE;
      set assign='AUTO';
     OPEN cur1;
   read_loop: LOOP
     FETCH cur1 INTO employee,vehicle;
     IF done THEN
       LEAVE read_loop;
     END IF;
    if  vehicle not in(select vehicle_id from evaluator_vehicle_assignment_tbl where  is_active='Y') then
       INSERT INTO evaluator_vehicle_assignment_tbl (vehicle_id,evaluator_id,assigned_by)
       VALUES (vehicle,employee,assign);
 	else if vehicle  in (select vehicle_id from evaluator_vehicle_assignment_tbl  where is_active='Y' ) then
       update evaluator_vehicle_assignment_tbl set evaluator_id=employee where vehicle_id=vehicle and is_active='Y';
 	END IF;
     END IF;
END LOOP;
 
   CLOSE cur1;
    end ;;
DELIMITER ;
/*!50003 SET sql_mode              = @saved_sql_mode */ ;
/*!50003 SET character_set_client  = @saved_cs_client */ ;
/*!50003 SET character_set_results = @saved_cs_results */ ;
/*!50003 SET collation_connection  = @saved_col_connection */ ;
/*!50003 DROP PROCEDURE IF EXISTS `getInvesterFilterPrice` */;
/*!50003 SET @saved_cs_client      = @@character_set_client */ ;
/*!50003 SET @saved_cs_results     = @@character_set_results */ ;
/*!50003 SET @saved_col_connection = @@collation_connection */ ;
/*!50003 SET character_set_client  = utf8mb4 */ ;
/*!50003 SET character_set_results = utf8mb4 */ ;
/*!50003 SET collation_connection  = utf8mb4_general_ci */ ;
/*!50003 SET @saved_sql_mode       = @@sql_mode */ ;
/*!50003 SET sql_mode              = 'STRICT_TRANS_TABLES,ERROR_FOR_DIVISION_BY_ZERO,NO_AUTO_CREATE_USER,NO_ENGINE_SUBSTITUTION' */ ;
DELIMITER ;;
CREATE DEFINER=`root`@`%` PROCEDURE `getInvesterFilterPrice`(in getmin int , in getmax int)
begin
 
 
if getmin is null and getmax is null then 
select vehicle_id from purchased_vehicle_details_tbl where is_active='Y';
else 
select vehicle_id  from purchased_vehicle_details_tbl 
where (purchase_price+refurbish_amount) between
getmin and getmax group by vehicle_id;
end if;
end ;;
DELIMITER ;
/*!50003 SET sql_mode              = @saved_sql_mode */ ;
/*!50003 SET character_set_client  = @saved_cs_client */ ;
/*!50003 SET character_set_results = @saved_cs_results */ ;
/*!50003 SET collation_connection  = @saved_col_connection */ ;
/*!50003 DROP PROCEDURE IF EXISTS `InActiveInterestsScheduler` */;
/*!50003 SET @saved_cs_client      = @@character_set_client */ ;
/*!50003 SET @saved_cs_results     = @@character_set_results */ ;
/*!50003 SET @saved_col_connection = @@collation_connection */ ;
/*!50003 SET character_set_client  = utf8mb4 */ ;
/*!50003 SET character_set_results = utf8mb4 */ ;
/*!50003 SET collation_connection  = utf8mb4_general_ci */ ;
/*!50003 SET @saved_sql_mode       = @@sql_mode */ ;
/*!50003 SET sql_mode              = 'STRICT_TRANS_TABLES,ERROR_FOR_DIVISION_BY_ZERO,NO_AUTO_CREATE_USER,NO_ENGINE_SUBSTITUTION' */ ;
DELIMITER ;;
CREATE DEFINER=`root`@`%` PROCEDURE `InActiveInterestsScheduler`()
BEGIN
DECLARE done INT DEFAULT FALSE;
	DECLARE getInterestId int(12);
    declare getpenaltyPrice varchar(100);
	declare getrefundamount varchar(100);
    declare getinvesterid int(12);
	DECLARE cur1 CURSOR FOR select ivi.interest_id,round(((pvt.purchase_price+pvt.refurbish_amount)*(0.1/100))) as price,
    (idat.remain_amount + (pvt.purchase_price+pvt.refurbish_amount))as refund_amount,
    ivi.invester_id
    from invester_vehicle_interest_tbl ivi inner join purchased_vehicle_details_tbl pvt
    on pvt.vehicle_id=ivi.vehicle_id and pvt.is_active='Y'
    inner join invester_debit_amount_tbl idat on idat.invester_id=ivi.invester_id and idat.is_active='Y'
	where ivi.penalty_date <= now() and 
    ivi.vehicle_id not in 
    (select vehicle_id from invester_payments_tbl where invester_id=ivi.invester_id and is_payment_done='Y');
    DECLARE CONTINUE HANDLER FOR NOT FOUND SET done = TRUE;
    OPEN cur1;
    read_loop: LOOP
      FETCH cur1 INTO getInterestId,getpenaltyPrice,getrefundamount,getinvesterid;
      IF done THEN
        LEAVE read_loop;
      END IF;      
	SET SQL_SAFE_UPDATES = 0;
      update invester_vehicle_interest_tbl set is_active='N',penalty_amount=getpenaltyPrice,is_refunded='Y' where interest_id=getInterestId and is_active = 'Y';
update invester_debit_amount_tbl set remain_amount=getrefundamount where invester_id=getinvesterid and is_active='Y';

	END LOOP;
    CLOSE cur1;
END ;;
DELIMITER ;
/*!50003 SET sql_mode              = @saved_sql_mode */ ;
/*!50003 SET character_set_client  = @saved_cs_client */ ;
/*!50003 SET character_set_results = @saved_cs_results */ ;
/*!50003 SET collation_connection  = @saved_col_connection */ ;
/*!50003 DROP PROCEDURE IF EXISTS `salesheaddashboard` */;
/*!50003 SET @saved_cs_client      = @@character_set_client */ ;
/*!50003 SET @saved_cs_results     = @@character_set_results */ ;
/*!50003 SET @saved_col_connection = @@collation_connection */ ;
/*!50003 SET character_set_client  = utf8mb4 */ ;
/*!50003 SET character_set_results = utf8mb4 */ ;
/*!50003 SET collation_connection  = utf8mb4_general_ci */ ;
/*!50003 SET @saved_sql_mode       = @@sql_mode */ ;
/*!50003 SET sql_mode              = 'STRICT_TRANS_TABLES,ERROR_FOR_DIVISION_BY_ZERO,NO_AUTO_CREATE_USER,NO_ENGINE_SUBSTITUTION' */ ;
DELIMITER ;;
CREATE DEFINER=`root`@`%` PROCEDURE `salesheaddashboard`(in showroom_id_set int)
begin
declare showroom_id_get int;
declare showroomIds varchar(1000);
if showroom_id_set is null then
set showroom_id_get = 0;
else 
set showroom_id_get = showroom_id_set;
end if;
set showroomIds = Getshowrmid(showroom_id_get); 

select 
(select count(distinct if(a.status='HOT+',a.customer_id,NULL)) as 'HOT+'  from
(select slmt.customer_id,
case when datediff(date(slmt.planning_to_by),date(now()))<=15  then 'HOT+'
     when datediff(date(slmt.planning_to_by),date(now()))<=30  then 'HOT'
     when datediff(date(slmt.planning_to_by),date(now()))<=60  then 'WARM'
     when datediff(date(slmt.planning_to_by),date(now()))>=60  then 'COLD' end  as status
     from customer_status_update_tbl  csut inner join sales_lead_master_tbl slmt on slmt.customer_id=csut.customer_id  
and slmt.is_active='Y' and csut.is_active='Y'
 inner join employee_showroom_assignment_tbl esat on esat.employee_id=slmt.added_by  and esat.is_active='Y'
 inner join showrooms_tbl st on esat.showroom_id=st.showroom_id and st.is_active='Y'
 where find_in_set(st.showroom_id,showroomIds)
group by csut.customer_id)a) as 'HOTplus',

(select count(distinct if(a.status='HOT' ,a.customer_id,NULL)) as 'HOT'   from
(select slmt.customer_id,
case when datediff(date(slmt.planning_to_by),date(now()))<=15  then 'HOT+'
     when datediff(date(slmt.planning_to_by),date(now()))<=30  then 'HOT'
     when datediff(date(slmt.planning_to_by),date(now()))<=60  then 'WARM'
     when datediff(date(slmt.planning_to_by),date(now()))>=60  then 'COLD' end  as status
     from customer_status_update_tbl  csut inner join sales_lead_master_tbl slmt on slmt.customer_id=csut.customer_id  
and slmt.is_active='Y' and csut.is_active='Y'
 inner join employee_showroom_assignment_tbl esat on esat.employee_id=slmt.added_by  and esat.is_active='Y'
 inner join showrooms_tbl st on esat.showroom_id=st.showroom_id and st.is_active='Y'
 where find_in_set(st.showroom_id,showroomIds)
group by csut.customer_id)a) as 'HOT',

(select count(distinct if(a.status='WARM' ,a.customer_id,NULL)) as 'WARM'  from
(select slmt.customer_id,
case when datediff(date(slmt.planning_to_by),date(now()))<=15  then 'HOT+'
     when datediff(date(slmt.planning_to_by),date(now()))<=30  then 'HOT'
     when datediff(date(slmt.planning_to_by),date(now()))<=60  then 'WARM'
     when datediff(date(slmt.planning_to_by),date(now()))>=60  then 'COLD' end  as status
     from customer_status_update_tbl  csut inner join sales_lead_master_tbl slmt on slmt.customer_id=csut.customer_id  
and slmt.is_active='Y' and csut.is_active='Y'
 inner join employee_showroom_assignment_tbl esat on esat.employee_id=slmt.added_by  and esat.is_active='Y'
 inner join showrooms_tbl st on esat.showroom_id=st.showroom_id and st.is_active='Y'
 where find_in_set(st.showroom_id,showroomIds)
group by csut.customer_id)a) as 'WARM',

(select count(distinct if(a.status='COLD',a.customer_id,NULL)) as 'COLD'  from
(select slmt.customer_id,
case when datediff(date(slmt.planning_to_by),date(now()))<=15  then 'HOT+'
     when datediff(date(slmt.planning_to_by),date(now()))<=30  then 'HOT'
     when datediff(date(slmt.planning_to_by),date(now()))<=60  then 'WARM'
     when datediff(date(slmt.planning_to_by),date(now()))>=60  then 'COLD' end  as status
     from customer_status_update_tbl  csut inner join sales_lead_master_tbl slmt on slmt.customer_id=csut.customer_id  
and slmt.is_active='Y' and csut.is_active='Y'
 inner join employee_showroom_assignment_tbl esat on esat.employee_id=slmt.added_by  and esat.is_active='Y'
 inner join showrooms_tbl st on esat.showroom_id=st.showroom_id and st.is_active='Y'
 where find_in_set(st.showroom_id,showroomIds)
group by csut.customer_id)a) as 'COLD',

DATE_FORMAT(DATE(NOW()), '%D-%b') 'todayLabel',

count(distinct if(a.customer_status in (2,3) and a.follow_date_time<date(now()),a.customer_id,NULL)) as overDues,

count(distinct if(a.customer_status in (2,3) and a.follow_date_time=date(now()),a.customer_id,NULL)) as todayPendFollowups,

(select count(distinct slmt.customer_id) as day_enquiry
from sales_lead_master_tbl slmt 
inner join employee_showroom_assignment_tbl esat on esat.employee_id=slmt.added_by
and slmt.is_active='Y' and esat.is_active='Y'
inner join showrooms_tbl st on st.showroom_id=esat.showroom_id
where find_in_set(st.showroom_id,showroomIds) and date(slmt.added_on)=date(now())) as todayEnquiries,

count(distinct if(a.customer_status=3 and a.followup_status=3 and date(a.date_time)=date(now()),a.customer_id,NULL)) as todayTestDrives,

count(distinct if(a.customer_status=3 and a.followup_status=1  and date(a.date_time)=date(now()),a.customer_id,NULL)) as todayVisits,

DATE_FORMAT(DATE(NOW()), '%b-%Y') 'monthlyLabel',


count(distinct if(a.customer_status=3 and a.followup_status=6 and month(a.follow_date_time)=month(now()) and year(a.follow_date_time)=year(now())
,a.customer_id,NULL)) as monthlyBooked,

(select count(distinct slmt.customer_id) as monthly_enquiry
from sales_lead_master_tbl slmt 
inner join employee_showroom_assignment_tbl esat on esat.employee_id=slmt.added_by
and slmt.is_active='Y' and esat.is_active='Y'
inner join showrooms_tbl st on st.showroom_id=esat.showroom_id
where find_in_set(st.showroom_id,showroomIds) and month(slmt.added_on)=month(now()) and year(slmt.added_on)=year(now())) as monthlyEnquiries,

(select count(distinct vsdt.vehicle_id)
from vehicle_sales_details_tbl vsdt 
 inner join employee_showroom_assignment_tbl esat on esat.employee_id=vsdt.sold_by  and esat.is_active='Y'
 inner join showrooms_tbl st on esat.showroom_id=st.showroom_id and st.is_active='Y'
 where find_in_set(st.showroom_id,showroomIds)) as monthlySoldCars,
 
 count(distinct if(a.customer_status in (1,2,3) and 
 month(a.follow_date_time)=month(now()) and year(a.follow_date_time)=year(now()),a.customer_id,NULL)) as monthlyActiveLeads,
 
 count(distinct if(a.customer_status in (2,3) and date(a.follow_date_time)<date(now()) and month(a.follow_date_time)=month(now())
 and year(a.follow_date_time)=year(now()) ,a.customer_id,NULL)) as monthlyOverDues

from
(select slmt.customer_id,st.showroom_id,csut.customer_status,csut.followup_status,csut.date_time,csut.created_on,slmt.added_on,
case when csut.customer_status=2 then date(csut.followup_date)
     when csut.customer_status=1 then date(csut.created_on)
    when csut.customer_status=3 and csut.followup_status in(1,2,3) then date(csut.date_time)
    when csut.customer_status=3 and csut.followup_status=6 then date(csut.created_on) end as follow_date_time
    
 from customer_status_update_tbl  csut inner join sales_lead_master_tbl slmt on slmt.customer_id=csut.customer_id  
and slmt.is_active='Y' and csut.is_active='Y'
left join employee_showroom_assignment_tbl esat on esat.employee_id=csut.updated_by  and esat.is_active='Y'
left join showrooms_tbl st on esat.showroom_id=st.showroom_id and st.is_active='Y'
where find_in_set(st.showroom_id,showroomIds)
group by csut.customer_id)a;
       
end ;;
DELIMITER ;
/*!50003 SET sql_mode              = @saved_sql_mode */ ;
/*!50003 SET character_set_client  = @saved_cs_client */ ;
/*!50003 SET character_set_results = @saved_cs_results */ ;
/*!50003 SET collation_connection  = @saved_col_connection */ ;
/*!40103 SET TIME_ZONE=@OLD_TIME_ZONE */;

/*!40101 SET SQL_MODE=@OLD_SQL_MODE */;
/*!40014 SET FOREIGN_KEY_CHECKS=@OLD_FOREIGN_KEY_CHECKS */;
/*!40014 SET UNIQUE_CHECKS=@OLD_UNIQUE_CHECKS */;
/*!40101 SET CHARACTER_SET_CLIENT=@OLD_CHARACTER_SET_CLIENT */;
/*!40101 SET CHARACTER_SET_RESULTS=@OLD_CHARACTER_SET_RESULTS */;
/*!40101 SET COLLATION_CONNECTION=@OLD_COLLATION_CONNECTION */;
/*!40111 SET SQL_NOTES=@OLD_SQL_NOTES */;

-- Dump completed on 2020-02-24 12:10:12
